
r'''[[[
e ../../python3_src/seed/math/factor_pint/database4factors4cyclotomic_numbers.py.primes.dat
view ../../python3_src/nn_ns/math_nn/factor_Mersenne_number_into_prime2exp.py.cached.txt
view ./script/辅助冫有限域本原根判定牜数据收集.py
    [1..=3000]之间缺失815个
    [1..=3000]之间只有2185个
    首缺M1207
_primes5p2e6doc
    #九千四百多行
#]]]'''#'''

################
_primes5p2e6doc = (
[2
,3
,5
,7
,11
,13
,17
,19
,23
,29
,31
,37
,41
,43
,47
,53
,59
,61
,67
,71
,73
,79
,83
,89
,97
,101
,103
,107
,109
,113
,127
,131
,137
,139
,149
,151
,157
,163
,167
,173
,179
,181
,191
,193
,197
,199
,211
,223
,227
,229
,233
,239
,241
,251
,257
,263
,269
,271
,277
,281
,283
,293
,307
,311
,313
,317
,331
,337
,347
,349
,353
,359
,367
,373
,379
,383
,389
,397
,401
,409
,419
,421
,431
,433
,439
,443
,449
,457
,461
,463
,467
,479
,487
,491
,499
,503
,509
,521
,523
,541
,547
,557
,563
,569
,571
,577
,587
,593
,599
,601
,607
,613
,617
,619
,631
,641
,643
,647
,653
,659
,661
,673
,677
,683
,691
,701
,709
,719
,727
,733
,739
,743
,751
,757
,761
,769
,773
,787
,797
,809
,811
,821
,823
,827
,829
,839
,853
,857
,859
,863
,877
,881
,883
,887
,907
,911
,919
,929
,937
,941
,947
,953
,967
,971
,977
,983
,991
,997
,1009
,1013
,1019
,1021
,1031
,1033
,1039
,1049
,1051
,1061
,1063
,1069
,1087
,1091
,1093
,1097
,1103
,1109
,1117
,1123
,1129
,1151
,1153
,1163
,1171
,1181
,1187
,1193
,1201
,1213
,1217
,1223
,1229
,1231
,1237
,1249
,1259
,1277
,1279
,1283
,1289
,1291
,1297
,1301
,1303
,1307
,1319
,1321
,1327
,1361
,1367
,1373
,1381
,1399
,1409
,1423
,1427
,1429
,1433
,1439
,1447
,1451
,1453
,1459
,1471
,1481
,1483
,1487
,1489
,1493
,1499
,1511
,1523
,1531
,1543
,1549
,1553
,1559
,1567
,1571
,1579
,1583
,1597
,1601
,1607
,1609
,1613
,1619
,1621
,1627
,1637
,1657
,1663
,1667
,1669
,1693
,1697
,1699
,1709
,1721
,1723
,1733
,1741
,1747
,1753
,1759
,1777
,1783
,1787
,1789
,1801
,1811
,1823
,1831
,1847
,1861
,1867
,1871
,1873
,1877
,1879
,1889
,1901
,1907
,1913
,1931
,1933
,1949
,1951
,1973
,1979
,1987
,1993
,1997
,1999
,2003
,2011
,2017
,2027
,2029
,2039
,2053
,2063
,2069
,2081
,2083
,2087
,2089
,2099
,2111
,2113
,2129
,2131
,2137
,2141
,2143
,2153
,2161
,2179
,2203
,2207
,2213
,2221
,2237
,2239
,2243
,2251
,2267
,2269
,2273
,2281
,2287
,2293
,2297
,2309
,2311
,2333
,2339
,2341
,2347
,2351
,2357
,2371
,2377
,2381
,2383
,2389
,2393
,2399
,2411
,2417
,2423
,2437
,2441
,2447
,2467
,2473
,2477
,2503
,2521
,2539
,2543
,2549
,2551
,2557
,2591
,2593
,2609
,2617
,2621
,2633
,2647
,2657
,2659
,2671
,2677
,2683
,2687
,2689
,2693
,2707
,2711
,2713
,2719
,2729
,2731
,2741
,2749
,2753
,2767
,2777
,2789
,2791
,2797
,2801
,2803
,2833
,2837
,2851
,2857
,2861
,2887
,2897
,2909
,2917
,2953
,2957
,2969
,2971
,3001
,3041
,3049
,3061
,3079
,3083
,3089
,3109
,3119
,3121
,3137
,3163
,3169
,3181
,3191
,3209
,3217
,3221
,3229
,3251
,3257
,3259
,3271
,3301
,3313
,3329
,3331
,3343
,3361
,3373
,3389
,3391
,3433
,3449
,3457
,3463
,3511
,3529
,3541
,3593
,3607
,3617
,3631
,3673
,3697
,3739
,3761
,3767
,3769
,3793
,3821
,3823
,3833
,3851
,3881
,3889
,3929
,3943
,3967
,4001
,4019
,4021
,4027
,4049
,4051
,4057
,4073
,4129
,4153
,4159
,4177
,4201
,4211
,4217
,4241
,4271
,4273
,4289
,4297
,4337
,4339
,4409
,4421
,4423
,4441
,4457
,4481
,4513
,4519
,4523
,4549
,4561
,4567
,4597
,4643
,4649
,4651
,4657
,4663
,4703
,4721
,4729
,4733
,4751
,4759
,4793
,4801
,4817
,4831
,4861
,4871
,4889
,4909
,4931
,4937
,4969
,4993
,4999
,5009
,5021
,5081
,5101
,5113
,5153
,5167
,5197
,5209
,5227
,5233
,5237
,5273
,5279
,5281
,5297
,5303
,5323
,5347
,5381
,5393
,5399
,5413
,5417
,5419
,5431
,5437
,5441
,5449
,5471
,5501
,5503
,5521
,5531
,5569
,5581
,5641
,5653
,5657
,5669
,5689
,5711
,5737
,5743
,5801
,5821
,5849
,5857
,5861
,5867
,5881
,5897
,5953
,5981
,6007
,6037
,6043
,6079
,6089
,6091
,6121
,6133
,6151
,6163
,6211
,6217
,6221
,6271
,6301
,6337
,6353
,6361
,6421
,6427
,6449
,6451
,6481
,6521
,6529
,6553
,6563
,6569
,6571
,6581
,6661
,6673
,6679
,6689
,6761
,6791
,6793
,6841
,6857
,6871
,6883
,6959
,6961
,6967
,6997
,7001
,7057
,7121
,7129
,7151
,7213
,7309
,7321
,7333
,7351
,7369
,7393
,7481
,7487
,7489
,7529
,7537
,7577
,7603
,7621
,7639
,7723
,7741
,7753
,7793
,7817
,7841
,7867
,7873
,7927
,7993
,8011
,8081
,8101
,8161
,8167
,8191
,8209
,8233
,8269
,8273
,8317
,8353
,8369
,8377
,8389
,8419
,8461
,8501
,8527
,8537
,8581
,8609
,8629
,8681
,8713
,8761
,8831
,8893
,8929
,8941
,8951
,8969
,8971
,9001
,9041
,9091
,9103
,9137
,9157
,9161
,9241
,9281
,9337
,9377
,9413
,9431
,9461
,9473
,9511
,9521
,9601
,9623
,9631
,9649
,9697
,9719
,9721
,9769
,9781
,9817
,9829
,9929
,10009
,10039
,10061
,10141
,10159
,10169
,10177
,10211
,10243
,10333
,10337
,10369
,10433
,10453
,10457
,10513
,10627
,10657
,10711
,10739
,10753
,10781
,10889
,10993
,11057
,11113
,11117
,11119
,11161
,11177
,11243
,11251
,11257
,11287
,11299
,11329
,11411
,11447
,11467
,11471
,11489
,11551
,11597
,11617
,11633
,11657
,11701
,11941
,11953
,11969
,12007
,12037
,12049
,12073
,12101
,12119
,12241
,12391
,12457
,12479
,12503
,12541
,12577
,12641
,12721
,12841
,12853
,12893
,13007
,13009
,13063
,13099
,13121
,13171
,13177
,13259
,13367
,13381
,13421
,13441
,13499
,13553
,13633
,13669
,13751
,13781
,13789
,13963
,14009
,14071
,14149
,14251
,14281
,14293
,14321
,14323
,14327
,14401
,14449
,14479
,14563
,14591
,14593
,14753
,14897
,14951
,15073
,15121
,15193
,15233
,15241
,15289
,15451
,15467
,15551
,15569
,15583
,15619
,15643
,15679
,15797
,15809
,15889
,15913
,16057
,16061
,16073
,16111
,16183
,16249
,16369
,16417
,16433
,16493
,16561
,16657
,16673
,16729
,16831
,16921
,17029
,17117
,17137
,17191
,17231
,17401
,17467
,17491
,17539
,17659
,17681
,17987
,18041
,18061
,18121
,18199
,18217
,18257
,18287
,18379
,18401
,18427
,18433
,18439
,18451
,18481
,18503
,18539
,18541
,18593
,18679
,18797
,19211
,19249
,19267
,19417
,19441
,19531
,19609
,19777
,19819
,19927
,20113
,20129
,20143
,20149
,20231
,20333
,20353
,20399
,20441
,20747
,20857
,20959
,21061
,21143
,21149
,21169
,21193
,21277
,21401
,21481
,21529
,21569
,21577
,21601
,21841
,21851
,21997
,22051
,22111
,22291
,22303
,22441
,22573
,22697
,22699
,22777
,22907
,23017
,23041
,23059
,23209
,23279
,23311
,23473
,23557
,23599
,23671
,23761
,23833
,23857
,23893
,23977
,24151
,24169
,24391
,24421
,25117
,25121
,25301
,25309
,25409
,25411
,25537
,25561
,25601
,25609
,25741
,25759
,25763
,25793
,25819
,25939
,26041
,26209
,26227
,26317
,26371
,26399
,26417
,26431
,26497
,26731
,26849
,26881
,26921
,27061
,27361
,27409
,27541
,27551
,27751
,27763
,27809
,27961
,28001
,28111
,28297
,28393
,28537
,28621
,28627
,29017
,29191
,29327
,29569
,29581
,29611
,29761
,29819
,30241
,30269
,30493
,30757
,30881
,30977
,31051
,31081
,31153
,31177
,31249
,31649
,31721
,31799
,31817
,32051
,32251
,32321
,32353
,32377
,32429
,32579
,32713
,32833
,32957
,33013
,33403
,33569
,33703
,33797
,33871
,33937
,34039
,34273
,34511
,34513
,35081
,35201
,35221
,35281
,35491
,35671
,35809
,35897
,36913
,37171
,37201
,37321
,37409
,37441
,37537
,38273
,38321
,38351
,38431
,38737
,38923
,39161
,39301
,39509
,39551
,39607
,39799
,40153
,40433
,40591
,40841
,41161
,41201
,41521
,41617
,41729
,42193
,42331
,42373
,42409
,42569
,42641
,42701
,42773
,42841
,42953
,43441
,43649
,43691
,43721
,43913
,43963
,44071
,44201
,45137
,45289
,45319
,45553
,45697
,46351
,46439
,46441
,46567
,46957
,47521
,47653
,47713
,47737
,47797
,48313
,48731
,48817
,49201
,49297
,49451
,49477
,49603
,49633
,49681
,49921
,49999
,50023
,50159
,50177
,50441
,50753
,51001
,51031
,51157
,51199
,51241
,51329
,51349
,51481
,51797
,51941
,52009
,52291
,52561
,53617
,53633
,53993
,54001
,54217
,54361
,54721
,54919
,55201
,55441
,55609
,55633
,55871
,56101
,57457
,57601
,57649
,57781
,58147
,58309
,58367
,58921
,59051
,59233
,59393
,59753
,59809
,60217
,60427
,61681
,61909
,62497
,62827
,63577
,63689
,63841
,63901
,64067
,64439
,65089
,65521
,65537
,65993
,66067
,66161
,66457
,66749
,66841
,67033
,67219
,68449
,68501
,69431
,69931
,70481
,70921
,71119
,71293
,71473
,71707
,71761
,72251
,72269
,72469
,72497
,72689
,72953
,73417
,73471
,74561
,75011
,75041
,75169
,75407
,76001
,76213
,78233
,79187
,79273
,79333
,79903
,80191
,80513
,80929
,81929
,82129
,82531
,82721
,83077
,83537
,83777
,83791
,83869
,84313
,84631
,84673
,84961
,85009
,85091
,86113
,86171
,86257
,86269
,86381
,86561
,87211
,87221
,87281
,87421
,88129
,88799
,88993
,90217
,90271
,90289
,91373
,91961
,92051
,92353
,92641
,92737
,93131
,93329
,93377
,93529
,93703
,93871
,94447
,94513
,94849
,95231
,95419
,96001
,97561
,97687
,98227
,98981
,99181
,99577
,100129
,100801
,100937
,101281
,101653
,101839
,101917
,101921
,102241
,102301
,102673
,103091
,103231
,103511
,103573
,103837
,103993
,104369
,104729
,104801
,106591
,106681
,107201
,107251
,107339
,107671
,108161
,108961
,108967
,109121
,109297
,109441
,110059
,110183
,110251
,110543
,110641
,110881
,111487
,111697
,114377
,115201
,115331
,115561
,116201
,116953
,117307
,117371
,119191
,119233
,119827
,119851
,119929
,119953
,120247
,121271
,121291
,121369
,121687
,121721
,121789
,121921
,122921
,123931
,124769
,125929
,126097
,126127
,127681
,129001
,129793
,131041
,131071
,131101
,131713
,132661
,132697
,132751
,135433
,135607
,136417
,136453
,136753
,136949
,137089
,138959
,139483
,139739
,140617
,140779
,141041
,141121
,142903
,143617
,144667
,145501
,145601
,146449
,146983
,147727
,148331
,148721
,148961
,148997
,149771
,150287
,151051
,151681
,151849
,152041
,153649
,154723
,155377
,155851
,156619
,157649
,157951
,158731
,159871
,160969
,161071
,161323
,163673
,165233
,165313
,165799
,166297
,167677
,168781
,169177
,169373
,169553
,169831
,170701
,171253
,173933
,174763
,174877
,174907
,176383
,176419
,178481
,179411
,179951
,181193
,181549
,182209
,182561
,184081
,185441
,185651
,185821
,186037
,186733
,187417
,188633
,189061
,189697
,189997
,192601
,192611
,192961
,193937
,194867
,195457
,196271
,196543
,196687
,199921
,200033
,200201
,201961
,202471
,203057
,203617
,205441
,206233
,207481
,207973
,209089
,210913
,211061
,213029
,213641
,213751
,216217
,216481
,217001
,217351
,219619
,220243
,221101
,222337
,223211
,224771
,225499
,226201
,226813
,227219
,228337
,228479
,229153
,232681
,235621
,236947
,238451
,239017
,240841
,241363
,244529
,246241
,246739
,246907
,247381
,247531
,247711
,248749
,251431
,251857
,251969
,252181
,254197
,256393
,257189
,258337
,258721
,259201
,262657
,262909
,264331
,264793
,266677
,266801
,267401
,267497
,267601
,268501
,270071
,270841
,272423
,272959
,273001
,273617
,274177
,274867
,278041
,279073
,279553
,280729
,281857
,284689
,284741
,286721
,288313
,290137
,290497
,290657
,292249
,293459
,294923
,295937
,297371
,298817
,299137
,304081
,304153
,304363
,304609
,306041
,306689
,306763
,307687
,309079
,309583
,311347
,312709
,314161
,316033
,316201
,316681
,317731
,318781
,319591
,321571
,321679
,323009
,324497
,326023
,326903
,328121
,328177
,331841
,332113
,332161
,333929
,339307
,340321
,340337
,340577
,340801
,342697
,343081
,347209
,348031
,348661
,349717
,349759
,351121
,351457
,353833
,354689
,354979
,356989
,359137
,360511
,361337
,362749
,363889
,364073
,365773
,368089
,368111
,369661
,370661
,379081
,383521
,384773
,384827
,390001
,391151
,395407
,395851
,398581
,400679
,407791
,409891
,414721
,415141
,419953
,425501
,427681
,428401
,430697
,431801
,432281
,436801
,440177
,440953
,441073
,441187
,446473
,450403
,454061
,454849
,454921
,457651
,458897
,459257
,459463
,460289
,464311
,465799
,468781
,469561
,470081
,472159
,476401
,480091
,481001
,482401
,486643
,490393
,490631
,495211
,500177
,500501
,501203
,503413
,504337
,509221
,511831
,514361
,514711
,515737
,517553
,519091
,519499
,523213
,524287
,525313
,529741
,530713
,531287
,532801
,533371
,537841
,540961
,542939
,543097
,544001
,549257
,550801
,553351
,554129
,557281
,557761
,558251
,560561
,564103
,567601
,568177
,570461
,572833
,580837
,585443
,585889
,588241
,589181
,590077
,595123
,597361
,598193
,599479
,601897
,603901
,606301
,614153
,614377
,617401
,622577
,625969
,627449
,641521
,646301
,647011
,647219
,647753
,649001
,649657
,650833
,651193
,664441
,665029
,666427
,666901
,667441
,671233
,677321
,681089
,683437
,685141
,689921
,694387
,695377
,695701
,704161
,706009
,707983
,711001
,711017
,724153
,728843
,730021
,730753
,731141
,736961
,748819
,755569
,763613
,772207
,778051
,778847
,782209
,787021
,789961
,796337
,797161
,816769
,823481
,824821
,825347
,830833
,831139
,834433
,836191
,842161
,842617
,843589
,853669
,854041
,854257
,855857
,857713
,858001
,867577
,870031
,875107
,882883
,890237
,893383
,918613
,920641
,924463
,927001
,927361
,928513
,931921
,936361
,942827
,949111
,956353
,956801
,958673
,959617
,962587
,973081
,980719
,983431
,989011
,989831
,994769
,1007441
,1013533
,1016929
,1021697
,1027489
,1036351
,1036411
,1054843
,1074001
,1074473
,1077971
,1078163
,1078369
,1079809
,1085681
,1093681
,1101811
,1121297
,1130641
,1153441
,1162957
,1164193
,1165933
,1170031
,1179637
,1187239
,1187561
,1190701
,1198877
,1210483
,1211489
,1212847
,1221853
,1238761
,1256303
,1258753
,1276619
,1281089
,1306961
,1307209
,1322257
,1325521
,1345457
,1363753
,1371511
,1372981
,1391521
,1394977
,1396429
,1408349
,1415681
,1422061
,1431737
,1433633
,1434929
,1436527
,1437967
,1440847
,1460467
,1463491
,1465129
,1466449
,1467061
,1481671
,1484701
,1489153
,1489441
,1504073
,1505447
,1512961
,1516061
,1517671
,1523521
,1531297
,1532917
,1534153
,1535249
,1560007
,1564921
,1578859
,1605151
,1623931
,1633369
,1676083
,1681003
,1694689
,1697347
,1711081
,1726201
,1736281
,1738969
,1765891
,1768141
,1772893
,1806113
,1807097
,1813313
,1816583
,1818499
,1819849
,1822661
,1856861
,1868569
,1896781
,1912621
,1924003
,1928161
,1948129
,1952201
,1967239
,1969111
,1989151
,1994869
,2008309
,2020001
,2033839
,2099863
,2161279
,2184761
,2218331
,2248759
,2252951
,2298041
,2332951
,2349023
,2350291
,2362153
,2384497
,2392849
,2395681
,2398243
,2422099
,2424833
,2428541
,2465171
,2511601
,2526913
,2549069
,2555521
,2576323
,2582009
,2582029
,2583253
,2602367
,2611841
,2627857
,2638949
,2640397
,2662201
,2672023
,2681893
,2707489
,2708611
,2712001
,2718601
,2730967
,2745373
,2769467
,2771239
,2779129
,2784059
,2787601
,2789669
,2796203
,2806537
,2837017
,2840113
,2852149
,2916841
,2920579
,2926783
,2940521
,2983457
,3033169
,3060209
,3060929
,3064351
,3107971
,3108221
,3108961
,3134881
,3137063
,3140861
,3142487
,3175441
,3188767
,3189281
,3191707
,3198841
,3205651
,3241201
,3256247
,3298681
,3308801
,3311929
,3327377
,3344977
,3357751
,3397057
,3402437
,3404801
,3407681
,3426853
,3454817
,3456169
,3456749
,3497161
,3575503
,3602561
,3615349
,3616649
,3618757
,3665377
,3675989
,3696481
,3701101
,3708511
,3740281
,3754873
,3775501
,3775817
,3827221
,3853249
,3887047
,3981071
,4036363
,4036451
,4036961
,4037153
,4045891
,4087873
,4118761
,4163041
,4207141
,4209809
,4242661
,4260133
,4273873
,4327489
,4332851
,4343579
,4349881
,4350673
,4363297
,4363889
,4383601
,4404047
,4404121
,4419691
,4451071
,4506937
,4570409
,4598533
,4611137
,4653041
,4666639
,4735417
,4742897
,4744297
,4813309
,4818061
,4848071
,4853479
,4855681
,4879711
,4884727
,4898653
,4936961
,4940417
,4942411
,4946401
,5039581
,5066143
,5080081
,5080711
,5096867
,5112661
,5124001
,5199757
,5266159
,5270773
,5275903
,5301533
,5304641
,5344847
,5385997
,5397793
,5521693
,5523481
,5536417
,5575597
,5579617
,5665531
,5675149
,5729041
,5746001
,5757529
,5779117
,5794391
,5819153
,5828257
,5840251
,5877983
,5887351
,5903353
,5956189
,5960329
,5979151
,6020351
,6041089
,6043393
,6073159
,6139613
,6190489
,6281281
,6304673
,6312301
,6324667
,6380281
,6386453
,6433561
,6530333
,6542857
,6545953
,6546889
,6568801
,6576389
,6597973
,6700417
,6785893
,6834133
,6864241
,6876901
,6911561
,6943751
,7025651
,7052599
,7060051
,7084271
,7098151
,7128193
,7215601
,7243867
,7261801
,7263391
,7278269
,7322617
,7327657
,7383031
,7416361
,7480159
,7524739
,7537711
,7553921
,7555991
,7593961
,7623851
,7648337
,7663507
,7698961
,7699649
,7707719
,7807049
,7817041
,7832509
,7986133
,8088331
,8116681
,8163193
,8243947
,8258911
,8271721
,8309009
,8369281
,8401537
,8468437
,8510287
,8950393
,8955841
,9021769
,9084611
,9106063
,9341359
,9384251
,9385133
,9449353
,9461521
,9467173
,9551137
,9621259
,9679121
,9754399
,9813961
,9815263
,9828001
,9878177
,9968113
,10022251
,10032751
,10049443
,10113049
,10118197
,10219357
,10341703
,10353001
,10388827
,10393693
,10435643
,10444849
,10474693
,10567201
,10571377
,10602041
,10722169
,10746341
,10832713
,10838917
,10960009
,11403737
,11492353
,12112549
,12117967
,12128131
,12149461
,12207031
,12323587
,12407761
,12417007
,12460603
,12471031
,12479881
,12619129
,12717361
,12753877
,12761663
,12828649
,12853303
,12902849
,12925441
,12945659
,12959927
,13012913
,13042501
,13063537
,13088629
,13097927
,13167001
,13220401
,13264529
,13334701
,13350053
,13441213
,13453337
,13454377
,13473433
,13503673
,13628929
,13658317
,13664473
,13815649
,13821503
,13822297
,13885681
,13960201
,14092193
,14142721
,14183737
,14271001
,14369791
,14407753
,14562451
,14608903
,14662639
,14736481
,14865481
,14908171
,14927329
,14968673
,14983931
,15096281
,15152453
,15212471
,15216601
,15358129
,15571321
,15594629
,15595841
,15790321
,15854617
,16018507
,16173559
,16233337
,16824641
,17001601
,17026909
,17047297
,17325013
,17414009
,17458241
,17747689
,17918209
,18020551
,18083479
,18144551
,18369973
,18423553
,18754643
,18775877
,18829813
,18837001
,18872041
,19694071
,19736209
,19779751
,19803169
,19895761
,20381027
,20394401
,20492753
,20515909
,20527501
,20699101
,20783953
,20795779
,21014857
,21102737
,21207101
,21523361
,21698431
,21726311
,21737299
,21792313
,21886549
,21993703
,22000409
,22229621
,22253377
,22312621
,22366891
,22396921
,22563103
,22624001
,22996651
,23476081
,23650061
,23837129
,23908561
,23974991
,24082141
,24365977
,24578371
,25069771
,25212001
,25276633
,25465177
,25507121
,25569151
,25631233
,25744577
,25781083
,26129303
,26232337
,26295457
,26391457
,27281951
,27338681
,27557081
,28136651
,28322881
,28383811
,28448881
,28564009
,28812503
,28875361
,28878847
,28992001
,29010221
,29121769
,29246281
,29247661
,29423041
,29866451
,29923811
,30433969
,30499849
,31142213
,31675363
,31797547
,31815461
,31944797
,32040901
,32197741
,32508061
,32572879
,32655041
,32788207
,33186913
,33282089
,33385343
,33560297
,33673001
,33702457
,33775747
,33816241
,33975937
,34029217
,34110701
,34149299
,34631213
,35332751
,35591029
,35679139
,36064471
,36085879
,36093121
,36238481
,36667531
,36855109
,36875989
,36913223
,36936217
,37177501
,37420771
,37430191
,37690561
,38226289
,38369587
,38780813
,39147943
,39280231
,39291697
,39557737
,39594977
,40151873
,40172939
,40318669
,40932193
,41540861
,41707711
,42144001
,42295049
,42521761
,42875177
,43139539
,43247593
,43249589
,43667401
,43901617
,44207047
,44975113
,45529313
,45592577
,45737863
,45849409
,46025761
,46270849
,46475941
,46948001
,47392381
,47402561
,47763361
,47886721
,47925697
,48544121
,48912491
,49892851
,50070703
,51118297
,51457561
,51791041
,52386049
,52597081
,53201527
,53632321
,54408841
,54865357
,55470673
,55527473
,56409643
,56421359
,56478911
,56737873
,57458341
,58352641
,58775221
,59012929
,59170049
,59199467
,59361349
,59512561
,59583967
,60488093
,60816001
,60893281
,60988721
,61176403
,62020897
,62209711
,62248793
,62966161
,64863527
,65628751
,67135177
,67265881
,67887077
,68897953
,69566521
,70089067
,70309537
,71477407
,72103901
,72118729
,73505269
,74967931
,75005713
,75068993
,76138241
,76488751
,76859369
,77803987
,77836643
,78341849
,78366377
,78557207
,78903841
,79190197
,81679753
,81857231
,82013401
,82471201
,83132849
,83207209
,83352127
,83489573
,85225897
,85280581
,85693033
,85724839
,85798519
,85909727
,86369467
,86800001
,87980329
,88039999
,89119361
,89620507
,90573607
,90972169
,91185761
,91259801
,91362251
,91568909
,92936237
,93066401
,93507247
,93748201
,94268089
,94600997
,94789873
,94994369
,95110361
,95768689
,95860519
,96162881
,96656723
,97374817
,97685839
,98002601
,99889819
,104110607
,104124649
,105108859
,106301189
,106979941
,107022793
,107367629
,107429561
,107445577
,108749551
,109688713
,110069749
,110211473
,110952983
,111190361
,111650629
,112102729
,112901153
,113366401
,113603023
,114389497
,114519953
,116356769
,118528721
,119782433
,120424453
,121606801
,121717693
,121793911
,124347733
,126729751
,127540261
,128818831
,129175771
,130509319
,131147801
,131282633
,133489553
,134000609
,134396921
,134818753
,134927809
,135592903
,136151713
,136624489
,137450113
,138871151
,140385293
,141512291
,142891999
,142958801
,144563093
,145143857
,147300841
,147835549
,148055441
,148587949
,148759201
,149076457
,149263453
,150238243
,150327409
,150885481
,153500131
,154565233
,155852929
,157486183
,160465489
,164511353
,165989713
,167659649
,168410989
,169382737
,170251201
,170756297
,172384633
,173622109
,174181129
,175083169
,177237331
,180201997
,181165951
,183076097
,183102481
,183794551
,184087361
,184481113
,188994241
,190295821
,190771747
,193707721
,194902553
,195019441
,198098371
,199381087
,201846361
,201920077
,202029703
,204948631
,206244761
,209160253
,209898673
,209924353
,209982001
,212601841
,212885833
,214473433
,216868921
,218166829
,219980531
,223318747
,223439473
,227862073
,228511817
,229668251
,231769777
,232136521
,233957809
,234292369
,234750601
,239372593
,242003089
,246083671
,252581761
,260683037
,262302769
,263483263
,266152819
,267457249
,267946153
,269389009
,269665073
,269896441
,270332801
,270447871
,272010961
,277173601
,285298861
,285433069
,287458921
,288236359
,289511839
,289541381
,289837969
,295130657
,295151539
,295188787
,297315901
,301230847
,305175781
,308761441
,315332249
,315767521
,316273421
,318194713
,319020217
,323414081
,326208643
,326330579
,334853569
,344713309
,344759057
,346637323
,349107457
,350575633
,354854881
,355011619
,355307401
,359390389
,359661017
,360197837
,360770593
,360960601
,361526017
,361558957
,361592639
,364831561
,366994123
,369515233
,371805701
,373746913
,375327457
,377140193
,377204851
,381199321
,381913289
,385231601
,387348809
,390863971
,394783681
,396588707
,400280563
,410801077
,415365721
,417817067
,419273207
,420778751
,423319681
,425654561
,428417137
,430839361
,432655397
,432853009
,435502649
,440074501
,444017081
,446960641
,448477751
,454261889
,455986337
,466344409
,472748641
,473589937
,475904041
,482851777
,486967951
,487719571
,489333371
,489620017
,494968321
,496304801
,499601719
,502012457
,502502761
,504123101
,505052497
,505997209
,510799633
,515717329
,516266521
,518814559
,520379897
,526769431
,527093491
,527323541
,529510939
,533194801
,533471689
,536903681
,539455909
,540701761
,540893293
,542487937
,550413361
,551211233
,551353793
,551978359
,558062249
,559821473
,561595591
,561653441
,567115429
,567471221
,576759899
,581163767
,581874971
,586477649
,596834617
,602633653
,603926681
,610548481
,616318177
,616898857
,618242351
,624456487
,628217089
,632133361
,634569679
,634760551
,636190001
,642811237
,647674297
,663239809
,666184021
,670297921
,685467361
,694512857
,702595801
,705313841
,715827883
,716638033
,720636337
,723447661
,730685377
,731516431
,738395681
,745988807
,748264961
,755667361
,756550961
,765373489
,769643857
,771138721
,778165529
,791058001
,792584833
,795808241
,798037199
,802333429
,823679683
,827467009
,830182081
,831172501
,833798113
,852121037
,852133201
,856752889
,861229657
,869467061
,879399649
,879622391
,880060241
,894434441
,928574737
,972239797
,995114641
,1001523179
,1005823201
,1021622741
,1036745531
,1046622091
,1079423677
,1093620377
,1100558881
,1103294219
,1126545517
,1132387303
,1140690503
,1150951751
,1156444313
,1163487911
,1164777409
,1173835097
,1182468601
,1185335329
,1185685411
,1198107457
,1210509821
,1219280833
,1249678499
,1251287137
,1289862001
,1299612791
,1301260549
,1326700741
,1330270433
,1330725593
,1340000929
,1345517777
,1348206751
,1384018681
,1390636259
,1390916281
,1392776941
,1398316729
,1398353017
,1428389887
,1475376871
,1480727923
,1482371489
,1484463163
,1485761479
,1503418321
,1511474581
,1527007411
,1532217641
,1567238401
,1591582393
,1591805393
,1602657713
,1621324657
,1622988641
,1632064897
,1637241673
,1644512641
,1645375231
,1649929681
,1692645313
,1718990209
,1743831169
,1748832017
,1755145793
,1761345169
,1775181409
,1824179209
,1824726041
,1848265933
,1853547763
,1865269177
,1871670769
,1884103651
,1891705201
,1932620113
,1933526201
,1943118631
,1957392737
,1957447801
,1993292747
,2006647231
,2006858753
,2014093267
,2017223347
,2024367013
,2039731321
,2065304407
,2065711807
,2104809991
,2105741041
,2127431041
,2146261699
,2147483647
,2154593281
,2168815801
,2208246871
,2238002401
,2238236249
,2245984577
,2248206137
,2273429341
,2299609001
,2316281689
,2366667073
,2391314881
,2392608791
,2399291551
,2400314671
,2400573761
,2413941289
,2419437071
,2437880491
,2458695061
,2475486361
,2486265371
,2499285769
,2513690593
,2530111867
,2531191681
,2550183799
,2559066073
,2569737193
,2606371769
,2639421761
,2647790191
,2664097031
,2707079449
,2721217151
,2745098189
,2767631689
,2790467761
,2796392419
,2903110321
,2920693541
,2931542417
,2949879781
,2968523521
,2983001129
,2983620281
,2998322233
,3015049441
,3019242689
,3068001817
,3069484471
,3138112889
,3158528101
,3173389601
,3180000071
,3204570253
,3256645177
,3286329043
,3331824241
,3401264941
,3404676001
,3452778071
,3457679737
,3495803237
,3536450843
,3555339061
,3578189431
,3604799537
,3639939001
,3689800577
,3692022713
,3706347481
,3725804081
,3770202641
,3772542223
,3812358161
,3855260977
,3934029061
,3996146881
,4010077111
,4010501617
,4058036683
,4103188409
,4124265157
,4175568751
,4235167121
,4261383649
,4278255361
,4312790327
,4326200033
,4345052821
,4375578271
,4439299717
,4480918457
,4493034001
,4518776161
,4538991421
,4540035943
,4540995541
,4562284561
,4642152737
,4649919401
,4668478921
,4696014313
,4698932281
,4714696801
,4718966201
,4765678679
,4795973261
,4826612561
,4841172001
,4882057097
,4885168129
,4959325597
,4977454861
,4999465853
,5106360913
,5203536083
,5237357057
,5246157799
,5318798633
,5333388961
,5344743097
,5393364481
,5434876633
,5435488351
,5442059869
,5501285641
,5585522857
,5612260289
,5619297841
,5661492593
,5684313601
,5798167517
,5814899281
,5957570611
,5960555749
,5972216269
,6088599401
,6134441431
,6156182033
,6190092443
,6250631311
,6293443049
,6363071161
,6412853401
,6487031809
,6542689297
,6562222067
,6600454687
,6679688731
,6804804469
,6927735019
,6929826139
,7011385057
,7056974101
,7068569257
,7151459701
,7346919119
,7435494593
,7439220181
,7461759101
,7463225639
,7484047069
,7520796641
,7681945177
,7784142689
,7798338113
,7830118297
,7832620321
,7834788541
,7865380519
,7889023609
,7920714887
,7969524463
,7981661881
,8092308241
,8158354429
,8218291649
,8248287587
,8352693761
,8437952161
,8532838289
,8562191377
,8610917449
,8628398929
,8668570649
,8778793553
,8800285717
,8831418697
,8835219781
,8919953281
,8969259151
,8973817381
,9036489073
,9137976433
,9148411421
,9168220907
,9491060093
,9497339911
,9497407873
,9512986513
,9623862953
,9727892263
,9763322857
,9817518023
,10006979401
,10008321601
,10178663167
,10212446539
,10240246321
,10411181203
,10425285443
,10786013281
,10803199177
,10856405213
,10879733611
,10922032987
,11065889641
,11109333761
,11221454641
,11281292593
,11292210661
,11302318217
,11342687617
,11499390961
,11514589201
,11601852289
,11694270587
,11706990709
,11726744977
,11734408513
,11898664849
,12148690313
,12220578919
,12227544337
,12340289519
,12371522263
,12377633813
,12447002677
,12550478467
,12660182389
,12745935523
,12760970401
,12787096753
,12961064789
,12982379401
,13129750729
,13455809771
,13564461457
,13625405957
,13639037851
,13655624113
,13759551679
,13816619111
,13841169553
,13971969971
,14107651849
,14194270913
,14254355329
,14321535001
,14425532687
,14536633697
,14718679249
,14904366017
,15073467791
,15242475217
,15330402361
,15472037821
,15736774913
,15768033143
,15840460057
,15856636079
,16148168401
,16181916011
,16203007441
,16499734681
,16612157407
,16694937341
,16729032587
,16742221609
,16960539007
,16975554121
,17072111071
,17137716527
,17154094481
,17189128703
,17286204937
,17428919561
,17473219453
,17664039857
,17812009801
,18063321433
,18558466369
,18861552481
,18885983617
,19206165481
,19294368341
,19687929049
,19707683773
,19868746561
,20147473081
,20187566881
,20636399209
,20882647297
,20958338017
,21340609321
,21821503201
,22229194879
,22434744889
,22625755121
,22873797901
,22988734297
,23140471537
,23487583303
,23535794707
,23592342593
,23667487979
,23877647873
,23889800393
,23952086159
,24474001921
,25002764653
,25480398173
,25629623713
,25742490619
,25749931927
,25829691707
,26159806891
,26215294841
,26509131221
,26785337149
,26955961001
,26959262851
,27201739919
,27265714183
,27303986737
,27669118297
,27903332521
,27920807689
,27989941729
,28086211607
,29297608369
,29324808311
,30084532141
,30327152671
,30847666781
,31438035163
,31945881241
,31992843313
,32758188751
,32952799801
,33057806959
,33074236421
,33491655209
,34549741777
,34870850057
,35273039401
,35374479827
,35473416481
,35532364099
,35534561977
,35547685493
,35868448673
,36329495383
,37523786929
,37614046069
,37831175201
,38675902127
,38938258001
,38941695937
,39177439921
,39940132241
,40056698881
,40388473189
,40524027877
,40579022177
,41202153721
,41355657751
,41473350001
,41732461753
,41735340671
,42598203337
,43717618369
,43872038849
,45076044553
,46174737359
,46202197673
,46339851433
,46354659937
,46589140363
,46908728641
,47065475057
,47072139617
,47635010587
,48864576601
,48919385089
,48919673417
,49267878661
,49677578641
,50150933101
,51861618869
,51879585551
,52362875311
,52877551231
,54112378027
,54410972897
,54573369937
,54994615633
,56256385753
,57461778571
,57762875981
,58052548129
,58152051961
,58392032593
,58745093521
,59411261081
,59767828889
,60249667297
,60726444167
,61262261677
,61339736467
,61941520273
,61965231619
,62228099977
,62983048367
,63781899287
,64339323043
,65188447249
,65427463921
,65780528969
,67685946763
,68488673941
,68492481833
,68954123297
,70171342151
,70290725429
,71153008417
,71848008781
,72068132891
,72296287361
,73205584889
,74153335873
,75824014993
,75904445347
,76712902561
,76831835389
,77158673929
,77192844961
,77852679293
,77954721883
,78061555441
,78390786811
,78527789689
,78952752017
,80765938529
,81325666951
,81776791273
,83492003741
,83960385389
,84755607199
,84819793631
,84948746297
,86950696619
,87255998201
,88760231089
,88959882481
,89353834081
,91005071977
,91254170041
,91441702997
,91759321993
,93405283373
,95741909371
,95763203297
,95805718487
,96248467087
,96645260801
,97377658867
,97909761259
,98618273953
,99810171997
,99972364781
,100217132801
,101286184577
,104003232119
,104038692997
,104399276341
,105254261561
,105310750819
,106077807287
,107117096323
,107134819481
,108817410937
,111349165273
,113478990853
,114082022941
,114443156761
,114584129081
,114684958103
,115150116391
,115927640417
,116751779887
,117801297041
,117955793453
,118750098349
,119232435043
,120618551047
,121323854647
,121333341977
,121398914459
,121932688511
,124398214921
,125096112091
,127002291721
,127391413339
,128653413121
,128664552119
,128782811543
,130147868251
,131101681409
,131105292137
,131865932411
,132585943757
,134409524789
,135995976143
,137603804161
,141641296831
,143241922561
,143448045841
,144598154737
,145211798447
,145915152433
,146919792181
,147859967407
,148061155217
,150554282629
,151773161107
,151874081341
,152181510259
,152587500001
,152874915601
,152924392897
,152948738791
,153356423089
,153606920351
,155399494141
,156296877661
,158822951431
,164504919713
,165768537521
,168007642969
,168692292721
,168749965921
,170300267537
,175132692529
,175642891399
,176510711521
,179756860951
,179781388993
,180818808679
,180846660913
,184466950111
,187454737489
,189461892929
,195352923041
,196250050621
,196629322303
,197002597249
,198582684439
,199061567251
,201519653761
,202769117249
,204610868107
,207544926601
,209957719973
,211104810001
,211702720871
,212341461377
,219256122131
,220116640729
,229268017217
,229890275929
,234340733201
,236344687097
,241931001601
,244109159209
,244716883381
,247772800801
,254461617383
,262400181553
,264136919719
,269089806001
,271191084001
,275415303169
,275814838289
,278452876033
,282429005041
,282519050251
,284278475807
,286297736737
,293543676001
,302174566303
,304292056417
,305616262027
,307168226569
,311712063697
,312842300671
,319268480441
,325096053553
,326667346721
,328006342451
,332207361361
,334639213291
,336396730297
,340388595097
,340699903669
,347833278451
,350862114989
,352246478761
,355402329703
,367032005101
,367116708001
,368140581013
,369560523547
,371335727233
,372454540993
,374857981681
,378348540841
,381774141689
,386111803369
,386478495679
,390960945481
,391249826881
,392038110671
,394563864677
,394583992441
,402011881627
,408335956841
,415141630193
,415878438361
,416034935039
,417042099631
,419502198233
,425796183929
,427329609001
,435700800793
,441019876741
,443069456129
,443418473521
,447600088289
,448217524891
,449818591141
,455828392477
,457024161409
,458731140013
,467811806281
,470933694191
,472287102421
,475325609449
,487824887233
,490993819471
,492717674609
,494224324441
,502746492223
,512917469041
,514210163281
,514851898711
,516036294857
,528209783809
,531968664833
,535070645969
,540538609159
,547912280753
,555915824341
,562070136841
,562285164781
,562873504411
,565883213281
,578348287651
,579981948313
,598761682261
,611787251461
,615240811219
,627186185377
,628582818817
,642040844209
,652662073639
,654652168021
,660284006953
,667055378149
,679758314119
,694653525743
,695864724733
,698617420601
,698962539799
,704710824913
,710820995447
,726584894969
,730270072559
,744487658617
,761838257287
,765459043457
,773339215189
,775168188161
,775844757937
,779704994617
,790468905817
,796088615657
,810221830361
,810791440841
,840139875599
,848181715001
,856971565399
,860166859801
,873791632531
,906642603313
,918585913061
,932184694939
,933985597217
,934309676929
,939295277281
,980233931161
,1001115859537
,1020353649169
,1030330938209
,1046666101231
,1063307289553
,1067583682127
,1073825104511
,1074456464321
,1080208020751
,1096710113137
,1112388285061
,1113491139767
,1113614148551
,1133836730401
,1134974373913
,1159185064537
,1174047124321
,1175968411417
,1193312900149
,1202741777537
,1235389890817
,1253161372513
,1259036730797
,1334056289569
,1358103969241
,1392971637361
,1401190779823
,1405628248417
,1426465062181
,1445406523039
,1467129352609
,1481124532001
,1484493554507
,1533745237729
,1533926272849
,1542530589829
,1580019259393
,1586308510081
,1602776802691
,1614575158577
,1626518693141
,1633401082697
,1642180113401
,1654058017289
,1662927218441
,1692116131441
,1759217765581
,1779522099931
,1779973928671
,1807447391779
,1819762572673
,1855301844889
,1856458657451
,1878507528353
,1951402384429
,1971764055031
,1972386557777
,2028060820549
,2061165716371
,2098303812601
,2109242532781
,2125457487809
,2136469147429
,2143492370401
,2144921195591
,2168435713049
,2175937261441
,2232578641663
,2236879829941
,2291059412513
,2340389488711
,2354488203481
,2368179743873
,2375675974817
,2400744384937
,2434616217281
,2454335007529
,2454574823653
,2492918387059
,2549322536147
,2612439750169
,2629065686029
,2635018202833
,2663568851051
,2779191397441
,2792688414613
,2799652196881
,2879347902817
,2932031007403
,2969179020481
,3028917598961
,3050841968833
,3059396467891
,3110690934667
,3138426605161
,3203431780337
,3222399621281
,3303581302573
,3333950193493
,3357909154141
,3421169496361
,3629006995613
,3630105520141
,3678659056693
,3706175321483
,3718266498433
,3740221981231
,3768143933833
,3839331472313
,3945720769057
,3984238283369
,4061132942857
,4071247577461
,4209508589941
,4209688612273
,4315199443523
,4343215646437
,4363953127297
,4387897103521
,4431960464101
,4432676798593
,4433672767861
,4446437759531
,4453762543897
,4480666067023
,4534166740403
,4663895387971
,4712151755917
,4714692062809
,4744655685883
,4776428166707
,4846812462461
,4902754929329
,4981857697937
,5030246652721
,5046718903451
,5201080300033
,5218735279937
,5271670883383
,5292250152949
,5415624023749
,5609685181351
,5625767248687
,5659514797721
,5669488462177
,5676765868537
,5804125093339
,5876857755631
,5917464834049
,6037514298961
,6090817323763
,6115209994009
,6132176836553
,6211454306149
,6215074747201
,6366714750257
,6391568743817
,6440452782193
,6450973392449
,6459570124697
,6493405343627
,6511616671913
,6541323708817
,6596828416459
,6675969767113
,6692446515577
,6699561451777
,6705767506519
,6713103182899
,6740339310641
,6793177127101
,6871197486841
,6896727944023
,6909226326451
,6925799047681
,7152893721041
,7155452470451
,7317767583121
,7432339208719
,7570504839257
,7606017793609
,7797404036599
,7812610577851
,8090594434231
,8148919324033
,8174912477117
,8463901912489
,8539067456641
,8623813357177
,8633301049969
,8737481256739
,8857714771093
,8868050880709
,8878514532229
,8932786385279
,8988357880501
,9202419446683
,9361973132609
,9401836358059
,9426998044141
,9475763944193
,9522401530937
,9640632099001
,9718704501529
,9739278030221
,9810958633253
,9853387597819
,9857737155463
,9893662806061
,9931868988289
,9983923992673
,10030854869257
,10052678938039
,10084875238121
,10137296444101
,10166476786129
,10248564275821
,10360573664851
,10517093353577
,10523982032237
,10547461581281
,10773764827561
,11035465708081
,11517089006281
,12127627350301
,12239719573537
,12553986510209
,12749191040653
,12763660054721
,12836737570021
,12892407528001
,12895071553121
,13220653410551
,13379250952981
,13409665391953
,13572264529177
,13615553872073
,13828603741081
,13852613550949
,13952598148481
,14259522003187
,14330525250739
,14405614244209
,14493503199673
,14512828061449
,14641916303149
,14661821742553
,14821647473599
,15012732261073
,15293148196817
,15455023589221
,15500487753323
,15686603697451
,15747624837121
,15756367092121
,15865578195367
,15888898944343
,15975607282273
,16396364681239
,16441275231629
,16753783618801
,16937389168607
,16993492187603
,17057505207007
,17160693383233
,17637260034881
,17689153588009
,17866285599391
,17958105295747
,18109412991311
,18158209813151
,18360250452977
,18455044087121
,18717738334417
,18881530641689
,19040098253681
,19488182484739
,20111008087273
,20649907789079
,21249026860157
,21316654212673
,21389674513313
,21455171100793
,21624641697047
,22061306071789
,22125996444329
,22725574006237
,22735632934561
,22763003975641
,22816032820817
,22926719175799
,22933014202051
,23135734040831
,23491533621481
,23528569104401
,23792163643711
,24375654323161
,24517014940753
,24651922299337
,25705142292017
,25792643401363
,26015176530521
,26129603777437
,26309368807003
,26547728321683
,27439122228481
,27547678215997
,27733723987969
,27737993550233
,28059810762433
,28739737348957
,28753302853087
,29078814248401
,29237863091999
,30322542339673
,30500013280577
,30963501968569
,31213331016701
,31280679788951
,31479823396757
,32038310825249
,32416257540349
,33232924804801
,33910825580641
,34195523753509
,35913067887863
,36371821254913
,36893679273343
,37239639534523
,37291324871089
,37368615235403
,37452571239931
,37747185231001
,38425816980821
,38508212572597
,38984039641073
,39483330766889
,39537592800161
,39595205804249
,40163004754501
,40375725685111
,40686928318417
,41060309512111
,41851365145831
,42136857550241
,42166482463639
,42272797713043
,42355831233323
,42426325022797
,44210591644829
,44479210368001
,44596548025921
,45232564075409
,45920153384867
,46393668925691
,48372050082931
,48752128660789
,49971617830801
,51731968308257
,52317884766401
,52588634980729
,52611908195653
,53428165972513
,53752098641231
,54595521268291
,55009358369431
,56202143607667
,60499150497847
,61213422340181
,61231726987393
,62356600805137
,62438341552073
,63074817527233
,63145268487193
,65721651425737
,67280421310721
,67535788803713
,68016300334849
,68592177919591
,69779014917427
,69783494046481
,69948188740643
,70334392823809
,71316922984999
,71486759597273
,74323515777853
,76025626689833
,76096559910757
,76119208744309
,76392570609857
,76554648784441
,77567729423209
,78138581882953
,79147863202801
,80377573236449
,81278478804329
,82595052745831
,82845386590381
,83181652304609
,83736716905921
,84885296460737
,85384915399027
,86710817849281
,87251820842149
,88521356864599
,89618875387061
,89856878697433
,91738088321881
,92273133899101
,93747988411543
,94803416684681
,96761365841467
,97484277202003
,98192205861121
,98277023988499
,99463730244517
,101750737670401
,102968399238277
,103410510721501
,105586579766713
,107775231312019
,108140989558681
,108902775905377
,109840721427977
,110097436327057
,110133112994711
,110758371371929
,111719734852571
,113571560808091
,116539854237679
,117598477011619
,118996959723157
,125323853452241
,126848469231149
,127321491658223
,128217222737641
,130666175908831
,131083412582713
,132305774316967
,133139883512681
,134921168163073
,135764017104229
,138561000316919
,138991501037953
,140737471578113
,142500609730433
,145295143558111
,145560017652641
,146264881313513
,151558949287297
,153633897920257
,153925026222241
,154307510402911
,157100602804501
,157661163902833
,160522462347361
,161517058694951
,165041853060421
,165963031279777
,166153042787383
,167859997042321
,168069194932501
,168434085820849
,171525190684121
,175908273685537
,178077806451169
,178925762979037
,180094835025613
,180797717027593
,190507963147393
,192971705688577
,196342372356257
,197443880998681
,197748738449921
,198168459411337
,201777278450257
,204452543956321
,204764382884291
,206053451562433
,207818990653657
,208306541869009
,226338814638851
,231620367206687
,231915937998781
,237090382248281
,239686663718401
,242099935645987
,246807888854599
,257756820993233
,257952400029937
,260125854015641
,270547105429567
,271875945623311
,273417303839929
,278476007488759
,286621334502631
,288842216366491
,297205245433279
,301118908380643
,301870128784337
,302756422009117
,306178659371201
,307116398490301
,307465524354077
,309498021695021
,320160637826569
,332584516519201
,333742931196401
,333808138537249
,335199740796521
,338431049916629
,340096374452647
,343446375010967
,345767385170491
,353712117583777
,358429848460993
,364565561997841
,372933190718801
,374871146580481
,382557003061241
,385838642647891
,389593452245969
,395125276559977
,400482858239983
,402004106269663
,406225165149481
,408249548543821
,413150254353901
,418562986357561
,424258268183989
,427960745238703
,434502978835771
,439191833149903
,440896496421649
,446793066948847
,448747600991881
,452599156086559
,452824604065751
,475384700124973
,477170373761089
,484074637694471
,489624750530873
,498039116406053
,504360902692921
,513740645819473
,520378545363301
,531455155350809
,535006138814359
,536296539263941
,536490644259457
,558786628009681
,560088668384411
,562943995510177
,571890896913727
,589131872988751
,593914915675537
,596720894582957
,600503817460697
,605829388649921
,608459012088799
,614002928307599
,615946323850313
,620066693671553
,620617419930817
,628007894034529
,637265428480297
,643966863870017
,649301712182209
,679253585011429
,702948566745151
,707374699665617
,721315994374961
,737539985835313
,744935396862001
,753165427960199
,762394321774681
,765396162077779
,791343585595817
,821546524439369
,827446666316953
,833732508401263
,834490119087067
,865118802936559
,898785760385437
,903780021613921
,905550421700611
,910228332911141
,924278616131729
,926510094425921
,951088215727633
,964094242760707
,980230389772951
,980996410232957
,990643452963163
,1005128735010289
,1023398150341859
,1034150930241911
,1041815865690181
,1057029405859421
,1066818132868207
,1071736941969853
,1081756861144651
,1110671633637523
,1117180440577441
,1120648576818041
,1125363775759549
,1127316245518063
,1146946484544001
,1168781887512373
,1174029487714513
,1200893348906161
,1235319027785221
,1238926361552897
,1240718764955671
,1243595348645401
,1271332666556177
,1313310230653921
,1357105535093947
,1369379108017267
,1372226516822701
,1375897917513661
,1386525709821079
,1396795475757457
,1399100926820497
,1401345270171101
,1416258521793067
,1453324328230321
,1457772869697961
,1512348937147247
,1538595959564161
,1565657514926957
,1587855697992791
,1621474400951381
,1628413557556843
,1653932839153471
,1675125010930879
,1790799748670521
,1801439824104653
,1808557773947401
,1958423494433591
,1969543281137041
,1987104667810711
,2009643799642447
,2036829768181123
,2058017388830521
,2062835090323897
,2087022330866411
,2104496060760001
,2109936092650831
,2112396604782913
,2113854074762921
,2134387368610417
,2152204823142217
,2237717449946593
,2239956782073053
,2252127523412251
,2322817005065617
,2356759188941953
,2366069394177173
,2368822395648721
,2389059505456889
,2428880150373517
,2444719759493201
,2493532754808701
,2546717317681681
,2607411387302489
,2646507710984041
,2649263870814793
,2681001528674743
,2742094407638203
,2756059353782849
,2766037497160081
,2771915076094391
,2783056526435417
,2864226125209369
,2868251407519807
,3019967621847401
,3040124117151617
,3040410389842561
,3085397990461441
,3154876255637783
,3213684984979279
,3237811125343321
,3316982720594401
,3370159489168519
,3377549010888001
,3556355492892313
,3658147051099901
,3711679750840771
,3786005537047189
,3830538323149121
,4020232836240289
,4093204977277417
,4304613491867393
,4501313430014381
,4501946625921233
,4621646208862937
,4703954662078801
,4889979739596199
,4964166554103541
,5045586197318561
,5062155107501579
,5119890907438001
,5135123689810129
,5153543358319177
,5271393791658529
,5420506947192709
,5521094269128307
,5591298184498951
,5636963037465601
,5803274552068687
,5941035366826969
,5947603221397891
,6027043735173469
,6203145044672921
,6269989892198401
,6339840806910833
,6376386802464073
,6616963204951529
,6811602936864841
,6830705352239611
,6853410184776097
,6957533874046531
,6994042018866541
,6996402304983061
,7102927740195899
,7223591273619001
,7317109576021321
,7341898433044801
,7455099975844049
,7522014358008949
,7567946458979297
,7570390327211773
,7736786575986931
,8237279052304889
,8431309118401633
,8837728285481551
,8861085190774909
,8892992859964273
,8925278993793241
,9016552104770761
,9070197542196643
,9115784422509601
,9120980814730753
,9155841480185089
,9460375336977361
,9516375589637513
,9580889333063599
,9585228595374769
,9758744379744403
,9860942209386451
,9951597611230279
,10083495373751671
,10389476529713761
,10430557104202241
,10463508604369759
,10550281065119153
,10759858845001393
,11096527935003481
,11481343507470409
,11632293942370469
,12294601705273841
,12458723489217613
,12557612956332313
,12966664479880063
,12997501575909761
,13094876492852351
,13194317913029593
,13287439049014069
,13423215628953313
,13722816749522711
,13861369826299351
,14284942415590523
,14343826193517763
,14590250979416323
,14787970697180273
,15059828108442641
,15064591396749221
,15174698834406721
,15459763525875943
,15524635883992211
,15902347075274017
,16875081675650881
,16998871173904049
,17481727674576239
,17751783757817897
,17803984478124349
,17963653814841601
,18201416023204829
,18228580446571609
,18351945672220987
,18584774046020617
,18735216413769901
,18859377449506801
,19125556519918081
,19660952720704289
,20354222567550187
,20734622338810273
,20847858316750657
,20986207825565581
,21092748383123969
,21180247636732981
,21792652855138681
,22170214192500421
,22415398357688737
,22625271329336833
,22774258944240211
,22955077356836017
,23531055927158473
,24060283912401409
,24675197278121881
,24829930066167773
,25330067076999169
,26986333437777017
,27145365052629449
,27261904199932321
,27306046411338223
,27362254540091201
,27395325377910797
,27653710336343911
,28608765996951769
,29126056043168521
,29257554834707791
,29261114397558193
,29301273076611979
,29853380696418401
,30155506036528513
,30495765703115017
,31031320083857011
,31148444724976529
,32127963626435681
,32334725460268711
,32983076027612611
,33035981768945891
,33204917536003441
,33554520197234177
,33990250708335239
,34010032331525251
,34747599647361961
,35155077044989397
,35284030283053759
,36083859815030113
,36892437056956699
,36919357139916161
,38257184231365987
,39522602650168177
,39984165947735791
,40396092614384641
,43195464658778477
,43464340002838801
,43980086132460853
,44599476833089207
,46655969015605951
,47372699863851391
,49093427230218193
,49504078597120643
,49819993344092479
,50544702849929377
,51028917464688167
,52016435676012089
,52393016292934591
,53590752072775417
,55089582063217729
,56287943657879761
,57363423644587057
,58142098448088409
,59008134786334273
,59509429687890001
,59649589127497217
,59833457464970183
,62802266052329939
,63029775697163441
,64082150767423457
,64110547427930873
,65877330027880703
,66308056470365249
,66354530124557299
,67747903280789101
,68545852036177507
,69186562412120809
,69394460463940481
,69935987114957671
,70084436712553223
,70321958644800017
,70533063399945787
,71425060534308301
,73773317152282961
,74383430474532481
,76641458269269601
,77369128473070697
,79259861740715737
,79787519018560501
,82777720757144341
,84350684843543413
,84413238703660609
,85458417577408481
,89968528708490689
,91669438116041671
,92525303484856757
,92757531554705041
,93715008807883087
,93961711110587347
,96076791871613611
,96512008100928793
,96758771543686753
,98672095457750041
,101027360307659633
,101119526079159121
,101545005972588481
,105498212027592977
,107814999632867521
,110521633444549751
,112728018316091351
,114835914561123841
,115417966565804897
,115812024214750631
,115846651946400929
,116615439604018153
,127802493095470979
,129266711542799251
,131895016205024767
,133088039373662309
,133116327626495251
,138325941036565103
,142066482414807053
,144542918285300809
,145130814068214641
,145171177264407947
,148067197374074653
,149832750683283097
,151003255198854353
,155245018683330451
,157500130135806013
,164597693569197241
,166003607842448777
,166242935471754241
,166850044395914881
,169523514238420211
,170735974773267443
,171664686650370481
,172720604638150729
,177722253954175633
,192431672300387431
,192490930402101389
,197766803208315851
,201219077319973441
,212780015855109121
,228774951370201069
,238495197879143209
,240528574971415967
,241722486510605423
,244677788770544273
,249602191565465311
,259101467678452891
,262063468403105021
,276696631250953741
,280213628444768563
,284758105146677801
,286121480219517473
,291438334156037699
,292615400703113951
,311195251370951377
,317596431444133301
,324965201690131831
,333628015107245479
,339175003117573351
,341117531003194129
,348355901370793093
,358228856441770927
,365883785511434081
,370244405487013669
,377801626929390823
,378827137612775441
,380808546861411923
,386263879315103401
,386299835479975297
,390527897582929297
,396485324677401403
,403906782348344599
,407770693450231393
,420502918802525203
,428811722403419167
,428895600365702401
,432147886392149801
,447252559596639611
,461797907949997211
,469775495062434961
,473000157711296729
,477822284525893121
,480170172376488257
,489769993189671059
,491003369344660409
,491981122308467411
,502862692004168161
,522114085011580241
,525122181762140401
,535391870843348521
,538939720215834697
,541028249071570661
,549675408461419937
,556338525912325157
,565919061885282241
,572404735191016891
,578189648968825099
,581283643249112959
,581367694924545281
,581546606903256979
,587492521482839879
,591100350038949953
,598887853030285391
,611095419792177937
,619324035675566251
,623293182848475361
,625552508473588471
,627341255004753577
,635152101298808699
,646675035253258729
,658812288653553079
,668214452631436913
,671165898617413417
,679015215511191577
,708232357842915049
,715668470267111297
,722501809616926841
,722526146028558523
,733784271827804929
,758260802584066297
,758351530355694001
,758399801407611361
,762642847088874611
,768614336404564651
,777288435261989969
,823846220420458757
,862970652262943171
,897186516077633497
,913021421136907457
,921446320166308603
,922626543715132033
,971476396313002897
,977403570406117601
,987879984327104437
,1025698740064276331
,1059099980653317121
,1100876018364883721
,1104547173371974879
,1105776337262654129
,1151699071895212081
,1188755858465841569
,1195857367853217109
,1212008606838635171
,1219416313117078333
,1222087247486540569
,1234944495181377943
,1258710725115650761
,1277297679372570001
,1285442435618444321
,1292800939332382943
,1294046302848776287
,1348959352853811313
,1391646221255097953
,1438495818172960049
,1459574594862075553
,1485778288798957523
,1624926851105431039
,1629381447071722081
,1659020904838638433
,1746518852140345553
,1795918038741070627
,1839633098314450447
,1898685496465999273
,1906785849099933631
,1961075885814321323
,2035259884744589189
,2069655374719577273
,2105485879475562449
,2155087459317166459
,2181678707673414841
,2192537062271178641
,2203107506077035781
,2305843009213693951
,2416923620660807201
,2428691128313288513
,2461243576713869557
,2511696210834096991
,2576754528566814601
,2615418118891695851
,2651552381122661167
,2685107860437307121
,2714819157586383751
,2762194134676763431
,2800409230727765999
,2849881972114740679
,2883580030222424891
,3011347479614249131
,3066290411598855013
,3106925099920735897
,3156148413859611691
,3289098531153894127
,3313809623975157007
,3396103766435902981
,3399426377632056001
,3421093417510114543
,3428736325987808713
,3442404051886487041
,3453412901832690553
,3454631579714210387
,3592479857972004353
,3697888884800902289
,3712990163251158343
,3747607031112307667
,3820156780374186113
,3843336736934094661
,3902095192430070721
,3926243469330528571
,3999088279399464409
,4059601388172111433
,4080494539544536849
,4096460559560875111
,4170165570896115649
,4193551379485561391
,4205268574191396793
,4242734772486358591
,4317704341862180531
,4336790831080504259
,4394873587866112297
,4611545283086450689
,4637377834385724793
,4643444189241244139
,4675171089162696937
,4687500019013509441
,4710883168879506001
,4768748142197177447
,4810716907835700161
,4925687525543853241
,4929910764223610387
,4966300248405749059
,5007152232772194889
,5070463106922154841
,5079304643216687969
,5083469670561297247
,5157050159173695487
,5189864109981751703
,5213526568247671787
,5387708103524891201
,5468418817252102711
,5490243876052618831
,5506106288631885091
,5559917315850179173
,5560125493425335999
,5588918964965108257
,5667228215161742851
,5782172113400990737
,5918889924569758753
,6106505825833677713
,6115909044841454629
,6613335467116613731
,6670914925963435577
,6912010464887165201
,6917353530526492681
,6976447052525718623
,7099353734763245383
,7173631228267151597
,7226904352843746841
,7235072906255562457
,7264244463759579701
,7273513281851561317
,7364691332765774569
,7400606817397019353
,7883576248112389199
,7911205809612159841
,8142767081771726171
,8573192048327176271
,8588408897489780521
,9158950589302272799
,9191423582708116751
,9213624084535989031
,9293424294571360217
,9520972806333758431
,9524716048809932689
,9633758284523287289
,10009431316533167951
,10094533349991037489
,10429407431911334611
,10488160032325844521
,10657302892385206201
,10964641584403141057
,11527429277532648241
,11931812674076681849
,12158987054135300783
,12450751815271172041
,12659727766698640577
,12985283780501700403
,13009023869226815161
,13119770765051463547
,13444476836590589479
,13822844053570368983
,14402030644704405877
,14808607715315782481
,15162868758218274451
,15191824313275866433
,15316934231051174801
,15576974348063186977
,15579513615042163909
,16291760168260961407
,16780869326776069043
,17543368071267913387
,17795830908608814443
,18093927039368350337
,18446744069414584321
,18890331057055511701
,18970768920015252259
,19089479845124902223
,19564699409833266851
,19602880710043505617
,19707604630968826969
,20597276734348736647
,20761436172675094201
,20837062885084633147
,20873617828595205913
,21654734961841342681
,21770852037342601909
,21976358411681597603
,22086765417396827057
,22373457765765203287
,22486532817115804361
,23728823512345609279
,23741694115952458801
,24132756641778030091
,24418671951944649151
,24474386178031119073
,24865899693834809641
,25394524415842506913
,25395382141805460457
,26007561155890556369
,26032885845392093851
,26831423036065352611
,26912732267425516423
,28876407885213594067
,29101424767901148287
,29111948248642861801
,29446854121733451929
,29493338799546784993
,31100269092898119731
,31255173993464476009
,31347559232075126851
,31357373417090093431
,31735484991529375057
,32032215596496435569
,32871186029052837857
,32888267877547582651
,33563856450515702761
,34647153609626757361
,36230454570129675721
,36589369917525430721
,38914392714281976571
,39044358788825633753
,39257233394241687553
,39865023275343572161
,40290733590328136833
,40544859693521152369
,43420756732422994369
,44523886942460772001
,44672273546342737921
,46714408868623938817
,47547456507398171003
,47970133603445383501
,49697164752429114523
,49909553545967496391
,51366149455494753931
,51441563151591093599
,51686732107634400481
,52547670996812050561
,53425037363873248657
,53497190411184131713
,54669044605171143533
,56895628984182809549
,59015046142680340633
,59655406504682930077
,59785353215457224743
,60272956433838849161
,61318393206415264609
,65615762185579629181
,66232837958133438967
,67872792749091946529
,67939363836931489207
,68626625145959029951
,69466156512528108241
,73208283304744901303
,75585758834018224531
,79034734517219615663
,80485166514184335373
,83188534509828089497
,83468535680255056381
,85337232196804809313
,85488365519409100951
,85608965982066833903
,86656268566282183151
,86977595801949844993
,87274497124602996457
,87425828424449969917
,90210779197101009481
,94291866932171243501
,94379978353227424201
,95016376135553173181
,96833299198971305921
,97445067096987785401
,99695503427255026561
,104757762864135516671
,104944826588233689949
,113591256042443401951
,115551016025898845629
,117791760059111382841
,119850770411474610841
,122551752733003055543
,125965976976392564317
,126274316116265155801
,127697557396400084281
,131380422697420095809
,132839238602148428191
,138724733805016586033
,139065006256539545729
,141903573931683412021
,141968533929529744009
,142850312799017452169
,143162553165560959297
,144288053938906556201
,147350640513623971909
,150832426800173710177
,151444053004792583729
,157093976216637466381
,157552196128597543991
,157571957584602258799
,158160486299350364173
,158530119801167697937
,162715052426691233701
,166125681371619629161
,168813603058115744761
,171857646012809566969
,172827552198815888791
,178230287214063289511
,179351574736387915177
,181352306852476069537
,182234206875674913613
,183802578728708044103
,185155691294150619421
,185318160171793066961
,185541553091188485307
,191116694453780847361
,192663978663261197929
,194193974563158088483
,194674402491792252193
,195973382282821775041
,204712366597949333831
,207728898616807400249
,208611133232063053649
,210708825063558235331
,227444841245238451591
,237157827243967596481
,241947707873451279499
,242193739165634585377
,247373882035810603063
,255375215316698521591
,258977744356523549983
,260242449712509916159
,276699163508776968689
,296545202124959454721
,297829119706021674037
,298257415638476586139
,300640566498687574433
,302830601299346947201
,308544695409769427309
,313705683072406514521
,315929758125865060721
,337097300570078978047
,337138190889530707009
,354271470446427666439
,359006912765190408181
,362312427317443674457
,369345192417701052571
,373200722470799764577
,381364611866507317969
,382027665134363932751
,385899574648141160279
,392739971500511407081
,399490631328637643761
,416115013830990336221
,420675542314507855321
,422476522225569289589
,441995541378330835457
,461210070062342745541
,482601694398006137569
,487073399939357470433
,496680955285030838701
,496817081109150685921
,518144156602508243009
,520015769408683617721
,531132717139346021081
,562007253274813199701
,597149752187286607489
,602141772875227166401
,619079222361672204943
,622562304191955570983
,631388687840018727119
,635283689603233836449
,637996501286702584141
,642678245082872716351
,644467520107517023949
,692218280897365325531
,702389334730574219713
,705900082312653909721
,709018264240844065111
,719212410327043387693
,725688486718330087751
,727679956595455269121
,744298254317046214381
,746485083287310097651
,747090793047295291603
,794144907494779140961
,851030708304492139579
,881206290008086216099
,918125051602568899753
,929731798601457857977
,1008787906424294727221
,1042949211954459511633
,1053336016261649316809
,1094883804311836270751
,1105196924013081302593
,1141629180401976895873
,1160237874387344563207
,1186694555374004016103
,1230412270786066204321
,1268681713778808836263
,1280761337388845898643
,1302216832385373385027
,1330118582061732221401
,1453030298001690873541
,1460915248436556406607
,1469495262398780123809
,1475204679190128571777
,1491477035689218775711
,1562985901350085709953
,1567788427285810782881
,1568971170249692917853
,1582530534046275752761
,1622949422129340362249
,1626833408812908876721
,1629239097907113911209
,1668576469005068046209
,1705566067413732555673
,1729444049094495656521
,1780051652040095043377
,1824045366145909775041
,1873030665061080894263
,1881621039583314078479
,1913197275551506256281
,1922625936576797346329
,1953272766780718501831
,2000007978762572383159
,2022033791466488360947
,2054021544734875175323
,2085976638755288150171
,2134763311450490207689
,2136958965524920285681
,2174887297707195387137
,2176837988940791506441
,2203942033439148343973
,2224981001722824694441
,2228952318586839413441
,2310141222312973778401
,2310448606789649285233
,2502960808606492609801
,2756788662198217256191
,2785099025023674408523
,2793938563264652590777
,2969311774977959129473
,2982351597692070261023
,3061144307110551703729
,3122895040527689387017
,3154069493397876555121
,3192261504216112476901
,3211586054639813621611
,3224950621369762729981
,3274162442129276091367
,3288416281349499632641
,3410623284654639440707
,3441291221723107683457
,3508428556083287152033
,3569375451209989130113
,3578620616468306981503
,3631552852976685500491
,3901904004579951728041
,3976656429941438590393
,4023816910949111979881
,4029292065629191839853
,4061881309402353667921
,4105902567209832582077
,4118408687411658054091
,4340301546362831119363
,4373689270176379261201
,4410975230650827973711
,4423364633142650480377
,4484273898055819958731
,4565508951414453792719
,4633076102837130131059
,4635260015873357770993
,4727997228805279065233
,4750535347861726648681
,4780601420529202899151
,4815314615204347717321
,4889940029309876547089
,5033986097724889062887
,5091542821206332688289
,5302306226370307681801
,5439042183600204290159
,5517444206275621757281
,5519485418336288303251
,5704689200685129054721
,5770338946481798744593
,5882010302757468387457
,5913950382316342222561
,6268703933840364033151
,6319957642033539607139
,6329588309789019577199
,6645418768842321985721
,6819070854448194030313
,7083216645267849385001
,7130691407122243556677
,7580827241843270677601
,7663270724502130178281
,7675195491326802969559
,7721537672504812373263
,7802057668861532450977
,8088220746627020943841
,8157685667174285670949
,8167807184582655224201
,8227284402611872441801
,8334342179521862957161
,8420451420920740248349
,8437649245385270023387
,8463634936210536760201
,8468599653787962071923
,8807637077851602578537
,9092066631772024419721
,9187310017086827306899
,9444732965601851473921
,10155021917057853331411
,10920513604018498900801
,11087986287758644708471
,11372732144384815780057
,11699557817717358904481
,14143189112952632419639
,14158756473293001559237
,15079116213901326178369
,15163372786994713185661
,15515986997325774196249
,16008527538753578495897
,16055826953448199975207
,16404229182321439707977
,16659379034607403556537
,16862485737890294913967
,17013825717475216558081
,17826425736736203762737
,17904041241938148871927
,18090206003620308180353
,18256533429955747955939
,19301855478655894221313
,19963778429046466946251
,20468009784290989308737
,22061405182131487143329
,22956667268117433010417
,23016485461806757328483
,23241389572585939528171
,23480412082098913326841
,23678936375488328669921
,24295813738965169951447
,24464753918382797416777
,24769991104728312891937
,25336594975374725568037
,25342605037666235678081
,25349242986637720573561
,26155966684789722885001
,27037028118448801270021
,27290812893120485231161
,28554501136089979495033
,28769571965458458648037
,28839634749383740426523
,29325513271841158911701
,32629120387007205904673
,32805679003831689475103
,33157029794959983067039
,35303956875887883008321
,35884034243486024947201
,36441674155824796521521
,36926447460343894713313
,40496650491842199555367
,40809065233184155116161
,40853155149612675915761
,41351581249294313852093
,41523259994275786297957
,42262784685026262370553
,42437717969530394595211
,42937449997563729850241
,44185520789894155033573
,44197213979727234355841
,44261191624217967508561
,44894058474254631045721
,45165123581794832079829
,45908592787319236096963
,47192818771332809681089
,47601775286199731239147
,47643611200860147977473
,49322756803485314471713
,49461103762004289880601
,49785726347323441303511
,52938599112067767917869
,55749156739155447169729
,57193908443040877545241
,57604499880518482364227
,57912614113275649087721
,59372021171164475019217
,59850626154206877620401
,60313752055701307811411
,60560850681938908875991
,61654440233248340616559
,61676882198695257501367
,63681511996418550459487
,64502434019215168363033
,64972933175228881583749
,66809564696120553953329
,67843581501874371319121
,68120209408972507562389
,69691269558104299547311
,74906924194076922022321
,76834966209858049526107
,78161016568215708061327
,78961972629651529859281
,79778881726281213651073
,84163674336698854450433
,84462210560148142953097
,84489420644603064685541
,86196190381344385442209
,87010881757473495441157
,88116165754061081804047
,88210933298132009685601
,90133566917913517709497
,91556187016478788158721
,94584263451060203297797
,96394828074288003368359
,105293313660391861035901
,106086987439531404134863
,115217370846302143114697
,117070097457656623005977
,118722715461092305629361
,123982521747024050840923
,125925891745966089707777
,126901141805369975317583
,128014683020611040553769
,130530323901899210670077
,132957517344837520363687
,133800079034660627402599
,135322045917118601273437
,137012022181393232206253
,138732415594618114488007
,139714099995626040378049
,142406868765525436670617
,148643100302189793374401
,150212580033138336342001
,152991166804108075380869
,155285743288572277679887
,157925605323676378629391
,161226249164751695652113
,163875530636702837695009
,167773885276849215533569
,174535138510980012221761
,179058312604392742511009
,179293953141823358107657
,182224921317852297530287
,182307072098294717589401
,184603056517613273120809
,186808590009488458594153
,188496018199490595752269
,199957736328435366769577
,201487636602438195784363
,205201041533063878539949
,207080154684218888000497
,216892513252489863991753
,224117436817833122635777
,225117233926884384606401
,232983411264923603130001
,235169662395069356312233
,239506881856626095535121
,245262248913715001137177
,255373980342366346612993
,255944062723386721566481
,258451922773648099179883
,266473139971248960398417
,270097268484167653999069
,270374114136830957955241
,271178447109422517655093
,274404635931475033688839
,274473195338134592222791
,303303806129303896428103
,315697468705819691433121
,320507768196690588004609
,322029272318997936286081
,331343920853356078376431
,335203548019575991076297
,337570547050390415041769
,351182936972570824983481
,357319966758824298104849
,365505823711978039310711
,370578512312247796290757
,371340429816536026068221
,377725045152842556276329
,378428804431424484082633
,402488219476647465854701
,404284148686608554495041
,414194958733796530899181
,416898378699411632562113
,421803155659906892289931
,424255915796187428893811
,432076532964254217618937
,457892136759270759480793
,459390495235738452861593
,461291203265457936024109
,472897006006202784083089
,480625710015394052365153
,499160294557830061662001
,507503808182829478517537
,515878737178649880676177
,524833094849624730914401
,535347624791488552837151
,565288195624678452623377
,571403921126076957182161
,579017791994999956106149
,585294986690122657135969
,585608533119706764820561
,588073600518602649955549
,593783678966863030035641
,596242599987116128415063
,599169562712545924071281
,604088623657497125653141
,604462909806215075725313
,619525961477982276740749
,635558882028912657106651
,647125715643884876759057
,647923469936355993348337
,667295426465706396181651
,694786550303622241850993
,719246910720211929911689
,720453772427518446437641
,728012485667587623793883
,737748363812546584876297
,740520714452435045829181
,745797773625002825025979
,748093847626791888666559
,759355003952701949854003
,768239607105037206095941
,776729668507005203702993
,841464143582829714489281
,845740940776943899258211
,849951419916202422143761
,861926610031728629577011
,870035986098720987332873
,875938090182754292028329
,950996059627210897943351
,978146583988637765536217
,985646939783717901699571
,992000324534793042722401
,1009157848082361225065617
,1090446563403147928146313
,1102099161075964924744009
,1128504950062383934670257
,1137139284834559382500297
,1155685395246619182673033
,1217183584262023230020873
,1225482800739172641891601
,1279966048012066420189837
,1351710731785981752792617
,1369738735713888876695951
,1423566881825006865551221
,1425343275103126327372769
,1527890378338261467896809
,1530328553290391228929969
,1548495552766487875851817
,1580204575585229261365153
,1643464247728189221623609
,1685696416143478298579153
,1728221461577944661374351
,1734492765338661710171833
,1806550239873711779388937
,1905911178138824081520901
,1917765426328344646895407
,1937385241416564065603093
,2034439836951867299888617
,2047572230657338751575051
,2048568835297380486760231
,2065255878519475622261353
,2077756847362348863128179
,2116429105836954764874673
,2165286365294606157260977
,2220842644284984664160257
,2262240763086527047749989
,2270093289023208850095397
,2331066870511508315059441
,2335928204292656509957961
,2356070859382001284653313
,2673989784183378728255297
,2741672362528725535068727
,2744233598061589004329591
,2815747080256641401887817
,2949578944598743237863911
,2977627869636755197817701
,3042645634792541312037847
,3147175743840736588737901
,3427007094604641668368081
,3687531861438052950582913
,3713714829105113122459933
,3728298863422039632638351
,3857194764289141165278097
,3918695179304214327885157
,3970299567472902879791777
,4036962584010807014809213
,4091102936121805539709429
,4126110275598714647074087
,4229815106556286351075051
,4247713303224552237738169
,4299277884477512812338461
,4362139336229068656094783
,4487533753346305838985313
,4805345109492315767981401
,4830156472121217145581641
,4850484222084371979240001
,4868122671322098041565641
,5028667832511715101284999
,5346950541323960232319657
,5519267814834477438497153
,5609122817914313723820539
,5718761969788697451457489
,5791487405427228378717709
,5800422716722833271214743
,5823175598896708439732353
,5951631966296685834686149
,5959358935984527488648293
,5996189356733355044555777
,6044274266901603399200353
,6123566623856435977170641
,6156694758084075792273361
,6338840521320763912823441
,6444365376140611199022187
,6500198488452063592176409
,6834040335349578249140287
,7289088383388253664437433
,7647513170903349335637401
,7718960266212068280249289
,7791024427430986498793899
,8156908781432775187914049
,8235109336690846723986161
,8393898953873011112551573
,8835538898098695059049137
,9280993516297855054039457
,9716134201585679932947173
,9753919496830664355860441
,9842332430037465033595921
,10146032011084172688350401
,10471846336802440580575859
,10712613085162141902489577
,11005385223331102860132301
,11053036065049294753459639
,11080165440414323358018601
,11306831838018220372427161
,11338558054762111611140089
,11575709336636595278866333
,11735415506748076408140121
,11862938913865507127049391
,12070396178249893039969681
,12289060407429107395930927
,12708237958354187384010097
,13425464222423304875744449
,13842607235828485645766393
,13972903680989405047308631
,14608351671572807850092203
,15034628622349725327496801
,15120619254845707358936819
,15395951896033322050978817
,15472078121378442801745561
,15929619591127520827829953
,16789941680103767514757241
,17059410504738323992180849
,17560235101945245417825001
,17620954939878356226435007
,18208260781190156536114609
,18292898984156916156396101
,19154988777052184768372641
,19665145986649495362349061
,21178227996426769919546281
,21991704205191358757046463
,22340510647512915642585947
,23360190343863455255753897
,24700068031700569654277801
,24929060818265360451708193
,25129004796912072003423103
,25925516494438382632167017
,26837739513073511818075277
,27077051603318402060798923
,29940168528270618887118001
,30007459254393181618012897
,30248067633191877840469313
,30850253615723594284324529
,32206359010364528536290817
,32272871788802004477006473
,32367218471375835379289471
,32605142983704221670173899
,33715476283025803700130451
,34224064338126003049783351
,36640709883877569115302731
,37456492962964173214784249
,39268438158946581131254913
,39814486142798124464418541
,40122362455616221971122353
,41435606371227835355919073
,42561594665463216927619561
,42565880168703357316051447
,45063180240128066017730357
,46389348212414164191076651
,47065603823663026660218883
,50294321643757943005617331
,53088206848780310639460631
,54573491387218500862753537
,54999142147740840245669969
,57009854073964502958244033
,57805828745692758010628581
,59133619649645058522941873
,59151549118532676874448563
,59359043484951383441635753
,60610810647695095186609057
,60701317462845977755176049
,63252453025264598101995353
,64510639132991228987740813
,67270991092499094308622649
,67545455787839926022098207
,70816756557871433816484601
,72619727988621969228350881
,74694295487151741747603533
,75582488424179347083438319
,77211538753591543571731553
,78572879035003693344205781
,80181854738775471107692957
,81344898763887260484533897
,81514868646704507393379787
,83212524822005103181053031
,83730859983591586460452561
,90338901802490793533882683
,91745259034867327005564551
,94031095460270951212691599
,95100512443200474214163449
,95289745710449721301906751
,101818114822337622659422429
,102072660983478595344638863
,106638643913461155414345241
,108939274676766775151668441
,113709467433878120743807151
,115441598321213977591105829
,120226360536848498024035943
,122931731283429211231592321
,123794003928545064364330189
,132428074847639489060320753
,135732250385154376731523201
,139335546032913681584758997
,139864810400361867053688001
,139914008013123780038639969
,140194179307171898833699259
,151878932339656740319930861
,165609143561652962744166091
,173308343918874810521923841
,175314482313096251408712577
,175922724879833801876767153
,175932323679511304414371921
,185245489299285834957735107
,185382112947811828276076281
,185869395380605416228548143
,187030532513381403767944747
,190862847872286085346690729
,196834168670106625096599487
,206875670104957744917147613
,207617485544258392970753527
,210085224303959163308751601
,214863145125509028597735617
,215281412690558214223757449
,219516331727145697249308031
,221339567928208501936257661
,229634869879668984791701633
,235457374510092115086834691
,236564778812552300459414801
,239932071009857681156251129
,248958833227314618649866043
,256582225885581001782477601
,275700717951546566946854497
,280651416271709745866686729
,281941472953710177758647201
,283770297667037407865613613
,288302779237362754213152217
,291280009243618888211558641
,297927289744047764444862191
,298197665489705956620265817
,303309617049998388989376043
,313033168856062878953819009
,317088317478192534928895209
,320021624768405574452943847
,347916608026315949237260151
,354639323684545612988577649
,359071640268582342735956401
,362073730366785443780868881
,366178736403922135331044151
,385606580062688087218266143
,385888918596723595535405951
,408946876729703992293841657
,410515107056935291714767361
,419829077685710999814594461
,494077391563970390335488001
,503823044204581129045587727
,512512927677384344303149537
,548560489336890960473978059
,573759820507018639639785001
,583117579691967491546961181
,595753704674159180615519593
,618970019642690137449562111
,631274089492376226672399593
,637467768535882654780280209
,658622107254745112979229913
,700553271665826444242790841
,715302895574501987260955609
,726143484017702822117388229
,747609928190821086986322983
,796857615381223502399146729
,819048171793389082617855311
,826879209501691466620175201
,854096275589539341506608949
,857491387188810516016046647
,979593335915791354913977669
,999802854724715300883845411
,1003163780973710788611449341
,1037866321911576169081957409
,1078194849524312993921613457
,1191622782866437328993110351
,1192425792950157874662150001
,1193378423730258892088506741
,1260176658389613436649482957
,1377062372371126895706481139
,1409033313878253109224688819
,1422346738975853644793916289
,1487840558911519281039078769
,1561132657829329085404515097
,1585883767273046287425657193
,1597199693194341332199398401
,1663763381192308635718252801
,1678434450877307861649130441
,1687942505818611032423917201
,1691845504865603430675449959
,1703616691469833244854254847
,1826375940722234754636475033
,1996187656530838599012839257
,2077736668187545455744085303
,2135640804965684861915149909
,2166176541500493808960173319
,2225479720965326919430030621
,2353402269661870839914687981
,2382154297313396649423300881
,2401258891949526685926151441
,2426356065170960400939317557
,2456272191118273489065950317
,2651271658682823532549291409
,2665675660861389884202429169
,2810063687215981074703243943
,2833637724427940664433391497
,2995240087117909078735942093
,3001693421814001736596239433
,3044938125828889184039273431
,3065463211212323373829321121
,3066081508633800121133627729
,3145393391123750039342489201
,3178641606717935496778334833
,3192423430636078166119279321
,3278244690156222434135906137
,3284305317126808646829056321
,3399145557982913274426317197
,3514735575983823378579684829
,3629778570814574724017301853
,3693169819477873192220694097
,3786707123184812723340717607
,3904521800431950367453781323
,3906847042550239932867833269
,3922634957266302331319319913
,3940110259657736019867352093
,4126631533969610752526181761
,4299881834172078350686174001
,4406091499279396488314377129
,4409486883238989864703786561
,4475130366518102084427698737
,4503031418785283725652516551
,4565795412500725128240734773
,4721525455401597740684262559
,4818891590397621779692694053
,5261734890589939541307343831
,5405369360996178738798259049
,5456646931831786367242204139
,5627063397043739893603449551
,5702451577639775545838643151
,5880734007124467829187484937
,5926025872693688636842717229
,5994146517873302783552221009
,5997044262821065356319725023
,6032100214690846655623731769
,6158177809630705149646380131
,6975729612775483517844546731
,7222605228105536202757606969
,7241702191810014332930493433
,7248808599285760001152755641
,7971862004867103303293462593
,7984559573504259856359124657
,8414160072705585053393085689
,8530674250842274717434530683
,8970948423964301024591994817
,9245269025364933413947751633
,9767813704995838737083111101
,10011860164738779613596795713
,10340816779778791791864197729
,10797241735776847250538834733
,11054184582797800455736061107
,11355690325205671380495907537
,11514895455487400649824422273
,11774147407778364617689297471
,12004541501954811085302214141
,12430037668834128259094186647
,12477521332302115738661504201
,12835703668024342289606276801
,14358345704173813883435616191
,14732265321145317331353282383
,14755410932634657950998395089
,15778453094691989880197773477
,16549888083084083065824727273
,16636201944470267267182958207
,17060613539298460913312913761
,17369459529909057773233442461
,17396456098240082242545082771
,17547835073985096343806660481
,17720324887536014938379267081
,18526238646011086732742614043
,19034121981403464536723761537
,19227901911638437904095974997
,19970905118623195851890562673
,21251836487537653646842236161
,21552534292278889975789265257
,26210488518118323164267329859
,26214220912037007616369852597
,27243386602395588437243602121
,29034057164920993379000074993
,29489362305514321744929966859
,30263419164953868175425499201
,31309721343425737972332358633
,32308603398271777835967540631
,33732271386788963509730652031
,33869483802755570065477644041
,34418203155300430111979265857
,35695338233523972669330604417
,36079584237927411511333522577
,36753316833775394448156716611
,37197178460594497252645353541
,37201708625305146303973352041
,37866809061660057264219253397
,38573092257178550307394862497
,39806400007517800928189621561
,40881835819705394258761789777
,41941878936097554082013916913
,42185927552983763147431373719
,42534656091583268045915654719
,42673755981710654921991317497
,43725552532343303477113703251
,45631782073509981025650312961
,46569645515600223410122662599
,46599659711047809652593889369
,50647282035796125885000330641
,51029680859871008335363724017
,52068472442119144511578580563
,52330372958162093186633571859
,52900187100851753648745461411
,53721781932548291303600309351
,55128155016097727617011127633
,55168069327936090924187079613
,57281536092725157009193935521
,57644473457648767005697802783
,59970388037871582350272399931
,60299259845689822028046342401
,60459128773735346116971161647
,64326196787727903551977150861
,65966684197384718027476767451
,66393706906151652073358618281
,67531050720249264044979244321
,67625467049371226906709645391
,73518775918537446144887630711
,73563032256320682421346570851
,76207764956885795275897986139
,77764617112817456421627629713
,77925614902328634480464127349
,78829341974215087229120114369
,78919881726271091143763623681
,82280195167144119832390568177
,82435743009239365884911622721
,83648644144524510111773141111
,84115747449047881488635567801
,84159375948762099254554456081
,84179842077657862011867889681
,86759605608601233853529454601
,88393882989368283462973331191
,89654239955972104838901500177
,96786396648673403672115546439
,100342091647341370469161844713
,105670649433473243107529297593
,106788290443848295284382097033
,109053678968940302364939183451
,116824145827723574519813228479
,121838283289093422546720997417
,122575221550682354302309961053
,122932948713361385681433796429
,123876132205208335762278423601
,133304540580175280319733184641
,134304196845099262572814573351
,140869566130074135405157253141
,141196558805510033914433414063
,141807120921029844210677840999
,151001648162882539248423272681
,152118805170622193260551601681
,158255906921112793238217616051
,161633497146742177992711798481
,166419727156424727241892848411
,169362185418201731843151010177
,170018474935706970530240356699
,174463386657191516033932614401
,176177196937327118084628312251
,176596029450915408652219208387
,179473687767485523762057078149
,182331128681207781784391813611
,182602768015690099110572536951
,184519317285130744985008537423
,197641128914857897767608810041
,202664437974567925010435751833
,203525545766301306933226271929
,208665022472591302634938023901
,214823440200271172402069669377
,215346707765940143892464882933
,215656329382891550920192462661
,220079330589145989807908723201
,223540264781383872500771701813
,227020551154913939039124941009
,227376585863531112677002031251
,229746997821806461949873523193
,236552624101029630306294196057
,245573800535260692993906074551
,245641050541016665188014626987
,247716071005295731527406385377
,251951573867253012259144010843
,257340486574394500574603230201
,258777491057348926546569104663
,284804732602482200902883663813
,290503998449524871186054641477
,292653113147157205779127526827
,301311116540899114446723859201
,314657297435668730788373264911
,327805558099956178284981030913
,334202934764737951438594746151
,346021592050857587799867500257
,349621839326921795694385454593
,368596695116186434714529041561
,378791300027089635677652285973
,387882887153753354785052164073
,390922820688085707200111294311
,401397533418591922013367690331
,417670631987040588748337613157
,430443210101000863253503312757
,449329386292232535250647435097
,454357377121357798252962690889
,455584559828251322680161531751
,456376431053626339473533320957
,456714776565457776947610460261
,489719099073327823465690986241
,492915077885080895226946001921
,496556598069752920725106299217
,497442758627359008183994483801
,508921134248025317532282604291
,573472334735477809996357383167
,646806236672569040403110057249
,649817602852289358605542163521
,661521349351105339668937661297
,695060280235636196787387625147
,700690973459435662005774886079
,706682198676491225695128331117
,715726621375769988310557612811
,728040923721821697586308784409
,739629398215461986863452049897
,743689627597081157353277424901
,756450142211646020278834399577
,762653049249738822648895115723
,765127390408075650743952748313
,765502929868482428044522560409
,782974566556895066995270439431
,788092030022183820493369752421
,814132872808522587940886856743
,845100400152152934331135470251
,864328108984548257763049805767
,866699144004607044391105873409
,883533090360873723903538281367
,921777666286057213147728970951
,936622732283266044834451024147
,985424889624923045657501064259
,1053871639906983063115212651361
,1065107717756542892882802586807
,1094270085398478390395590841401
,1134327302421596486779379019599
,1188480280515522386931268536269
,1227944524001822172393353063497
,1234904213576000272542841146073
,1248432852603561685630837661279
,1270593144646505233013326197403
,1329628131546931497103420134367
,1398877133990750181532404877513
,1456235596904319041738812533139
,1493088790381629762730439505281
,1521590246367016260256977648481
,1534086200463688788034864584049
,1607792018780394024095514317003
,1617189999730415801728461273583
,1656489332706171370072190422631
,1673313842828044768165904644769
,1757744807679263833464910204577
,1786393878363164227858270210279
,1839699736969340949026772071177
,1905976815426273605733466333451
,1911491848228371127909236272251
,1956783675173062584155810896697
,2044726672848533118748512612521
,2050706655742110008392345075817
,2056186475270066900583885539731
,2167731870412324810536209829271
,2186437897728086451778484714057
,2276704117157670362417622964159
,2319326790833455848494271717419
,2333058913172380761753692385973
,2492985246309625270804406373331
,2643999917660728787808396988849
,2647649373910205158468946067671
,2714804953442921912706470542501
,2762339998302448893880313142073
,2830858618432184648159211485423
,3173270838240154999061250226081
,3340762283952395329506327023033
,3361912721093432406946778492953
,3374493964203314716755629762689
,3548950581098263559084652467359
,3655725065508797181674078959681
,3674821079672135098158774269257
,4251553088834471719044481725601
,4282346827889826334464447699353
,4362989211422861340320935785851
,4514379640917651135021865565129
,4616961956733770288547566089213
,5004132468697940487346607403971
,5461859373498087771053790065009
,5725218872819272688156683843001
,6036176514733205313599139320239
,6127581899703807800001946665349
,6274718932629903902120853052261
,6424414731245950286450458211761
,6597485910270326519900042655193
,6608806553038710269510748680377
,6680044871611436077197194505521
,7277473036504760410488618498577
,7771646317471635593256655841281
,8099559410464120708848563721343
,8340357737139637289786276330761
,8379135588241068973866938677441
,8889432124593512497963252165417
,9970146666059203361408046051199
,10419650035703431085434509603569
,10444147481014434605310124285369
,11016209309893118098505744897029
,11201000992207761511204041164279
,11502383762931955619183430785983
,11571230491288568038535595405733
,12883657694705235752060229918961
,12917254515820483569633735619111
,14276204995965973549353488548021
,14973866897175265228063698945547
,15704900959651293774270521395753
,16061334643074106562902609963477
,16495060223601696026571578802793
,17631969887860014158574508770817
,18478609113710122023550126425157
,18630342702315826557199328264881
,18969179136276645172100272388219
,19177458387940268116349766612211
,20946001591429012199281424246257
,22481127512575175864234185190299
,22905657983296866237629196250169
,23352531315412606928823082635851
,24124332437713924084267316537353
,26042075463217140565804312036553
,27312390961824038384529619828691
,27874420794178105304819717062001
,28066418320592174976920728908193
,28435302301212461494420074814087
,28617130498420804403756708531447
,28790402469049403855325089400559
,29344405793450716055849948712161
,29728307155963706810228435378401
,29837535806497801678478605948471
,31737398552447019976494669130549
,31923290057858087319414543412049
,34612315434702943134556428791471
,34720396273212657799920861294559
,36450568206770608791178096385783
,38076579284342103367042880439853
,44667711762797798403039426178361
,46454107161999112389551048616961
,47338470674787759406241015227981
,48050683584092004380805463790111
,49858990580788843054012690078841
,50834050824100779677306460621499
,52711923798002218687534164008761
,53609728305112371861051024218617
,54449262695187486887704032213433
,58381440973934522510444290213069
,58780455620284414376363105246593
,60682137765692585638035411639241
,69762899759932452389350875226831
,70180796165277040349245703851057
,71379967497493020878447720712937
,76322226733741791880102224082789
,77146448294831869472151022106713
,80053417704764542865180196315461
,81437822278116777851690511599401
,81699346406928829474760749455463
,81778526159866851701654313293617
,82904514009129973580846869626857
,86245368961389419078481015822433
,86945388997210442828259494992321
,87449423397425857942678833145441
,88767273475365809494287801750133
,90794862316027093768853899468313
,92360729436871230193379118006301
,94455684953484563055991838558081
,95646885844433203176775508160481
,95805951836468022966692945378791
,106014123028829664722111227465753
,107464447084600919847454485663361
,109801296198740392094858844294643
,111206916097779728932051224808777
,112521450818457950210174975426777
,112835246823427691067335230264201
,113910681722635191781067775764311
,118224566525297542841279813092349
,122255024596887310384016956082161
,140257800488185952294547625370047
,145907465522510894726269329310477
,153472677405951306470238401460959
,162259276829213363391578010288127
,162726884987944204692194507612497
,163537220852725398851434325720959
,167833515549285827885461382441449
,169462032913464877812492288268723
,171742076613580668857212300403179
,177457540153273192963355393450351
,177635683940025046467781066894531
,188999403857128746828420806061841
,199668911054466914791190422986407
,201955048939840841121786425435009
,203763556881390144041099098566313
,205295973898620029528272537868263
,224264207570155954903804405153717
,229271470775411882002314404819941
,231502300725909584213682219976961
,234341789260493933662402728271919
,241459659973825303567826493454039
,246270735864387271375789289856617
,252715814615565962418688965855731
,254697295909573204954870539927521
,271627675018077747159743322559001
,276070609819558636275753195671257
,292694927386576695497498001026561
,296904314911204768361866863639017
,298360269108491443679449696455011
,304832756195865229284807891468769
,342849716969843931264330628335073
,359846976075630863007498752386627
,367082334680413807808582241279931
,413080055666248475387722988636881
,414073707708708359213580367115039
,432363203127002885506543172618401
,460233616861852066165180033789571
,466047024627224480211076768171369
,486136475589650253586227318540449
,491173083725172740713871230056877
,498386055746534779273231850742131
,508294185549580458441687901500833
,535027074087349862035936711342201
,547590462266337918140153285718193
,575563253225402647909054046710513
,594538100848945223169882301931953
,595327573072117530855161987820721
,602999957032279571271592229136193
,626564962613678012662146877852049
,630894905395143528221826310327361
,667410374883859254051810171126401
,723179476352802400636953428399129
,738686421813192728921171408273447
,764384916291005220555242939647951
,778429365397887608540618330873281
,813428186489554222340095640950541
,818628730903681592844771088898401
,824501439026637805612489876810823
,856491992868938299877119627656209
,860228271135820240631552893481411
,870732921536023739754807103419461
,882620152753538056331035832702581
,889865441849036810633962436005361
,963644196044828188869351734353847
,972936622655226027963598183896961
,983262166270913562877993411320001
,1009265556630019597369833113200513
,1111602459445779059632640316049501
,1157691342224455071488341309913851
,1161722671658351672809136367089201
,1165626988664823792549971253972697
,1170711644777651877659556633665719
,1171175995519938934637486085538049
,1245660907214169781926561543788801
,1261828167347816850332890667592001
,1276130308645500829341614664372811
,1282816117617265060453496956212169
,1335570346574631363954390476479681
,1339272539833668386958920468400193
,1340235308854811506044205739394787
,1576422053186621557751857821413401
,1761533117965696212626325049982897
,1776510807594595616100267889706057
,1998447222711143545931606352264121
,2007828853899141769868082345131291
,2326974010504075618187561564812777
,2363026390394916673046830675466863
,2429699425780877323377911266793981
,2430065924693517198550322751963101
,2488196881582734135904733409191377
,2550707823005230793212015514781257
,2646185328486854129693169911139349
,2679895157783862814690027494144991
,2715862005931406599419575483412481
,2751096190869286949881816932924433
,2842496263188647640089794561760551
,2876642249172016326160696843982089
,2927455476800301964116805545194017
,2932473701943181625152024650584953
,2957111053582540504996549489605401
,3046044023647117265076766795424257
,3350049328129663148436307621287413
,3408818505565834978224383921527937
,3598194408030741269333601460682311
,3754733257489862401973357979128773
,3762270397244577165640826633613851
,3954126775419855404772116265158369
,4028493980595041855367835954324501
,4137913120529357470902069887306743
,4141765665149841884868090281058439
,4169136946773000713270790657459827
,4564734287310879873641394282468773
,4703562030726257921424807731395517
,4708253967270778823533486411429633
,4760137992283599860814226997712217
,4982397651178256151338302204762057
,5344315494149074932607669859871361
,5347162249018972109619200063610257
,5457586804596062091175455674392801
,5800976318060644948970424014255729
,5956817740291023640024859734331909
,6033312171721035031651315652130497
,6196333979234679466021864314534473
,6562877964161669320933556865428491
,6576107482805565289874247249078721
,6774027833473375976915021445395839
,6778614929254022814753212468146501
,6884004098027167481469508147048501
,7086423574853972147970086088434689
,7237497065445543055003057643920459
,8013930086014783164580302226587271
,8022560553172024220348389258622531
,8082308165748527072282228058900817
,8290249522204489310786895351990721
,9950355017715631542984016422092411
,10038055841545956979111137292020661
,10052011757370829033540932021825161
,10100617205200540668619445903235817
,10342980458599601976190587017511281
,10384593717069655112945804582584321
,11011808951971745915313242336927641
,11409394742048484313247959295076817
,11892980076500863942962129100776937
,11961374462243472872450821823618071
,12243864122465612155106392056552353
,12562964493698187345650859965638093
,13298428572991424840707017555082369
,13299213974872825932452460424235657
,13453890779540632945331892129844577
,13775694692898492184744709216599873
,14399141148866077141941966959399761
,14754644078936966997167297810257009
,14768784307009061644318236958041601
,15029302019723991462779685090903481
,15174923558680812616818436353130417
,15188550561808607472738121395023341
,18217623067226798354976107737040389
,18741457027056199460701768016571521
,19901547974019072445900746812468273
,20389292512407050043445124186439967
,20825730982886584878330561061323409
,21023711323746974956423747989180911
,21323707394608154472021019927704769
,21535805979875847804128272826013997
,21645504555681139560493305558155803
,22053236096920219270632521586535711
,22310863847225018142861783673497419
,22773621472604111191087721187593281
,23482447257772948338207752516264041
,25564774360363212740382247547878573
,26300074501301139029607543064193681
,26302895729179572365768002599674239
,26748155488299460055590417618630601
,29444549303703754611026537050435001
,31072352777637469858310183672941789
,32215327209835441806959889495947251
,33141833204828142196706150379164851
,33803203708913089579238660220728641
,34483237736454994688555469910052333
,35758633131596900685051378954141001
,36045123652756854086648245551969409
,36706221574691349767448834021945679
,37414057161322375957408148834323969
,38904276017035188056372051839841219
,42897689055449636582684640379732099
,42965845405183475755389522097684729
,44089943505984478003319112411840301
,44250674269198344200898981420091393
,44773841130192799148039136997839721
,46782247616476922972329742136208001
,48111154791914771769582354405627641
,49913495347567462875776350270158241
,51480369709170501304394118553664009
,51542639524661795300074174250365699
,52036844810534252870493289590184117
,52529978344710742570920650521164157
,56325985799870853367887262701680533
,59803996769241650545074361210286131
,59852053865074950059030679473230729
,61813405877003583474955932500285761
,73202300395158005845473537146974751
,76401557052661070266405340180269721
,85313814198633756970175832902213497
,85801349062601083299583829920647817
,87706468640521797294901519524699649
,88119307925269041107418404833666787
,90317512080398683509507180285854441
,91979404475310284038389763276277647
,95358269978351213394232587959660153
,97535130364653673535422113471207017
,98187590104551794655325946978063569
,102516249275294547005951333267300657
,104167755499168696693743867494211841
,107636344217840413139193500838915409
,116248663016701150509115828530608561
,118420287267066844820208926433723871
,123824903846208671573681137705208233
,124339521078546949914304521499392241
,138656761760615247768856163952417631
,148872056543513628821642952172163869
,153915445879303058138548677064819441
,161317830296866767945829203107381353
,164861463278712334259867127702044401
,167823649475113693461122232089506777
,169336513704068271013494661928987033
,174989678972338341728544129375449953
,199439000998738772588908077106387241
,212669637382198127520411474271156481
,225797717267637708506527464987314161
,234792229428292356442949209158283361
,243889001786361258243254488269457409
,258190389365279446113985999067417377
,263624505862979562002392918766778961
,272385472057700356020722534315683777
,276505365946489396265921196884370221
,289139207177523205725285870791508089
,293570168705494995003808680954965317
,310920977816255460039419913999757093
,324013067177330948216089046508086969
,332817722770314187794325446534549089
,335631827046798245410603730138717057
,338858733065598401355195539629373089
,360331676468322643689649236464624801
,363408425861746508790313639089881017
,365212445341097287826412838353955921
,370906580744492785430299503112990447
,375283446486344365461807838534613233
,377460666468258956042387138512734907
,378717376673487267097266291431316313
,383725126655170964501315730676446647
,392856131525846647191238066992041449
,393345821366273907459718331839045409
,408071156372794293927147176542113833
,414581855009107748596797028667339521
,428209191776225441650116035809142521
,442499826945303593556473164314770689
,458830307187721731781832219556946069
,503836749763922905688176944079261201
,519724488223771351357906674152638351
,520829849988889281820215816258562729
,526385733768051189441947168504909159
,528396292136087290962410143062727207
,537267160555901894919756929016169673
,545106175245719003523001266221110757
,551151871547616119938126402169604817
,552173839617265152659704124779513957
,569759973030889624117974624560195467
,575087607870890436346963910799123377
,576694829762330794568961139476826913
,600619547820455607135590639621491727
,605471410378222574753949751873375051
,633746672116596658276533517443227501
,652448525711867152402136994846108599
,672915391135935402269916482777538049
,714106625397559765944265428336645929
,791926693391795441127294795391450663
,856450061281312036458486309832227737
,890707048717838845674268005438314033
,902008166240890406559452647366945961
,904106555381898703253733254107256591
,914450435002519795672193841434619169
,921525707911840587390617330886362701
,934471777027643154835988988970832783
,960954217134424245898328814050043401
,1017228587161022218598932642491638987
,1038213793447841940908293355871461401
,1080528897710038815140945082604626901
,1118498440898880562062959177194663477
,1139440451841756774164983271590070953
,1157682023025313436817704340503504329
,1297662995123479965752936319854262257
,1614501783881444871695814328568586673
,1624700279478894385598779655842584377
,1636198597169607245088331633873083979
,1753477469677913202190537606674204157
,1772303994379887829769795077302561451
,1844138946953172296553312102102187271
,1914662449813727660680530326064591907
,1925631536827398342750945451754630611
,1943163990190458280022304032374692151
,1963672214729590922916323781834466879
,1996742176615621275047178653063503969
,2068214695211281811176768882056531481
,2149606353897549683602246872237292351
,2468805350190760992979935216750635087
,2622476816389302805566618482868567341
,2784647313277751541285980573724799363
,3194753987813988499397428643895659569
,3289754668487801751212109418730038529
,3388098290567587377052016525627948593
,3435950210316335724157758000789490561
,3636776079565739820284009282897762821
,3717542676439779473786876643915388439
,3802306738549441324432139091271828121
,3803909572078746837295094051706948091
,3904558412002350377644918739335472321
,3931002956111648245378728475226109181
,3987717750391427576949100850346153089
,4279318502765963680153103023323603817
,4308204827941820023589554231419463051
,4875919167997703293411221963257893393
,4900402101963269918180361130213343099
,4920684021991257505806904062256192969
,5026638059744684898569644215486557551
,5150313398606574060240971858429891941
,5387325834626133514293589977531031297
,6249618890312649605712432659622854257
,6918033884710380409642384916290854761
,6952744694636960851412179090394909207
,7201935329692363728844274296784241409
,7367588575848411802768597653205046693
,7494507654422346192755375111824820641
,7923871097285295625344647665764672671
,8214796852906477415899530941807101361
,8510131405590136091948615255367876121
,8705752060803157813200086999866476019
,8778523027466598416204656058467252273
,8806289643641483412983387861556412577
,9200725871078697500072796227876997617
,9215285895065526291256518741915902569
,9403580927289288953072692831494040201
,9519524151770349914726200576714027279
,9617997238102022519689487090034503489
,10287968884341772230096159036619433593
,10350794431055162386718619237468234569
,11247702599676505481447137991664348691
,11348055580883272011090856053175361113
,11948666383037358421854575652337185701
,12627430771873966192891530850554441601
,13948432601001273785699253868326270649
,14508653262991734676225669411020750337
,14779740722240921316338010949994908141
,15109165329245515231985834925494692879
,15653990705896313547269237220041169361
,16389114576700781882128607285877237631
,17208429584639695721394569191520766721
,19054580564725546974193126830978590503
,19322013444181029485042759893019522147
,19616702141919323129388715950912065791
,20884355027399074643422296325180908469
,21597468549493958664902504331670645757
,21637859486326546740118800926236362073
,23718232032401560617445166686464799001
,29828214298795211736168057503181875257
,30220180022953160453457856387777914721
,30645407522290070293105505369518259537
,31133636305610209482201109050392404721
,33407751111787921302306812882603339179
,33716583668208510447368101472499412321
,34649857787874317478304238154673687249
,36614110124735294634435619027766763481
,37760873163247728235828372169734753939
,43577956560659729250250688550974383201
,47209878926634886145808261378167884931
,51383124543331398511394411970333527291
,53568019129739502623243476233360296971
,53928095661079461754990292241379839311
,54169520413224311136354324156824071681
,54657255048286677488033160851148008819
,56713727820156410577229101238628035243
,57539008978220065870296061153652147227
,59588714597816906383348767955828416209
,60248391245337620758268807423625926689
,63406006407727721042109834220642811713
,64835086810126708428197417798336316991
,68207639734963563361372213456131836731
,73060016932187138115133589215300761121
,79445908023117847711350146066567930257
,83787479610878510956478965630065403939
,88628235147538969385874281472055436801
,89349398563047033956634076015148710969
,97816902852991765949068317084025791019
,100361196281293745682520861860411315001
,102671532071844990337672376582103112849
,116082946165734700021832375583736205537
,118310908116219234147550210872300654121
,121090008650245240545321284919376582913
,127532599042261144978125484544688931081
,134617656926451412410507151831401552071
,137403482726882442386895575645854007713
,155046904371518383134460036224501936457
,155251136815444024315833387060599471617
,158362232618940822526398920291451047671
,170141183460469231731687303715884105727
,180611154488432693831795119603606124267
,185074846248319535013227469188526344689
,189546985765489533095169829108497477761
,222155488792293038816414342324245378243
,240522700235167893496900256599634325263
,241378644784282665724224215269676274193
,242376591730002409566484644529441036751
,252182368360125289180898199073630970779
,298291609560028759691116319707152042481
,328516339886958171419482857961643272193
,329206353952848706811958574981534811137
,330694239512100333740526418770125403301
,341782452940154906609821749692729569489
,349606207461841106437544366777324120641
,371434919794191620009861713658005494601
,374550598501810936581776630096313181393
,374977879576343942460423884051937400901
,385696940783544781329735534184960751617
,388907900553908175742503046457025658927
,405740620675382376539580253467060080179
,421733524843190780249388261839156579767
,432185728407904618000990086610965513529
,442593060923913234007268894869422114481
,450533013876830977899721147965761959561
,467795120187583723534280000348743236593
,470390038503476855180627941942761032401
,490085601781975781872492242606604272001
,506060190832207779694850270816882633281
,581211581673454706767349073071710126567
,627280852621176806510456483612781740231
,696754212559281369817696705539549641141
,732009799939394109285121940575374755233
,733682355979450871730022615216673064893
,765740396460569224830533655967395782501
,795557710108345785144834946059455614837
,809412655973078797084604039087771314939
,901912542742250747662095103224539896393
,965513739072573220412853098924287243529
,1007715965875748226745472989687556259131
,1012570175762265527687179491024662141651
,1084189530377312504075157410799939962357
,1102272524932426318899113975892645895609
,1112321273705537423158810077602360080577
,1175622349673189452424511749302390882321
,1175852797876979631858722975195410428697
,1236405128000120870775846228354119184397
,1251163891299967635860272509229764287909
,1277537788636552540982059137487496999953
,1345967414522954303164296915490846371433
,1377607797987845739996109415156901605851
,1453023029482044854944519555964740294049
,1583423452213582178911805893942695192421
,1673815085186574700322174232069942181681
,1824266557538578174916103390028454586929
,1833085153842665442652283234165143433597
,1835925785367240799404436249922514003983
,1953842221288628908086845073520488081169
,2281789702931966351864875967159638003063
,2322175421309476510423241413989040437697
,2380142106509122200127345885819001687213
,2394594520709878135254356190088519028761
,2638262922012800082690048604667428700453
,2728334536034592865339299805712535332071
,2822551529460330847604262086149015242689
,3150916688576664143611069445209929619169
,3210843755324367119258027752661239735297
,3254976976165960099872801486011429794721
,3295470541240024674475168432175459422963
,3299127482423741580907799021277068588977
,3477396520339709531699943780276325113101
,3538966647017366178930789720372963502043
,3563269486977651154759062020950904488457
,3593875704495823757388199894268773153439
,4027016481761119763553952463965455549881
,4074891477354886815033308087379995347151
,4079916010527975130254169261381019387581
,4343952637722706853771280086533392805261
,4659775785220018543264560743076778192897
,4897406518564079146139572699835240681611
,5493451945310865752349090299716764102827
,5714479757812584606479198276300869021129
,5789297444343221862596731102919959957963
,6084777159537635796550536863741698483921
,6113142872404227834840443898241613032969
,6563213024281378912864020513717469284499
,6866793310885317934160515953796769136751
,6955979459776540052280934851589652278783
,7348400530773377989289144129092395161857
,7446182219444384839739645725961979800147
,7482637214297894380845818269728205334531
,7521737478732572053581227840017636545169
,7785692962749707974896202971851600869561
,8103467492759792327149800361564410265219
,8155560532912743764446220549478473972441
,8241594690167137359552274418432855740327
,8778333171415791489415008872975671482469
,9177656424791396910707227135342022959333
,9186599509882727262279760862379532536049
,9447623200404223747744805461919020208953
,10891895405865648302402246222010428766929
,11312395373674587455280184557176229738187
,14122560700459482493165563202458351462799
,14139262262808175798602566204793985440361
,14749160056100581173587085971612876148889
,14797326616665978116353515926860025681383
,14851642607221752942766012585821135190909
,15164972751718165538717288739219937057169
,15169173997557864184867895400813639018421
,15444711420006203351165170879848557117713
,15797542906128411931089923981198031035849
,16651785611502446773316824778921195502289
,17008283446306740920401868978031815852569
,18608722347327079478372693516842174661089
,20605715069815219132625364745038097331729
,20844252715379252090938485003447004944677
,22335531850512049331378221292233833562609
,22558896208633105394366595301980131378137
,24616619374763459476215125737554777509377
,24710462787135943791475548268920478656481
,24789994689980013078275217373572023257787
,24841125429051585062538961751269988364169
,25222813432549907120203219752470337287201
,26537037220992112785174856161239437662001
,26757370818409997433499926905894612513653
,26815123266670488105926669652266381711401
,27793430506131075606692275603032027848987
,29004089048751837082775014755957683255977
,33215821258638680367981453100066092480751
,36484622801212335399694058664718840029121
,39146265717288735265327499826695585290297
,43606879892485863631197356078278763527729
,44399394252774652151567131602624448846381
,44681450149125722316545531247667214073433
,45470534643405479586527115047619453123209
,45818248313249905332864319777281951332281
,48734995441023943825153659548266541432641
,54611808610264716700701431903437080334321
,58173423339751902869230813472914416283229
,58789629528482972976195862506127739755393
,66083546765982085951180190942752889927681
,66213049032039895442657530073798459769131
,77510291046854672071894518915830832016429
,86420054428211705423232757034079819511061
,87208386525532626311037206064574878098449
,88910338973359434076776038119074340716281
,90268296000189649868678102552775904610963
,102324874202542014336622404530256814167701
,104098941490565575247641178172348560863433
,106646454159157789533685339377679881781493
,109140463485895651174151021931545925141431
,110582329556343704552404016904356632250881
,117382771591975404425077797207206627362457
,118667786561338086904896542913501309901939
,127886114126296744221796660380215073025601
,128064886830166671444802576129115872060027
,134578544817069262026899085835531465410289
,172634405376546547951628091436445763552227
,175739665310505752968877740350313227534889
,176601657325935576973876149519188287138063
,178137551056208627463817592059032323866951
,208431792655914668791053468894512489769379
,234166918021181298229848923411137491270809
,272007548484389196113813589140615077929661
,275509565477848842604777623828011666349761
,279037459866252962991182017290680305257169
,313746702462194358506611995759593899050877
,333274607480679903990927142361666942714809
,348172262235082314625724718585320038392641
,364371848053973128400380293624417256758401
,370703114574830523729359630482697673598177
,431458267304950409618673634079545142558161
,433685074806886298028919267117655888254843
,453759531730831495724142631449950368405723
,474218816557792504801158649350120439135477
,474640860193534882628078580680807822523991
,514547592795563165706564951879355960859701
,534955385319592511227419175872576025063351
,574834143264904905790070036016148694273021
,579684634422257831326927911007684052759137
,648168721774409511378116151410898673195879
,657605388714787226759598226179270662456521
,663636889167401354279502795531186216903001
,664728004346558283448724389870269691211809
,762551893101410166019390283047520363896913
,794769178865803830796254438307018567389833
,842307497264000830411946448653663441618497
,919002663875888501974619475546657058672009
,962744903648208108713898832235090314894033
,1031060347364991963691143703976548814351953
,1032670816743843860998850056278950666491537
,1156776348417160383928286284678419338772193
,1159786009184278940605658153872708441955317
,1325459064829552376727991173416590287597937
,1378790948509427717673789094900757220589207
,1476292474364321072638637843510554375995931
,1513038588606647037924377544619001786660891
,1541329369352770385273098862757156143027753
,1581214773543289355763694808184205062516817
,1609806083534335902079374125310994612192903
,1621855608482099266985412989105443846107961
,1738265567571623156365340866047578896250851
,1808226257914551209964473260866417929207023
,1891134139996867428902217085790800258704289
,2004186363732465633272613168051655374493121
,2044333418084691639917563561172180103378559
,2200183105419689505664913641945935202551071
,2252765682876603539639635308408558411526609
,2280045643161707961300003580011036179865373
,2408840984250243046611173150925486103064449
,2444038758180970932054301427659584157488373
,2475841403501249120394990947990782147180417
,2491229639091384610638595922517649613788649
,2705981985587527191852752325795076108854553
,2872188207377461771538665660896328005417433
,3006223089184160974265098123062699840591301
,3065581111593982777238141477447662979750101
,3115949925222900514664736941746248477210667
,3117322107826553425637617573741351688171461
,3126092185651464401289035764906947922212259
,3158839865138344808918003626275925940303029
,3306918468362395868346324514646813146301551
,3333662945629191088961706760871407975881997
,3421249381705368039830334190046211225116161
,3698721685503753021667958012760324601233457
,3959230115153309849247403143218625469852321
,4000659204579114753312310878847043394855313
,4108316654247271397904922852177568560929751
,4333842025097140661120634098144190031735501
,4347868190665879373495950562775707707143803
,4402566526102665951110153162164451383880029
,4507513575406446515845401458366741487526913
,4543644491752924043185978130604407410476457
,4578376497845545742407987348754758713076681
,4971141705173876156149290559555016352907777
,5028065709856661529105121236692752636100161
,5495792295672019805118568131602993249446111
,5727480921933726160775149554121427904659393
,5807380901690048305970962748462547129404401
,6337549872222510181433065176903666450905719
,6874301617534827509350575768454356245025403
,7401085129400428719640489754542447699258601
,7566725580973124820814763156483276883350707
,8069970082210798732538612540391343336685633
,8408151819993901660322569030307566961351971
,9490550620859983699756004482528532989220017
,12366664051937762461361289279871201655390521
,12687370311710932103729819887748340216531751
,12914340854285079433782775726161803964147713
,13306086595097866632236752730067629415649399
,14555351154393199486009895146040017633961311
,14767689550320172808742174828062347720350769
,15333541100090824437129533485272856744656791
,15624307475317816130204755452289007981717441
,16208182530992884848445503478656332461639153
,16248173432447880508878672460681334430321473
,17077331624321122696389203127328182273838873
,17645665556213400107370602081155737281406841
,17810163630112624579342811733978085990447907
,18774318450142955120650303957350521748903233
,18791937710720575305760721588966789412396307
,19001168479114282400420973057333130463856541
,20988936657440586486151264256610222593863921
,21150325778215526508794829601175050165456177
,21719294766013521423128159168260255839743617
,22734546382983841003979491437223900758487279
,23623969993379158557066131313305487489116369
,23740978495305899888391704714669253618912353
,23864222009193938317456687011256092421563991
,25289878266790579936755261055167727601997001
,25389571178066054917739150587851435666098491
,28957956380769874950233378106381841334009221
,29673421931954761522736935889142708934673077
,31141397544886408722636686759644216932367969
,31142777780540340796539126142301395656890333
,33584291626555988192435097466513894803912161
,37531047483598542373552845362558526956969699
,38276471029600993563428443865883777077195561
,38525979266360291610293571395929675314692801
,41283139633378645724930694480520226273492263
,41663891569995213211790678603293227079435201
,43824827636716143409491817541084379878753281
,50455592168903227107903715726570129520096917
,54346923783128822033385022689299652510789697
,59904608378705661377430182608711698924130721
,65851026290472988947469257924231828019269601
,69982170658265444713117545258712031103399659
,72665575884323021522460727660186327381229881
,73214830052905408299354903681341531907328727
,77338582801985556033595814340666648061420033
,79638304766856507377778616296087448490695649
,93189126452944019033888022519639331350438619
,99154551628565107821346226327642742190364891
,101625278121114813541046756104385520302531369
,109359845275145335982678774230588772753952677
,113934357751155814648904597492884718274847307
,129887637532703885175569346500164339384596481
,134140801860123003022669016950307743899703651
,134148838212903456989907164771379816790203241
,148296291984475077955727317447564721950969097
,153863873820448335737269313228545091582370817
,169002145064468556765676975247413756542145739
,194897580917406265505585947535435763750785971
,199431288499235121583168837778864679060668081
,207890062813500117353368084224458735383017901
,209263101129304381417185794914874527112788657
,209530011998277670096922500900062393290897233
,213379941663827592701819558102368170760508803
,214272694389796220531917097586652873821573313
,225290221737294291262043529758363468748214801
,225486428396474227112409054380791819318562873
,228126224983678454852282989768019044189656097
,255450160174472123250510265381182600544409941
,265523238370190187626688601808496584295502513
,265549217634074770386573489863592827112366481
,271838690363933210241084381681447888858375859
,277433242225210532955711783957443819730099281
,321943136214091371087779100552582451645857521
,327061478509556968075523586322717436918466721
,335694389427634954071771421573041823051433281
,365106542520646053873234125869250449257912961
,377462720493224749401633204308080692425271601
,378321539354637595471013489406983903120592833
,380175443574763153088777745842279962515778711
,470055724908713162354624693928419223350920241
,496474000537225566899310934393330825097522839
,511937190014372102141784257057292201840312001
,553004924366546858573851495377436601050694641
,559141875690047602223196407174620966113027521
,588850381287433028279084110474400181861465037
,610750585993378533918571366551132613003293697
,685768086213879870822884038313998613512717997
,688979143570616582830070781662622819187353601
,734448037017694655904560352073450673640369439
,757005683160807567854787516147155763238492621
,766302834531296176581826196660125454171041129
,781335393705318202869110024684359759405179097
,796968797719178740820037379973406834314737633
,862129909267689232423274352672765463729913497
,903737970511516342986925655196046632123272863
,967651113494068011489137268940159136059745761
,992005069953996722026755979686303668059315249
,995911976881150379710251245959795777578773753
,1006545610655423007817780018765739801419395841
,1020169266060477773800580920702507013464523497
,1067252124073670544578597216793724332593915233
,1076257311574336004425336864714385556453735643
,1131832377932535124189124787988905860893840561
,1167921844796930836978129504180973017018182961
,1271824819271756089692072867669700519167079543
,1297011327466713096225068755289464647661446011
,1372617429248257063179636119999552844862152089
,1374033378873353068146291032500691255100117563
,1616721141393989482351447740066663923511303121
,1629399896606002450068005313617654570814500081
,1920007072772443930489755386645317544614236001
,1973833390189373292099390923614168779294442399
,2023706519999643990585239115064336980154410119
,2099073106303095025303885460879717918033130293
,2128624865611329552201767855218537390462844129
,2494425222574733214339278396950946967011483971
,2723152052646845975712782486855365259098683521
,2854495385411919762116496381035264358442074113
,2864285210191809465583254126794859170149406203
,2912031603565957550911594293490706267210714521
,3172016620920990460580749619964431858642380903
,3469404838721564949151103171597889236998228963
,3657003460847662581700804008093645073320255617
,3844815826238691055385197298596714515071097181
,3900999267245732823560868781735451333653187761
,4320651071020341609502042221583629017824960697
,4439178610498750562265662801306566979739967003
,4478527345975241075738524755872079528958635991
,4661238510194037168171640348416494420579729021
,5118520748107713872196889605626300465168091691
,5170712852551602215753262223559516152087046351
,5222765655190372513782632007419694049123831433
,5421243831056685352970617400882224189523156449
,5462126032610838322416094048101253805830098277
,5473015810417967216563512902910681466781133103
,5542780706199459765236818636587224154569405629
,5546025484206613872527377154544456740766039233
,5878920553871871291270984955318098156844648537
,5972377728166033731379524138706997651075303681
,6250159249928205039051856197581647807719688397
,6653458157551864995630081229409043443058559501
,6733513069125713373469792264487998423347380827
,7008531058606134366351354208075730417605687061
,7045504041426796507803878045324031333440285921
,7616038569790289017964814010721823388947821809
,7753116956093531321410584492136326016729109189
,7993364465170792998716337691033251350895453313
,9114901722266383629807574332217258944092868367
,9171512050413471978823535677986962353938006401
,10443388337470493382395059803087717465056821801
,10559241583796365631935764162530238561452234881
,10909426047235017667998633478885601105094202777
,11238344415062964442147243324272630868644399851
,12411417364574583679997770272311296704971577433
,14407170630221060156595686931380920555127810203
,15477225584568935651447216741685456162338995027
,15514776584693313272539134504494867053743089873
,15992518154179475674328213556857438690614816129
,16876658717031589479860902742568825114336243721
,18216825757346323511608206491538778004307592723
,18607929421228039083223253529869111644362732899
,19232916593977294668066826822875947264358174529
,19343451453522499140056691724028268307254243929
,19573690271784800408214873038427972853220421889
,19632633765734319603254407700647195022608373249
,20336952491372732458100553842885784919705927999
,22798505814116334119485271455401054495620094271
,24710423239051120660271179307312048226282449719
,25505344904088339250306780569062170259580500303
,25806248225716242845491832244899635927231330561
,26693012026551688286164949958620483258358551879
,29919490848598531825060153417921002916701815927
,31777797576236894605233997451651748223054019041
,33983040640336090041816253930273656135559781521
,36967896067692174895186731445885654925399550043
,36997287511549004440599388408744754230660993087
,40740225338758415715380694619267076907012248419
,42587321418934907474598224705590365253755277141
,50364519526424490252100245502573432106654726491
,50620094494730690929551913249948101083228214631
,51030727004139210232244979951672468247672795573
,51903872795463977962670556595700473584389435543
,56723969466541850064753687381641917461377169977
,72386347544037768298632733630815274606848381343
,74021178254286399569538165006691287501249903223
,74511568294243628863306502825698825239868474219
,74716964067758844321661890925503011337830328521
,75503007256403708051219633740668982144451227849
,76477819765444619368130651164956718316971995659
,78836021381216549070403776735400310145996791221
,88544086062101280800732676713543809008487793569
,88680248192444116328410956507627743304659592961
,91433799750097436823339479719705770866646653617
,101249241260240615605217612230376981800142669401
,103340834172163133609939997710360109744851837737
,109857033950628973150800380121227622775122904993
,114193878466223527772144221955949216864968539889
,119392378583983810147806636590501132476590273301
,120332962388310414552825393007131887467525410881
,128282030910562421027269444708594948489455456059
,136202831651126186404748956578551589361900494227
,140508608590164280225934233098866842745808905947
,141071637344220059145065488837648909131968604721
,163771629900828769671363963472861890953631838273
,164309144186724605822604107161663474799516846681
,165881583766270315258032910858563450583741187377
,166668825096179161138307580471434399036535876481
,170617159758027087771086981194610206694353113401
,170886618823141738081830950807292771648313599433
,182687704666362864775461208552445184771578920961
,182851909830134390903646706254500631010641061703
,183441131803022762130427722962952171341869050463
,188089893911024068187126343999359519615500901401
,203369567047358792597230853956871186267775970073
,206372514331790653651181848993175421190047559657
,210871403712301056076129015652067535919402324273
,223192283824457474300157944531480362369858813007
,247054336699552168887961800292921715571154497761
,252359902034571016856214298851708529738525821631
,265073872895903591765282835094842751905542652121
,269801013130578289260026585367485151878717233637
,283339363176938747172116939877499444692266312387
,312689963186011191785543941405234534125118895633
,331192380488114152600457428497953408512758882817
,331883508195873627260832855090645610599917875793
,368807221314046570921624935038049174011736160751
,408366574882937448121335727135953165832656645121
,438238903317699710918209387141854166634457637249
,450883186269134249964766015681562947901093411513
,459988434780718651547146575150088880586568119521
,547366621242786875047833348132619405664230177381
,553563163604217823010081713465690929834638602681
,581600452099029650643403249878699238632906101009
,589714615922410300690986084250228909898781883621
,653182304411316461972398177939790632491565608971
,694579497316894264425661243659806371972188318857
,750910719017526169366384570149938609387931210817
,820793700834095033598534000634605722059739038841
,898904260625884249027566123577814531679366231253
,901584692755427378722839770656354167189649601351
,901939223649310421767556825677135846954351070231
,911066556314339913468351173796888655666135594657
,934679543354395459765322784642019625339542212601
,1035817877926014488587133818491976759389034764353
,1078825191548640568143407841173742460493739682993
,1144261721186669289407300288576366847993924905671
,1165121220595973490028272789835616165757454893337
,1438390199144030563364806863704510189429516419097
,1444211137344578755413561460184550803276100931567
,1460384540571001412284141831845453026637206635511
,1461503031127477825099979369543473122548042956801
,1489459109360039866456940197095433721664951999121
,1609655415875897360904371080437164611501156560743
,1829040306801321759939909767617476342912326200121
,1866013803867738316856548085894075729799351216503
,1889440425670100451996180195442651130966948029537
,2045616510088708944258113057143343272186985194817
,2125820563389437533390243893834597846757304863651
,2191165825376888084750157716424579062015865776131
,2393102462756185953833037662530180237989024296581
,2468468676287629455816727649618065929625386325057
,2500687075627595659723921374427793529624523075057
,2645097367401796494779071821252585360713370368201
,2925384400770993343049563645260155764299463512577
,3307778274605860019775884877775856144362368451681
,3662668785050561460441277306761003321502356238369
,3753640895282069907281579977557091889156379263323
,3938368118355873575102129530416312021153911608699
,4256336767013448212687958473829362989881897408337
,4667813439458532797392797231517680422795032583489
,4884164093883941177660049098586324302977543600799
,4977047949106985392753791512048265888682003683833
,5055472900700718446998992178766514487953008646383
,5349445835238920715559398496149751109514197898977
,5845296257595668545524969937697507923682374822769
,5938217670795784293585033734193688047600142519033
,6202223372363094929452168980151819917315301830721
,6252200505559391265660834611730277041893919359311
,6535371089593651808167292821036140071174282019283
,6592352576422405842686679637480708650164392620241
,6669478815648360567032338704138470582022170609473
,6885357560205319573060633896800918448254904729193
,7033152327596719250318908599746971900855487469187
,7110008717824458123105014279253754096863768062879
,7452018296729329082588085050101877014364039300287
,7455602825647884208337395736200454918783366342657
,7911922734932819371233930194607936241219971448463
,8639935454794773125522076726425284776822885649969
,9041801377211026170562298804509441444474688829821
,9176027840820822557769652003161198049458738352529
,9451749810136297910082728291533022318601070087253
,9815639231755686605031317440031161584572466128599
,11540260242834787882865066735032698943809785214781
,11692013098647223345629483497433542615764159168513
,13035351601359930701387351505224798208350150169097
,13166248872913462314441528794261286918041120435881
,13183242101527799620391251382520507315529510625017
,13306320418205909319940605309019024034703545187073
,13854772173181680651901626546855984966582610663321
,14807776819440781028664663654371485765148925580001
,15044222650915986784475012020785853019343366205331
,15694604006012505869851221169365594050637743819041
,16626056552365093538112370746362015693271895976713
,17126056102276085634179513584247448901133853840451
,18333134391270351479674844445819664111063485906599
,18711855488494977389826847656083384790098295888337
,20155798822017245111102019714324599882897299149847
,20200567342579527631370455849751729349809657695513
,21948435716309838454791940755133614083294130821081
,22641688411979072442059478103675602523680474909121
,23365041083799063007245010292408927930007906086731
,28474083676894571496726280348891354240661831606009
,28823703291241135239378075616078003806433692452377
,30414028470765822165976581508161866432602988327347
,32972619777851117988625390165531124382269394491251
,37473613084215372416028665821312617743022228898297
,38608979869428210686559330362638245355335498797441
,39699266645852731908271396177298928124355765422009
,41028666716152310208039084132300909697472499651457
,42015801738664048016404475754133099852296974633111
,43642955052231388569322806557951798815213926256981
,49848448234572624009465371493197779785120970152607
,50061214622509969230528187280149191683596667776057
,55048545633636680923804388123967583928006647872401
,55489001822728039066806944173213816328216060861677
,57391927899330786561765341947634472071726676896341
,60377696324322249075824028749967823864613982859609
,60529516200616105171088617241489496035731520539907
,62357403192785191176690552862561408838653121833643
,63643804696414042988834224561445803731525698977141
,71886806411385266818871175012413599350287882353789
,73475684245644536575389673549407942112577575745833
,76490150923395684178472404003401860286655314439889
,77411329907915702977897669886203158137376728020417
,91213423835914289025597837774887518459245610297993
,95182145276032220952887590829559989957882004841669
,108949095809771517125302430496978608561882505209357
,116981028839457725370014628364443175640335225387573
,122163266112900081138309323835006063277267764895871
,131084304485119425504284495119889529996019181850241
,132798898521004777680398175782876221227618319985219
,142203959478768454375479374259330640346359070988407
,153787279330237476887106331233239525756635010497681
,154271541316301150598792104029544235059675368229377
,155137816977180947152785562601502526330318743274151
,157563584396809246533896922588809084010469249304497
,157751978115225385495647532421006478127229405644601
,160525888079920212258843748245804191445670399750291
,161391234598523464727026956609522103493838535717217
,168942436346503041582986739915201200098698703741369
,177154622571860747467737151767010340250646836072137
,178325724886188112393573476458482965256782477560753
,184943873651573640272212684651104959859232223437201
,187072209578355573530071639244871112681892570202113
,187348880910146760908202953046841356170561257966417
,210516800089955301807292488792588188869650399862249
,219681126844282487641411054552829164292094374447461
,231040241459039762810316977965440508233433892245267
,241464003466457649643192743843386611194754374657421
,282263510172056765967517214117240028635011954899001
,328017025014102923449988663752960080886511412965881
,355693251295001123842782330386351058608227381732783
,403875924830102666591657532936430302473103394672309
,424542904202198496973482037228766792037254377244621
,517496882214135484318298195143896326867475066317761
,577604328152374586516377134797712142371222569427313
,583249810553621464231615722549327708629068174660691
,621109541542884571802304568790331501283098925929529
,631430922992211190033830999202698905758039480236241
,658902026875796428567829503940349573542148080739049
,727151598136704709175817482455241543644981786172521
,737572843389436536903316910033561929012829990389769
,738313998235889565301599572531640626810525425999201
,750016890283777055704738227247474485366338380663681
,788397585704963084208188362427950666328948228202661
,857549407959771467593127178673816649389585714165937
,912388729886745263028357724939366731341350831028977
,992414235754765766430898315433354713553469007980721
,1127502011747036253554384419165224253518771590460361
,1135199898082249374691145198891272539453777861033937
,1271404156872399287891737671484856348156505553205833
,1357402684751110526455958656804092877758955940025791
,1381449566469020717226303752014156581400564470208001
,1542338292002409373550628606652924602059467660039183
,1575585587524885013687391114684244158499565933913187
,1656356227982058657394041821129733144353123888780393
,1696067654151459074824290253436397570222341162468471
,1817023253798585112376955621635919346759818823715057
,1828732136390861007107341430206741295203663745501269
,1900764616062635859310295270842876366114322092780097
,2025620548964486290862395942912830055105112948209849
,2245714052771430777876143006786838979329549117936841
,2343254763791128850444156587107279568075476376903297
,2915547797343721112173446482628529057775979692132113
,3102804258869848876949115800490112967822146918598407
,3320934994356628805321733520790947608989420068445023
,3340501686106326394219512125837051888087730290345881
,3830133035529809005604118596180719845719114907654979
,3989709809886398362825551611989046782810398300525793
,4067055143413119297753219773293999460854231105692799
,4143416085716681490838653625856664863812512904964849
,5146968159739687966527192489855797859822579298700173
,5402466692901024046835332786846625537686037295987161
,5849536035946943021725873925722340491384209122316361
,6076641073580952475695104794440298557698483213644441
,6225705473971244034925408772395577890626984089129137
,7308406721600915975493042444655703398226218153777649
,7992177738205979626491506950867720953545660121688631
,8395287354754937404878748093233887467947014370925681
,9287804280685549211923407208585104624866061082613851
,9517163827671420782711708823501909006901645658490487
,10149175069282879921381147267876162392883116313876609
,10276876497295959142374278224747317922211821032760703
,10315721541618320716857581255209347260612822368454161
,10378785997959707787746618479652152430027101880522681
,11075231221618592513745760466207434363249588723425331
,11091113376655556595890990679482099679181989410614081
,13520591921723351390517614914853244718598372616482921
,14493033727005345040798406653136458967643857252029297
,14626619556055952174977504851836542140514285626239233
,15044791318037026238169386216404775315987652932738833
,15122794963477958801767628736641696877820044716621489
,18086003974039700834773047458500121168169812493765139
,18152902839291497575027462639977160832701118299213751
,18663948642922687016174767992032753930412466248116369
,18715723417348972017502670850275415068812403108132161
,19112684214957755703306290219340140859813072336321619
,21566694047156190030012960957098417375263164101421409
,22562882829685667659941188646849469227356664645922433
,23917104973173909566916321016011885041962486321502513
,27507403322030377199658665104409171465823376047109547
,30825434422026210881995856862005846631120241408893281
,35137888682991172687207804802805853896809097192922393
,35227740072249929415794245594378197379232110032047681
,37655062972389867990357372885125574412752388332039169
,38954799470098707550322754822902552371643630493051193
,42156379589779912226383108151000450094080783333678881
,47125791175530065246394954316793530931317846974648817
,47322686948898415351505582462576221839235677646571281
,53625112691923843508117942311516428173021903300344567
,65822575300775658772854198368766558032903129506601623
,66160413724915364725540228212461512514283877255084129
,68782964345849210316656365543393286774395091861425819
,69586779567906400453376529267198885406422141822768937
,71992868104862874131923047022493281388902219014902053
,74078343132499989110265409250618045323263715522281571
,79701589763805892252138133063189365254379704685545583
,82433230679411141627745147311847388925656728692144689
,86993214891586468024427579155688177045163877212649627
,87000727526063668702562565406644251726559713155616893
,89295869413431533471180244960220417186167213322759001
,95909518295775374166321292697000685895150503357477127
,100705076277028140414573036353559088974376377685400737
,102532809192362367426386404882563903272383896666759409
,103299509186869224002423647730712610913483679703610401
,114108926533277547114950395876303650748750713807456121
,129541188208935646963818844716591986208974410651257601
,140183614482450346632384931984512181340021597814186079
,157490884005526743543036209681491790528847864761144839
,162383614111595675973306320509614573241829932932497191
,165579761151312296194143400514087991002119216371476353
,172089152700775920844729739945229016658635201032528761
,199987538790826996082414586220862745720625115339053303
,231554666133037316219458220832164250835363077969665249
,246053469753590746981511859818675718355368494592178751
,253639160276610397544490375560432707531550357712107617
,272693971663300508935482867377449426442211453531320321
,273063954218055265333034936479363611974302732876184897
,289032286755051820954283562071395404701830115983581457
,307125743850143133483913160596928028514251505520546641
,310379797028432711386895309334277387365875751630693121
,330942794250649491454938933721853592410780694190835053
,348106277055479556523667298997810176594405634823028961
,358481631294404888613030634349490904280996785041660793
,454880828193476858296067961247991575807852441367281771
,468383649705223522489840060072331811903055628901420829
,635600403337332590211116118455562871039610986360032901
,652060403161851726235867748809849779192965840395553177
,697174543237430742710277767082091045949449114019397091
,739958949028739597407277169403625991967546315186763299
,829249419095926623127018493137897556317320278494190701
,867988564747274927163124868127898657976489313137639569
,928267859145048237228203439064060384235841167452667731
,979290663259342511569398738931332381010645147626228199
,1152282974005468214367870815408494721717167839573297077
,1161625406204540347970098063703363946902736086742697099
,1201143211548122610156499073546827568174014812959988601
,1213879697009617667840625625239307278583085260903037111
,1303924271843917073922190036138554762147304815595643977
,1703259075833567498448523116988575599211608508810887317
,1705752023090566268114129569577822571051003489941200079
,1737639742639254060437861521344464381695829802369522859
,1796602923899342630768062019504577056782884736988571649
,1904313481544215427026507238828703275939640783750698129
,2049744746263568646584566175908385907415012329005298331
,2365454398418399772605086209214363458552839866247069233
,2501820684515174666551583246827580263219557920532382417
,2591359432094537078074951131139791193021859439188185801
,2896793131110864597734842177399739433374955784567182457
,2942217275446836060915662955633008904309423811233656353
,3104094484222470608516824856521486946868023455696697717
,3137686192033052035820020693967612860763683311604928377
,3173992388626664064950122306645081235260579355090590681
,3326917114154226280619267212241615232568327587322090513
,3716911716373158932595690775277458436562439413950537497
,3862163385805798697201354795194661512726441364448411929
,3948166195504073867621862733925025361018857603794686129
,4054639296059452870934086739488655609338850043863103127
,4247404264818657138999305956174050798533446150193040233
,4415714784147151944041945803927770199382175551990536793
,4735299062751047834629348947476766642710028552319600543
,4743358775443804666040010704534780418840545962266329593
,4865853589671044882475767995199294334748858748304194627
,5153918554170795319759034290830504069736767291196886851
,5325537259736914639383576920781597593249222547570749857
,5496307170451271548550041724892688009120029972254637091
,5639243110659562244485608305023868173986467469856659233
,6051371764147963908301214884833532576398123078871325413
,6261723151446186463290924787550835342654946727586561553
,6920400848110359047653995057624941367485834954585997077
,7866820287217429790532545104013632296537532272087818471
,8067670082858802084066104063317410636310881590473931569
,9702750326896479671727000542228750333832492673090744273
,9833304614455302578430964280893955512223415028355534287
,10788426156438350117334292343137689257142387557947087583
,12343567541333276505756188308377528186062869621904858161
,12683512345717395221059660643363591280529831533568351681
,13922047453015798095930702744666309471614785005795919241
,14488318273595902692706536553684238317387680182551817911
,15086584537333646590226149655483237462241804835526822761
,15434563476720136031059798009276436468876399950688480593
,19755740081951910036006278827509875120092863638283602681
,19939338707834433467107535745725657572743352610488782001
,20493495920905043950407650450918171260318303154708405513
,21234370960880098806027750185552713706866970578963970119
,23105068079006744574164595960708060074392947703954994281
,25030363534817185101957125006047751030454874478028239473
,25302796036126213353739363322307560110912714814142460639
,25582121116971797723434440295709382794690160485178612721
,25635519446772000001672716581008683772756347784565439577
,25651395262318407934919734781737797067431285390452848441
,26828803997912886929710867041891989490486893845712448833
,27586063883404498899786561888961349767475299128626440337
,29724614739876344125010817433703775877960388838436140673
,31055341681190444478126719755965134571151473925765532041
,33270794494862287942126749490038623066541566189518417901
,37039384484592776011496295016981622297628544025851992941
,37484925674676522123498017785964330969518239484995740789
,39381089758445222653815549931743674647246452663111774593
,40285328901508988817987957399738078854068302787306920961
,47565948855249030607648469764544867603199396453249495641
,49288330652393075300915237861031663676228928431198767809
,50413349061344713980656933915442680983935004502502523729
,53998160321399444864854478827138796226087104782101617897
,56567687035285545626766259407689093973050946051397638001
,58661611895317888463459159306494372182834314694165224297
,61641347592475860688686002670152525762503468748858717047
,69787377067722881486602094502761253930262932578924438539
,69864226063509680379988083391904586415696439739773112049
,70982860646842521026353258216696559196049790022985672261
,82723179283707558079607521798312521771184766697594996913
,87805527888357479111995900816690858810135484187029654903
,97178097342715076057640064560407768548178320300564546093
,112177476474470525577861298937835338545723093134076373561
,116868129879077600270344856324766260085066532853492178431
,122269977610153309000355351658957538156537442215013457649
,122899168808744663588141025320026245511852609957212433417
,126607782318696256632993980472661214946580740223139266153
,131767163746510708909041458609846962239229911542774506033
,144780974187086260903935034761413745643636578290924150417
,145980337155634444285232523876979318451464756266456641329
,148981801408086220612250112121769028190033463041602172331
,154652766105719612924981569723791457696288381889353657181
,163129078976626145477798423051187262197756524727184748929
,167560816514084819488737767976263150405095191554732902607
,180883807440027655212532885072379634915469957001205875201
,185449330937317252200083167190588857112028090982541623319
,205726455772006440377818607135775827053674474181634602781
,241777014709302954850239652300043393011478307432536296651
,242930150369581725249341464475421249205592384370695685937
,264476244523458034906978299417485309897059948654792106081
,266769296207361395498885374952177268846477734112491195761
,277122598884572475987115421160411960915959497148103077473
,294803681348959296477194164064643062187559537539328375831
,307289980970606234686867138691001349037525535679593763081
,311532723090035002320027134588551176448471666435989092897
,325985508875527587669607097222667557116221139090131514801
,338153229347093487293402061645864051641494661202651405269
,348131628285692590860028784957527660987485049321208797343
,374406993002698846719165045042590532714534185273682103201
,381245244168307683916110189448251815510606591683179198413
,398410160527221094178749181184472290805236187881699426313
,435350962502860533102854399065360163787224236964302573321
,539043252861508730639718553683237826728217905315243065969
,647463932206559821122945033207524451183068970139360141681
,660657672518832002413997900375962405769331474918483722521
,676225826717693246267753651425201502096185217869204605841
,683481445118041278287416124073722711169070307627777892361
,745280352191786358209397071708329198285057832384965565161
,755329623338365767690003976874558819319370593128035091773
,766506724027386556749116942627320053266817922278079798057
,830994679927118905682507725258166370977410536910503701977
,941772177449027224661637281159531489635059476196538528721
,1008116715344410461444141839610180239223178503751442552629
,1046183622564446793972631570534611069350392574077339085483
,1067740385407532831676124118528135895750892746743123583547
,1105597066741955572358787642214880896705389887364638307697
,1148984537885906196977362003686090739460725564747973734847
,1337351764099536062382592381405648316666025584913912478511
,1512768222413735255864403005264105839324374778520631853993
,1621080768750408973059704415815994507256956989913429764153
,1856555589964674948442884023004996001595992877664147370081
,1867935023317328048519811865525337712653538206737478396129
,2108728466430066008721288692506415323467900073343968942243
,2139731020464054092520609592459940706818275139793055476751
,2295529738871686782981597056268590225067747577438438859809
,3067278206638033914936070060979964425377932183065846430361
,4613679391936953610429590532014122532260339739644049093601
,4645115103442161869804915570014378786825822382803505847361
,4822992600871742981082926534686812585706582976299874869531
,5007861129737749849013925511829197666405121545507799101441
,5843517465218365487981080489788596889855399196998180292651
,6395375588121100883440814657083560825282870457413014051377
,6611336085201112389579877109128941302208101631245601827761
,8532224489137138306160059160077540585447813491609487653073
,8661202066255932951384006504098700443470054187488056580001
,8920333613695933045940437434825631548073968377668775327177
,8972288213208726237756413079825557066213015494366305516001
,9934018379230425610659608142885693781941091888647157503817
,10248563168155938511565636891320807996797917433834229566763
,11170585420277403973061107961387073788895978930714757404139
,11938946433963522169904424491139802212517997000669460027011
,12529788792076691488407634347736911440882018705955009681769
,15792724263844537541687696487243145996331687410280236686337
,16494815758321902827664653884456105022034001119493371936617
,16604357881937225238424512575661123150885173218001655977113
,18272128521238688082094126256665335881447596262755566899519
,19339853806951345873051576528311604670649086951759360803721
,21305401445202124537563847733843096783112730151372946821753
,21916491244422443646590052166090498744029273781685367166153
,23485336884993035537508465029538304720630597755230435218099
,24702666841918364091482253393576619555300632286283423601713
,25811221179243952186920238827413131290368483933428434308863
,25827119250999351443374505513011778112393876592372931367907
,29413436250990656318706038631339610567482316237945506070801
,32767281682276607841188751225918476164989874850468463300473
,41120912566813018675472321435609728349473493582225344661873
,46533040295184005377023907232457442155517412360368516715393
,46654722984595033623595915319018639089714063407438899506169
,55986856904707901151366468901860525955442879308576508528221
,68396769572915971687133122358352070840260017483089158059519
,68539098502476500342849178765232476276974878815092900810113
,70006550465690448123526076382585141736355981625408033198241
,71480402861675621827588464800435686040398437348131862678029
,73819843823154749726309925820314356063695778208135055585507
,77360147414126613793604276000882862826456964681059491988849
,81546484733375544076045852635621136146782870422858345178081
,83615338235826681881707602454578099792649940383635851698961
,89396693392545895668303801721053258296972567022618106513441
,89915373937922777877614505795576574280561874130802566460033
,100319871877063413185018007465640733935158188658416446422313
,104550704372792883541043569577081727068987699486120393537587
,109523613891960622128918772611717566734022062134617569680233
,110790754439643451011977643288649104711084253377796092209089
,125119845489605311055826605824411409324183748332757137176441
,125247878746743543692481610705995992666697711316774071921529
,136676778088193015037036862018432177034334500891572775415001
,152796756325290043462779779478758328705905947521327614399129
,159831430413177182293087531819541498868490095317005530584441
,162956550683997466131743371152980332553159745243749491445921
,186347963875290244607785015115115186185151460498163342326993
,205296815265168567756164047567360097447247109142889252157111
,207341062192971854960946370685751813280155469727779633794433
,210604142476977747806569755290105170291449495120790656457721
,247094426455224525461990628799903470541784293855807684095709
,249735414621880169158988504658041221092146384320885262469877
,255320754650506021612832628610018497830593052490577162112797
,267823007376498379256993682056860433753700498963798805883563
,272994033845190769952516834173641131460537974593214267709001
,275120770238627380664222522110420663985709447552268075723169
,289306374721106633650693738754461144023818395644402718227527
,359931645741056789631351742091222797125100809698191524292297
,394226184349830246792353594915553669141480163076208147970769
,430768120877571983358263339450368443038134995818878229278591
,444982990622442211633076238768486525999758197578160055156609
,455077510333569639485518177380382707853487509764858627464461
,498616549626647667221031761654996294501306236358720294704933
,517260434919015355630799731102843090936374974606294123275441
,608515182984165249341377295189029256213261956947549818345411
,643390760896826272806925563059612685509039265031067456849993
,643969394568919605137724695175294830708800594427327695903361
,710910143031679452050648532487518850677152269136533878913283
,712008358803432695188362382759127654363266938365682370097089
,721081346319803014103048601140804555897014469307122160867977
,794848656730261183699896604513541946085000444947963571261039
,847676809695323228372386223737948820266344360100553839813537
,920854434270162822283216457951519800254804780099567201431071
,963611233816092061724479829975289020689208992300574155588201
,1019957463112831021365901895382776919153462973115503801760177
,1113767094422199900605896348724787045161997478687751948513969
,1213545181384297818479668246537957920979209321925502086596377
,1269639828454588763972435091645259869185718465075550865591017
,1303254116461108697268759335821585860897008415946720083246259
,1344048385417946013983516746242551864720220367077696473507281
,1496065788071742890012822928063153445784598021413069044090849
,1606545773279325100753216665442817637284047671432352410624001
,1657154808755021818820630633083400618861135574408955395309601
,1716319040365034397790860195913303021663915471096474850983729
,2048815180215513463388335576071214168229077677858641809231081
,2269474963255693085711432948387582114817557263546457947501201
,2587308365024554442155425741275338196287468408002970427422103
,2664797814058212286560533454960446792210016180875809243599817
,2975591535078494718909305165623136593204335955651117007329441
,3059661223654430842732230922240494974904950356054091133804913
,3745535208623794897677784427764312686722433921155541307576231
,3925067545612711818201811571047961327499078539698960622042251
,4148386731260605647525186547488842396461625774241327567978137
,4391115859495019452210297067047180796674861654177048737558611
,4501721456014165137144897707223043167472851489652285029320729
,5441659548352349760995815362340374980187801249995490417358747
,5669586229480120735856356719714111819572775485914444634179633
,8206895416798339210492228818633778567626761003105899135855291
,8469440919770574005769693908434732506225873994236085602665729
,8685373022907062443109907561762261051459356481790933999405609
,9303484663199459234574876772320860861459293591098445572165959
,9593963676285821579895400611891812054374771943664575363659273
,9729831901051958663829453004687723271026191923786080297556081
,13069986864076131112511481053390016640271992301459565850340749
,15148264043785111348665069495360623752616947973471649653354617
,15333417141003794339164342447265426158851946182451963484372297
,16366786575293487168163210961641150954650165468880710178578881
,16645337061331980278552507532516663483336384101293064527297861
,18555393648630683868229284313709360336855095474246691696225599
,19354275048153085260502985763801078164890953285078303467480611
,21256743751927370220630952377105576570016395501658460697868351
,22263485343435683412693923533443917032613157943146077977190561
,23299139900642135368682920483464340090358513723577291781278961
,23830405750609887318420248635858165476368020607396633699141951
,25348330589061322436059499894718930577798031880081867566547223
,38851510139539717819155119866785408258756327161587163687124541
,44330544153812472562387530302993597418712010163095512613990869
,44367700674110561467213850972770293767462491307345678065875601
,47617582389002276776695575579779608028732467346177427237400427
,51833645300329496308097759409726604605029168907048343297938001
,51954390877748655744256192963206220919272895548843817842228913
,58319447632426853300803396227854424776337771144062766873542561
,58429278068826889143919642664703462793634730813404090903757913
,58609898712737781434024027899110611446341212502589792599097337
,58961804474844164724814095915114338093146118248375213688557057
,61215612744362229891517172886374051822671685076055638391932761
,65967064596937923731173645567055969095918106670911362489824961
,66747193058349253980250138299492944283449631375464079700189511
,72957037607516225290419063617993856505649915307620690006389889
,76648826221799156068752387867047280732512230435080665839048571
,79400694418664331852968752783562533762348560846718294611714451
,84324244770225845299543023670707853698966892342775988545556029
,93461639715357977769163558199606896584051237541638188580280321
,115424541509559516007257259482871014508610507896523636650120081
,117166794471137237993098469105117594115732235942418044032585601
,146077849095258012979038455861030312917057687842761187789973177
,153324493619416764902227532669212014081062899163967552854225491
,153327833285998453874202767942570343649971393640068204571694369
,167510000247425697384594847173622455701743569339841261429683667
,171124793552074153093621463907993111755630713094272377046079303
,215738012818441827932337543036174144558274385301234576636299249
,224075294194274540787541346917961848561395152873262751915912673
,241158858171883059466688969410187157879210229879717221093613507
,250725910414554898705232362551606870630472122336467342388374089
,262240094796597243398803698701290277956077074504877826371140929
,270704078857734344240200528055897595961633472511075822112527121
,287285123293221369918534454621246986274927767213002226801223589
,339212878596211796110770323541353281494127285320354524672773903
,344415631298605320882953207779152104402244124702979210591304547
,352369374013660139472574531568890678155040563007620742839120913
,396645227028138890415611220710757921643910743103031701971222447
,414844668701390437033452127726218978205480862311554062592178939
,420245688628846194691190674873072272865640768049748318922486401
,423106743593648082893456540426613278392147965775916968873158817
,433832252080828559162129980719774594106468749753444564315220021
,498905117043694516642621535114344067442559066124504501336606929
,513166304713999751217560795536588367248925043527782042775106649
,559791068131697034376217936561708451475280017605178661418575551
,616118417295048578293181955408006300135730334724584315102344777
,767749587188080891246822731496641644423848612695929371145177219
,888192486543339587170250231534633545752101759653207234833104273
,971067660157706610437419457041030139114830748980225784336879113
,1011475887230582795346080875236878564683110543141027818703968639
,1096221689473668741885320079498807903080025340837128557919390251
,1145067206868078152729043256244378343162779564921568853432779649
,1174806445233057737347738680015012445081063982168447003222031523
,1477919928270279119442630062647964366047497582510746971887837781
,1484993916000134361209645994489796858702347953214405357561157943
,1748699628789322225794526602061201592428765761464111698776777841
,2177633069850626664151734850035450616186796885814091783969604377
,2297061088504243735131288756383674095201931965827193105631611941
,2307880312514050317434773233753379487634082230810808744501836223
,2643524023363579325052127282784699830601181438934303567944805903
,2974258990777788509084966006651256422818583437165134160996709189
,2985705340255877974384457755217875800152021182151468875486121347
,3017866802599074997815107329034839893699457097851521650341414241
,3025226007788738661409218532413354276443310201954701303389245001
,3059193142733115700517893258221831955712786428901514318152437783
,3099117945581157517472560817353548774282450299539903688747366609
,3458655620951577227627328301971917078771811965248177231857562141
,4099898234444251787794114104652433100148157431103805547783276261
,4650384055791287715318612314019533732871786340821784227432051601
,5021212857211460545431575720246662915704947247012537535229103913
,6148629656539349648850688099941128013039964611990754521512906071
,6327019834650802405813498384839000872342691100400396876643368617
,6502261405915923489627627623244984118579870253401161730049128363
,6901216084212062896491856436448111443188245170307294941500166249
,7281043041842781395260853247903560898126191181044290101875066161
,9609322039095554268277107484843200218262250152281700954275029793
,10173405831250960239209781787867024581834188479253159465858641153
,10396616065733554034660553056477704365402928208212077833242118911
,10414600656781734361640396674583500992745231074293966400432773827
,11553850239931219598440795528266328684400585201070144957674712781
,12642394631946542929101849281977237099471949976986814409149767309
,13027720890295991435618986388935656859889526177721153687715156611
,14911468993018761610566038693597520506995519642626592916547722209
,16086815316499827472365485208334357981931315800699584898530365449
,17760830258779040432995274039068504510656444594752334547806268081
,18883360229126539123965611847358657506356995001231479438139229721
,20126633732856273272993747262506300132661729108094476327117047969
,20989618019408157907994274197973390265429038950846690852797503637
,21505409328405921060057783156144213618485460844911284448661782641
,22975205222554546114010145307351411496025395212488281695009106987
,23548299583428753078153276336578257655370097978102396602253308281
,27104597605222620344658636930905719658537966922119059605669826321
,32599161877302789289075576911955243092385921174258348134509220487
,34478559847008252667865105115632594885274778766245257481539946813
,37021310507568514045709078753457472746397308843224255251382376361
,37363769421172422182780447669037406234152610941283248995871866881
,42420600363330178721105990246386975306561768489516913832364096351
,43738605422458594461749425887615137142500083312917612669874016537
,45388918821243922076531264049185505868800192485507712713181818563
,56572100240550827493717760601840252805820555191884341619239678481
,64991550068394149357009838541657243664534260906148722320295035241
,78908859162754190695012872157796443289838408940766478547763623591
,80301657687590797172184505227259097921678080254248376642081905777
,88001338234326700695315986455482272586355782310144188047003818403
,93020854332955811500795759680918012852376589116335216104721271087
,94709661849076504976021889161151507718219817077675672998376309901
,97969783896578766950463988989150801833252065245907311942438154123
,109378681671075297195692480234213908123642560192251038455204252439
,112114237626279005145204233646457328838633247887176899247572680743
,115205237834020430889033806743707876697238525576287034805037776481
,120561845344829717145833822890964664477289164454661659494292322521
,142730612959829002894034398743103881310413811884274698587692815637
,160619474372352289412737508720216839225805656328990879953332340439
,173358852321881774082560487367455990875736173100402581895739236563
,175639552585373358307268617903286656284026269783398738412720155379
,177900025086275986080877620282066695098333349981977325551662127751
,213732345927036277063342078342573605826938066316475164889831797001
,227640245125324450927745881868402667694620457976381782672549806487
,282057747749346706613994564765143207552235041664491349721256708641
,303884247595513633964998216124945852558847811385278996404458706697
,340463734626779075359487007554818745945247112614613829537926067651
,352820376398397979265099331984513647290394257293220676543507835019
,359687424377961714750891763743933975334959200103759485840227631801
,471211668918301561515489208246219513333426679953187468148445645729
,497532604551403800659718805165333685595913106186792454026995210139
,537872590803388379860688160894788978672873866232217018604023263671
,669559867434606018941015472077107140949909693581198373032969138811
,671048202247096343034439578787654778771797299271267191082765173697
,694217535399847678048415113186577758507635822252803808473674680017
,706208464866823625847762978542597463702615124802481240296947317973
,866140553743041477859225887851118773868045256339779536563782349481
,1129060090498776695695894510527796547467241310969660978587998765351
,1515210125679831169683880817991043611648775846999066937875040414107
,1562820942454546438822308723273417441432511888067448106456773691471
,1738502092044173121499583458013490915589937680491236830672222029889
,2076257532368041858409420340603577378246382058553090735433094589901
,2092087318645654859663614111006024142702357805153449558384836836073
,2330800364274713909258340938080474401901550802637796459656309887361
,2387230134598804089841861312230726458843262609759583282459944345181
,2537599745025519134156761164267591913521835535529224725592538658153
,2724766004649595434157241343741767729156891206422918570211139111809
,3145185672054137784488534636638077540704689552753876876520635956733
,3202454929367827107369500863166382153574440123642592390083279423113
,4728377214827208130517802311270133709042152454873053138954405100001
,5589268731817733787231040982654760345321756061873730705031153091309
,6309875796859222682628258124466792652955476368011894066158361980151
,6493500319937011450007704218333851757321824602859305748523089149897
,6725414756111955781503880188940925566051960039574573675843402666863
,10032718675660700331163223888781708908159501730496624539621810378577
,10073811610622418028425741738319757818107396980605471702450570926313
,10554992162452321806535793008427466792792667553444066728774214551889
,10815039536441559470635312250928870809871470998960770818491806050149
,11691129793881963345866374419578692641974339987635890961623815193719
,12947560801881275212486900476122097688373975262784709656768032387833
,13646560594525825890627182668772241639702837721889959372317451952089
,18459253185733614380934388815862084185941390533129325220234423164857
,22035224880114643162624476104782366474441464063490284156151885375649
,22230382665857711335378100344144359355900632409691710795442377261577
,23877558370585153535255125267231814835993843079185883107034076803873
,24337161528635907403008601857033028359948003130095876465424916230567
,35670942157302652690824989897487529464738030858042402149021099984593
,57341413334622705557475721108743226241034766870423031549494805066401
,60578618658515623630060672452317475831761753115959205973673021566849
,60642075693891903629333437758083733424195454736508169067590071525369
,61491618977549042678155153540458255504752992030160252118535699943713
,64374964789425759023795123420605218308370931223311543823123770088423
,78778047326466742993612420842416198311394008068822475527239136925369
,79991005270412773082279367691810787904865998259897371232814181525061
,84998535361121926317825290336868414402467054590903922313327679343257
,97986021556246722936038962043373484819973369725772350910249974593881
,102022903521696172102859278404984457883972697707674972945944479058403
,107190529393336966967769563289730718564973813003358551965641353499711
,132411637608234702176403937795574265318598971445902740232752192169589
,160188778313202118610543685368878688932828701136501444932217468039063
,166280639894862670940524451815128707653558621799392598954474349237113
,182013944029916253984850599290949064721089587458906809918552581277361
,182798997930203486591575451032018938175829861019439101155664557947361
,194038896022637781283943529202525374330942645948410515792534794865319
,197107422273014301919781414466039325387889623676342705850752210599969
,217100085701030760532082456157337409031425675860100163555370465949101
,222334604655717914069161832950735944964766593936802794491393517657651
,223871889690953298798962632633387601188053845278270076876769796234447
,248747590248775635621689301885566289902894629667169263884874761556011
,274544401673356635075368632379880469997576189095365919517662917268897
,280230266918608239805810556544655376723809198780890337110755962385407
,291983755553764871342375393389946327216860539710043646803168061464937
,292593798953297307928929576997679978620437591321998775029453439650027
,305017906063256842921494808558019733856326299412534951989303214657199
,347845646370185161095967265379428963144557189176373959511073050525241
,350000113790274485117608195498144854771206594206143335374881117929449
,370549646190282993458807249710605687589893787382049438311221836912017
,371738331695243321977108382044919572516026026284025337809051528873569
,390941529316414655423854492083019690148253103500590794058313678419233
,431363930838247166144681198345396801161915589485642909842198653394751
,509316262559228095574264710471451912417422770195003285299718421722649
,528629005954028696833543472539147136086019937844585987449461707907623
,554346309198841189738200247725749800421156685578702545439230498849139
,576904946787881315789206960481293072280918923178098376489576703807883
,731712466489221534367281975421345536474565953377641910446355832301081
,745276300734440606226386924312213175677903182797334854064486587296999
,745832506848141808511611576240568244832258614550704416204357517716551
,750305988172977439124935900508680523429897046359842693070433217278337
,963068464539673160758804110401004374293008876561574715965035148628171
,974302344812193037047033242167132772483528759269329224300359163273521
,1221939910890712567431451795717057972889510554125188184247355820831901
,1396099655816209040897082635430814457429299016552082514363486485025543
,1607818533384485707707842837146335251451162017762519557029955613946641
,1807482391092819529831423005040763105191863029850140579776353298087457
,2004271471420615598848683888548534424549010888354230261495981227043481
,2281545765135387055770463020534665082129848151230492922548825535349609
,2549280727345379556480596752292189634269829765250993670402549042422649
,3138280009399679017344631051542622769205877134953845128202334345822857
,3343719453939052405358371904961073788356415435742952853808050181270381
,3868132159624916546905272573063237265865977199403213448652782202624081
,4765532479056161486266998639803409813623449440431151642518489610039529
,5058345723951854688505665428846313806490903121677364358901199128608233
,5099684339280531431303325210885366883096347229374376914106957559915561
,5557036167944892502666285821951871600803581019193074182942021552512721
,6132735718154153845487117240351206068078561869420733871051991611596637
,6288254243965628477636023561015424303471232712386461634292714267317577
,7177625770836221802329556076335825436096998008269681541802483819859969
,8949165452964212284287352856184599901847368613984178988013861910189833
,9121860314802631535729338714627536721870308627534265066967795115502591
,9529808687165728591711663516941143639597873342901420501897104082445189
,9641617775435904042941328754047791354041387354346049144727138420456673
,10038903777149910946126741017108754570611942191560591325431728188591011
,10869186607773319558730501484452015470992764113369214593828236615596881
,11977275093663989096011858527657236836933018932778061885567585635006579
,14806568375728710096623707890651810091015219665579650500660012329525041
,15821607357985128488076411812222061077825609698597903502073012198043651
,18797763449017866397156606883029501531283255813059467117896415330479873
,22021050336471256963500420875119165489037985298334501442432667521208159
,22532429052605670225026391054393428833168207234802434915090881303620353
,23206316220078396404383777135534261928387046186611079662143434527093563
,23487972660406446845443784560326651656336761292054169703452672484634641
,23579543011798993222850893929565870383844167873851502677311057483194673
,24051873260037418695405529344378285529524766471837924485276790039393009
,27431741084859107578898898421551267742974922940343893878046067425448793
,28249136705066576439522697433289867007783495956471223743249440199874751
,37551870149160225933510841998425767070380445542467219009673638189257459
,40685660182013678075876090038882807142951196203944526621021614337454289
,52899658439525417701948935772779561657007926055578786642264995029713851
,53342654600558322537750220483230648887712751740176044465753035003724213
,56836071443608698851991785350698048717877631023589943482165752163457349
,58304599029582814346174509784805811323612591021863318902938306546239131
,79073321945266228838262115990524608069915168947411523193620486700648001
,82967178405479603688294974880007109913634880379401711815482415208889229
,89018716690267863512080444131190777890233230111624347318122480173529521
,91383457962725757106767895106859156848543968186689599951801167598113823
,111629689188078042218312790960657678513543611163160738935325094568020551
,112662327875512312448286206338953839918447853551167124756114011227377881
,150797555511261258237179104658434573990482825981154300907693057510551177
,198518831522373199705315502297744277392201851028240273132593989508947283
,229129451218312636212271855141890456413162628857895305855807471764733953
,237058324258509786393799370284480733761294845498543267808795754487676001
,238036191726442289473437174240498674032292286442039646843848246081071829
,248927757868131890277330541567820045256364273970773286542188386932989391
,278250615653964496453789380561052231353575125393909944975170902735006837
,298542624980197463613767215333569428005686468835821253721796682625551919
,343655369137983063095894075648845280000129046670755685658533958973862141
,442079688503172860176607217752424068059658864615965341384647107224486419
,527446984991172193539137457584264930155083999307210552218163127929738891
,528171517455534029210127386106091229808271807534977151762112880888333401
,661922035973494325445359152515421167897733325085508687986625896692655449
,796732921351689778028429514802841413308490080221880165043342071066639149
,810588698942075108925924575715920568690550140693814498830552864651471361
,841462035388400254709200130801140475354660321983340709246797058685767257
,883423532389192164791648750371459256584513952652893606156996040365965313
,889699724270954868382634043341555740249741984247578510445178451442481793
,961580157110187684257205548226336434195920860869822021364930979042561801
,1025036797911626106395517257052900895571510278920191436836561586088140307
,1042816042941845750042952206680089794415014668329850393031910483526456487
,1081488206343947274654532091005268361079592482895866808308827124178709769
,1469858445003146449098764792932819841831626969291017637154102921731006991
,1573646189656401207486767880720222624035301340663285632613380740307779641
,1808422353177349564546512035512530001279481259854248860454348989451026887
,1958905756610480165414360798708208617177953881053051177851547528988145879
,2350070806566007537212483298946577228993997211640202078666761203863322737
,2706665872062984576843279125462015437617845709157069797103846576549111159
,2838021841553700164033292493549397721692651434126177125532408652572536049
,3383840075789435981134265086018813129803690316778624634979610357881980353
,3388495837466721394368393204672181522815830368604993048084925840555281177
,3398821468769513009149820053450777920375320076485292879863194644227656481
,3533694129556768659166595001485837028996511802181406170435598282024550401
,3913112911835820709255943886069525362580351752909309688547154382752707879
,4123799501879742337097171753935219884236636973702835509033461793103634521
,5154800594447744843963619802983305243869440153396482199500404535444787331
,5677079123398272194291497711972925678879280317233799337163793504576415041
,6144793408643039671781838523123136564262878350989411988346808108641719181
,6969336604531667168509871230100794095801832527002849548226132675916172927
,7311824282729722035859309520826138827918372038863677678267962656996811009
,8223125624363292839815514592697905768406610797334099385507174111379292321
,8277389085448640628497252206869143392591458616173329257239146349617282131
,8418925148673380021603984960209532322828469162839527808159487707104885851
,9653003601519132649177601840707075875197168268006465216228150324605795173
,10675784729679713992243592197878625185297616730291770841553592167207738941
,12796850334107700077907936359359599238508434514842147354991928158160215113
,13247640898191993635882333868183025107726815859285731487950046819912806129
,13401760807379286396179302280407577245033458566053684427401459701338953411
,15578566211941397840517234387216637465324132360973879251752384554033387041
,15839701019198785115846577757132209619279562784734684607539770282665784201
,19120725947222519095879164245102731413110415053568518849342625278699572681
,20305423994910298448548284000861306574034631186781563199169583489977779841
,24420599041408159917976091090517024623832021251828714532263074515853162909
,24472043975873418241332433932080630033321686769325632240071739783412419297
,25887227540110145470037301654397281295032383902862252725338537413646289417
,31474859175390153735107856059776876864094488913562623409377402922304455233
,38270370273627701558694122020168438884826027965104715922556374000428385841
,38958796555027596194834220569683521938514173251237621993999866030334910251
,49912538921454325131579030429865305089935512074463061300777106826613804321
,58928204377201809677199199089493820795164867153237185862568685348148757401
,62474894279346163099394986996638655383444073179820270094537973613640797069
,65586217086670450494078662927314573302495970658410743708933357885437868217
,68625988504811774259364670661552948915363901845035416371912463477873783063
,85884311010746784399233543419755720548350735429670484635313607293408440231
,104172271624747746548384503060864377451510556358244794631358260793846207851
,112993216763723572293509811422126922278036735923954184346074567839714750801
,117629529942758313311719273856832197673938841177863540264141636175964038817
,125154988466235874442191910554073658488833869974668950311295492705283562621
,130787941712641282619292934024167892131151155831761843686160987542840998049
,151092646351275754169926860141067686815825706612457363611594727781012756281
,172803353799572189249788598530203678893171252012604993715049463781995845099
,182221882317761038769008305796878887770230583649112609565644311098848839041
,194437349229400486010558571942450616672156346140436616025419969841581491327
,198950585925702911694795949136325395391616590334589163147577781735447402953
,209086520473378319758803015333608547221871242913009008051822576432523388981
,212395616035232811933352364361301219186438935816438763801362777040744684201
,250496677636134194455624482113419891241717626649461375803326671768162580233
,433869082773756151149258396486533289254338302525532881699681864965988739409
,462968972850605487726216422914611666280373111850525667327093865346827818121
,502098685634155897289177493194939124676750877902497950209192655217041100557
,557462996944863661915154471811685102632550568013283044249936559839102852607
,561089862628529469701880307617682175171538701774485416358584106265670728689
,643579915284121108120008391524507523893004054225040917885032236736487628129
,662520472533225766400092611044698417042646671423385275908496091789616072191
,715184516961555073718763152204309023374763734759797329820801952363803521337
,729174731427897251051954114733622121078406348064141039844865694984938301501
,760339005026120346125923699971092043149237657811597446455242865775788365239
,795731737643745441166696869408579753808434853619248646462116510258956449467
,971034308087215866439841492479664676774419087718205580112757800346489383481
,1093977842207201066647336783642021150554589932964578600889000742260301721037
,1140356877758679056056869944845540826402854641895928218298013381554156431441
,1463098735252025076064552980991019750718115268401264794574977849375291943201
,1495445230830109056355367701442241158261174462204772324328494218855328820961
,1615504491521016767576038002257684567731553108092683255522094320022452740081
,1628456355410411547509613374150158051231656743052344513161858038422883778013
,1702342663248221044377653482114367190626147073756071660835729201918539876377
,1729064962458961255320417417955691339162974743882218922830411737050563040937
,2042966318301153287973020504841858474796356713386502637438127027907217645931
,2108621291776319171472837846362864268300443146625575358209276363851658059577
,2170889903172149784433591904243422267029143271211852851697320633141555998779
,2256732484957168249162885692372088688664522871846923765621571302806767247131
,2421810995759277297047906805933487377898749836098852848331262650781493907381
,2695155945030251018331662354179230226777032634005050325012294828756577662449
,2727318928892040009397199815225412029789790574177544409019502626344207905841
,3791194765992471343204710922132446157096617957071099104062335481986502285313
,4218108040611917562429786369962714155026225684343947313001103389074302369031
,4294500770439625509689707482842762056791217143467781867769939979855730352201
,4310500811590110373680321883148441662769860394543817514762656603162260887009
,4616108655563775739090699516490814001344516569625189595571638012139044206901
,4777345536534924905725989065906794483551790056167373849557595739795782900601
,5240517008024021923951310431754529019208488034669121246819601961895289984669
,6846308393020964165241534187187578280122560160805821004078877538585253503361
,6891696701907972189990423390011944079746042979076780671011284119842734575263
,6928662288903202541743616296424480726192928874632124386803925489784398424051
,7778262174697629363453785911921127017017123583828869656300351035087381155797
,8759670529772752737051943766670044656597070605543606897503015873725251877401
,9837813296819941251317476277026830097507291211228562132178861966699038736243
,10544301773782552915319355336138696810551224983707753740816290298296258470191
,12356361811255150342737867168302434491945676054103629365378279799384990255121
,12648384035384787780871703134944437615763117128688347014641503430279486998671
,15971330269144846039246876225999124906492824909441141855981389550399714935349
,16772604598205784086289454953739218920663544367549458802050874729476980468017
,18575303113744946496445818928391551196646030303751807247361012829098628485113
,20771818970392243836470263731452936244474866163020311768392678268525318218329
,23072017280360209143853190404178284560740949254655131346786858037350918591251
,26951300842389390679161401022053934190564918041065033739735051719011989829339
,36623786615448792528228651753874770336757984952740798581899844047499677232721
,37356728611611210345291212252569736833576274713085930156999243571230871359857
,41100578385770666334376636934095140722443159255961483460436653394844713097287
,42430753264205191544205509903443731248177379622499698300170116993673305525189
,49929707724752567469731915956762751258933207272739486748238351859309991348433
,51698484182534242168326415160872018219315048723158839864683994806674255960601
,54548448417035525285296706600697802231332535444840384058588783585067967122373
,55894475953663841688207701017441795079906886342568547309410692965138470838377
,57359552840232729272050732344127387095760550049341106277536966974866107800837
,59421461573850504006982847948661818814805487210212023402297579182507736713009
,63994858283704263170593709559743412965091149660813491864577290551705660812329
,74501884005720267921233705046612300434042100618110806127512805905183882417313
,79302880469767954170877459793335408169623947446983698219122747945295318790747
,83586746792166730234950444170453916248790250609465237264900219568050856355673
,116244395157193581337282640791798084114394917399572436767868837818708235649281
,156328003631315433775143682027215046287257098236131785117207420819974245386219
,174867466060060999416742842499654321718542693713234212410772663347913129995561
,218077088253547751118150364218766113473203559083882843634003476434461277737777
,218296778680424803757800688187260042629442091157587489529855230993806344506271
,252034617015131423595449410423536569489098076053355833574552632139920437893909
,292428094739132929741513244710611083563101534177825755897027537501772075738091
,325677219500088789382068280589865594240446411021613358474846182871067924321953
,332487941209315679354716083841839125427819013300080110406512328158433464286107
,345452034724403761908154266484106477738844668414831610202655261317305351568009
,347915763440394715608132793485938330295552666256070916974339749248185891333591
,393063301203384521164229656203691748263012766081190297429488962985651210769817
,401566612311195594802501193435220042560698926924429408065263999053481174119481
,420954953762554563814395940606480955192692522015271757620076936392240512531249
,434836499112609694795723958417048861299768144283442662402095922180462812746769
,470185203187672012006568235896612104123775064532112813111803726113636470946841
,520973969756320610191611683062985619298001156192232208204963188406964166233609
,531127638527594620768675457397215229736466780735541870780510913496107511516491
,564114666698255235115889687610418969645397536395150976531625094017243548780441
,608833519146176962786346063898868909094632504100539398786357475514441579020823
,872452075483845920152963056341062073904144436881542650007216563792210424133301
,959130918115630687361139428352772243928466538929970531055464908576274120548557
,975941328661716765720383672891343308007434695288704553180499877492976465737761
,1091803431492504846832486277706826923179735412515419565500865043600869499097193
,1233543116965757249960186045978355098736794559825696610738581566785845486218161
,1239452537550808288249079720930413534943035207894657500153070319066681282243033
,1347612470956963468174214919279080544362056533937307632296946114881749834370691
,1472569697984933610350093844623116623743774608299938377008397129155903438335887
,1556091952348959582001775235021990804021486863097137505396479684826710491931017
,1630237467796809977790817491807984304216663830254914681795310995786439984947393
,2045630585023291847847871492077719601053281032631132358704409689987824421048733
,2374167881428939493047487844423127490059345018327828754454961823327959670985601
,2420161564200739329410254310444778820196576654139080232429544162649795567983079
,2626317528364475422451291074871442782545497447474562640041779493971236636466847
,2690689930879440037372552876789965290601761240871891720842427997721986219162721
,3205853408074298683566650869570798974094347365546830062745393897406012552557721
,3335752297056914616274992565757856076330576600797223086186301588124373064443403
,4229446125490357176066452360993989138464237773415805870583988716154685806357331
,5722137022002067824248227975095857749151312827809388406962346253182128916964593
,6629779253617808212577131602784892270157925644318409817438227184419395425039021
,8448107186210108056552572445522236629028051871109419691994271732195271255522257
,8622186599991634321861907987522778823799744005651006554580680854177065460635939
,10649176061980030962382889425527125072899339389979575093392630867560594428623617
,13336720310605842975259952816448849283990680938489330771771124722348868478590337
,13394595223843413901037846777300844745495137348727969920754613220161097793251799
,13576064376179168742588336277271314106325956544275716656802613527153022519221499
,13678547238068571937955837583514271783408098794862972195988647588740138073285123
,18449450106982911477871034430148217716695646282266064204205488745738888010789289
,18619036413957272264883441567192329032271546458004763406349665089689393272516381
,19194878188585855612908061936944281464039294965346491767953330250249208842371201
,23122893068559620083520897911061756854062924897573799772499037716952423146885169
,23955200130962885316031188743472921551370044637376885100853352090103419603199281
,27330696325754397702721859056296484944945941783920736872107408951551671859754049
,41717502540819847919414250623582472233832048194744626303955899162057891381791481
,46988139879538892325015289211281843797083431443099045770269959929002737021425551
,48009215293052652841860443273079338843737271906291675944391068955229998769420319
,55853666619936291260749204658315944968646527018488637648010052346319853288374753
,63146810207339718162566404988206179064461273050603002917638397126970137660970487
,68750119162808671470205692247838042160149735698258312826959903010625527023050151
,72377060785877044934985469148457018582544532839595549884952170483099988790442561
,79700481573792089991933884278502015980406487362166583968208410611454698961420697
,92795427326706862163193643806041725736672663017751811620361610403349054728021467
,113589353104935751242284769764062782943229987275844482938811341584563837643673133
,158158499411639789916881458651390096442967992847759443731141877011837994400765121
,167087803778100685137282215256230683687068949094424492832211188268061451903148929
,184204414514421215321823688040692992777093275361322347176648307623622649124550833
,187881857740271110399981435986147589537560983254638670518300213840692194351709953
,249018815918315199700031851161772880156221637084521986234342836024160025575777017
,262868549485977869071153367391265889903103683620908031985454238816270819685799271
,264114740732599186195841745080394055656413965435249440593413845572793896725379051
,291722737109948490183187857446037548026124538480397861084471373829887391773162449
,295439521076902169027092025021876400808014905622953086153526511753901770923537521
,369318777768986567474423605441467763425794698617365769175220216931933959983220981
,482645325313503025981502216185653048991666620039628706089414415640986221463013553
,486548992201880277217833963724620318785338475627986456933701844986335126278640131
,487481767989543289684666695196152913633244690695642497294447279200078757956580209
,546889939021685433057736691102762671948973556024580503929914710243151433970315133
,604917355122297256408243633492781887181892523909681942196638806895777053380473721
,786754396494306877551409790749000906808183097801133060108602658143355250410059953
,1001789376918765734870011421520776990659071341351344074026389475051521292968710481
,1479245156158963342937066009758259756247535835509906993597433470777008141221984161
,1607569388966597843997370770645103370113860932610551593287445581936934860112708741
,1930727566290740909553288102283566323689146661308147249461003138242419246570241601
,2561503388753170490897052206621137620938856555180343258504238260072282185111994663
,3630505918004279563937734204143214226940782355340986228101338167369585747994710613
,3793323745900631793671602131884715291207977052108981859453982099078015780480348251
,4774797453608343803270988984332214098351782527747577456028391624903856636676854631
,4835412277089367842005715212015482825165562680918412461017406004489922461453093111
,5477149091701180500791195545924688410019158130494914431887370714079961680919022089
,5826957718315520568633040017293555450660222118573613540472014058220207820032015817
,6152896135288560374679945371974689688835168151742564408104565373600581564260451457
,10251028023288359200550909186563112045970133433063526108138450978318780572869256731
,11763111754911034189958819922265626030162852411746099534272282742979110559598919617
,13634114651322357136244434000510378993646341182529301330876828151332807560015763251
,14510642956629460126286667764218111732339625499480335264478327629658324054225616417
,15652605325219818652993083172107461429783643502979960839389487552451781198261880337
,16485261130656200872482989844198639841091212639645236223887409386257443385451391361
,20270345302545987116040069442814496729341666112096057885992643120463337596490211193
,20806505298691896763784567566542683240726346382163755308294069025176739657782895297
,23119812387308695110542195466723573149999671437304578090473901521408187760986228863
,28027699602909657254578457463982501177480794841910647096887392739979701778700734081
,30382473782337070766706891765775546594587147791566105506524244468947713551683592001
,32970289831896516515377359350891813314051432116962729751027253442614469329074028387
,33725933170854542422930854135636663761123331227599520852573351371057495391835351809
,34035382797997736970199755259952298632346110573810385789509359013021979361181720581
,38449218738315469929205966725331314088065108320477713389494264194381646386092646421
,38846455826537709934355663465881986298076977394967343397200701472257630261327321107
,45483796440687588262115924373387768147329001606295881165522247483317566319074638433
,45741818840679312017379519271107748704403832423168473151569948781073177904539243961
,49981689150360109816756745979781091880139282301753764022781406685533122634863077113
,51866643623393589231647265407808417382750627355685957476608635266657371561413858193
,52960960594688838859111781933077513079102767102893014841306072260677809408420380737
,60570516193923733394771919567799250362468754686910132063656919221349712663458406709
,74807245187680373979431829854135028893722761015843789130490928819762035110878016097
,77323353608284863403150817040930314294291149972109317262405018115863298721488023177
,87310639584404035584358436701645287298311883547857842552027735626889821792854421963
,96529160172936296910493238203560466707174118419318720105724235309272572481324977401
,138283721500695845774122794906574976887904939982079412885536147948742638438410963841
,182619258561954300006988638502920821295528837337785697831993109165630748763511365129
,232076191736857468540517351936680591436828534350881466250075241943441550731704455953
,457594960770549429307629032418129101663403981811478872737381767947890503575214058529
,628683935022908831926019116410056880219316806841500141982334538232031397827230330241
,720181093053202467012446297562943656437971180451526286650347317745144982356739865903
,805959916983730700566364703189709050501228756359268073910973321274537475640514272641
,939238142753414541590895938745299554044306364115123241928105494773671832112176240041
,941396844552167207405295631468520833853321097281378533376591802258419089359612381121
,1105257517058095536166174574701277062875987846618094040941571671582018776125661005969
,1122336297699770159535112960822317977505587637177672571904067925614059345439362692589
,1154875410944026313240444067223964536168936371124342366313272376386677973122363537241
,1428559293393735256965188900052265967749952304190739987723074460314784496073673981569
,1549947124742313956602636352657736025245229660818980496353711669466396289933045071001
,1595588224457046357344143800204398382349005665658548987812122020808607097989052163601
,2054632332893489623648954529456932156446026648056013670075186364926667510962190769831
,2581126261168515842568515186820240654583079937025463189245875897945938699497995409153
,2753192056785826041774953998664366212868352844567590015364783530001198571176312822543
,2888919860079893330933516192232788990132102324583832759363865119555433787300583394311
,2971973409500325953167938550558277137022719033111954012803581886623047449962315856161
,3108270227561166513471139050917630250627849827446163307471742778796333223910258298061
,3225949575089611556532995773813585269068981944367719218489696982054779837928902323497
,3292761329088216785285771966359149945709455336679662645849250000278679100602318030777
,4856686864845032704799031665030860909072721381346530375665783654750574941128789505171
,5464171612300447210727190275820165889191156988436383043169124086458367078939566066881
,6043930497790503973481076813462520042997083539133970912065745573049492802026928038019
,8877945148742945001146041439025147034098690503591013177336356694416517527310181938001
,10302618538463706881919168802267214976698025268786024969097949007147098082005358484869
,11505104617434736568103403121113182529875533430292311118996938077679699945098691551329
,11658823406671259903148376558383270818131012258146392600439520994131344334162924536139
,12330327993557636121698098641284334844546727707011897116634161905097634107267160098651
,12718179682051759246113497917737977179875491520861650592182943455796655781774368662329
,13631026947184719408017710782061183922818222029213157259955839900234789678553530335889
,13854484443712514445168803810885340128909905014273691033212675405002546908076327641519
,15541351137805832567355695254588151253139260287603415802670284661840802443732044480513
,17315878129048863927974905480696448369723747093035498799994851681384411684778961025249
,18848966092269109302975233550361902374251891962052076223613224149846282953436564815561
,23407655270143596024664696910951118464065365230124878354193779182471289448546918083761
,26466343357590406775614657359283145378744508968117819007341760083534582332276992306679
,27187150285995102227753931297087386696228777572312655423097754219006539355466577665441
,27447113100592221558605737817880159837725139961783334035615062560475185628335768068981
,29807383406768099186499485398942739714123694345274554418576122066947900173041797486057
,30402894280681631108527634484229815195395104108347804231819625444442633748055000874389
,31708712839380693639084162903122131487175778757880224663030412281476609697721592057097
,43217493744261782509124051717125202183485951942362528870696888978757228743421469882287
,50929180793846693291417995382274682032538517912143288980598150164689406520921833577411
,71901244651437494621203020629789835816395581794436018836334251775390087232955568362289
,73486196878999413086948188041901299132783400492335253965577982491326384853593467832181
,98290646014336142767441265111077381937929560275733866928271124115615704809355542610599
,99088260776220699594448458777855218714320305439238757136382290554456612385774647423937
,99405172698491052036213280949468938090897764734943018098727448753589491133614402824641
,108806602929626417274819133540757472113515266666479405303620102624927964940643869698641
,126350657261536841680593986585697597097678051409010218247485143234803075704821533705931
,127272156538341585859901060648396014824316131571314972298723685854248631905051286241951
,134125396891602037168327684988295528535837335675424728712327063077028670312366648778721
,161555093850212199391812126981496731249345737925214473004217031351732271791913705533403
,205183258648060416868923029306545601244648400434625944325351863083008476846405914448131
,240739006533447963957906284464662374998976756832437206308450431707508423995797637504481
,249147757847883641915066371915681435518884487150405753848378560538360810463103423741441
,275941346081645054787062931612384084765415177493084387198759504177405758792308711708481
,287031409597396291529341460872951621315514329092527118344752584974790426307673535303439
,310129075335492708621304716369363457088647744180561067907483529331484160990453225414159
,322191336498946329196503049475322564558677154558189688098324958943433876457693205092709
,425461237633097246584101245115679524381617352586647983482956735625804715562918736614131
,558153978412300305901519135681489925326736859374781699750217802894299569232242854570497
,637513354919477122829993251437872833785596419635370951047210980866133460334551381672473
,686365986948653525165604750785312728028320258346396663164243580809589457188485044315521
,740937845723768217496178586197479645559424891924155328721323912096182804542977944276773
,774917195585310963394010504066826653683283088054084694751733595871817489868177022176181
,792939861810098882080957595861772954608157832115769916382613442779177288529000957439117
,813672329919907795509032808672504412860070139160393241021029067559172251750472021321961
,858172026508390185493459714456012249247460354773021593400433938278036709764675543708481
,936016136317719317524053587320893041043375989970730960996599373840710610048596807736897
,1120555975329453797460758793161622336521020113400670993101603640935259508257738747978899
,1495248534514142522725713655946758008313433751379919088823926933276083374444560702796609
,2751321679640493318511403371083489813237959229444921708307683418293994785983237263311877
,3075437015274575861629846208967376402116434001119205469150681845254404881295116685916033
,3684715492976745864148701390932412346912774614623905417821212172740455201010475127849201
,4376768360872861760031758404910303809066590647902070989705658651666447738499753620859601
,4426057104452319326055895087679872224478035316420238705049753506408951486289808797027931
,4612575748034490384228315573642279881797930419265525399379988978226946812389052773329621
,4879741092114972073978180041577182966084696612203787850124769118520779475107029347607761
,6454295903181807686705031076998087633227206653740016465477084416462036051174980671394921
,6828519750766734356393222104746037438762841641726469993132504189166732581463128027874013
,8059720126266442627050052102446681278605043839701907629253987599434464819580116421853601
,9117727397070611624749265805863414219812661583900929664013243247417418489214334542889473
,9677128542624441245658798058850378172919934417075002277675884548662430238185840815294881
,10122360961247873953624190885178888629606889980435179249683524293313230115056983720103793
,13431124120336562918666975517036239789950504948468214261420946773108132277940224495937597
,18016078496304630901695171021337431026910172081072177047327272213360916760459792809305587
,19374604600475631905788312572374943948829658143534071951076650300376107132677427609991909
,21494973179303913190133458460563964459380529075838941297352657742148160962406273546512257
,21705660634091537009057064062426347801694097690583490415257025927428956675122988820368249
,32801629399316220386255938566077541078836238345868341181567256008155638984594836583203447
,36034153124236158775665988887328808295354925107894665253667088041792025629199746059239041
,37767852130457868731562073128156176253423576887465596274025192402227147257043900241563521
,38640785003914161847393041706513240920778826121806619738430718567496016974391844765260849
,59681692648573840850135469939435684030210502509194331898325240298000994313740210725387641
,63626928336138914713603440277176215194452396338124718954401705399214689850512979539135751
,71833722510408592006795663377057601627918061592281721921994528349243916572579994321775033
,72751284869088788795301631728906362894695299875729701287430721838248329952225963533888951
,101213745778143742250901040788003424950068418098259161142719688891708905138274462262307761
,120622890811356774180248323565574865956728816073425618262475056520324150437254944766330761
,120853215536068914213145903114732642155127027778212261413508311771735662749201651226547001
,138293209408664718522469268171679594825286238289018889760747374770243093789445237065130541
,156976201468970642065664316120765286713599373793130986508130654226034754720680193933255191
,163309771760986620014536331036091658009630202169109324871656084993557377301963746856626689
,167492662366086159754243716971425975609769042253235653089858087720535378464975242689068993
,171417691861249198128317096534322116476165056718630345094896620367860006486977101859504089
,208330322620970625559449619171017280681294575846766796187666540066563147519451746148400079
,253962456907450961746222549917900702195410167300147212434005252550399765750064004648329997
,297518585659725800133717615262210026192247517437901418982937846097045544005437712492264661
,344806501221213701235580686389155023886115084184395383011336429674255845833756806185467931
,380237945545576041143329842469322327462093080857230396812644586765650440050917813566181601
,452128630586427253420129535665784730692170055878478616839979751622808021494068716066378841
,643140441812089542905454541325063138146515420520205671316030911067522417744362207143248681
,728853407707467208421993458966504139019157860437186335406130262344738292438484569798131887
,873880146833642190373525520936770796845382029997855219402285283144955696825577908510162169
,1026967521054616466578103779542754304364711636498634914399431297119198516232792407493265881
,1067447598841776328421379252558671843882665064605130101887661085801377328657400410374119913
,1078647849971522945259700465244289914107562137711481719179958037939986670978813101737010921
,1120993897358460578404490502184135771743858065308635982721119473885677535372544659994092289
,1257388159910804265763446600825278256318012249697661907431303034629811311740864601663325811
,1597564651778637722368152730650823178314763272076326829142911033633901606896389239980878267
,2021373594576291102905239976417130814821967471208793180343069642403609802281629056105150199
,2081217395409749738120637593128893293724998629363299618099253558750779403590435098094313481
,2215770261497265379833107511085365192789406654906026048465503447237245674887475208872166313
,2493280756695375717208989059964303698377463498630920673519781864412678064345644739346399751
,3031775395304168658687668034006122436307098537451179184205695859116954116590723393806112159
,3204463548752589209197376298431645135133579703093826615099059138886261772546256092425433601
,3571063752373727959434120513220011301363863161567383982128636656862221716975343445451820353
,4225138482725157825742026333221418246391395329817731277634892391765103250127013340575793441
,4697382335699080991160439732748977071469258244120906774840307806403019635933401543777637481
,5429763821127695456343189670383550559822714742244962629280671332889595070466023912228194433
,5688731769073295226822443339772781659917616096118503020829580687650366528080737234892225491
,6669670539654779983441998019920103074027704681144356972633287871568891230336172398269372427
,6937048690874139689845540385319329845094491476162930986918366899037948020063916983099509793
,7084851186360580941633572744569751943590093912197024061201633650193388126309578906138706239
,8108424985322948112652050655268837686882616590590466226649600910045900760018177829156763489
,13230062640253102797617214098021428457432997944482098731015579437180502733266998497772363799
,15027407098633642094023724924629416240581289482791222070473057361777251946987551028766864143
,16044334656043409220370385403075081324178895866797563484682008037153971569828297317432126363
,17457153953951338122987413389703589474828214992499033825250890363965855965415301099916162659
,18588489900929574934476648358751621926656271298370048497888707768243765413208918177406491489
,20242389102260298687502254178272684977190100113356052887160999421202679515818095659459365891
,20302309294704931122598601105674308468575275657217112120355141633083494145900946314170113733
,23882525111457526669660263269125438250762730250942712633131193354954889195068879706608493409
,42691513543821959895398417299282532156312195741365573697000444731897344532925494493563827601
,46279419999831539471279872123338103016286057860779176844391065844824425838039212570379827121
,48105407494401854815180896421701484709308128989976542840532100336328094896531179264227386417
,55171377282017483432638474652286455809891581940130955534316038341186035813949072336599903327
,70215922956051621713037377195110638684576079957295845924735328290270267776117780526372201309
,74038019348885590056896569561098087729673854504009273126775289250929677504000919746352220397
,92665052596262861567860475399095199605625566548368481971344447983523545565145831148605801809
,98147557017876190504384472282458714334672841736539359831612198144949068356907214597037953121
,110548536843482561432129043347858653112293538394977033601320867547717504580370796410422313557
,145986471351995281114748849644203678988470587636054170861652120292479900430176816158187653823
,151107235945599071690083199280451718635834927140841574790512440108219111127523472143709219601
,160159829034536864858408147399921471411014038953587988137557298666351186312920767744858149033
,220116836861523139590966646441081657640475369403154266557075567803180941925678925655846764793
,295845677311385927802340822188610962995309865090692754485103015102753461634318886568104825051
,368369611799940446768423995249736531020438623110694148118590026541052243923101573202476429301
,385337931265921367542939564123058539237048923470135471072536715817898031386805918114690014643
,491520739753705342411404745699451850502832390064549409383863309885291021149029952934812506517
,492664247955137983094415701504873064497777675167162700501588946417683145193923008525147275331
,536640191949478471151063687160773441802481640603401837182503852092255482451655337073364381101
,588943501843708599443948572545716455743917429442946085514657968934735722314417529833656361841
,604367679922143570622653720534643264325088703722918681771377012408526538323960466739317375681
,649797275497185142198020714431930609106230118173961398445319861407130604696640495961300489657
,687689323414372258851357936271781467276127290538128153302982669471071649060959460850591919433
,775753054701919800163056736292461500069854611912357463014411035995073788653198310524010560273
,927701611035392243771813127127397103891685719848882103485113848962936182860818392833900833911
,1048614881180266448622950434455212129641526185340965561941779035818052350602794092516770857601
,1484943149750594078473339925841207618951167421144378836638232405672667978963835563038783794577
,3049265608323207033354525040420863372400727272926604181336315082400000135598108701713853477087
,3161463426821723295710466272881720239483479402846095145474459949190169764413700807058659632361
,3629662994008153848429240162600396180519766791204932405950630091372441619019203827105766225151
,4703926977279374565197888130749239443491820058201589517278230851784639293914375180705738625581
,4767828205180602862488887736985607398666751166000769605012698283856806259916006281652253453751
,5317484052436487202693725602475791466537190373827073770614944061973081893595514130038866761731
,5562466239377370006237035693149875298444543026970449921737087520370363869220418099018130434731
,5987262502149432837608521884715991296956398149864814785546863972698610944169841839176674438579
,6056380708294474887002170015880329251202101123412053068577571687678326532712206357864665783841
,6164459101748710901128556013786838840078806747851589150894064812504833580853956389332526997199
,6902537314868528928592064072776405259752901898281447036002004855019689272630142411673519100423
,8013068084032653262407517654187282813856393979050146558081797631812307901576375946587821853073
,8342680841093063014359532631803433656669591074421858694040109486076573471951766107416262860801
,9368364192635570536820270641094526818432914571726884941545525447306194544364947298173904481801
,9649512089945435449267166282745949963716641091869925195000985158909881293850627735805348326497
,9731897901257744464208077526282782988129079026661029273172653543534128886917452489880241039129
,10278473016169511741674978241147093808758455091738490812210128381632640553809934883069084182177
,11150918718415813369807615536191314163147736142782825658372748219968216409029220386076329433977
,11464158678831419555307566061644085062421769697020398649986313091766942851904723145020010938191
,14318463776157273132646318179504157563387487409638575094260074593259322339364163972504114136247
,14453493602648359351679337170243274415902172835854882261750377982524518464004758349128307090437
,15604620003748987137563684369946433749429548952479111489128424163566077973414124705335003435083
,29307922565312016177602876538535303242036351301379160379360815405433230596154977919605727982403
,29595665593310437914988666782338644750260439502165280692826485106182235243621108846098278924201
,62999265036082335900111964701462000438592932517815660818451881915621154349210038027033309344287
,63508246255656419476497530845836533234603640097242109638332271037652783578416125981327200758409
,74939734427972618935191217292794401536606658631609905629157667291160276310027502566246425841301
,79674352522894354312422878450005263712074523824062110745148651289621350880376099320960953476231
,87341035411411371841151965953966466102952126244970250385834048606070060716959754108184194109897
,89371283318924988713544642472309024678004403189516730060412595564942724011446583991926781827601
,105515145515068311505678862223315922610877996768274535428056028452869687143953426719839478045971
,135536120925960222599337444295250965784085797842842631983396327415567571433278638148387271418627
,140218822707485169044055428988288042447908215432246815852158858072198555895717462599488300190371
,142061366373466838976870126736192084529788567581972935261638677786736545303496932385392586871843
,150229752095582471166358140423251649194496147467096134816937630966207476089227936427945235886321
,166600443145782167422869582205773627533809608354200608495919325006516227014769666125340269708249
,269212888053633266896764094842604470698795516716194332265336979146008021202787273766958767916961
,287102885069112907858797891705917880320362291211398518571239342998599690848163865371401808988833
,357801561527383951750371336247776228772287580084037416747290336593974702826921943012497755232377
,463047983980413430334860907450298517610234647462968200247768280368542511482597295122309061900337
,544719662970007779805376120664747628742720078814297043502004257169059582129081332956507664967611
,576735513593459498091224888775105070536100466874272552892992673568274909599171018374973329229033
,879740744632732726735603688644723834968599141530812429576685148083081214374014571985038046112889
,1652002057993962666801602568279404931755117071682907143016015810954006203235436921433735383908451
,1681611781109317292260742601855192870737698627200468365709442384979835885027733143376899455909101
,2069237502716464794985816105550982396339012259800336045348830659287429006970383760001800897298401
,2751471927250675803997960029212747063792197831435631743363158238779139269787256021849179673077249
,2877793395471780939691708765283675943085856040731993025804510099025832171498564220773522417609801
,2911655263127443408820648419025953647142046819917504655442619029163492980939432163976096966699987
,2928599996670622068667271681045188567041998240666598148242087562523669795539013858277310234855201
,2987700923630097562980586992334019407474107496457911519874033978814696991281878568281932889979331
,3002073757428777382273857922385512797763792723266417656025021527116989779952950182556537541850817
,3677056484269722937807027706903928978741725810890091763971733429025586784929458123827641259932929
,3881196575913244673719425770871246487895686937951690944453838586764072695131586617955811936945129
,3958859429037736877470306072068655902413162916380964479057367144710444905514865617548944617905483
,4258599338755882853705022267394772292118428065125200532700547515369564538820068351214617555345713
,4443760534821422128026152394837354640016153952337101897983897504758340208014673958761172929051181
,4663400842490633696883245761649276084538678365729707476387596756950293864639583329277372924143001
,5006626876280190496416642758625512424067738181047826160968250705189421057250536688879283251582041
,5919670290759843174673958463156863710008792281600985626000749057025591859950287997148103137729883
,7415450085385968654890137633991211188860215124376489025233430828956636123733427300972746298095433
,8234078865303995633792222004471417194292870592825268861512363368330697836176678582217453186616309
,9392396536849310162219679060234990926569354610977313388928101121216194183812873986720959197944361
,9443887364014074542407233769084613583245168648583261625376780364291458372888771349246777169612907
,10687847373520888788807922379702302364468294849213273143099099616935807306429705426104585948191281
,11583306121194302925666610180475654822154587629577979400456857120235319057709961541850271218784399
,11872977852176175717164391926157283317197514792972744827874107534916157581816550934028212543039113
,17606291711815434037934881872331611670777491166445300472749449436575622328171096762265466521858927
,19551672037441996060673084721980036295059057723931214611602287162015075165193706861967392736740241
,19669923995361708852145993859707641107630702321001182971588684954093145685895575582513022784987779
,20040124693285584251275658639027356795005997983166503259002925748843101252000415087461577089005691
,22058216476354148174340292661422016859535838566235695959824441565750734320744258662775535748560023
,23618256244840618857212522155851714598259422753496906641681177748710460515038403366198473773770441
,30090318422649098367345674833710002220724133734552919910024822514556417922274484220646526249355067
,32709775817853043375927129449580176700915280951481112121660051681431157746548364566503491912349761
,33770734168253651800370989375796994825389296318018601048482005531172856260013942500368975908606689
,34175792320105064276509600649933535697253970335472049142780400956425111741139140798213387072831489
,34434773651943512669670550217665939883731750144685418951568171079340937855569852799807030738080289
,37242912951887009158916297158331427118575448479451910316141843224837062312908422864387566510155203
,41788952991139118639110460647465055080950855027758632702923742575763463332284772733328169713812071
,45664833523052628586495213371442511740075371951182478448819785894752763553620148815526546415896369
,49618718896736895259680788938188044683343272133007860102263201159254440550380902907602727868382813
,50077084767631215481459045535942286719035243087652929001293138096831344998442654133431262500866849
,69942606743667323359831455665538654122351296133781405313574467496259670721868759285318910517215429
,71920480081530831648559823893284732966343556561830873533821593195299195897428033124233475700200901
,76492727843197005865284160090907981705191034057044790706811662471390236362642040538238425917141789
,78447248939510403238597103326670023020474096781883788452949188981488120758193300064923212988804239
,80980464454106978256638665141825049402098249769075874996220089267286367135046437859600120800311261
,83861817871925183739792206470703862766563053456867813459969184678546547694793573468589875745315081
,114062739354387553292910924965889823099187127149057482935407583490192322022502109238664809064671779
,117749161734548097501740887198014996001959317981380088323272083317826479112205495984276604177310521
,167151693059203651258538223678521800139589649629368247829683865124002155584217612884019447563002501
,226932018656853753764328590428095793646941285066276009352568004490443122167996649040204022895272411
,228560330684564814439432928132952368534236687355770476946136829931451157710276860933115684532014761
,239225235836952866057924877133502443434512337253336555372669048486051772478758864009435466688009729
,322840049452668076280247037005800758274547345385472479309983070175409126454761698489088892852328531
,481485185213456642415187252941102312616508576210934632942755068052061416000388670146709486307229377
,525077103879105706875225304619849472942239768866741829604368361844184971076751845617813018421428801
,562428917603422426410519249158018509055198515761927106454643936887015984608067863534177571963311973
,632349692234026979488269946356428234942449757804901314109356996360811706891022359163870369286904169
,639752686780404509475145257755739914572327832064874669976274583809101325281825650667236369938164009
,655065662598900362767578455116791254630312910908827632908253411351301525671199788835777321465298977
,703135063886107310322869668180880900631970395041438633085656587740154733922499375339477804972453889
,741640062627530801524787141901937474059940781097519023905821316144415759504705008092818711693940737
,846134609236527432935428641453947808692744612842997575850108349114305165850593069285923876628410633
,1061762002912586343593408439509543822254622816882458239681481029190247468769225265309538618766660313
,2381328904710765274821468566321477960134327627074875346869097098713143166668320618736388741839374771
,2670684618814611902596268626518536868522463469305703359735121635227632736711932900208261056433150959
,3200877854760201765189686240178650665787305384308641898388890911033891323416400473331390370691357659
,4684435266636161232578932847604331726884269415306219621279642876954933236537677535849040755779223719
,7041654513267071393853911873196906476682748308462741872805521948554771590043753855404907061178826433
,7140657017965396811258593108584430359500495489681332175503107531796569805437760842502615617028811281
,7857910537107244650997379051129365156632153489653285061191534178529543993418529855775986967586885057
,12203320867410510188380523611734609089956226029533122299908988086065903907487610670650694359762710901
,12594263620775680997944097572742389790271497163187368770416979751640789800959731481964821194789929847
,14192179953033329715063347742076715451201922408572358771733381589033434181937733623317977380256684521
,15104657794732736115614310587939392907720927949013372316086220189370366144748468367769414132535609663
,19709014643115560219397264671577125505264032974428376489237001990435774189483906244488746953221813209
,20792938928591865188240096812904006250659656753228144920565015447093674303370768417852236151516942033
,24099498874004172378203195610987778267936721526975235615924845204730852929751449245420787352236776461
,26762724135417793615529531141246188321286009872037355335835165168735371346267111892557776252075837003
,35382013370709363956405022720063581613953920882540914664616009343887731347839468592930021200199529033
,35560193412972319062061768261639727517478499914167548496031688280584977077562191671059223282469465959
,38281715442782972717755560798217585497795172169893828456847577035633016304956490069518329961563502131
,63725217520100446091019213316114800470054259870518161822841838235099774015887061706672583915057828311
,97733201303936765730020949309738330435443943197369644808690186562410926043389032719036397111868080737
,136857150107657671927053274018711605875258579905564395736937259817775900961299060407392037232236346851
,138776371236300101144144808595934170948601771886820498689521331389066829344376919032939015490766635921
,318095543762315513245733565919980584722115097435367086842977681396513138180220811079626039335409955321
,331491135967206244657979810427039630258881338881381693422837956185559180298159560378704962315457020551
,360803084812996454792157750493600042763764231072068795228648897917296768813403901316256813373475420361
,422058197228003811154718397431936923595603202339428269856885063818078812400503725286910928074070930401
,524635847938112176040548626359015641335717319795577238127219153509345963788958780049722044676645411841
,537548441054987352716431804730541064113448144775940663580130850544716474824881955502486161902175946001
,567248414603887654955224415888376658383314036590392943654765654414808030820003357158596838769139072627
,568551418028019918193752696225139851191784770947146751400128917878542496454333132668261665329863220961
,613720420796759675451139508622795804166246759541726012528134612386302767091250830851871364817724458103
,625882785605273947776074968547215676534733253779816321285269078611530402049151514362433726695828370139
,678278882759383659505746152423752559959082381905409424240215735957129262394986213437565297105701895143
,698963720154843264243253784220387078257259218502563908013880224534654264461065235983821688087336215521
,769963339995031366056411302608835890990765381090691440459641178066508347862946258698034773507820614633
,813315137962641612215721817131097319972473676364680241935668640053428823831374338149000927005996493721
,877413699044682963205016857485187072922435591963938934646136174081659663502250546814351103843678136617
,939613758194911061587154788869057253148049053665557765558644131189264968842419437032060904279866389081
,1067682959760725153595968025778861125501953574327259657011050182845079421484766898120133013644861797677
,1363513392978191135736018344773125784835722102211913963639355051056896705852735103386975412732016027769
,1743071575594477856502376932629849637124418686392212106828611811478474551656421106264966454856075177767
,1772157584450255523349230115817550492923148726307306855038470556766117468575068817148973690419602784117
,2271687140040362425129315704815311729266645866088365032310978935286770440549801619604590786566296492897
,2451100733567925522527673091670682648370765084219128079350970030540433626374624088043739553614894829529
,2506321486314528092352155999323114076092619845896690021938437190408228542736515881788700058625478643849
,2676501623706695837455626326685295666695022768165158012094138798717925358377096097963386012898646417921
,4293459126403985611426077642261467064518978046438642598291326855384634091460112901482908460792229391871
,5316002598121232833636704345539759903017424645419351309189390398619467386821680502554654552190638909683
,6809649408891001685768937590233308625949604176033855796938978177320539702698633946720428389517879894953
,8311919431039560964291634917977812765997001516444732136271000611174775264337926657343369109100663804047
,8893122618977158614989714180722964331426004820169213558574794542353622623988934429093001259164784553073
,10751168288022146026259956092344345159681167846281852853736470411971627982051345994439553634116438524169
,16326352502902938077821209164769142739921015234642685452737214024674891571739874562443493789094368101063
,17154986671631424401083333566864958769923530277214067752411345828989243831953969896446066369938959754331
,21770500743334902390232636763380303999940453678866485862332373206777733758314817576740365328171527170481
,24233901187268976846937252658041681349627484611774346970588654493700509622108303678373415006653069797913
,24492833761041310536656873402834244095780303174333007510353720264021512839403520870136839288990440003841
,26200588389252777147795585370499300827948074837175233051035788338368468743990037732513623794905331698179
,27306093454857278136151466787158724903415193508113091644798914026250805107043994199261467851009282903867
,42473851340526147266826509993319628093194922290192667926440870920964574700349265985080009020182263507473
,42874454069838926752096360966119432413847973773579144517884738168843512041630684462005624604887927820871
,47591783889183587050052391057271783024314737650464449200277356693218501358994700342134432811155697805081
,51082632145442864551192386426963715469335029552224568954165610894271319492255499800795817697679911043073
,57921931026496672031010380889120808958100871018748615224988736588365467329467784165353406291604111284853
,85227326201314361823893776605433636670217425388311906457714409016049961507516230416822145599757462472729
,95562442332919646317117537304253622533190207882011713489066201641121786503686867002917439712921903606443
,107173948745573135996661604708123541081889853034861349823168496271474062325643140750364886295798439729363
,140802255493437183965016513476342857498987739064421026383093570744323715776883281154418997937889133627153
,209338264216395299263918969004137489561155704267051138003570996094913819533313706658122621122709241118721
,231211221365136401660508426634634156276006399514316762272841324333642070061489755389098909697453461772997
,248694288511174075646563901643517213089367924469304625574525540845361383255561306470314741617386029467591
,249125861310291586125710797989904209165694601157214329912105231226398795497035739722559861675447895954629
,253956768073164214501297023118206917309861082669993582450697816383242451115365529071170420452455686291833
,336660347301294900786909488130846712603057391861979903875843544923655128574249514931507881975332284926309
,382831718326935861811415368870561185774664678161354690184167928439626823220605569739325421350440972002033
,752440346497356983142327449546457327748644897934114291899411428982990336039662496766303354959577078458241
,893727031418219528215703263500245746111426327976710088873802347504988954469046303695621351442273545673249
,960843850986532976532466235773483492840618819232206145010143480044702708779967241439519037158800917230289
,964940030786362496024778501055934983034069633005358801247485608101536894961388465706602405381440825127901
,981341099270277365725997020540880246410626144250815446644557615660819877981866416423367721088079248957953
,1113102747631500301086134206196118248810522858093395131611927212572953997461097303498870764305607767176049
,1197548950098561983603290873289972860816781162603988290254892836282134687788310518113249737808276729306051
,1517369342293488492513614471872902453472162307140722868580122602008308842526857796286114051113953558789293
,2129060969393615366549799401700637413703004449451994301858109970902281985556890355980801573014378418676313
,3642944712209694931621029228017389152601988164345865708342441123359525656556132424088579255502582175212387
,4607199245446735526396979761573315938962515016172415277872301181129066430193418592410653479532030129738241
,6262225449192707680302657875959827587252720523825350825382410032885960019302552216246934909080085293244947
,8634347730786151573123090429372562600645891723927646583482687395339003768803707512734187494061649643499761
,12996623037294014057591212988182028173802393910829199191218499846140826287303581583005154159743906016002531
,15726591482356979687989146047539345080096165816636171525281040503193902102904542005439946212596369499142409
,16682002666861572221423637402296740786359104050543050451328975716399162932175954734974130277442135136214651
,18347988927920572092886567162416695526372519913346248798338768106859275713914500070771500472538615219486721
,20472495904992014508515447610997893400945773811002926132283954877060969676643057167627787250194690360071249
,21346753369460010115687086940005911883739211906136606021207350060786340216763256994513092582998418536293697
,26556490111485986163549373090082092741143258155843194017435172895122011451981023707608930775712971770020953
,28981531265700436474908668605764037292283479533071482196860868875487797459833848867410473799526014756969233
,34685790485740246824716440792348382055127879712328545535166847444199845117697592973437487413465343206165441
,40393566547943595749562506243285884534929026356774912763863482259566537671583290150415083011252727505582091
,42918312276547739963203233515530679548769012405746813903417913563204180538169978298970944021468625193389497
,52971487719297043857348476822653629219080056542936837274761432933594323447370545457828497960999708594427043
,56377694445208154141927654613855613062927113955212040908548454699046039020893338370875013074480485757794923
,61138085212831760012082560001130966245067663049594184076112874904437731971413080237731822785297556226950049
,94629010160830385133973447909819185174243411845681283173156617339100139624071540759301996966963388040702827
,165504088394688777341777954213302926706011776596326713780562632126238280022902380359311132880309166125996273
,168976803085970241481926030247032447283847478990717726920945206985950669882664900827202700856483482359124181
,191298801767168561114002084669872063119821906902329171022067040679355100505963917404335406035751995698400401
,201173181523034822195501501485330434629435000176256299969670508589566061752482785323045293153959210827449143
,245646981125691497673324668265536334044341262452177697864695233686173498977525877540362298849614068695233671
,331997018907154605105439627246768387410091148934183179476062496087540587425301679685209566699340444844716483
,434284416496884393040841315444206695459788549436182739707934576370088748201819201184526862364134150497353667
,529017545747015279933103879035861428823462055854778144142045628738544760436707853901773412177902385578952241
,549873523668118577504601957547999788537718594363011696271056090810240431165340996821495982645266237407686209
,722628487007333300889070952274522903788152000950317800951137249137593238625208293906895542820245972508757701
,897737413129878491558669073093664931129644710928191312540354532326425133547133152959937943844040075121657347
,1242918828844873812911901981613600813540994700977415372594292457823518264146350640662974065115123273441335573
,1316581009142881015175025345030429312312929108082919067467162308604621160168383485473157120083806492639108441
,1342628139562765626639042978034764414212307565019080294841113474423402268328175575215537707953898470995667841
,1453877963178138896046426642058339479766721357185952218845250161520480654019427312503941108372323925802584001
,1490057952264746535834425071648013836145145117278340794713725269303994348122106661818836968348005840811041809
,1614622769810339154839085730143482994129189652685754741489629923813868011079685554461875922946830109639857249
,1774153315792499512589927510132630538330663588683331991390254645758278991890748315142078623195802744233104331
,2054360211201957057958582651600829342396864065189196712949605467496820391328664453611040835849496900629901817
,2091671735412778357621761066865852219937389830607486842752574128957931215851033988599835291357560503915249721
,2110925601564633833311390012160777042464322177815930663153687978039578160769789213828532973888620564374773411
,3664773970024223087517416442099268139218603471442626908136192177905486566332521338592880226834029976249851781
,4561215850448666876558177506234165594996206631314802376944819150507239898947101517095511035128364630882630659
,6731516344085463231377831942179313208116314790623083685990812032214212777679380815788095578281535691988213181
,17517466547607310599009306939528959387593709216561700361586073331386255464447876840304507153883342296636403321
,18795947089943685289042850201861326689719641302766796883477502913493254840480457593719603600834006204492522841
,20299155470483760691597325461892439876319566751414671857699290143329394088953484880884864780517899543670766401
,26459340441441866087731114978932791810378456514228699635808330483947834929412856490368283423658331445600601857
,29733674096562116407371127177402470526470287524319983295999914502844123935574958238873417310883039367473824401
,35939315303631714477656355791486195918024248929618665427939817638380283293352168933810182743888510535160829249
,40437156024702109576962112690515640573348784018939257192870865875822732631168387328482154414164150624064713711
,55132269643416861808940702349402264919915041547757633769331818430511033108848146620408728664776308505356579463
,61691397978915973155755993832032925195355962489772952116687532809127744087034924897097389972738210847535872169
,101499361822050618688889052583469107885032617181747230738541368891413069613909203911482082771871211723699344087
,105477174364660213001398418836665157454142628135269589858363830534034393714037677904028864102738500463452137459
,134567887054668214515161203566320679757253483787282009808886842167567907197836768970162992655659228685857074681
,142453214851009124378099897532172312583433956914474541632456432848048989381236579920379218575796308080313112697
,143458096872740846324792491674119024317255853251377548782956597898585042428782180238586900730976613828960167089
,148586002795069514812890341920378403004054709242205121748333846274945867804412223752525666888521836135352763297
,201027825648939445954510392729388975366845976704408651974712301857644912750702606956558180895114617111024802833
,300613450595050653169853516389035139504087366260264943426013315702268533480936328328948524855350568033150042113
,389157047144542786356242878852084206436126657867637000570231660292312173927353250030896497368585866529660886217
,444433511677136809473389020326032900389981845198866371642512028966604985027148489582655667389511571975495797793
,514032034228747931945571962470228019101894473686825197910636442532520433593399910044880487939432413264840902977
,673520317074926116144184536794996194749401401510328820850480400914672334194877878131921588518522416949566289523
,690334244203667768780188232261447302669446513889511437469473686404677228258113619758096230361214201159016493949
,770557961761093801278718793937377574043943382342011514028393021874470913652376022233958616983382625535943227047
,806246686530274231554002548822879844631710799886320977786718630531739958469131883287342678637275814925394111503
,891325589856505948396926366286842343629601275330484062653638438054369659557543802345797506623672769021585702651
,894134572878020778660597173890418978196990537917795444762073483875117053209359189463568558050896647500055251751
,1507892374144424961736778771544197049878837689076557323381168039113626609124448800568490911125916724131967739809
,1812673578356600210879752096461461361649039879309187220192081088333809124445210070173665118976718279015582499941
,2015660787548923454662590205621123886970085761436021592942859847523108465523348455927947279783179798610711213193
,2218779067499582339067290978353010236951779059077095769276334837651692278800790251295975617420904006591344801089
,2666107650506438818080535650973076547325974041984599769447090472251890672134319192840001540791363373602261477057
,3086847660174709759161235271337878300483574045797182130230663823691355075162921322245761098593210884070961472739
,3411520570002717265562732040494054276615527900652515800084002307017896487998048444791321787747950843274414269253
,3735720129788696394355954797343119873842493902200208458580846569061142912285478619224148446064446584676575202931
,3766916035833225339169894867148503130420981999778818727918035303138558823658264533370613649962816881580380185601
,4400394826437109072660230154828562786899807215815105326143790288753956409884398830235540110306174036457083385987
,6217163545095457460425526455672838546924574008247460892629718812398045012407315640701074838756845090121684233681
,6651708361971854451275493690559032508594718574166826366447544322722800761096960716020916267857970754023990428161
,7296091998331006862176472076795786955466649660669780453254758955282799088636332463613918504982112194304549213961
,8819779591697258388298117725624832271141577326602771028307143781815455970700534027206522451123308835472505327249
,15403835953879173962068206058299265602737531886153737492481382867963001285981734564522264468576268553949122452441
,20632455135390713070107815828033438950412109451241048848922126664412209618143869415361510662567316268200068531387
,25196991873376840666877753354820854690700634889106188923103670773691217227808851569395431001182974969907991345111
,39075504626391841678304934944805852280404731716385642050296152320994438836806257083337312828162589099799400566633
,39087313715189108227619703357962826370375155705811876510825373334349139141569017999380167035187802832620843732021
,40012856945802270595228036875681849172518880153534797152989581713852083249870047315824215054110251389708120091347
,57472598955138290639536574997892730421049377466972570353357191361381677463259703925196914900741979134471392362417
,58667143263986421516267329456613824034637210132132719276662651471416009944414974681293473225275567960288728818761
,58693755727744825443995323040350236199984938027767948255554673801961765278813928292652490231165838210929789110401
,67051184308582949424821574393399302494429796682222222649491297904528668494149744674438169229263695832033422757289
,70399458533638586424520424370937106046542520213642377672561249881938011715885204355378387143182128654934893226017
,71211964136863299257428519035724012135945227198802022227182141348386640523337537415373528248136871950971226500881
,71524734742969903728015051968752485005803698463404930100756245311341924488156267434225082878661380071322218753933
,85714461448223290437396959272938098593373034719177897781912944588525724692873235656349393904376989044273956792593
,98701966634590174677587091760086861340252075392188902011585943229405892091736525805180714971330523401401878390401
,110056051539332577167011497137904354133390221897767117778503394649227791353106509944569485273486768482569141949401
,145055723863560550477604381890594293730838060251770191890663583917159164624672619279898755993873860650491112822353
,241861516794729837336046087958452873866808443155177447948707938530982316428323386876321611191318103475968017857601
,260497260435653463674393559361944843526192039079322597725975982188833765590706425090967325647096876954737828863203
,471661056045900801786914314898846331049686822504477947359335825425991737416239736817636268059783884146105254485417
,554041764023369178896754856748731167805991046918712898194875840001041509211224448449095611531134535609825854156563
,589387842337271247686610851624489430100894201411313704746623078014579081770395934785955839316003374952457057519969
,595690198404471604081055138549146629512279885253716234470531223276286934313730137033127501649333423436715275988391
,839804700900123195473468092497901750422530587828620063507554515144683510250490874819119570309824866293030799718783
,1108895964208444278442940840988768804857691049925287781761161782567736065480534421936523666896140338128137459533049
,1231312693637327475383720003129487931408741852202045208374953444316525475550246778962497737069179202636323133325313
,1394956570413460465950111061263729185531328588412966667305371120828252991735139698095046722952623703629247810920691
,1413450645314508194433350125718137664113648595922307473614591966444751167268343624113337461572271339700128906715351
,1439581090232360306724652721497221475801893594104335706767629109277502599083325989958974577353063372266168702537641
,1801922029095939478476833454693778351487548861849843826803395409273797631392047578214271011569276359421699036882003
,2311416115171267271884717823054782126578508622298227603146730265997685007546971775854073675433267543655704773659521
,2793913238319388415855877320515410046216677933743670347210764119099727197020808105400603533433576145940433057570963
,3268229942481220338921375445100424826477562520225866118209135665700254613704465127505405132371135854784017787868017
,3437941283567713887289072535785942620017932582873967742871853695472357305999551048701532075302652766686503353630459
,3744736435870999956010796884744886554946884079838024011697262620272142353192253445173330785999599327809826959361039
,3905882319245789677968338961726814899057590774820715155192889264170639572458833909055070113577826696814298234936017
,4120244281266653396296957792500987847361734649718254162380360903520821340784053375183825542777493894566793029100537
,6162751163432300209845228140825427354699618677011674380154643298664287486360135065207534896784698472333977370004921
,6488855516387758047783108616235043210130706479966540073784107995269862901361284623441660830796154322268718245117609
,7138857753733304138653757923863143665599755157337724903248921802286130665523137125162231637957328083985803371018521
,15600539638391814556172775617971983694064724957715783341113053160801081635609556652398088573742248793995924472587137
,17858769391813189478549404315577297646468853412925918136831275019859096428810527270736800933577430978666397275839559
,22515432112225416692730880057224922174331279583123112381686532545779094349645216289214782907481695324873634290036151
,26238778867715436338741843672779889502122380327797655456220206122571496254033589396603470402425368908843806544862977
,39411625826240006195144917158397118808622717439663209922866994733025361415592657869325317153624161209612886683422721
,39782598608117015377610998540576053002944548577108639776058234638931514378900957364744848104464514229167599886187329
,47897316512681051221965999213746841956520347082435038810002558288440226076697587976109330557300524416001065793918081
,48698495109146965626345307653078909639002778865591617374775202559293242639821112066517085850802399245624362755906637
,50935496244591917263062788490593411548375518266604052988809830852198091331212574963984969118236331566631645056717479
,52821782696857164897993147210568922475999614730932718986145423354989114333191153125418561121891978423588101175850373
,55459352944091145250021764539420530254739635048979837544303037812930355304051010223933691398348915985122661845856141
,59759045572704532151734514229676903701763064698110618010245423428627221235639899045664816790870237783305610352947361
,86007113111357473918849174400781452668227801835871756798312303997985825885413402298430685280299026254175553025557997
,93494255860086990512492657107875993907936741226417407522152230021039368123083029492734398464387952766267944617520881
,123219439267346362049744425289349676468781136823956005602631224069302162695430546376768705960936201429580820215522273
,132000131451539267726138633753205343827589683243629650599609859372129401308611030157603578434763278074238873853103561
,180751361367036342018769695194070185090225685928190920506935609998597222187109654580729885719636966832199192789659801
,196101766198962688038545077023430246882807208317999989414857976146547456086082102431752215957451921187463046987663123
,202598467439494603737507182197175411665739701912128761972690739206906175440444567709586457442278905148646084533667593
,331453886037735990099589660143150710637330532262365993616318946009091618610199434701023623302234249752568644578155489
,443569338979894054090701637906080705148970910378363206139880256418352080409357535502603463736256470316166317546057941
,468112449895548021548864710726149283478136440239246483382456856901748562723514088747358115401736810547301505840641041
,507909591297683949138862971271266635431758872031092542127980551589004038646657157217329569167343063743426799521984799
,523658988250941454827749991066570917924438977217041075192065529270930096917847174076075738646198636418885115736029827
,529177431125391994148263290261603233036440186765307693329223031642369744376227406772905506829347436427584326665215609
,586707256835938183351163074135744551682040291061952064486697351139689683584197041592347032684987014285885660198730427
,819970464042161352481157718788653297669362879784338503792605454968981049271980579376098770241714408503911683570903309
,863218260980519005763915824855147314295765517543826889081011766885471679775766425863907913320356346097265183520060097
,1507495708277973209872244123631986464514325130087929963124561378508968082111026592896877471703414846574391391044423809
,1872291970855130338581402920066957633405194531207487931491005489894425834163480404545369495166430812046758483848544641
,1928419635475117602195367749373062713744841999753881443337557769427749248965902246656838407248741220409515592293216321
,2131128664337803246219779927029398793623110312633606602236824557946245832612656847590989921433878483045939802906126659
,2480804957198250028708057046134715162580217174841698341177678467976358037638627697229748833079974029669969423384495713
,2679159634436914974078747076556977904910962873770090675108401861724136136667005582217067318351005323357610570490867461
,4292821637095425978385206218534004441089903376524226220339303009529116154348443153962193418616936281722681226269100161
,4441995751368686360414408727712997300350230683734857260221007937253405331876493796344839979541422201894479487378393481
,5448351236315742026827470749290138552538510376598571254569437566703575251869691806410089694456327608528590739813981151
,5520892726037575422778927443566198575488546233712998751593111884607229698680175849210737811254045543786744722800872261
,5950573776337857083075874442067543579480302367010830438026343467540674188668607309648191584891661956885759297060111559
,6362845313683372456504649083013038372132813232067925642552262747979127702870983155849917226934652172439516842110391921
,12450906817773049713795507493206926321579683414729077438820128846251329594583361100445492666170068269073831242059691963
,13064120070541677519355082612131650283386790911107406364275834054492373567801176419950383012729454682537615570202929281
,24831572327443844177681961417123922207339247769953151737010425273000008631957864690005874511091219933112266348786653769
,27677770313028038345750797900148192240415609884205365290485726373353875777888031723996905090723042311377424248182532641
,29293922760297928248078770598052610852712405023442274675016645233570497812348935888398085451640486701886767775742174681
,35575329868875877585886870545904809977479648537333959669541393638937849517345812306339981929721832661135434971967086993
,53992679502847897736238907652420386729979028905342481136479785994950664581852603327411201138846557099124918555541238873
,63789836706567949766136952229280060459548250258629660642628652432292700491771878325595427834374427003282339057671722851
,66060018768078882068514915840314543857274440609237251168154401305136486254148474475678359078435292711536864866655643519
,71227912640706315548363977243568385635262993818865716776891575273814708363496095441124946972336581244047168403859435009
,151600412804448693828935725470043746255271677078107433578265849830416678473176943809055552143959292140742342533305582049
,157577566919192682102132817829552675081556781375653428277321086032621906329759986990843305894556800540288522812621005351
,169064635269932313947498165574829972750162731490667592294718952848168715519319937835637986599211066890428010941877054129
,174687898994276645505939406294688103239668147144656196121612035919719163968649013990717451692888658382291763182243248439
,253263306823718328534960296664489739730363789045689446798361238855837488046770981119186018458963017842630605022713884169
,260078892331205274324088366772886790199621606534384599607578416912079166019131912393708208277038936454393545946152508951
,303735382113437269764452431095261727471146100987380469093379628159559246523715194315360959697947630671572373661470511807
,308937324356797061594697382590145196236665722718202195840743447445817896778913944687997002267023826460611132581755004799
,369678617923962201478905604317948622966080069418228078469891573039514782297381528273067836441371847906995238583731823193
,396913655404586124219166315651476045073615078493534114528591599843676236669737324609162670010955054250884136781265538753
,475957428390309220532911021869780187705391941994885269560203315295557428057066755427839043182168427476091234134439970593
,485795776558515781767508349246263463517070439719382211164333393314680458351673560544329758056582112316486590042161613177
,486045068755637290407709222721577342903730800431975888964190032985002107524203936404084278917377403908409637849120908193
,607173430386779873493260015812289162550729990656369609567935988690218091433498759721726806311209529659896188187130667939
,731164047684537008237596546152812816410120228600334955941962075295587985093631037255284581306429769292240254188593750079
,844128455869220390432964719493514618402640004425573909495498148095803754815792818296643067760548829906291314807571121271
,1180760527724987440933938277330997607446702472478168408717286286262591667681315716737061008644889015639927997281559028479
,1544765618586051049209025065667574991740181816927650765606710738553288518117163004761703961063645255873243558743492088981
,1935559921561598963905349247860913850208385733753800879221676076714788170866540888167947999469867494855759120868947975041
,2107048624990017888277673772279371580792509894029946695224069650783071896637390038709062589566791754603427516344308169913
,2236316864019158840735959359498635477634259430025869474767592038357190540362426624729661441180602192404592046105651917609
,3589281278010301346831626604501496699375685971634158217861440183129388930817982442382454620779876408285132972483851240449
,7971524883230754808392758972810269358895116447116518350805036730123629861974898172323128672977936185127710427023633332641
,9068870519609321750936555034671139086862571932957765269177284094583255475408078135232256825116586822428351517765983544937
,9169466285112385145786919034786866010313540919125471575107378058834025916913248388550311330518963212204000020093390193123
,9442586266333568908392920852062198597680146484710071778810184146005931941908698670026201870764470057644856246771485273713
,9705965830054591736524329221017810064201521004178349356202268282852670198911141357299732185324536769414538999508070197039
,12016528271654660343399357806424092126807064841052331333227040016811008206162916708584196936458270068410362210849269617417
,18537610443658574018802790288646767074781206524363322642736904920191987329300133108669959550738487862434105722782510889601
,20865733146335944614876587823388683188385483564507667334610076130796110652068317436785491335165611628776152706389419337001
,21454953597537735033038537870330537466904167259061862034705498350918862447438073407883143820019535496821790677559967221903
,21703413918764143226723101113245619018928985543438170480117766410199475936016354378496154520244614685359979335738274901469
,22918862886543542550497013689794549380986252187467410793440853162884227395126178667668709323949107483968180609969160895841
,26181149077972166203060565461791155752134488354591217640642028648664602984006492049334483428230675376498893327819424942979
,40099499726183758517891939428601665707063794593443940689888526556802581529262728143398959743444150539520890742947533452401
,46116332943436452551540576315696985297990259869411311813222303231047196444160418969946791520558378694863913363980328293449
,47039571239409928797310998159302809574412713191008090890722063027084417577430235410025198493720736396880345328309484349801
,49303345128750367431621468626641497983907908052469831896943570173910724073869486218009551841799306091359558556935196560257
,78996524146199392653444479777192912765630400328994411026747182569247303808504044872301813189989934858355377558686836666273
,99335205800663868215396640964567095667094665346141013294320587365443384719802857319737050495099341955640963272958071602273
,107773378626413191754138681045904178924951040854961203017588211491247552655545558337263015187071949868548958480669349450861
,291150795732906802034938145111190886627288918406746442843794866343586916500211826831231342021315892730515783564944421926051
,312119007097134742328978209700769058421902458121821582805367454109670158835039663246756558186935608062761438029523087241093
,420802580523767875237950310262820019135749166881960341067173726664556394738285561675988953259150250436976162677581144923361
,621757348536131894542597175262527644752176030974769497547158343362858822160945511798904611136098826211735539655738256508297
,1248725486747918601046070052833788081473386486084920281455396070528932784224206001503622012253604436783351315154418102961401
,1304082600276287243759244156848940870414772077191614643007966860670931420325245012432473409129257068785841959725660683844211
,1448724971925222342889675500698846356483820995550036783261953135108670064951365775570094705629617735073335209377682635445001
,1578741950240363003391325065980200783345992791040532674050213992057530927464677957916046537018580670434313208273656581728673
,1936527363920963453904000194900956991919665808904540439838852982308366593086293989555166900989029247588892451821849275217809
,2386700386103968366479668810198757990691602304558127880694319714047673453169272781312913247845179666572053739121791051944951
,2462843654525988669239501269502065212007715024348408715241952545162751012208749156397095709314494853176239820644242950333121
,2606183132138030764546859544508036625264200226623778027104271451894363041937476932557423900859378779986059264324844085017443
,3094370432032805355177230433270065636934209000089709476056046201975893944504526523646181882472019182454441940262575164313583
,3414755859651215923296163342408096065927151835503264091977724296847033050922322353585108544492639313823009447708885657142139
,4178064153173557043236151737185710825140844268858730971444861909899441377093367286340227580593337764817973960547233521180267
,5114796311944945438760433707919199012817077552815412981545861806175470962822318870574337630449276319593218352205655784480897
,5210534962515057847841322440891322497979705533451447703876580568998286376287515867946202891679609184135123687873258361626007
,5776224670946327887167061155296834704817523618913292170736531762647914447661934812813268904618297468251452545181281360350843
,8694045087301330951920827992548062284112111129027602435936948477573651173572655999557979923042550606860504633923810675548859
,14340482767255065042888874461447281665657618568403955307801829449161649217885759871551676575845291836973518918694824156270153
,21679832418815511599117917211954398023847549127135741161635220605421028131125561630236430850572770638033201097733412607477257
,23564925493739232585714389517039188697110867273666311616122161283288278853470338163883506211868864744899427472824924193932033
,67513796971703570854592232797421324116119881147340327278928245456644619398078155616494185719845536064262986241999463764460809
,88625379503308113870163817479116818523025223399242215471800784810025248381387984608067747463864839726134410700901664118330633
,116673471615955250495594573135811240886324188129761242915544029656699856458302557265416070842833803773721563973361830433807413
,118060225551350870763652733874186880099078420518378697082407356114986221754712225603525595135699916930897666025083343294677939
,152651074082705418105275481349108130060432918483467580289744030754735302146132556930363149457078636855455429731914714272974721
,158663468731976509430371851129472451357995135540278443918832148000657971113720861371112098680913630357376472823728756329221891
,217944041130072761434232636086171275808213824080756057911187217466035964889017776335440161826412163135274630074790424908997633
,286907046163163757424486835141888954626079914425458195174373438200921939344176261145611475682317574468979232833614978133229351
,306348113621139151890476907209968096287281782387722997453035538795443747920162046134390255634834352618277584534337503595424277
,348110972166552735417449045328959109171254086625685358683047793943042868301137058103298110540908515931125642103280721834660957
,418600892000922309061776076509308268493998105313046725107396373768218745261671667952311216042805810425915778743902996268396643
,454591150959959338436433236072831066979684403519002658721308556957990682441912103813899657761259954543362007568499792191194049
,833133922512264080402167723600665670628391708609729547618954974696349866168680199439507308365995179215712997102668751529856709
,971482153574976058604689367290689463568834927762383723619365276539263557178125002197275951228511800049536085522336879468391433
,1241587275642193613677401209382009830084399769371108904801198294935706207364264832500354031378698910359793960404372927442514937
,1620548481010275363898895155989794753810228737902130507523229809266829518746728119520681690865691068813478696823059270956957073
,2311564013722765106562693324070664787462722331606243819658098082763568979086228833561077816432762779405410319245179999205262073
,3760360971534816241919563783288078413183123881713593451490518418403121592479299079215735274835083860548846360816454890179157491
,6266909033486349145236251830018206078737744299061051815412019896976704558419841975840406610944103583171294531372305770361260097
,6721885469050382920298612421830968178768028093133627640714502537112053019071272802490029644416444090606146146238871876925423959
,10745913215013593876108572389898059631914483659681117488243725224838785318499490312948531313967520967785294416555571812309158923
,12102277355721345973977870221269787058493305265623024667773138151337550230367340194524562077477385848769272488985343416557756907
,12348670962833258442807675383265838347627997587940117506190420273604620443843301292612106209291538933323931056186142998412331913
,12608952924551863965992360478915656490891827318068815112341761299345519816732865095518014457919111246360424125987663964268856399
,12965164052632980685377838280155437771284008372611046848197240512568336127535625605878549192234835893561392352612671994963945863
,14151361426440829496267420051074059154905622399069862409615316025608259786666748226413155552399422240232050761367102551080171431
,15939882877507555506094580528806913145344226509310365762284293609215701661375221438761050261185768196013225527353906653836690689
,22980105201316048552953673759814688716732851940088258106155544388383281668335514650102263563515391738622348638850131228546240209
,35587730061651572813645091915392646587500419941226352943003407923114622009461764361082185123933692044046427168174533156579030041
,49487391870019531099615607617192131524151336784454863020647486531808634317174979062941458094254953215767950774899645727542710313
,52156670649289427537576106760930840418958577841246744491905035295116406127549562586708559335511957913996603925996263107735771439
,257323192135759555839256711094215328226631894731631722581616062225895353265033689946560613273119450096627691636333654303452465323
,281341394862796238267426842306019494173010194268123066985269960529837739533105304733599763861983626678718725565126556632155166247
,325674558237213843009398640373206811523481318364207856820688899521108980300567959203223587876391251739969658077488747289524075713
,700498536942352355518273231847245559946881211515223955348018453819443144350653869927536635496864091008866414084763524740672782299
,1100603995883119094073825425750530966552950894608152596430980623826920507270395336901295098184343128232264188411940641781144774633
,1165947723494690157800592018363811427212896689968307154651496404703479351102834771406342326189113950353935043193385251010712239167
,1172225755243324195014382443386015196563012226028894875809361175371203618299125796877268478415021923849839797417736375358132168481
,2475539419689929784935319344449409898291165097323714578650943035813830300993611462717419801770460539016610145009605554380104535919
,2686468892524850657611100670163178394341862986608741637023165267852511115108258469117494403626444218706034120814814814040880969481
,2949513214324098356727610935788662195733142939626370610851981717386811177601769604154635572109595842675696751982181349994158336421
,3700008265010484376181140059002735164665618094577260273009727474953442430219036282100642597609582698411614761090487936159280023273
,8382989531058490246120661061538332451211140832526561654945945880363580280577556477585808586306843003684634463079155502865075667331
,8745277609420309773855078786406122699364747867155916103031880047229731442616044267253469374424732953220422926573792104938313248681
,9401699217426101126085627400537881688668923430306029902665947240112085572850557654128039535064932539432952669653208185411260693457
,11090678776644650055694088523425795586203361311764318182599803923899631942581652348333375976005940128167183976157610535442930728961
,34496745342453444817039264578731011283334300852411336570727768458411133501498552286451832685025097370302306935077006404386019354639
,36683952889136889152526530902412667511683563919517203544240049677875697541195099497463550604292761211859042071504319524824656632461
,37562537843594262110536992642418119528491817809174669450676612976893335792606189166083276412530109929185443195218209102121256371567
,40193409832838787608407559134201098865957043633834884113470765857817359540314760293894802175173079481057225215648066848342733049529
,52112722088312739790378866429168537761023411611838663996677117697004074148120611565256149512867358769996042204766694435188151394751
,55032010963083225277133748781276216891770769029556852777446173842960223493066409672741791064238834027799294487913679490115371458761
,56272943145171606416041974272779967237377245135400982739236727888151415549771970573866251017208467153984404288129453336803370700223
,93946591029771824533206167634774407297228901800474680692600398205491737978152291520376960470230165276165539749093064229262216604321
,102491959518230934106402461165333403713978034815914919073091476928896157668528626207337752599971958796145811266535097326647423830281
,158384847320372424387353744797275459431129303168047568469605438952150774340201770138339793149503535255371418815243796390830119562093
,162395453880679626976948802659318287464839269423776929238860749460670217598671007563737736550442141312167882823739728942052405438289
,265168210875294435131691485888315426328518887962256780931238822948289856657586504113363655596519745405902488698615900864762882650843
,302601641481146689510667986204071385474787415781558009299841603212278362615386488364591817632201021417866750055447615070107295581601
,374426551302946214096323003231890922169515826139388680785982686217150460378482108328234280593677983633812182723652139126660750816497
,465132647893703818117961059461338292055067154933165330080806116778124618785443694805454886909011803160451450239095967685907371646449
,575896517313071575602335595956453262091252291582203055305573983141460605453961468248305249415303856478422806096115246652292345841499
,648801734928992181954492950048776053904043590857435580244330431351954368045897625283526231577834810740001303595136354980914181128313
,747349970567114000910522427763426786210995215401228005827561179027678089542524515823091997411995681051286345466243119007695904725201
,1041905905232649783101634823221897374730928367991119849424234867743772573476870033157571006380463249971365390655915816314724446310463
,2180008318627749177958475122877459942097368668735292520114598633345908414653401720690084471032887791572936263634345643106246594978513
,2217594284352613840803594282184822672266919035004774289398388219535794504462793032530305494556065551457212016419413264394352775192601
,2290082526100134480992198124951512750039139339635155094272008280546850886939008711730865851616722892614369047154769105713048457413017
,2609632444767351818039224561381428070568966964983359447855731078649164681952162319892295956611169166052959992530327506629959995031431
,13832308777821275253693797139501737778822147478083036956843427808440807495351394287484032432976653684838265205956643879584820178416769
,14651553620039776109618710650428003856072455562365737305591588724407384112638004896344353088904094721053298517257730150768919375484771
,17431162033864211607838245791243349925416635939356198881955178384247114540056451897331027723728308726322252581856294006865975367062273
,20901355763620228190482364670053255597707542325021185142164434185907573757256676239000397576168708282559117022843568997850263730432051
,21566312191536475126225917490382597738225149038165484929565002732126479245180823312296103929298573832375495306195531978671940698849857
,24033821640983508088736273403005965446689002356344332130565066643193813901119771090424269412054543072714914742665677774247325292327559
,37852713575044072442602976686477195340550941627646038832217033875268367711014773838107321467695623514451103009738932743894597736848801
,62506033948446353526248677250507789275762279622113441399095108989117899812249916241542238219908830414979104192374955294581721771929401
,109201353496509032298623148650451253807780174464891005999714277505156546706002054191175872709060936613342432357618910411272999826261553
,146499194993760060191106297630230032363652651662620455817967474417402801410928837845181661179012566872661347094427394236531161816594271
,150940576966240742832316692851255312227229562822093252674224493223896253465725168819205565468636581929334571094288094139941878071296487
,176616198552536917490164379881874683072753738812869270012484934327924400299108052119278025857211075393788045129392486402410286113217777
,286095749186666567666745310636475270375038006231795002473977898495966028729274270541284598524695336002693548166690380712604286503765499
,332481381958220346599082710923771255660980013736141639215502033762751013582088798815990776059210975124107935798363184741320908696967121
,646778401121199228094766201503567587391877257095639732429903642984700499452064755544318099585551714062125998479034557090110663089536817
,865197224619933841837007366307939597646479749067444492477633169221316684482535898528285342696392522185018693261171052634586455801136511
,955866641151576488952014243120799718351804653834033614421577108854004792753803383009405044226281914326409035299856143333682086748762209
,1160704203974521595750962766390778851551031896745990213832069535518477662100704891125326636191427578846473152505373261252994346440506603
,1665848233888270660763535488533880852994717958934809971812961460599992396270372253562923636982401760249238137841826782165634289147641457
,1786568048644647901309020467710473424445519568961851047039567833325934876236244184617544148172314571330925516837890483766651953498370057
,2062043345099701928227572690773164956105658911962649989485386584393290998719328165220555058032343464261100819568285995446261233997838833
,5334877544834109494138227767374002238096896432533934297420614912632808237657859575950078117289182422154955175071646648232794797271278209
,11829883384183803555617397809738285174209809981632088992888009340082737492358515839427961249270718884790207379104927217354645342358390399
,14889486178670162491572199527658449568914746534236786552370953867981602526336794652597190188919786651277287491269819547605500284588614017
,15261859004126129471474796535765957914812716116258107356550078514915747804787586115339542288957107283907942421909485506199147428928812161
,20006523909921493658440858926011195580103541915847641696416489074692823233886220900532406122512849895597010600173980454497604778729117089
,26263468655383807101496392129281392942858668203271326927720057420834103695992620959569295149357942858387859501158855391394137521784588161
,30047938486117988655203055559863706433578397353610686384954038302367072241679379644414348812186625553070349536813639575053721792677133329
,39437300765327204031983243120992095727633141975484859958380479021870710828340701521806772849536517037509868664540317823526815309243487991
,57489983819937544075794991526819744632436202558677812876679725083290595666955899046177477073123778824772781919589835447791672518141246513
,68309683638694819043525603878503735120921715335775505532114837032520866840170310442900777292072333830827718719961607529523122328650647199
,69234240997836277462265090134251641108581451748219183854221131551632478764248062287590192242600310465604955943385883090590285493235675763
,85468029338908497730286448744320952733178896286236348934740505307540100440497651874613300623234192924024135752243773694455722478772486599
,85646203199383319558220431496332402506871575838089908360453209924842671217744037372543415604394445274693422908836082669346541104370253267
,97853618193590764039357438780135486646634997963287657405740642002125552181091798545181378742830703728162960049050292146447124474109917503
,260350105037568755739348104280266336898961628403064856766418303314992873952611755795902563823963986635200082584724130137429930686229034627
,323859454602846465430592983958773961474277685578169412119356868424381403955618825288675324084410296085213990090086547906305592473316302633
,352077526476890450684125035711744227122269802879438074588301733118706059918501888392452908002766823421365707320772023020600718381992529771
,372141426839350727961253789638658321589064376671906846864122981980486452795766387922536388620964160938928854673786761803650320718322728961
,504210588367141337242618878475927423280316140971751701077127890485673968877718991187197029450161772747335442226187851047716605340725373913
,528920134009103196379980596305064409694379617420788359792518710165265801463003583243013993251598291584370866108659893346418837979456673239
,645285101497092125181423448604247314765588768947562129943605279670581559927491603930209942828259785826668347306339412962428369301154937689
,648291162536055420560950254692317755032634291032423646561200208377337130686490559931120880015470525955911617558175118625901787191654364873
,788665950001479674650705813903186632356777925726120062399203449921568833081885177105857167806618988123915663929402035777496273563382522049
,1226857522196157579017868090474429311026634990911302798629513419069556012698822443709582614371025325949197561026545284852485307490031033083
,2236432056635199399738233807060666090740410212325141089066302622986458838650109159122560711983364936290624755513653499899356914184621466833
,2682863551849463941555012235061302606113919542117141814168219065469741026973149811937861249380857772014308434017285472953428756120546822911
,4171326038771226533688924879622055675836954208039765124706405538668168425592408338898088687263334159718468123862658977708335816351527093497
,4822504655479990797789672198481540815819320230482744914875088909878916511515671184684197332078533207315594348168038893080304779552546938697
,4848958981993710493724177958101828229984641082466898510325509992639309547157221556434971599209645511182360580438245794181257178185170699541
,6171954834813357442013542158054710077209221034595802412031148399040285688131947028302906385799633266478325521094487364189728747843075029479
,13267807764211435009969792964023877050629832878013202338970257381397887745803944450670567479543934209551829968500347296609551698765446639909
,13952926033089768385122550955253048040037062946845058206564090898886163587129933404571097517058053526736241129950476047432684563029520010563
,14927302632254916781128984528627656118876019119295737795702221383196468816429747184045293175037548621285145956229553578167290038948063797409
,15047207907283785223567857264566942009057638990573141456392568106577256738933540911210280244101118007417805328040232877487303293567630046047
,22206681732300686559830164931393965396408838897922182477635701769356115170703313643368016416398879761353787885396721401460120094241214356289
,27615284399532427207463573124149317864692407142310645111636136115411725229422422401134720993160493150546120836040363333868878160730883430521
,40178155219546467805860689115373148252663044401541473320606938794406170369832084325416809768171792935628567346566096749280321487002073689649
,45712845832064476909251288412537780542141386629649967711230003222863831555000707453689906421700439212068044560931077031315106846707799052501
,62163786899141123804035856863702786777361368831392547149204513826055514407655774225623351477580625389977731073401965969443439949168107041611
,167394614336255622287892974563562062279515450939194955645810372698957070837766887487273372150456980944216508605805295762403884169162369962423
,167533981979589229303821877368142478936373365781547816846730915136908091300986218719708812171305110536487800307442293417476907051717464960921
,168212738301337027073154083508433935577405584101291621861907880748703577973847857874654003577846169564701671471428473799838775667307901758257
,287282708715244103685014077967167854244103153501447576012208890261261392713614451150289222934411457607080252131792042266424438261450262286271
,689446492881618336328109432708356177701201033295524648341682389467628713061286698944336488056955742457364564837248234865096219153030243215903
,1114513219367157067542813609361306957257890531134775327875067038594481393220804051366788787128409731513666376851495151281817670381468528387601
,1134356304620636711984590140004872867707637656553477868088332827232327817246599436421849274415449827994213301631107930754576248328791038934659
,1449214404462850832983097219337627699461386738583817150515290946522233009137491046740249004771767347649848102969106529849175479122928515788321
,4952443062243070276982618235553391899025005974177841614150652967038194584843406813849759422158280687571671371337185220166834929387719842135047
,8761734086406183633120465109143296895545062008875786359519451147482288844544400195418180819118892083596800970689408552904350345455215086115947
,15802124024172873792303693235350682366375965661762373867087994274139565807361802318222091465908290251630410821242226935201371619455859420228217
,15842990587008493739297676054769038649325880833937950254112552994117792912300898986133488408603486847219667851800010072028468220254885031084361
,16844899721257476469094844912430951157265775428598370910215605345938441915808127523413214283774346898246077064128723559143650582197058176778273
,46817226351072265620777670675006972301618979214252832875068976303839400413682313921168154465151768472420980044715745858522803980473207943564433
,82033219963138371097689272308258116841679442057301643873942124991182012434598644913857356023840478815121709542915222280972560231358838127531337
,121474086198461393657356007166825028769801812472806205229171807377392422486823271336742746028099490458574412365758761072196164774418412751102779
,151954723447998122793335992986201485503560029294649608737848147790550897683035649198364329558882571370008027010171712922438101655666576303379611
,195920687529171576555300672385470166250623280266703304635671992921731179129016161194130967511253607665587224712048235784432328374162911259096633
,251086738251154096972406810844747949762035524178595675929170915606850110959224676215815898957406470467234237429325630890565682143133147884918697
,285839350410284351941588380267693812631166258995825465814552263265276736767979551874964500526866985214814286609216243961894089704553236781434371
,383003969615909353819681798280650929437977352050577143468078740580511567309417754555240304080098692276212404033162240609995534471278853992121177
,780437137578998057845399307448291575262878244279326173770048941511674421900523662965108755203876257395311476807561386644906100884433760176570369
,1506266191353267308792772783222411387805690822276202177241531492317533376973713249112703752443027857966900747609341731488059823332041190280721681
,1913271974474436987018582136278143692858755506892144262135001671689195224412824270904722822185690996024584250255365014774657849689408664858642101
,3316048252617817473998709090568674582040004666067355247385660504830270394645603509188150261871042259771904556488964120793463810970755609202192401
,6848918993733109926972201377595181866546474511655455846848109061848297408310581943802898952286309038920391487751173995996969370894994082117183047
,13307293644989926855503183079276784290565688582692135767130945147226822516757076633431114901443896343698334635540215594678754538286654095364149897
,14077694954404816541342489070032607197613433523304683322628899232609434388273916742394892207441705547537018188521285635126141646218102390822115051
,16759354794116382126548640487565749171438234281397456063337266262797310755823205495622030701926460572271107805135399580486816070597060256489689191
,24616019211889325200869055218181070587968640061220328510208043399177422314889351269580238737955397055519355385591659502001884424804253804809798519
,25006596829256741460214169653933852849128490077459890197421900490545433220443136638425782879171530372521984642165350019685875922245867185516694881
,25319805183489042487156221096767958835909341111097087668817007887186460231678267872101668787950577618516608938546123875314864353811603524007549633
,41866449065688547732334670918138300495432254381696818748989283844419920572286356810694501570678523880104345359476534651949605873238987445628114071
,64116259840813614699980760575349371355703311586540367835792091469556582147354530544368306616998169034456205930673863455290761864339024209347948361
,92305417851236773758187001276904991441004832226292982967386157974676884358296302489037698908789673402780112396877168012932339190104672007306077769
,95482410070968865191768412358294026835991889286473514012036972388147612426015631517871026232947329466465299340312548220682242442302023038651951271
,125599263638745538809671332403302441809894017931778320844431253735603483061516219737341645639472522741232728373310139280794623105460807452894601411
,140822952134234273374067351544557763754592639245622865262636576426202233065039706049223872850755112036621589304624408206149969754252183137397412401
,149143961445415366726465701429045188229984835430584999745342337665883443483281030275014077381921819459838500763798456187982667055767071001299885801
,176679585609523570738390485300032226574636113551764802696858679290493248637975181698375345266071339451988060044492896355388096556042081983225060241
,202391023407225681794615256965768289286087774094547917827258447102891319251335420715127869543187362219036460777506377113516303967022865111837907877
,437132465943413660702686151864039550227452294488019446708578944533056499456088034550429379770729594712071066859290963976253884943867357239818955867
,555421679837145268212070983375392330541284811953200167359989088672931427983485190829495630906006335018480415119982416170421806575620947278998023521
,593126143899869368419304262338734499705786302707671266791542046702242931602971863440562080540575695868957667299336230664158515871851454135905148161
,1047816797223856774231159032121111173022497655790874881739063256794112478986702033876212176794938372885662159012193724205666847143310343655218203793
,1245111485859763703314041284925003481645763565186377101128030771529987654282245478200857354354956485301830171740403490119670668220309706088401669351
,1322830131185732845490094460922824805017577344578674050664765382556811961825263542866544375842267537328661201046073939078820592496422910371429506041
,3186418650378855816266192655911225553697020947121667130570638415384086800735996607897963726061288515062075095074552286604510989443433986867492469263
,5415910767012636547867388209787026949104914143929346048059994945283395231628287670927219791061714361807641818081009531033919139461833139839103139969
,6294062564155265648878137815402892949373626145283359299146158531556057876270024680195794206802779822448796426570725665890591009963120644341797918537
,11066879658958504140580882643022505373143434957766965409429109554213239255703755480352587116054159084076517589120074729485983509656526698724748144761
,43617369901101774857307004975170298636015186395240195179969038775089819024483468953397517080225634930666530955696711435628765594426839203075704726787
,50255264230399761715939596363439991644651183787428948996504696479387781544807299316599601966710032091158008059461157412504064176410511735293814036017
,64464121918184392827920071850120625945685258447087032354384034647272246618418852120885359763361211749789889305064674852756942551502411444200151955707
,103768924862463553185331396477787972608664854779253593772981292461038998903532640066344488848509380861290603354322045091099493546232656983853779305897
,136969087297569134279113704473135335454160626606816036003114734862457954002771925683114138902084741850922146127162274014967311278305998518633856242251
,149431355890467239648095156664690488069285143172114718390216583902778579773623713314062945520349863081011845842435964240185572153585337887649273862841
,268580515813837805739085028795525991427028497595809336993951780160116207212846825227601745116689745766453440066138207748895361400251929365141663530241
,356259709855840347814184579423977577883939818854919827419470712293459180335618566367184158250790959263766858787438019506310967435347190178144994691161
,626322472637042112379617556574437460372478130091490111806135154280070248067062629972139895896953692975358576879266688023648639640273675162065398163911
,653808671299113056111001018542841523761991448586791856568695751243639329591800517371853173041023849415855456598161525027268946487044402838962062944417
,1045944056823092156661137493339854233816834102167553452688251895249061491745006101778593559572436550035782793057520793329270658028663041430868450230057
,1202854518111462526382709430298818021637984393535565029310805880494916332091698095055459002852088656047050825979586276027662143624550820165697324665841
,1237759397860761078663675245265933946628311911155163607046752889205396325441722880875457480984852804684553922008074753076441560514465579828585775722489
,1477235194922507294595076918315910105001104724412786212121852508980587148671909641792651629666408834985123755341427129290103655942385192529062001068881
,1499880353767194377609094494397700575495188415483528578229421025616319442334213511407849468420747202400448847136686072102119598082440903794953849388001
,2026369123595988810004099506521517256894109398982031647011433553666968990885685718054513626017408660562661279638376640792313586236623725014497438823877
,3118748109550037964532192307622492776265971273015781465021631456605675000404402985508908226474233513720934182778919246372124400331449796008655939105107
,3465483337755361906958091879826502868037078500611806332297739116444088140329954951454922712840583471069049190457134828502124718508893670953567733661057
,4321503963921481677500172108448823635181233038594026023927994620145511356639137464894721115529222820231383738196310153837038543004122600981536135508513
,4965395030068548134274243124972075225434447114375481299036593442726326832727934403424309955102162841656341524725641213163998408700663382552888660520657
,6496640254796072123383163881630235824690817513505506550211708037114036500104986059499117057733859824114130039494954957483406040081545632522969840202307
,14632649027354104937178218691556937164344294704827978041359632787209002090307457781128444727248612467620512438796155940656133940578005012551066119705937
,21698965559461003965073675349879690425070563888163817782536115817713874113945263812490629925867658076950469188382253139569022738861697946929865939667767
,36041849105125882403251782979433979612241601778436530961540206193875478351747820895541744333388857961824645111337219580015979608818333102315191179602857
,45585352407277873233201570686216987443937689352763560182208510919640512940450740048217379974353350176275449567506472379764660105306031878630761251841801
,59609913969069810740791683261328885356693300992238763647073438106544346031660581890774370913059350849716157244157369339819489188855956711349028008084711
,84817190030445319805652979423520509524802457854057825034735762548707549000909885497416423987079643039576481929291741498034406886767961741874624516282337
,127558524535675383756270684374774332045734549459132614685964576226635378461716973531314803851614125853743668678226534946372745304617998924275661418650053
,328072276230889358448027953221980436262168120353513572759840688545196891029191248042929160470148166585712396327021195979665016800003665048846477940552001
,543141777124858023141740676056391532628542525445012584947379190693908729917585741940014722012906366626501960858054140073952915747459954380122490897397201
,925716423884160633536519618048245338543433164869345417496566597178327107341124001360581535938734867002908372737490797287890682979505263574536862691156721
,946317790244896785669169827069209173843075744524166818096202587208792212855780410267013963190535326196787936832401156287297734942184775441555854840374987
,1002877602096860912994658135411150252730605177753954452446360142457390598541985147896218302589806484168961463859067500637863331674650844683467971031496519
,1051662080099391159250990850668031334695175372192528921233670913813412325120288431142374453093538999808223119264936281688325783724087706106729415181782473
,2054169584332129218700501849247550353886631908850079119169006492464800624108594135102455236373700118144893695714668439151764413273896502712495731902129401
,2658366024072316071283605271306685136002288416078245485963216698092005466161432741639000036366938852525972998511846029579266855740464537064030620854136001
,3736466000478735531744529269910404686590249432806808172410820028453362377924954475050904726442027867925638633713537193401016499086945743085700506306097297
,9314218266714931205528960876565196100857164801943535812671181778549914477901926533057530661037456181010071091367006891345356014589664056746236174666765553
,13770371461214502503465942927638814846732364355600391287961198163212871158551639640039218837020291853507373274785687320031367152135606940327866537608374707
,14704310977488874341913476197097904267415774946616313923016351119342055262189836583327383143164509904769943490657458018679109514305697811863653995781888513
,36405694050917672565560968838488232048829161672614057210535304933229710213425591506714912931869067326090771487250624762793120307586986213099212376507982401
,42261171273403460239279998738254492399463294380348700232080268251998273121642784329665661235147146551835948411716337614972797973470153662968453227722418793
,56146314991766082642632333152948275734351103326267414763284183801470126295704742512515549544592611827818875529505418937287624990432022105096260880089208311
,85864324525734348016713046438696857140658798817727312723565885065418434181470572143299931430168441030111223497122185631050439576259239768803508535102238369
,106580571390392858011316724662926937341654767043932184553828593369852606968233731841375311345899386700986696819958017611865775733110490840107063112526589967
,304745088328110983702400168936797552381940319437873755865252888831595154305877596596774503834815878674810342507557687699485906207759886361862349383946779691
,321158771441991365008618143988870962019509903771847355429915286274165495912238900398119849363172228694960633750466299647762832383435722142889118616019305489
,398578053019900248484894641069552407356642041911015002155444120375550992339839514114783311938330588905649621355978587061168712835401078826700413589317332841
,470772889347891753894848105243789217710301326704247389714521154467591283889037042443973128895041119713324021962506767036488831747747963841111160849037254561
,924466657130486759276604452321187493644275935040035053426748009315438113775248713085208863427654989002625764391398780079659719828420981829415278609595030263
,1079633141772892852450713464662329764119217100464362618290526362027911012565069142996396993157133020422681868025602819574600599624729277860300320636162145551
,2055381304234605333452282646930044372647690196418804788358322592747748588329237404925952936974379578721046603398421721469876123703712660894043225321319960951
,3364863383830652366335210393518491785856011463060033034654745068273488710285685703620428197074067655529662828038323130749953734783229767328135045029575767351
,6864797660130609714981900799081393217269435300143305409394463459185543183397656052122559640661454554977296311391480858037121987999716643812574028291115057151
,10935039603457223930026068138268212812482601727481911326232229911799266958341862951077343379443162529093392869819337559671165321303898435382582250258622977039
,15232800560506598732705841312609453253141763354469251324284205104092339995432215546886155410230942751430019262039222753876477573808589660318296127368507558469
,17371272177127021455555247845152390191983590178753610670754663772470465141883810245027213056978994392185304852326414897720257043458170680407408416583187319449
,19914545606272428358767809972331695315694158328269081263127932255311705972173453434460753860885094192047205572409316020721836297489685398885240820964587938899
,39760236847989925866972456346098401045759081806932549580163925424066737427038613818550817379110080176703469132872154250474966124707250960331228232944753436001
,87480091830243320227861319320833898156034268117457157400778645849339691314227301131825140185505400643133270170816688331357283528832163759900628966261162115041
,95690507360462535775099658477314459779397112691464335566326639701783420441132586004318240645469689998033001772250101667964334626162614979535401638881469340617
,282772389478631490595364724399462092186501348562627650967135220434189407857157380221801989783773525998779150124067212406250974718782725601626594238084722774227
,646392235940742900958117065580269931497746062218045403040993712265959712718337919569970297686622269770263713624529291854343863666120343783029946608412458623489
,1188995794440136688945837972808981692429762087281551483650238280911747423993171921993373728226405571915204600029176451982916546583519101603257244268514142740353
,1537526783273536776150319235903170205959819485321159180650397325688028293946582263261957598097436550149727758914860073386697409601201694581574168811926672318471
,2481870565928114542820485692522856193455167430042229038500521096657929324135122763377383054179948011498891605601585600120367097139561926596918833373755067060931
,5206023843042368828948469967581116653119972886063463598059440618656261423406957878030082757868051560812718615018423556212282799162532636923236768206294301696257
,5429533351511805585006658722730752029745418618994929389155633015130320430509567021365360669288545765302272826886245986653265463131015764805868334006968185122233
,5718039518555007627381367067387326475271823586132366619744957152669711690408574488925071259305573647810815919209500241631788149240057412005278225084826899525751
,10797458367259494854086860114087287149410378953178105314193416738173864371440489557956736440774695139495912422288616122911517991756455010009704385903434133180733
,19350370572424185455314002378323318922940429483322651791752166751691440923969086180557199732353808498909523315806368808957967400341972655455924331197109127840857
,47033341043524476217057462384524309924269360489058003489046694415687644576407006664519499040938318231607734253389197842880246651163585290369738773389983211923401
,77522119216779677859712297251301087305241415552866382907728870916006175843356275717628232172561635264557987996259991243743214704028057857580118138331077949615091
,79875979208782552514140788781990858372743580030648918145213319147020629573298882128310704633251263481770396357182628957075686893524918081984968271878981279163009
,129573088486909647888452129048336506226033528107479323650694682397527083002577061812624119498908393556537651518010135324453281270821227490144292848202391328248411
,226501461661515447957253726132375309779306360533050618853717811601543656133325212360926837679205198585809829711846557494999101690817439868476655881807480779541873
,297666782975060589791893277024611509655023147165238672662079633327109422297176039465137566392998939836163129724489087862021758664431320982795839065964536485408803
,6768566277481782964196285648625716546327710467508659236441869257034363268017838312415732307814995874354594188285538901828023129512044592751586032775416803612694233
,20077766333767809545929509169779861643957941319610481474984718029860823425389121128976036281500068407892095502512131458144189245313217735035449701535307753439503771
,43926507332052892403112886588596087696571409473110653197452765943060765474318911511750485661585916482946608373564850420928269422425215398120738660921399996918631793
,204200112378460545866991046946853504097531505404960771349654760631941934450676542327631339414693370049509695032151761753988347950626829593794984841249177799019129451
,252259792202567394944822868291124236993914364064096232588320394782508006030187465562496778644970103203889333597813657616865265188603567269160341216279419491369912803
,588396322398993946602551002262771811630454550239765442251289994135863923618684318723896221594232220201844883420062738236866429833638943225235373471994985085121565019
,711718443060888357455104383759579899185453159253854240850359788937324328008225366876777905349283339583535597500393178373807851032788989008946432082299780350922963303
,1087462356189876289004689354796614348274006078814498030640327092526658434963230524957873956666997547232750552140796842174321721246657755700352130594440092712731927009
,1222688431595222076535249841763207993162767266799369907694188267421813312899063400315194236020525233565968411452328361172303796011722674004017116406857372481940574827
,1386710889977860761855120875502467305422549892188220947147195385768541001029060920441867478573833375112849892693298485904799994156803958052736345888344997196923047681
,1902478677125431890399350361439106316957006604821861618705954580455040356142430900095610730072340419030067829095537348330614275268999983370805417861204710738562929181
,10505149579279821681065340931006184372510615069725994892524670865250553224629401815233232026685293063904698403272503313079664608631664645408013558964400878220884351031
,38360331957525089991784308184741477610204104140635837666499214977790455569983287784154125967319153332852232926865853163258728318170743639516034496795616020547291932063
,56905880427373169201499976170437541797338816584175809062906226358981411068873634972715040384405833751496299518762064272080124595726187987720746674233916174631450950489
,69482484018322315916159751969959426322958102053181189072049613479182812264411792062681592100951384370452172527821962934187309837787610158615723942905703117530005169441
,94349060620538533806038864524706722272923030510411010709405157506140604059803721301958901240218896281444763185086744231830023931842905863688854615311926972570714033357
,95104664641634609800154256518573860867317079178865069306413500599311890983951570555628433762809812588992469229648040310840190220549044002214914874721658907752741167833
,211100976735299624432816381540070189038569798934561480258181664400787501993773820005712299389632140117493405392394301829619850323152121018550810711999082674236194099179
,246069378973727901912566868043134049218993029058141910931982920866706459410999469924124397387220491041271099501232909950335243090909602805756675588906207131995358478673
,269734126904782235412349265983375381392760280808510265366072150307013856728468790749550588722768902739056209831684206720212714046524559811014627955085747565714336060673
,459257286063925630811160985090378419786579338758486018435312227542048852027904911553961984375019122889036299740037686919520730716788991321584422841229751133443588278401
,811838362875749000047045370307528756015249707861798385910598024828107320792728313897578386416339056669144506367786420486589665926009785110080921247744211385533548768303
,1204121634254241457419078996024050770490184190631132630204978434891366126257548378365226094032171330236720004756431130892605864604117022245682702541222486432346847455601
,3626473586576751083780403983608455133977911408340049347534024511493467697821387140935005856997984102516090366053831857932883641038207904254471933980892253940953095354611
,4415836264634582756028807191151634614213330495772135458685379110499451245867913382612257449081937287349586743525992661293439952867020806166128945212931376479040032937593
,6038339879714466163586487329581230225467073952666304685401930080392998659827438163336248625170473444809613830523763336714319009936637956595096844874501190241674865724621
,30536802126397470318316621045380679320016710749437614138354427185498918609454632260850399771632099800837845162790869881604751486615387687799155939954438820560378888817317
,35918090777384865164798927743336112451646285467169557720736217210179275530954397485985900629666027383621387504970630739382055224048188128596057830980706313234770301455553
,51049903050598156013062477654241640657829025002976204451060261008689478158715729745160924860467530309657376827104233308157772350164622158651187694109112727796663977157921
,108017532617736915133406584684682016398182243100347598313436462729073911856247557922662614974708675029796424611721425364738654561651249349759454300640753645387500306111631
,330180943467844815199525008542209334406307908016484842019975953548042251864897428955193192919262272255342601623890982717534432034376180217147363365794154372260598971057497
,388681245434555178040304037498388111255149718948082513123081412986356790468105286823145968792673325167362315988082015725832111525046899514339119511003116426129870872549431
,400110705150808688646519277650253912972686507528338063436895455810627438321841258797863487473334350657576883638644344755769515400985034033874002349586770686109939921555721
,1003680808409114406949200032072956722104424744224579229109721901661039865728718512577594050367253459543708620837468890154135616648096580401024205825548328674019263872580613
,1516672492077325421310110560845572404712870458388265156698122349970491269907161540049558908192000973880498619666812180990052099333118579058162494443921775737563349034709751
,1724286786401118591802343046933388914018578356675024734214005145128296186675074151953573585657883004113945121299296889086219413058623429266569078368454277398861854249530041
,1884460498967805432001612672369307101507474835976431925948333387748670120353629453261347843140212808570505767386771290423087216156597588216186445958479269565424431335013281
,2000855837923028645177751297799150906516677343632363378380304548456906426098236136976939135025314728005241521642678374653211943375546399670401955837675112165862433212556987
,6182632110964721743166458483384098492878403880223339428396790899726097828489536967815993231999018885776132717820555820203734232086560420355448958593666004848425689634678947
,11090587709418073058873121532290263371099974385301312048699110256235279898953779208852574292305589938353242166551505231973795937381812374530733039613691398140158954888306711
,101443667859887079436299954591196509470951314402656004727572728852322747306592549750125406592460897789636565968195526159310172440134942352533411032672207185763232252251633819
,131230186263995025446281321203459663051555644259619548715505179583891464672504508811561821039097541277226650123540190786059566048978061775320822176587990536973653661196470097
,140080935347599525807916753409841603960972249280132785283776683660072114981600309883876907940369300250274478096460638431743278164900263192495947544589850178954583455274090641
,148244867657815410685251025382155445432460875370335602150996589909580097524489073313159227345391307390452247708240254482878830828494841709447508662091300316342847949267849729
,386900687933708186379147308483268398745920492643004375963916979154326356639606794849171197477670087060402841855172359871333566934499775404146341372739861556194714052238156003
,397417614365924329989587372997124297051988916219727045577356807323848060054425138185309437122237079369665391849778172698449926207554045413862091949387503341989493193016679601
,1078379597427193434539292762307593606703130118350960579073449351622478067510583547984267416251891593891518746272245222135852867613152215371864891399776621506215733987813631409
,1468740189804690923425232088264573275022160532415773331255918629926081843453166608661532611698948364558477850211276407281371277758676730864523825546938561927004984028662994621
,2296895895305750402332880099488459304765502141781987851173262193685200238298224618726923957461244708967683401496288133285769075980004540655045130064291112765644566548634095169
,4690120849311602564556255474617048571470527313914763048571068784867108772954898375230892532182637709053162102286117231872398267942241123161557552833145010401132718371597103957
,7898011128342402474566366495308630161120276971075150866263854950255578937868647810332530643925776460130569860336373429209830677062625940608811501438141971332549710516194487953
,9468219926376610351814630667055791258927241579222865577983532752324517780609767507897909170281482115409756566262338855699794413125837039166040422263601623990310256781862303273
,36286916744685581068053524943868129444469550629605846584183180403105494214159754499153570929912542497581617672373147765660864967601518206241184253775940124372677746714387166099
,70608721727143669397329063206635905775999573517600208514227485669740369666408575629751102037349451112150865389735314089035290166062355682155269191519129255391994759567685696649
,84892898186534088353943824244394803118777797002566012123443157059711907092121924273933210677909958695001910216254462625698522463823175441075694519828082323633500399950812540257
,113142799252453400220392999832423508498728340683265893942884779891405154616489685946541744845361233716750436338418830063524491880812827227290596039580920461575454031931161719113
,527739642811233917558838216073534609312522896254707972010583175760467054896492872702786549764052643493511382273226052631979775533936351462037464331880467187717179256707148303247
,736733277281602272597319321214031796144024068366410251287548291392259570272794314090093001342596451595133086144058843365013629333464915335715728303031159385283835550134447566273
,1216313562616098762135217698275265435273661229571120010323622445067020241751526057932838125587458508301234354287505270654943888020130846513681543622584944280714907012115205276689
,2197796013168223266863913105781722336501044413518755964466323615678086455512820203700083047036787039486078419653789296271337852358764967671545458582390380236321016513252827234417
,7200964559880266174157223713515345375786442107257201936942460301248608097428061518078682794754267412326389601722982929011560986986540564455161820809601187482593072913719887735073
,7594004551096547999179463238253277608408551842349178585348253250587956551067376585047146838460053062031857560274526215489506987609629951692077421138401672891750091230149199518459
,8365958808227808384097596499377341030267028705760376399920388012268635634106742784735560368132645527979967389375398886546554802199221304636536176436401174235894274034246448282591
,11246989735554169910157052118627590986643787374620111293830755124711418757847078660011780338129937402867290511782353261797653343087702232067804018869158792761807711427900179441953
,15255571944415415288648558322393974819898699383244253308807563712097988277253338773528334738776116890765433406659194077876452761306660938631937039831301337084783756630152608542961
,25847147077496620980261149742884937687903841421409507582905740481674714428821016283401520254827789522782783132620187482944241147240608493892815102276468007094087784472618960171111
,36974234521499963467807662824934233246529122037393670828500067904274586417728478168923215065977320060245194164055472207721763474750616288472039957052799825698357495620593032955801
,41735283176555919278680707603233077758778721294120812273925098560965147637308826665759360542267472673465371041225775914144586411946589013546519670342144484365718670608490895241681
,102550146860255526101297388116512688405087055342042127103734791437428154918641834551538564078084763246635542280778334443750922085574212074530157338374245476768304982405585875058799
,428342752615698594294403765498033314470496711697736394289265311865127366827894169175052256538293547020673351313312454692898374982968051570533586945537933945813554489408221027542209
,459709895269824331735672396802031849801372571568773911795384370599712829134749487439682536072440055724150706746160160935572856540609925426979936788766361822282686954831571255826921
,2257436864072202827294931470522533993043285627898784505166969671947021541106719772338571902055896447365119452059422036426917626910690428254442309879428329624267910530161312222097351
,2417297545894225394648307430671762397037932361937065661702361843676810966123115650599145842753473864548487000625935896724136580143808637710931982018537926073004747114587813696777931
,3142295859237887574517465251257181025776306336297243853834092135426385319513793789633063161707962287850723375352105912423773675652592693020672335146504260707272002403750063859026161
,3637931457649089717051974017482661831024610395390629610955096836989065478498987963966866454094670282809870594976312548149976917222439736562085616362635853024752959363347811766891001
,4183276286846278586629733308737894767479498689651382588924617150884387823267064954155213870857304491246322977808050953910692451607212427048335224527736990916384158815876847764859981
,27378466679521361547758385736100412777670435738103465210656013540091115840674884482682112352232131319759943440853880156821347037178949851701965170937965892987055090595871875556719969
,48215097121156108543119614270610794007869403494274343520396197190214727056214122675454620850659755699688600015553361499147543262717973907764384036585016023283814334850680626799656133
,99139504899592123218571326920209287051904818120646295979069650582652538073517990541282602213757949844086988744149244472725291477036327962245493467124164012720108873878287197285587107
,153919859254539507903888291220522793267895167994955065764328888096002594351378673515961515690446255239502568695025950804065176258892972969957340201505558967880076804581992398102614571
,164336041015871306274851885637048267636130221598209234174348271349489818243665722726199862820124727189076595767685880255976556558347960365095622723696890066089732152135241491681749119
,531137992816767098689588206552468627329593117727031923199444138200403559860852242739162502265229285668889329486246501015346579337652707239409519978766587351943831270835393219031728127
,787686816377606886356314509434864924748696136231564258089208007694376478071044111226935727729217244481436190254036272419688729494973946632505919315704529434946584234932414183098914353
,822976161770972830930301003163428309173701632995322298332566131941218475319456934681317262180441560179196983695741564512962292828041194778466080386250032973003303401916055540200393303
,862957063918978084059668162426274997250142502405010824138165689963681823352084619604823853954772794075295399271135697391016444264858802201363466040579309652151819118896970577004136281
,2627690265061759813051430041970036221147052499684713186298463679461901867902579543156250914440022313989228545019390275432089026197288457466289193863588771122409827598063673576439175761
,4962373481716719896296043625951821372220926249203769171216282814948607602028708642244326228438973448734499148342750458640089078577099843824716799886262233220856833429541830991332396489
,5184389379760054727603433159159470407656244006527596350777063662439483620176161139216499756452926637836249337016259073526735375057186656329386075192152638214615369435020723715076009523
,5722639901912323452772277626272891030967980771508700356771244516028755776854769566830362016083515675870476699149723550666272844476536881311481378776854394814342229217377477766796618801
,6798566308054618863226729043871598429818791906906008616952884968965165566218908707061280028942786735567620573615483003373156134599037061786593887711927122601408878992751613525311147213
,18059737533831967628753030600494923685239649421082387578586896639176863286167339571925769429216406074684318389417289697535247751267484581593354711595487217253706145188154757579487195161
,22896492725473729252775049721372386001517616720738640677702244640115992881686954509887884498034915413780013699315805090463370326763073567630359469495994773510181155342534075910698453209
,28853486566044716790916440440728352025720351849342963364018924892805385933039003711918796686235529452064890963892721977418465424189886004146566303318012830021642207860784345884513482497
,86532471765209726038736141034817817651258812131449686767322598259940990736831029762802363685954239249289117050777695220400793738484556498848393142002714052869755139135571737382381527767
,176760618608026316894028012423322784285901728604611071832688818753291150395444534228003383438939661460544732136333713224782601024858894425326204040588199695296240220061297908834926990491
,474016108063947131387824031448544361211147315919134167277304942987268398863188450121464807139683507494941832155907160286729934443766749188041143133287858172453498341506868246079166754007
,949069820276033023975304810210003652256537532875849280361047558773702408224321319905041817046722646615406119144131634045991593509759464658580998859128828389455925582345409475580174885659
,1737449627880690251595720971509773434839416433962933088550256363151433564424184235036716533956588433095081958412139739283774089341095270403988232339045024984541371228013713117350142329577
,3040337788063478377190158213309517055425506367062051234332175073271491944476253598560130513437298188043592760123289490911072768829866157006296212828722768023864677846066272448860019558609
,3423197779767032454333548946282010943685553618034569068004593250364030282947141183955308987831088702724243552165703783298883841912074615674036301447466850334286910584312908398287319654281
,8923613716343045335466356955530999435422162663462596131888032215488375825848018829047564287845002013075724298352985234932029074583858040431943816370013577608497700099852955833804395145047
,9161042559527428336672813673508753568816631259283898156533266819390153893583551939529985707147047355099619554772815721252063093142072915790349592690499063307350238450587648794620091063201
,48333442036609258503727864007974313677260695993650511296767874530946959404195060290472930698433929290851981809033610906444151406024168255400789790820887392114978255633218574503478184221017
,58301375767863162366680851704573503546816729185960953108493263089593763746818607951055535074928731290489703549519850184790422104821959677098255049834123732409275775872345790131383359977841
,96244870497223503522480747683045084159028345843468292607506492396913264313507603279078472844966206341700510434681384648390413005970220771969116832738411902985210423753249163436291464153487
,136364260462350955061807337963242197493167687688479364067250955475008708422731598707787831617704017498828261921599586128766571055323409303455188555673114202934877515988195740967406991575319
,161007303601836043375801103779714243355988466245050009088529735106664205016336396716599106378868686243090565214469484071101328100814428779215535723632873872447784907341212022115989512903611
,189082002075424011477886614301549173695428071625079360491589557347931699686614037217967025482947024934550680219857180086987660114598776063501291885620576471852271119148564904838110302991657
,296084343545863760516699753733387652635366098889116410731661924253563729059085336779932810899819313612925255002666691226800507277398580985624625950496168983999760414855301693388419156899841
,717380630460226230305860936849190480084224719404904576848566002303176824107337578481502878716197281526142915571451045986237554671234201774006774449712687051888722024398492314919663183687169
,840206116324799426216070286275375513725415627746509652012625229148320243174751553925883107911837388609909087738314826235455825408352865590597274612705480102333420554539354529016765762176329
,860573414369008969457638101533827364704684164286188824383996871471626764468219429432850649798234488791036977295952185305281368586922360240161830570497885830241813162641447900350702795124321
,1244492362113681306812690815620988152630406264476403356085713877179457161577963133875923887670893101277580917199871958864155980238422481890673167662587952242454628660187552849876577210547641
,4276202518377048758710155342353333706768924554871702146065458722945361455046432284334859214206464193849093546239246569628374820370315723445533006062273968836272127051941159287286772618435201
,6383201165041263293438818852856403539005299068589206774444995180584831995934830825789118948375140016863523900789006730324087565235864101955282593969954988634176364740441107028178977211347727
,19222707828305613156721965672368613118294509978755100961165612010156863915199492410879385496114055911629525813077788435020484896816849672959469024401611647564641578109710552108859620350801107
,24197694508987883080972358506371712411450843777575576412217466969219585984211736903798679800772081334203367180477758011126973218442556880395784657946864053755810895062281915585067959332221873
,38909294120700047008679078771681827731383185592772172749323276924383933651740507684567132043547830603578118095075449512159106281016201881003961589014104155673384664013416415682090292976696457
,142957728761683833470238790265298179102444590067615557721879324956800428831209128865085355236795240041052308088891409130864311430365657174811013776116815876813091312984662467101769141116484297
,1250025000667512181144524629321054557930277756412554288015189953974398438550043010916488500307014518870391794065052730401079280063125166035462903959880573380258643796318379699315814232075395073
,1721426293497261021542260015597251655002226072191122320545489355474709766683781470515044276503369440729805390719713484867114077486939823895199436576494739346256325325355237694412207990189173321
,2400916145982837436004242420289345631534865610175911426573485496507864258064332979617069639208994285778894797893982121970491613263976905134314796104041404253568128560418857623524461175453473081
,3723404798384269675021084994587573663911271944685322380716354371429210862996476124143841171074596336218041346365544839392061332493882193841564256787741260227581152227330911604611375092105591953
,3776968798033507761763394531144137475823452269721217486102469690756417027873220851862748779085134892134453387963237122914026663059427242565095267698122972713825870373689116823657589669737254799
,4274726008515132323767707691298487026423097441097281313382759357677315191105373606133556727060939973974279046604272190237363602637967024342996594724035432325738116411341053053330402241269536737
,4562440617622195218641171605700291324893228507245438182028876525667893569978884220200164213174708564614819073524051430593575108653369734599711524539830696967835492067505764898670589213094707201
,8441179772371421674531721794594353008353030118334743354032430660959885410393084115403466936567108606224167769656493706787774535918393941226448672702219851771358907046077397989741802317540857031
,17483454462269547295545851408482464869612981041965785977139422606994634382399846296875317949359941756441823151569294695272244457247709444396578088721938935123720792960173698342272180693880466591
,20316060677109640993919194590743722711322100526599724658262550879063394082588862583335699474296134647913460317015416263989123677476050783460212207255665904384863812311155658067705466659669436769
,22979334414607968998066751277467101430671820403372859292587849702513170399675593133714792417341640774714148754346256850096865042304996315427004149692822442315169980612547687634578727769044187763
,28522672164622829627575030374030197153314069461150364225257286599127532180111709568670873139355789096228277709323585415475855701722016808524383796618317463083885708130104497747605732353998066087
,179374244273045117021077022184647021476182032660437988786574600473970842910034879471291224600332653917226235423817351425906893133516852935492115938285802405198121479839595497642739044509514911853
,248928572781979655164343947017789964032556803562703547086270702427780243490112862816533202443165947669781301494334260365663497778355907439660523774191236603790320611064489069685346279592428787937
,2508358374329514408208641803273247561345765760475514489484506210967802108547016981321551058704418719221672944657421154828370304861394989938899883621022842944100842330364040607059145778740334278193
,3678189694282305641971130385959121772998099147892257788407240249468516407366718189802529983965853532525577693872875179295518402012601812750259974043187005644937802113983080930614924433928388526539
,18380739748153493606851394402571544886238231028848674833574643782981208300278380703425147346468076075721958855406956463958188224018210196198408516852367684522740110117809927476441738782109460888577
,22885916019013870684780823812103215790562520450887078940697459225594064493227480393048764730727113430975573008955632397743584436374400979854298627506814739744335626253507292178334556062102895878327
,35351698852365362729277708709411736429331825475280098826058592241686725380104073693172180196006134386204303478188597578277589346893015099734841385128698761272567599243116243055438794350515416551841
,38266748219384379621589010414941080183500064120644017364857128151017052806507699441979684242688777466949161387460644854335074051650302621622691251744381473444755590480980867424490908397654742448129
,51666967753461705091916178229141973887711385101517465859014397524519478995228660201881620140781567442146632231778502628151606190346131221935867512153525483333859787157591252840453085716681312758481
,200736718199208750577853040074440411495255087516800509885082946183685272140349779499175214144327303408692397388738659432546538866547508218120281154289973344052820142316147890975817174107160961118777
,258688927836374719640989482361813977508267815002492614491498107170496854802394475882945163616472471468224513735452684283997536561420889632360708317198525686354534473693224715419864099339620681184953
,317614322527057989947345072704981820832613575118118903088266049702821600513261815716702010425887072686969424544908770001466367632366182900326202481174169716728157474866306348909817034564705762340881
,318546066432510864421008240940953964550146359805454160170583982749610782139649800826799605008947296776383497027214615205280760850363069110188256133177326304163304017678312995641260076490527951071647
,442185936515810503400800244961701634137675443165993299037975147280537306372421333016323980532350445454264440180115814686346552287338285798796833342964949518398411388087647462012283654111937874241801
,447926638750342876714691049840608934943413225990038401775886137684810105048182718735045073336636827964142417543383454679224789565485109582634930744075186701937825173936600677519588466094715001997851
,491385985756532758921242866762156623106644917422118530331003420938891536748276335707275945924566876536304701865604331503845328532325153134522534125773843347073056111093099628946561496971969137289041
,502484887382449532679018249045485079915029620744263058310524078014580552878819559139746931050174194091759513713034440650180474854481566473565110841757427470684649358187691595601060210745755784922297
,1258272604747852197232741210941833731855257332095240527500356058501701460863450835930666270197833475895189565478632457967802546928810527714118442244703933699968719579474980372595868500608837526185081
,6892477918060767169857953803990496099874726825695862537945221995878503780332224363268573073183630500367119392420062341262872218580566927371739993650805027469403348034817728695613974591485048735894231
,10400191193003085968030336184107034141247293883438834057871546088645816283797275858780133241175096197941123047906295788655507463029247276191854341083530119476217520574954072069188224343571370824015247
,11257581026576530384942297206656603049272743946751089196863583779982436341601794328773346408671710712898214773371055770561089579635314453204490980057270603204419175461479982313392503474040819373945281
,17910624501759205322273258675318602333448826006376960449513049974441938872073445095055331525503548409601960051873291117740218750718008764871932710266952368547307853030798135049715608476423878679557291
,57794867240135562276514461910198752045630734429190303431708126814589875444272820804695433466312735494619580819683485937816410564354319797528507638590881550264748791583259230266863502467485076893361751
,78972995811637906093178745779924459870712173179818005292972009971283417861446119624814668948934213931984978819766986607321903664700433710451700696380890512015531612647797565422792691035241392682418527
,111338257060394146294269327304582718284596176877769085775194372306394551381794900564118047174375315120577744767733907164351062037336722177429703584595464045107962750924106246470422626195448815000914851
,510220743809683794945526871987297018137321953892784240125078452679188592515535212261018198220942306424734402550338905905543998907950309832989158142146708664266462115666205013234650790948708097066620791
,2984219741932834488148501766413567911399132342696386740319387831501501618748945341623799151478592448166982339482923794296520062920502796202431585062708935129003573095694367591226948412863312137860001601
,21254361322402300079553100555086261292755124486122848810291618184517518938491041030355567407867488504042432242659733664468053170045925141005902458073670055095594417724396675223414170770599184707553523361
,23645562346537630029272874250006012679961111383052742337759107621636137479837303511166328475307733847039960398372771188554617791087952265038587160823730381469183359296027224954299919272169200512656326529
,24273775113526078598852580631336412954508680963058123653224074899163028541300278740828801033116289858385383849310248989259424937315598450638315068573369087800124281004849694301844287999646534860408114281
,33097312876985132371753217611188998871075010011520679704538928142607875307248977216656102691648292848874200261157395673551234620733351925069727649028180687670770804781728837920872840041623798459554143879
,36731710627728342866552138021938777226402784059107000502441998452078171980290184568488533379870560708887929721624739276585607332494596314146828057017496779052812081040459672546329591405967012062807529521
,47896961533916863615856779314839479189067986746626176525148929283646041763180791379834099134204079949930156966733883449323607238837156418062345297800386471386961925973572014804302267066163228320396974113
,48818726655897770641455878487748213160746470454662689135946560205862130761975165372714832599895802188562657735765552596834976904230654510968411861545885920418567678080273987228148028543615390465371813201
,348655529889506332995168080266197621695207643806403156132440445847666737383222928422115458029552906540471100454717996835935095109576388077939539795136105540966898263777075498442046138677774468116276431569
,726199641267123623507879636897822388783286716397839835513996475630593008973522374158449407057466967336541054199346793085537638372382353326433254067717245362177490350274726148691876679035505217465916247851
,876990621052459048209160507621870078718492673802558787103446299142176655554550129699889743522995502025956284597770939976055757876821368158307505902207871854151366657414428076167731792483878865546376434353
,993006939565347483939453721657247018825364292802518481381805496623145575525449543871013676827009815762151217104511006101867696631712848397971645249990830141451963206450371079022337958506630956052113838427
,2394292033326159706658454822841899658090845048740479600033705556820463507176917795364443183735241740549023401585967441682754639527724736575621784637675111972418038254256661600271580272368490929596276215043
,14004232085081978926505335781522227659567907482336802063699714949328255922860644789546398125019171179376054330644111766712453125384034004177592829102465536112776854482530658809808100756859597058343259141321
,15905211393131045089378036290345968496342448409491824451253107593884500635859898916532342771356577305860139204543179175540695887669553876128621746061356480926947818568239056439278208436808987404981826156417
,46544449245413965233960896493208038258562447522453448409374067068825163127719465819025888736126794976078520072962444771162637371555769482014334276077028916939258848527552093588397266826733600516575968585601
,255607137005413683253708948180961052441536127503334851250664918571377406476478198669607879665924698815671955287095941397562764113095938577026785302973384830117591734516742662503527292198695518803351730336561
,1208670933260196118391771572352970741165059697339883699333244692800719704571939527140088818078489993388553071887908597820087185719251793167079001555756406445302211321490910983040363914955037389078881721446641
,2054740586542333401266011673000050259980601485477802288866515977761223497772297196138150990733432988760511553476744740400253080461536772297274345582421287442967039386042212135217512595322688329520222355377357
,22281816803845903937962733080326491291356267934513663068103441837499399201122434244983278452455033749836267361335968893879632788638628529986133424637004589753003414328132457814844182329057783572637771475158017
,82222664176964666615369401977957394597315036057333744357623717401353084923401203022049143532019498078707438466280591872985447932657780400943772775531632192455015080231841648919889973109872762037757756262042571
,147594996994081243707599970946678123499720922888066129473081921263741851829696558587584238170493659908637792505589943171552308030537903856175322671775755780763471510029798004005396143287850796670641981073295201
,872482012399864156578461259839664325594503308397182711023941230584743993310143908133170085388863933210418933897247064096189769502070443476282930012787424599161169164133198185392656352920700542984573701444126079
,3506757267698915671493993255253419110366893201882115906332187268712488102864720548075777690851725634151321979237452145142012954833455869242085209847101253899970149114085629732127775838589548478180862167823854251
,5044431472991211132544770955090984134282493499660909556594405259712669425779471283054687947394215350281511348728591839481091974900025729584333616479636179049917177152679058163683044005534409315456855460849498321
,7886353093975892344674220233909869188747040026972855989426616696804621307532561503024600149232545470825232486562259903355949774974892210874122143260159694766648495259916411671545519489126688710252487466339526659
,8455317738915029332836546129127934525635911633112049506484021189656732761477917928066642920655772761906174274194886739339117985369155731002748545164386439429680781748936209199967240680501700327506014575490435087
,104303918707967683499681810576104164875531023290681007713268438814009507789256030429594941811154898899998667687437755145800801260676323137767543058064518451570203009209243019830587524709821335034258678634577402843
,135392687632186442832874027682560318138539339719053895158740375884890053165501734805044261763312395024105416017642249494623296339921308061075350490007304918274661396171689437400887204783641479632215329177486366281
,487728025081402424502099998104476182819378305501381562948107262433275064714058037629198241459766663596711412121325609858222851195718397138067259217236079793911409663221532353440631584169014577784937817579229148819
,728224181090859879987900165815980078123555120918430997188081006046912157650367205651765342449898037112492139730610924043627004383629756979893512871206549911661282019639862198318315114941165614771538410126704161577
,6395449963197683660797965152890968885103128338439966275531063813829964817009903573048295235284460137652953905331224660015039028556759268908187961146527246698982541969970428152229305050424175103271014621909049491649
,9615016947572769989607072838362378095060069802274652904692015567640653540505571080152877984778684333061202913278245295535919598241803663190328290902577367521235164350692278848129123081908214767754838483166171302129
,9854919458322101183566449153479281947763820838895839995719474003416037609088159842596269579184830472606655917633627936583154089314818333835867037088268752470743912314809283258607263776251178167210978391084365692201
,16908065502711550805328099674409410727446494871956294518304017448367516041524372304319810740164411518774383015140790703804327384716768358163236953164676832586741279963753232226919997201642475086923380099562633505369
,44700786143294759651633919565939171212371806265425063004672069191159233388847203081926096301341225146305919558506842081176998185323025129846867225718661232146682273101552680747841813087073285997842757039114982160463
,61260613199426575673429738006416767778719713749023281392019286026541671121329659940840398762256394399225097957785228935900031675021719278195820952267215166968529776105063059903744156291302833598610870397958631619729
,72012583236775387244518265986995031968529175422425153908818773946253960538273510673367847802647992030482741781839093529266957797404901070128504450433228045567301375752063836718657402234369864653435720743696693235529
,151058097619558700949559912138175730782955065668686376224171455221930871687975815353084119591965786198002615413084020602597091629123192366104901251378989401543278336244681612026240560456573819658515249695059803428587
,177490047806507009008085935682422722860745950615023125438011746177617133241538367617137429320289253306386754379857349020822288774198668879101114359572384946886412424957423513138164320637598749525841719729225083172149
,547333986651898072842377675163471837962890985973125246350034203217630398420672284491154994811424015534066398921894452720167394637907845175059131590798247402908851419071784748383565979336687776059475368213516748629831
,683698306134724275228461742219222882068574990150737794234664716585837284380571363959826656376387271001554774299156140965011109074940341692930580636154571691390944611972953995612038648141794508073796906918862283595731
,986822524270259038029442856603131479017539061879143269693254643655298672729041882779930348203236386556952533811039037039080913267017370445522191492677572820689523704171765730528568482417454393256593030898071904893721
,24803401197938095344729488923720776958854445910007112605116469737105196073594788673126100817862370896154790341813757123531166177419818716351024954871807993435500119544509526067790850037489065927577128429431630440416831
,35892140733409617809240531006108252770003067870562897115692980180817700602303697359956647393849394997669833196490924545312876543516875778045480863888968866987691902903539200605890682388799950837500725233743317543513467
,97424992175763507877707709291914998778015966147054584755896881783255837016412999374281145264013986049748696515423136622647352488174403160324612550620242636441380838851457881913863524385273540967010429382172447745964801
,205719022865032808136250490390993219653031792503325959664983776383226261355550956413660145425000172281806249691171945334027511110486931601004351268815934508391808164692335813260656394096339439661740865711404250951877249
,254230515376529019317730405805572760866700624212107575589617487356040132919810469667391517390678247971577183788519923938921421847335313141855986152620434520470106010343323956847513204030898305491047262329439902469113089
,604782598757273467035205817199445426044173837402755033267338385152185666732944447534778199203993213982138573302510666978052515997721268061214619152944751718441390907614743765317486397701256762477931878279046676271262273
,929107820689107677831851738128082612095378895913180366797933344470865776181874319516415789476687673031355441622038823117822832456613716236916055210344102795366995878756494555185414684354655848471059121174998695099159673
,1259505554469173787452894624342149232686245990867988670203000078759012131214660790062021041585576819264124527925599648480518632348866182298645606062337914646534394716685834453029151872366594427457950667579861938460736743
,2307338987726513009733070727918276962225231729362180882906572620307159936915634554609478924446751533790464906262460102014952170665033674259312561249356034585651819131158799415011140180525328752747904654111347457702141561
,14370134716223093352565463780237216657114064422239932238424924537831642269954418120266357071945305642912444980323485872820308528933828266656132154328785236151528492594378543732462145334002638811903398601540498772868803183
,124304327306186416577861696290474534590398512615030484846820397754733762470759854846802968604305590298496857045022940421311032153795834039803542931806656636645376897947751510828001673931557575194188464040157347269800919937
,390372938370828343292296799213105221612066676274623606292878559465706515275496510987115368115386562192216496432124398223880823999951528705804329898195023695764875584653291066648008317429899252515741653528340375051076363401
,14191094928861729354632794784359453530766272388483470630640749997516301975718182185383952074482272987191620639283833223611552403398557254744732256618611655764640534639276030773614629186872325691990517927022484926268092195841
,51955662582427516205528337231032112116457022537563384420793716209249610296037556376259993644540746461307218576767605341643585673899705326113131409501328515857712260310109155807788357182823339688267952167879749749990845461313
,298209630501811526081266195127340230798714016585971717084992486292878123718588204588738481483650666929740014080790094023694008624928430905568835328503742450614946289860645017638349124175799945515756962732171253365651516226751
,533723361171817184992862212504749521753173157640348174899637932555923290312704997547370923806328149867737561019425770576814196835038404956012576726251133646766961620653923994417324830940723645468516474856651483100877240803991
,887342935007556928940690225459802663879401100062867889596820630789651220970692409330182156384529994433214856544124737994008739742265857148644019677427555461097618119248289773952551146232518890523504303117324024938579028429417
,1504004909926131633188840257128563607541163140104723054723183378190537555932072058265677602337213984792802468007992843498623739068694344880627731976582462714986041644019253711037305513830373917224858668705029882514901678735617
,13356074584843572073817371391056183928165315273916337865190150459962996754231079297011677628780152514540694384985555757654883774831920227021164590773095650637708354985244754722104875308978950075343777763571924768663990041969057
,20758181946442382764570481370359469516293970800739520988120838703792729090324679382343143884144834882534053344769112223028158327696525376091410189105241993899334109711624358962065972167481161749004803659735573409253205425523689
,443863831326542584020317023592602458976184738286563439813696497033662511606494382446876111354608315626382578430394796618282635752589251784923553130431442003423564123278814185982282179829752549591088968545118781515935018648914047
,1023025304700451980181236920774651664692447293619543686762965532443923095578725721183545139325172992750880247586561658944575856922038208568751863156170259622742688732260644808837742951027798155284201885115784580834888338769485743
,4912076350913270953308503527134380902799359522674366808015315584367210723760067616110001552053798873815092132724989357086467751418857372379033634201281409421043195397509613733623403467784852110698816411531611522862703628559462201
,85543899212022136788847577282080602834600887159072231399582143288266464226488404614648776464058832282140046044659857762548981437100203325948047891695984901118402214116586943404720674511665735486386452779129787583626130046982109921
,91813963997186450042000325434306899803387572650915546314657083631211579683182252113250618064390087211195046545091137889471987331297183324183557111860024216092939167174405691970696980579715404286857490400361507888310411940996635931
,107385624801306645187613679317227600783973376167904289186075561761456777804779089511636636049428530115769936343892132553575534567975393157014963295402728459939448017844971871296160411520910925529923449958281254456264403102216512783
,129376507691725744595748290705208546271407168093058050928254336502170912723864740527573200735720539829207310891427582866846598937929699152780340582317797581643826170427292834080288066182337954200336680888433891576634269466486287019
,1558582616098758557797226362422397644260483052666451712469543221157550388621014977297801951261296943567022874822748219328457480439059759136831380017051303896135638884921978370853413738473456977427732691891519656727845098885830672641
,1799520676358263836249116773983093776067731788104797976755522863204273973214237799542669775253771301268617374756896653578445267522764696603459866460147715295527356171742430813085374395309929925098792998479072683867643648045147452807
,2549474241667376743198344539485593749065169054071138607981808303330804849666752360645320165688767935502352985789862083807671344990865001601279102703061191995579964494177978386122529696172970132016038847972887855049985502154079931801
,6982316833140988087154077166729153260461139025999298185851607585547408669005205023138111105146085852370488388457378476804197112379195768920629247280582200507610431122259851417328691270048045551285015485232968553896134847922012090241
,7162207820300119391374509372634067710236734258998929215118674813251095637497346278805266047690051622379132929111927749971378467853930794623582802081002292557665702501083232619644935926699137376584488398453869832464812937784790717601
,10816232728441557118915234090482501297511543956995270175596058137530388549718867286559806775474779554487782175289676490449943536702273693676961916525211447523954910998549414709290012035793511899558253730932615419996225641317057287713
,137225356322536174682051670794910366968824806390850079950928795662745075391634759634228327363153271975848077968582000866665417267651684340195806279587969124472390062710219331108767461570455787863286676083558253972334635728915442423497
,423594486314794057777664140057482517167929575641654373948644523010765022283777450526066301602760107555369492445858632977298773165220789952367332184058226158910850210374033664784449757886554464945636273213283879547216924809714473017739
,538884872975896824935518753181645895847433254086819914601555595975045851125530418117424773601197303091602465509614160529899301638791373013843250415122283666096119403696014239511649904932374802802088220189211003286038580431335441219031
,2474373089288282522061344621355561458585040370735380691693186088615888218001570406110881558447500168058398055324668023180489070958534092332686740231012320402036727731563800064257292903952064217657976628777797862265740078616495723847959
,3206885322304919693618771003569703909127546058637728536999768463428934273576755666832441247009580448895359165218273053528099138836729205878851579895078899847922208271871285521336970383345974886088276853904417841361116851951200771960641
,3207558971116072903365482773289081555261184637847391675966599061324164808414797538365991113814720847950470287851134368772742238903030165156280981090432644192000914733944188280204588708065626261881652422787676965514144305178800547718751
,3391902395823492192952477046216014279849873281594845678534283178005688845567963941993284758361024444212165473776640851797632785599314235846084395147680011912741443778117472560046323063626973541750735390111325627810605356318853418409569
,9464727971815745188271955326128238833607247116671652845058400547561058460346128746441338368303469841642616857635706331378283509348197397135433247565121506048182724778318708870750328796923783631364002860246825038261418830302209395179139
,32620404246349567567897263943156917575014962009583386575598243505724144849756240306689448243365388666399871497353989473029054247006210914150143662551409366505586169462920432747430960900775322463110962066796058842130208095113376035841953
,335499483643151395503733578698915300718806456485499988526664023043485547822096281281034787538085778164562029481995737418714681981027535377029258975102665458481982492079831066739735039021813812058648917467411684867154639087180759640998321
,416000380860322291505417438085197601650969965860973967728307545846416890262565076949514683072989335355820641121013103801109157846399226270733534090793156923301008744382063529864695629618145272362004158142827453334762538688587167921839449
,607315691894781524272598577734611204919712409116725492189161273459113292457508442516751074470904073688257740540287912768101684084245498057584085680165374278414172152351843791028378001406946264272672750906526741487740840461359647976427937
,735641678873217823047759337263287126191226112870969290878915279327026412972892462967292973466724172968451793753392104384441791937300992084833727156059769673700678484157812186842870623900006870361837177358392486560120220500347968360423921
,1261769008459942036258285882369312852236703269331721769766865165798941744856931376242808029998969898769013321430965917882007615391619837954765156263517661563422018350378388971861364521944502803449905985471098011604398063879108769860284361
,3676447618064430069416205341324756495484854550048380862816243767875469241534913935924521746042527001019748674074142886053055501998431677186690809406987079093353622148003940327069050157386626331258292394526179154174749435009181789729058911
,9124735573051629579514742779986989159660908704425355612896570971637336901543413216983085683053730355475946014697508314227527021093655213718350382703680505584099661530332322274594382928378774733412011635965086446347486854424777047653645963
,30187983743825556140112229001037066667225441880656072832769531453801157207505139040451805168511194438097091357776621321736385773880890413383968715683051315874632810008139153899962674259974324775908075416424095803368852372108847335764254713
,37886445641362808375453703356370782938322490467704023638615054049618747021771108219918777378120751510514008100679734370122491021936614622856217234808210132589917070199191397773905329921976702371156305029591256010647998714735977748979682211
,668206110645301259903965192402203897874146635032295302644570151831907844582236204168810963808907196955822440495808682157203565711401251613989510201518550182316089287629886362816499901115427412769596936056929662743113945252208059440113372289
,834482397335843881285445792927969361381275057223361826888191434200105052431322393575712471044965653447937741446308603852137930453506871509750656656410424360864718909932497980500343771659079278211696733523141929625393481260173183573986844719
,905020839979840539777038755823303358347200457023183368297232617873981460690890391480791098403685683961045267004703332209037962433602961013386498325012897768236376490305079132631318067892135813427027539261647301903971112364781740963508474289
,2076654095905994113098620420380946128712109866293286115601240551064620296639970039949810833255445313150092985370119080349433601708810136441568100231307557009064943465046410893354410376466315628047771227891133887285299389736163791306656786433
,2152830659975686830992339732840546772221830147185299957584990626976623475264483978431907034205273681850774164540852300728233405057836985859987169137737353456784817046991632222733053023853584283587054957654936864544191287960435736268610880263
,8890685910506472365439802387628343729526344429754544213861677082352049650423509428695242934495405720990573214124577653926130235620101214380713861955105765478573739577465870402730331476855320284960725891761418567122162443092699833739720174251
,133759572701879959242602202024633144457194976362356093154661611041434721664008000349789848500329079257262173309403756417084489493779906727786057333803948085215031732605334059390726038438995865666507013336853587222279172565814978515487775017537
,408700356398764812601237334974980639379000283381186589778187571492028621897264309524828101183102618883752495379394723702019728943989113550271606041050812170320216117860758035050120710761263921767698572011739402595272310488357680778994772886809
,533108767732617784056655876315889693284564030710051257930144098712861427341898262043613837362595143431091204666299979971414434570002382036843524221382384046680632777801390884051621923460914188829656804438906819182837031335368073576523710968329
,771527909673930801539336943549358495579318911179906405102389391498767667547295470889770045030258389155297066194579508093443313234599794902142610277641285812843112915108997894717571516546157338591955856999704004425892275248489054279480603169271
,813126982817791533950690885594869967019752405645393095915282621848870400457518668524675205430293417928144940932444735425126184295063201531424942667282304613797265827237915245283665766465115671837975023763230703937255758783440213850110102191451
,1428506466478719940023318580070103972805798707690146663373543405250680220609397639444521378459178137241688600807516080093171967826152366426130844429253725153958882415228491829500505044372112721282396337219702447713710666297050291171269193015409
,1505085665149744276431899306875261418395247847425018508944603844839903620683561945617394596336783806618068200735948677456015971075641632899848092080746781765066240876994321280452890787432376678727662142209341550528111283705209796439799595773801
,1607431854788255767408332381808806931076535230341920596662397424202342286922879497317667216063187644161552304182497094537779978060889963705677268192605832955487755899503307010564592199620866319700667547575316293550739881250757911378601965444819
,2952483516547868850043472213823371137830528616733682575323309655984073263383317437917916007216303466733713009202484816551100845419314713056298538261018363633019384650772822134795685652974671358309216001605190131488229889906745317717639475384827
,7993430605360222292860936960123884061988016846627213757686887976005930025638602973712891518592878944687759622084106508783413855778177367022158878920741413700868182301410439178049533828082651513160945607018874830040978453228378816647358334681553
,10883484988848389642909674391949272024542586128849503739120234777420756849851390119466559589632987992821979289059844851200554950579245631266118714114891863175414842979846588959084378663054938335285378664174599271204575031264895410767336416513111
,13670619330393303238367581393276841572298191208738278836659357656471235519773608048099704374456649378724542043519746789055328755095650639143993702124256252430048138464371965191269367845136364552840683155368051254911773634372775579149012114277041
,67123019807230769877663755804258062648247825860712004053026074701742439796281785275832766930749852140594950824090634919062030198218364189777277480838517365570521306375597823692494895500703289977120115459088413322065505092973864647635912485329601
,75672902515399268696128566796695463720350092075302513359703023589825427037068091621607640327049899706934608011984151040362495361439401868485238628085835177790416805230009832714796994241379610513518716302077824044106682239032523266362187191761041
,214572518988869535243310646755822986575781713935406178145181941990353792392952672423228609363120821931156429276667767247671346551144956469347673733517874464794169950430497466996879670547720496627259294708517878947680157925577055024773722021833113
,290603255797351401875116431105308935146605837548258511190636927073898933282060156929948561409424354753832009502803515204770684767519584519775733130437326293577505983245830359516593313618581244690715744519479189583012346061661878459292767559889601
,420177770998333003520756216380370597076787206214128243447278852914548586660923039911571797789902714463815807344580682802438063814666468750075840246695339025008600257102299468000321221118360043050931264007903630331063856073557984735387835153485263
,1412606147655230035609749757045883011410348061052455775911374205062706834498706120386020329551458639490963165285042317426850136107530818996642165885287204893294094262125867601812479265356060442863561844717053571217134839565884384834986278733771137
,1728460423832011792411676244183816703197609547902510622619908498215374387611291811005310368233922751260620708720219598916364737518836626892949133404332379314973447795586281964458263099892103871140893485178868934290163260084288024078229497138801921
,3876504335317997501469391035319109708663589625180623029822890926723711514115245155566479256098717968310496836053912513303910310541847025911281558587559700056356937703949226241396723616837470247248135048208451745439902122005282381436679587515252273
,44115323227879986150054850813538050324337610130182965033945656459936516353835714102932021580349546288619018438756890535126322702819019898625342512390853108842677577676803655362555641265147210577238734911404928261828221868772004709114539087189400091
,82395854967019350283106766186892278124768533424200658175613217670534063811249353615992880463678684187266713249420992122238850893137957560302350584634397262796805503098287803422262468020789629030513283931102358475593695277232990463186383301091024201
,180999700664173311199846737152560737558913416089357290885382231826638868553708974778469445634054863435469608293740334184298873771018884906383738595218581205300175555419425491290358779622407619205385200547109664547045895205681174143634866525674605787
,221072365107553611656957468487531913626104573424311393810678925025269352010018691424110891901836248567124972080500724159164397090880114484969423636866833762998216779563135825844302275061146435173517319041223069357350978551854359802610894510730106369
,1153730964706431627139878066780618593463800488418672203482851243225600754322670172662332329330916464959840891314524908812677889948325017248931884446112182684622862176067028527812354130705842344649977490150008156958400977344379438543492053240998831471
,12970651150304837632823443539111079102900718234949891639777490990244200983933636577223707213890342322311121252777256289912725486800241642057274999826188815878538780845234711010958270007671654114346211437870771884073506601365169560736771680433815839617
,130439874405488189727484768796509903946608530841611892186895295776832416251471863574140227977573104895898783928842923844831149032913798729088601617946094119449010595906710130531906171018354491609619193912488538116080712299672322806217820753127014424577
,325762461428206371392158697894632066829320835849281677970303754918716369028423356800692459620243309266232615647006400024480799106329136591200047011353430878192241118212309569070577963731618272979933228317505907297645208993898800804306944086364187407927
,337877578916451109551826690084138113568215826806759671600197573283128189996732994337020806931085618380830533924895116218186300957362922218373480981270225540688842227429729265390477577533924106939247321602977085224881940820295812977774873743954554119873
,1010652270164206294093321358078730737800321552376985533971267891896035680083364003107910362491597975159880130309597402618221858592573637556356477321895380839606250841082336234526011342890060600776618438158716735063025207896606070990872522064420706883283
,1268391106936665111905563172371794226196851354596608999486044109513058828767816378702612878146487015773932405105715176393877199969149497955608962188149981044846912729894681384663285314233920973284839067720889080375425931823432110469832424297663987843073
,1354777128353226162912366658079921072920965499012732598798897520340877197860184354167739323045563445850517332523837740548367904545225748398494492730672272459039705219870288350944777204855105904274311188766427973574688242099641070933250456873368203983199
,45209839598737454888157799084210075225046975601481681987111521281725588999045535885301058936190365151100735916490287107649823350094433392585022579143155571287365424342339018392987456924688165474686010222313483963161662633082568507647354753106455269543409
,63736266732570422284167673435440369117908740681452272530269825551014105291844721670320423556653722783427235670755969499902788776424484343791227841220242381171952095054389464975034761413715825821562441057633549243236382044066458003466832724239347969255607
,194019199865293787592221426324612292684149949999638031857215678593785271204644243668947560377263811014810348387080617661984172045214380361026517312138441535522441383866159824388314208389043175177478564616376068899930617318283248020158928018197369402677391
,1099194720451680418380718929151093606687350185253085226385082668403438224702330209377782328429134436415976163256432423921547957801346166409527242011615354739883609113401881845816485739993915745008480564390172429281890301000653094265202510393954330440614643
,32185081772108812082111166809934981926273456550711121510241785292212458187103770854807769301316311792785219888340808919562224458508741291818512471609476335565582661065345596848850076312091080425693705625828560881162890825273560885032312836056849401460666911
,34716324646578207444122031498941463230691837058630049109716797104151429946196135243794467895755964690305846044530461603777174847621331158464963270280685324494229993878058181384746684643337661742533811453618007726261963385133407678208253184464925315814015649
,207476962697636805828315240624315463082292839607881173976515544948363693246844960126857332110827143271309614063838594177061049114531580916681934311541045895007691227481173168319868344638818561540030509255916383162989105978122208187027849835685914120621877577
,991716232711547904133208266569708476096585302268812437895620613523228047395807804509718682847405252750221797363530138523971792709065244957461042114855122348463195405527359163649619558388580575034963937578469172215768634979356964108698561163783822705921475217
,1100725233819588952266205338727099198718536601759682685867540804279883280973321950759582581363939239987131086596527850886746797657721799270450552640676259563923560134734144011395269818112836382298703085324675268751912620892132811329260281091087275957238717193
,20036217389373244862864196262187329665281723794204087126504401910962446906740420971632225005619234545143765484571787465453566822046032707843657710450847573608842023091477564503419913811228599412238447477486057688078872719911924371752128031286077715556919687537
,609975771894476528674847741770477550690431975984816508022169315752408668993737964630175742325288277204552613243684812253451253427056346412559151033770967839107719594288877646641877521578455691636766459660797203894013905167748331753651455643293131241572177344321
,166609208776404271212636466284572426479610143063147001358736049334108535844117267217091166675038906754319914274493683052397060372815675366844367375690433265802384278699651439066347180211658343767087232757629692656102882366139222464232000313479105115789349565080601
,499739526632637316079025834952331787925792206059076029988759063569628249673828044582994495867304007296000975001205347040232067830279055768448847380167830898368868177325123959998949405445287901252514574157994864320822673131844761886535303337323120737833177720861313
,2147541147800493532953275890570289486451318618422868880369675194457341087825888387257607834593043782333255019272422733981671023949143220662105566144029359213043678248896117662441954368687367006813156194666987175656561557387004413789849997421861283876363702869213129
,159683849347723244192086874829010699300275917765781057452025503028414869835681355289922743561176367430004075870325142524551365535218323627066767609615505932710306928952464027822691290920613948862146945909594051771996889173909986472874918285376573495302561591350061953
,240151720000409222057226903936882636825369497476210365675890807834061965626321181619459763438229332716565215683310454270996345511934907880846924866930844515070322514449369016656784156509234770249927242159207133283765954203069467224683184923795062116545422318782328003
,1666129760783692984817325888236507423024207084234222860677737769250812892190514029412998699012287089547573502357866294063621605718278017201500894720542793554190909661685942842319461389392060802442573477631078176179880276435405359537669628828377237135636769031529417583
,2500297813651018474635973904121215053819715094708816026661073715492884171532125268666981599065783704609957273372115555707122507435483421768194992493255737103220772921822860756491417336565967131770494368902444056534122617232135552843361353694058955137002512289519959761
,27207664187535860673393906845397355152010841882765049629015659040062696564171134971976539647805375920592788491682592748416875703231332603760619290219623575520143176023999393008874894022326698693591873161372597011236955305609913004956662313011327871293743566063707840187
,42898807339295113303876479264297215430338792995487401571963629394030197701611733514096574007329454717591717649212694069857773222714234734758099391174416916920534667620713781348887060410753811687459460117645960222797277654794566930415927553790293675815233788476229166337
,101235060870400148776072617962165783850828749329779438828111828119439909939787571939087532645832905829503415494068446328929172982538008277505845393329934789613178594990178184904856866254176126619516954364983835680554492272788615267526435407286282439600927327716531214561
,9874855565684181229687734897908418328598188668227468109854328286772563571458455561245828566191490641088555524685095006427917925419979647895896542345077041681001811620105253781050965795505730511833115846857926595923255750851239222754926547588141223988863746359637682984729
,95207067472564030131659160018566060834349070333459162341468354573264949521373739069644954321217506638980764795634756432804735739542336040549565850146646930789561038362221302753953452891652970494588618681856156809879217105542955156248017197438164865187801671011664552678801
,96545656866060616745125662981015364628093828700609098822256462269440925058011619310455031804407815484150595913052443251088693735403511708592006997786674753046844565748468743504425788640039881426683382725818972565872847338380465431100403239476663003770650413547505678609019
,161956164359829739028581410910444486830043135331617517170557128564472165901726973517367510073295371879066161958133003242233755185234469376910679474139209166683665546280084301217461642668916693919363606986762868512765864232708129859662463194928008607696829725650063965014763
,1676042415005177152665914489816791823045310617401314694536692492358357305436635497072944730801840196091204452921558865788310309688088499721645615032856193945377170391278881018082647218514174429748646674724210333524755168113611260316500797957927756400644124623582308580607431
,1644904391007408742030148269138558224939425820942589904460163297762491769138221543595324713054288788597137278977909196700151128357092068987132988380895818798439198579174319459706885182855815901658031319228226504097582297333062719563035849271323729250586287853659633803279121751
,4141341326984173758586921867137413736632318783437983915200469446104814606183480270613415939456270213110252391049119886293949184532054116384341516688622675488644151741877978794962729350672565172837855150425859407191737887237760303190726248559636088675129946677662775736156622393
,421862817887051549646487786191551121147915796169721919252617184177543236064863935950632266077113451600092956530204461122352876796366724489563455723456528179203398669276787270841383031659212785853170834701426804821863905561289687229577592813457161818858198082628919792033825624129
,636426508366108334471074209986972008436874291945998377361825843169581006681193485334938756739704620641927326843503502189328836592932976932390816914998288310033205643227885095980795539284174425583218846576901021859884926603338183868988312586044638709585024638281660169598101448280761
,11490981247887611949249453071153731935359398367183247023929919675885196729932476182923360873837077791818518469500252991823751536729382581756577663023375096519137380478304889999766072199311716023500327032043072183924909342469343011956658036693661017749421003442509037931838220049077327
,31828625452732083772001737021749142376594242209867793949115448435075282648606974199483380762223824503832765010700098863980132120831870001849342408991563752453384642240389736919356988860266405575994911117649583705831996341278604135092859077915083814516844268993168114072116748306150023
,96394951886158895436638553002335876023945650761943646710229266379668213030462667765774672984429909605820905848603948393260620829488596749219368478320708750426861127003505972888914484126230702131196920039590407088721809421509576999468347596036108584840826636829481185576003471549211937
,131731497622810842090670012925784819494618826275411478820176619296690172404590005639309585018242360268704128003435267898171032264520342763282868209937331996785790048085750852924725307107065971023716832118791359843056034093727663939014572644841807970435325201091880617961663315256791311
,3511877133676946634397568502211995806330335409595100462354831405583748247373660865986910439758943261297169263234473453153061460727658163686172545612303430510614148462592410766105085523882353970503578992148589183181633813719137940135661676543862812734517999982918290285645311825332681889
,4408496196233142296798054136583510152901838909778047258989524758018231871863860161915970261424351385442805538613185100128974419375865753766995097828070917319899935511607550012974581512044751764408803633750333102858270316356347332179348668520925186668402713584216759107538852635667187527
,7373487934492891453153928897016487840443716626942182820238309960699825626272695704302496031471289937742932249089147141208030615195938349429425775318489645004650733391282389780863831720840172403654424772011827122377881467005504309043244946111184477823638929928489343253670755930525822057
,50455288847969977501394304505645890837276606039899335199710218928307167148576336403552199154885563092374061273426598277190000483190859522178224229723665891254323612840723661785964903649082841937456083110501254084705459253961543805006030037755656915813608435571300737870958930276678457233
,369266188244278273486887083855064296867073345369988640733366769361356228524595455113320346736281578663828394493376060518432499293320804625243085880752982699457652505447856877050712090840055509854409137034341785035349428439360386913514518408772631624816323215732114411055999563941648850153
,527069565870796789676101401347821516993430209208657007525090001403656322801880837357541477919961471415661692955164903749417255089446921586710169109722181046546565106938252829845560419001502601720146131235750786206181737921227779654152369225804623504592359068896689182821710028910864570393
,5883345553087876128704918757795663909294552492528856385790741622736372760159620916051818396775106664763851997929852820843702077594873499676982138658461091532932158347063237653111774512767646109650933319551596523890130905422531875274401319586348764235189106442341102141949071269068757824929
,11115748792959075541413638382507379013799719163835094332248283675181497110153638438297977063974079498963827970464427090405324250841764548315131889374138004468724634195653470352201865342442681781048410276214777088206589716214890893308638317906880755244354527997114336872455652032511337300041
,22320900678421103972190276526609104471043978485003889035819440046733920954389304466536169876587620446414503894251620196518665898388979789799160703047905730522022897304093759519404870455907232846579361288223084284477929067700642507083729350770786239887938108573327954246912716776048765707431
,112219215969583070125184927780785617163998587238013449272382659718741552791484869497879069655701271728242671131006260158655725440672862601895690276605687759828235100915986035711227786946633561032491573658813596423934215823411645873190365019854317362802235441379317312126770631390749329792001
,141093930454976860520344922916714400514320843109116075156672085428927786169480948227551467589333836554661584439399430642583051101609163535894304141060735312269410241899621156928312665722880091961696832409192323093171194066480286788105860267050429855850890261843636992416080586076818993022601
,3662471624514699802953133448274267904459854121764058179629980043380851354434243304242719081273041019993278218874851531652400728887508711231660417161932186887813320152823808780912815570378403832736801400142493379881136880339514301919591734697524089518694554021731513679887561699639664497949223
,2267737595319723505873270351644877200087436589412409297162294829410811727629268251438516902232153539009480737496077811577885625709125703557978399103011793015743071566545618379007044065752423278801764482149167126231756065521397509013957764672995280768187484288012201590773404378024046872762343841
,12950447645752789565910598938447468039341495784369526578996180792796668223013435564912308572804675332582990605323810478048628325718241767083350736998388919624103893270862791307989406241419577466000643467548739465553152480056361632381678629463107785562100111834713266134916323650902280576409555841
,19920089444337138298464235762322652044360455061933560095498248626320648064090933161261450838743695259418147905050541051461685020054024361995173257987135671180353639296842398324929089474822723588703901872629906051766255428274506947468938477828223269805236590228756260520493011562935062658982250321
,23887033339504915477522911080463404914543217172770397024924906021288957836771192516607612843496469429780918521546372614822955766277337785186444912641999515905184947233567896840081143051271998503425844525242499467692370670844293688578727536351780469869056258610326487436037079524991918990366449923751
,2401983701173003286310280238982729787344345199031087711844883309616017013685585959255015195417671892018504264689583055973543558384143675188260879804654697307727314434109432613431472310806720781385435204762254423629276512883369020217619502707573413335701719375299454093325346990987257868664814767023827
,10084786891164868903044000461741193511166162933699139834764709537603304010587634094053631800618313958847949862753441381884114308571221779233867837717363364521350181435128687986278658451823408133532192171438161388219841827075198840055685217831601941566655243743704980863680404547437764128787958275830001
,34363036002320426036196467512098891791470435859262493396219462528970061796268905274781217731535674591148498100320908398980876996043313954466824409581377812433804360761787545192391728051060848308590229307537338818640870271823781692159365527862781422966239521776627164541046386631940404840928004034788049
,126852296050766047784776992715465773687411855096459451280266697532035066146932544175421865688393173785102361938960990064623979996076835078319576415359826033129207667086798178912967321070482378115136147835388572293179833069157101101883791705705208714527866927163415529511688021660417498827559221220679441
,11932791527912288368165782359295294543260720291900293158823108282055224993235415289766832244944034104021483210110347551804046070792790794006437027726248024845169722445797115794683703968858493570555291403991724382957404670842401449554016932782845723453935635939040426114249092291163958974567763376870399223
,993606175009756847472391899814986540430475219741214523758037853444326702794519221253698310818011397675216288870561456112583584428088532799849918530108210299393382273915481171832640932460649156171149976820183188772235159422178758127844554927754096501538179015384479228533295586732233666016869867824298350313
,11396775134481090582801958546544202340394755977357443929833800645097054116113568818815578304228253152494382262190582664243688038943749058768640619821391386166428382711683703211732345901740576444134462150935827989661034361171002592929897290554959737086420035305046440069519673525690676026752513133883277612231
,10508537584872980049787749414505440238543661684506416445249892188329191267897669657242625405655025902294996965713681247700894953567276596965114308183649957469931262029470372188492494505614207827774171575432114297123003373257035070542940532411186322417809411123684246738342720455933424175399671044286557638075591
,66517557928765134492647166359262125770048540134918600032539772976797724941006649947336554351613625288312893030278881874355220813711550648653256265159781898981118980688381522263839502394276270835812253759309013592355218624237843247884555485319300157747282772571077797101425120542577358619582373240968281790913033
,85311294588802774974307648014168175126823003361325323004690920592573460628091432072398631929969807755225573851286031947857777477077370426099499016819821774721496575232000920270831497562239326771970554417417712960233601331714404424199672494855452666617153389634748664546619386065961733616150860494217439662989889
,250081271101202037976072197632621064478222715005989814324971615457958738128518668177375972749070690481876067271676677417575906346707800897258510433174984155371359776557084413325239431295043874479166067559678170449213980407109011216510313506944738407210168529518680509360354522026231467238979294807423592918683307
,481514718188908533331815304855861952657479455769283741255521880334415684911442116473265789997037113067651168289012493018548017045048881347968768740589391821328394991544296760798262576665022121995337508850011456772084648641384967051835961245655004269670790437367482750335459355558101390455784553652514870053826079
,1042338191657510047533221408192413914318835392772789096554081829310675142881486048919141252745871855745690930394886114858030047994854478698200694164362025734919620642369918947841528063174586004407220034728432510420041443968234830725475781872178108282252665005857098336024964386828600561545599929255727862317576367
,48526218590153670252171471554355603304906994846333355074074020879702473397872006843575917176416903169402488851852808289382519915033065519238085004184593125334869269145700529080547841354311139210147629664912761842390257561684391351543643124231376969317736327851852621618460844919832598259160133382954242468101226233
,163934024399902979483945376873875356223390987139864066720089294365749999013107641310087660820769667448122151920965245554679599471009016195633124892680410260926761868638819988890467836392588886104865171618284423718514980260032259439542350656502978050692427843974498369861054044879510610901029286703696752600261494763
,775309902635364881556328081709560033340899914713343298788222763555845496121751135840855081911255797039523816675957639538204352523982931845105652930547765889021733861178541326435214398367275527174643585660578896930155527258216600218442697602089139283393183797246794047468615602440282788647026739035063140565569055563
,1196469419601738122285806437881552061919390570918237343167302045332174074553835178291840586889398749319056659559671000528779774836236216791299798004794258695349812651427377929922082354542219094511672213187961937832773797142802806989694001048204818294783128095431142482283348220658393140907538708950857967665970015969
,6836353800683046229043850146092982833134958155971841235286969041287102966453170249292864064957446156804754688944426688367914001153941978326409662029269846205862321175782599177939098004666630092844024963997797034679515429123580851314558441741002655347404099062096166511241310694845367850291124908021609459464991956081
,1825036821714062052866353570687673364215312991380753025906147656785902744153355665117537187824299764950960545020906262437495142382334843532726887153197602487672771206923666625883164031961824026483345374343637786623783828133919017286505692136755368814710982059307939697898955947131645151889586603242364891055200974367383
,8413780063686554832290600995742501963065253828306698245879022624925200187725175356499623248203655574194271393864805378409558081174273042458663448258035907040991357703595947821321098375648059899152619276510026109912767665733792209407749719648779587618303646244225212578794978680074125468096588235531481242392231974528593
,95865545360393812777573375568281582938325180265736015897052970707033764908064969904008787845141663720933096705687142610428873032870726951309992468496356814252356930888291584909657346988441715600901193498851621812488093793639545764294067236544859321550765614725952201992484003314509240720373294938670135557684922487432321
,231702760517243807815077469326572642915128820021263287794330754498928126643401164295111960395292943251741528105322178484202893368042101370513024790622711910294961203878686758287399261404913662036469135778446844649945017390165536794490254086287983055990489161054818410849343238414176806358011996652887741751251835764504449
,4092737223581583485893369995332540877471149003996634576407205812174887440878758251369251663568608552736340443952364624035927247949397677419054798612120901069099854550514411185593784651183117185103002623154412841590094595551090054533309289298087115051997687046948609850708574535650702618921278411032744677060804795545555751
,353530656231839329721650215268842827696367994041761602989420061484864676261543992498295527357363302529430282121432566097649404185423923774710408713608384081303412374354332279820079782895542708381466164324279742175058257288076370696188841072348351121124244003613449750772209076842644896049019186785539703890538791286223727567
,1208644664517736356061739214005009827707212551283521318892119768694338084233797516847984563910699887905892553158931921551200727968794550556760923358156860949585569695603643172182186590055373513545257750720737915985597967771052548310360938647139342946827706139642469996352598154050185432579903590324785619874188013178266866017
,27622278038899731696632320935559132439562101309592555693582591828130888069517783674059158624112840423888424928803474213085594781356927826304849269938894317793098713525680046784628887228334593394993245275211554032765138677722579101187949537800258041388098934869162905625618142189182714743947180698110126147071634526285656898753
,32873285025926364840643305530597380485679626234390464379309286213121965357497752171939217538969410104520501302259499042676235479157052818049113064861288582339409100571837476855270222829853270573823480609822541384804374987370220514193600014876355095318556413572897489128450586968151346352159836927504117379160589072375134507231
,474422302397405021168777988652157753399591746309893226506628640004394321620668062954454382592131287571902757184900157430662494316941089766858877622681745284542869933477654784275768436916707200442804450036947621846021778054947139406712771212829726779978244190507076505557487183785143202094213189418643760838434218026078185088560651
,475635422654297677741850613550669860471430990562458514621687421724059221813931535807520071921794520352606305069890455453677991650335147359613352164194443318534980346055235654119548392682473168554602700330264050244049833881338021778123512785460236927868044823005429700150844384224211998138614669503327547333867212129864842198258511
,1024814030348827253164172690417879375868112314549914229783864298004121816034195323539218754738738197257042099112350690136372634970998775454667677818896502400957174087576843406899103994751651855290138480660123673368600788052944656173108311583938086201457646873026533362331761480609191068609320865089022610115150353914469545136315690497
,55034353524138784484981222409164139941691068010393055495488914642234332476472886606804301751556022169479172308041874095675212595274992540117186150614862265185531558855855242412741420205438366872465918223432410815382110242125732016990680052672420126595287335514755443786482963721310210255297821622161243471349825145262975066594486594543
,1155905463047309166138282589038331713184050853694658647888582866389374448728559411606347898398123912763769512262910936835447842691992237544821485584295476519961736521920750293144510677599805406267327783483348358998953854560375428044755026175122217423407842240078034306710299047712591925007524995588487044602874372939907489365399611603009
,2937344527211837510303510179463797495522622441931460175312414958063621752821335506229478724015005905514079973690492860387160022868601093744194746650201680307752161516084932662031958891882378177639601604447953685863981361728933776455804975663478385679844001040063703451221720728807140170680233675794554219524408800357723327082289857960201
,14721760665031085696057169714480626736784726241650941807738593613537713842142160474090839125622058895911584120084364828771410681694238927352972238164530181770746742717078413371418002355767448052557761969259200156194094419197519996969654207125186289052061962734176326267783023892878421967881287901485485634670662032168702106282497860795393
,20560026375693100882192067073920382714494746427952032900202425561369158322604825557018667094936138048397205777217549583849827599294272080882207331763723281625214874118171854365525329900526866059452095253634239795703726135754022518427486875229262903578014858082621971388922198451841592759615951506260379179916985618125352300354817785453348407
,856076197389772841181811284263225086538675560298871324612934976274258277861224437110492177477509962378299434828143021212029770534108542438493926033273604237635442111557773201184608858689036046858463677630678884830973708438668769345372430916517170599553813777904830752386663460128175042607851295231400883131033990147094805289380335171873580201
,4921672278454808887316587060837512918359717593218863772563890915117685443559403114903484941996383657387102253247652228856162816032988161572301720056320193562150612057490956695033307524242133370982904295469454790160818122786076611287810328600243361328476108485337242159226273645057200222704448703955939975390068680810358556973478270428602931457
,8116407399735451396903960470608732959879327845043395693548611099648768302313039361652271504415638354233360727356015576056257016277620197298084711371060192144496900138613690367229483979856445781509607393954287644432511288475412042536828473038713284515998142679716691232529347206621212883549579007880225942102921216457346868664110067831765559409
,136633486671187429157292586210631205950359782896210640742047650562213132849186690244247882445976435640260368171757440610333659168063104014039687581609749603444669573641590947399413294182973217538522141266685702389472669701162679556990692400201664806019356345523191661967875433395032735452188216428719345311538243303843705164827342492515231729343
,4226520786762767250657867228323025509809424284406716143128313191938523551958888654671204660335868650997996616343333145096152379344151920067554117495917883035813953115993987298864451562412095870909884501956174690570920124667420834247468227701845134075952227939913279297422822403637569693488272887070268448803483433331095976485701855440175800090073
,6734452045297304612995050904133968305694025489494814555211753778337449397088976789153790263210262363727443589087252640846370390818555151954319223922183531363828896443099275063889485014446803977469139684639880343219143574884603136545584618534007354180853969730250054739420717651286559832852943449096627017735640776807663419415624956377103688592327
,10461183760127683622040796365645747652427146185519534352637506256219979743683184839807799983996300909191814922284698814176609397244325615826913551755451874103459144524071406262809199023951013819340001482069755727457875053562849189738304004159750133706070308614850015760492316830498932910981518537086267506940438661712547601050995375774533664173833
,106215283344934970986623435638950991694047023691078695639406022462552955000640229328688328024044715209491107329569167431136149126256512147191100534058570683689572033941029154501813970304329942364592335410970394428893710492698315384341835664750910454599488693068185462125319323769814916717831422348162318353104908692800144058512429068905611295456391
,1010009364091859253946415882096915728247316963909668502131231962730629328112490054000200587148472755783548706757385217843090477620400711906456373617417113648349531726049904957160259747323084716670346629639738294532363180676161254571893455289289168546575712395096989246115213097149677953936893821176229778487061896303166426347880400358979822044582847
,1530076420919808990110751602901588502762061080352878351631750822375493258297728850418439467197439471718169425634884890203859180799596308627731045015792398933377489981404167420522139660599381954452318722360743366228993534931273416008281178569256307762378345872620030046298647320664657589140359410475240602973515942033327057223985995853064023292443991
,7024701472481837309920823282542241294030205424054552970514912898203237904981581394100201778503586958885861368869724967552398554099107960075146298964590126801102855946940064884692236920532800055140404084960106831859685804888400231267624647486053302920228778111188582987510262229175015879884414609170584396181313941883903907249393079239822253045719479
,12697330528796159513232938522135713861495401633255885979966183299317957877717910312436172971574621786186648463491927068508159300763787964844169958476177748497666989311478577636448442694148251419688759258547026416854026116092968781635616546499773086293827199387996843052161819887840999863878688513690887635282722055038794567478815620667754953997243383
,25800256466766843557180099248597168041730821197665271546825243579537401382554849073970220295777562132843468215408190648423006875204384477534319426136413444307009015439183845339485000535574312528405475291007532704692731322002692619210981243953467907644799089320408894425382952579470852902056870543462851172733066985748624625097623729392188535160746041
,25605147876573068161182696653712385335440383473799378310437955068997602312374839889770664881028698630157950250952614766310918308210725928109954628849972943232755860727063328822780629199043027292080082137202083446040159867361261180548076119616011264831516826890816109808899572816708025102432142093047078837958828284489206449711740058192006206948235093921
,53126745780034085663657329768168215582224930206833485837190907915891092811365607744564185465034037856311614388617518041075664377056514205475683512015487633390187832993755870842344627610803241234472525367938503612641187831685688799571290941169773952513903283167812650979663288744262943762893898957153811650947059922599664345663574860151443755586892266337
,285214899101406936478900500107217450004008375063001716198692998263807283682139993849993850457311251996998833456962309198603948663860459983449530947717448983472561690915467504560022277601575542666921190988769133361974563410347288358727253725798301858115912269943808710369452988969063813620018478534058432890656671180640817472487671456164953455244048908305116209
,271885316735384769356658727680242270943326918322953117867239160892148300364190187739939188647406296127245999778557863964265460385413953824390650011473199397924046057596915234543654160672729047666527587516841812571099249442271331736091592514700002286675655982122612746897537776297605027886243351194225273941992181809763903858689210127548363083648789772923832302058926321
,3703425782907609892057667643544662264296062206598040800570134374797728714428829718789363059559290579867489499675326119853857838786167646995429548049063090643496461138422691634473535349601537366945702824962777626233564075288574526732100296815108516759353786392486914428445424075866044268362845138392279807207061638878561113306315573909448668243220121771555136291882695031
,27996984755296417351513457702586844017170422679780089295176933736799486152759506389005861788140377423624387839705787135541186723066406403186450457941181691381585160830232201503454108944867706972358183070117645163276097905431230803677071362379594020894074907089109647151423377369769188832114028379174294414377398271235576130567780707326782833679330310986917270058076799921
,1052330554452769773977676250746848563457542934550134413519363599619119589736015390422600395940606632949504810884516322189608345916206354125331929714425370367317719472222594892959992130275743855975692144042173231216975474572162243668746772598541224792203732150187930699248707946036154108464357096717310536792229637352706515244046781117238534584788372595307800616861754725313
,14655962954741674723601622780209470021273188953540466657300683220414368543075485167268234017231195622391280715839831097682052207668630691550338607152276322597171013636756614251988419176161493525270090912358863102036689363871548089072337625828770481513552061292762393580818089486849488875619864562486949920904549123629904395904336778531122440606898717833593268597388174903454681
,298941067172116242013018161976220287758940207010187982689542519255618338111022526941987575876962436375299334040506692549155088644540540697039864045429610545810091036000379720409386010732467358412022042180253039154747635487923612099809354934065896722533672704656225896959398454303431054821525299629219864483199340021919247501915740909028405274266947692719904265300859395408883937521
,81306434126435390369376308017426816467338589074376606953450887738659949122190481971292960301001128628269985908910250733571484380927682097166969483636698401864705393738719321415525908871375830643489767976984133538274257006197857712319103629206245907496601803359738478994241731519997695185318284051254656008033048015655006605203258597365919579712675545019366698923697429439095730189943
,128449275596470112831313732780336693938320741728222628782112163098729736494043170392199988000259177982810436605826335501857737138175496635870834069132002720369318042818161301373349498732848075179391036210676295699789465200316557650929463622176245848015962871781985401979084218315504189783208742553092221490097481635755215077246732802057097147677428415578214396773928737823763787567513
,168585808718514869475777122928770325624305448591484253465622047427308892405538177165902762698018796115136800935299756549401174488465548854808032455015580766244400606363968205073774506707110344484653786053721844789420899297945376250387381451345415459948501643120719119003700373541249272605975943410080227837093400387359754526134668419996377299164176694564767023014616822698520533581921
,10407932194664399081925240327364085538615262247266704805319112350403608059673360298012239441732324184842421613954281007791383566248323464908139906605677320762924129509389220345773183349661583550472959420547689811211693677147548478866962501384438260291732348885311160828538416585028255604666224831890918801847068222203140521026698435488732958028878050869736186900714720710555703168729087
,194896670123696328156269134120822681184552271156762196692623500278186769012560609306337464155180109037021567036248432713804826974347324982845314516298826220368057469973782212443068993647106981768393154798060415573003290023993556586466582575088709662681143912557927345343354123522053949152047691547088524840258015743275902748079639542782275767951061476595038733481622280161931430727406749378409
,921791993035608413013909711209551019601224709640173703882680258832759508934245745240528220315840230077089690402584117503849107151260466344893330420452704791519042502437699405712217210265280447097401340365640047188962637010838640958814312021134830984278189703410885107339003982310875048814679673937731006620163813815310000389718863932086349622119507801363279287819191474062851291050737476676167
,3296810823331827444014404831943558588631803435050404237042485765714486337505843011741487225539321479275976317423474114853376321380782906502106758766783934866952124117240484839332668914566806988602931402117416523955329423560856334826333176954575294550104263404414368761262079586842542586869780254842277261781328657636993064897732127711363870426953852536828242291991249685206783121190349820804553
,276009488889330293262670819881494668382412371974343226009881231450632778676887461619970998340676404671746002891519753543813433183364441925491740262590760931455702412783263152732604143750355320035854557013714076951935243127821857845796215777806431617572039600590208900366311270539181008366158520851840990649279228383622224234917960416810645916123922191068249525598223847809967187652680857375574297
,1310052386866795911636055178061355583750270272354722948839427370343750117096415237192732164396620615795345750978640175347270487858515424005396250014890521512091951203253466327665733153413850007813384393550505437110974911600432195086580224399092003420701301818189849046335111075732252938576559956899230209643545396091344175114007133723195875510305032328457167728501766302222625746232925952499022513
,1388143429379242272266122022496471334810007780899642255245287417779793596557228923190234216209972756456179083611066289028033167365781839322399803369529079783410928841634284839477106888074505186701537474140081672800494816578059067529854281172873308165367995283458309536212373723272299543140919660684131950028908363806062754770267725776396607117454889664836154090943733805948605412917909642358646618079
,1502332108856355530674390180720075917909567736457501622116649650406007418019063984091555922265648366834819933954175918452043733268907291701613952825136164465331830595328152171288600080160760489838251681285132567858568714819107904316020341361079596653473364539920913081723948392647700360853303504798953029030707778511185438531007969000911948842158008482604141432973475789035742423827257032535345129841
,1854903578927253457924198114659263487592695331280645127983435607427444010892373915671721886825483170818791610066111387838237858988967117042917654535911709432279377649213524926377532102809949649986070193603662729812198782049194778316885957615561654190532859991879221338864220375535821150140718211332110237336011446293597155594882555533803550166480179935542121266351428033502274287537279448959924591391
,147273101895572657833040255738697964479305790930796940516596617025176699382558147186236423155536033373136352196475432663662809502483114083423898394435822860865005444468026524742095681343948070094046846873656236976399183617336006990078011290062171824770732114643238509814648963252770443412428577686053404754463365524192116558499547238497580178023283512162959429131236614312223849893384409211773656944831
,68910587850803143909064231778753590484897609855306587980481408270718210581003998297238633932599965254034789401765249206490512217486224840452732434037759003704159592535603838602712234400994311637356053565855770398059118458149827586483723456131822765855644173027637503759253695396577403383355821992690877236269495115967125144470880816579262712018760841216903604510958290919833708055798424022371990729744369
,349980775365512058127203355405549494905676771961134931445402395745490030255999141640868288512163946892421723955517633670750147372555239937321672248902504757240862796143438293364259889159468980992488693732453942977227461673796265919049765336479647446252449430244288940966400923520035103296184670896550630750178474831179049617711428504155493099613088324123898679862300330856181591796405155948989353022314393
,387008241854198439202424533116286450832749322665825326952703964259099236077255339198788074984650646390180406322915032730651886182162646456591390001557118929906106149735623454223652812150604061299932882161051903012158058733664299135454420269652225741133151164863041314430541937304311191128778106407180892349065232903108404338436218221936726724534392765654215646112977077052843856942698428953489183078367361
,1438975212587407208948341165951063581556347981386977032819186693931845524859464020576650802253412926796639189157101841589347565800895801617056623280614105427027884332556899127502633251248636785906197288914568167326233050343805084769625424918892625012253647609203129159569078694678932031755342623922495996171578531252641123353571756607901580329694723265804424027752079848335958642704590443424060793916636639
,2947182070668633283022310539593423944141002937333508986648686773089112995574778766482880424751935859111111509722650209733111267111431687695245622420718224636536878471818947225135842981511260200077206291565746275892480967195109582369471387213008007752175687978899564026991700048455145959502082436184501112141269658557113678865241560627927583757821312838261164414787052528875237830186361160361064398641159031
,2195430572839352904987877216927605352039252935434474144271015344670927964663286440315333116109817940765705792839928506613666809250576271246166228306193306675212307391229917194499285290955547278510264492913330421678568410855346189789188632764826477954702482884823287371349322593338873057490317146400521546164306084361697523545976468358714273534034522214728717806071858255594150796412675454871547054863014693857
,4692592378770324423815939714132641134266482621815052500842467681441124346140347288698605641041111126763331200658394806620915087162628134979889642924211132599347258461493855019112879386527173508751360798205873950813341252321219609027477282399303159045619400790446207303650939650987292012031892015930318925979653849860954414461194696770823723024617399995730449470126700666389832934902132223785670420530555451224084273
,20596323698919721249869201716018077551286158957864475818488211692557577378983213909879284540665148911274051049438691668335059332203347152507361101035070809874253288502881895139848343663717614049599438481652098049113014232678044747313772576061371774061851398395026349163090831624862541269704638909726855977633265015782746637132130160469918351087235848425229493775530823269508390897981276287531328951753871693870384273
,175009933839368008556479302682640897727456077691520740912236362003827065290874135105102795975432905798601401181403609355995081840100642220972240898355543470611233396258501258597994309096566372807134446436269587359554768309579912866305483348453611517633783614673786233054708013093749849863295794959081589044564777741220380175605646198425535142147112724674677211646388028334311807338582575850086965089329594366485156323334399751
,10873097985697030389684974677584632094832466997690645170581552786695342680317576875134412420553194540655920468316519581980763992895853709334702319524203306198690161075816737986859990259343443576962421686216690705851601354187525079214346268511302371293058663608172139703431366772616230679571617572064385301304151298292577888900896627041068268145636598863240509738200944887280507994864967824573921290036017334970585006733863390849
,1848463339139173870168920693487083702586521965357436455100543447310274852403476470409848890367142706467984612561604010957865489764853771138562368236949692235031282350518726295616640704802581558019390739917331758234183063224425346131236746532176109869825806788114909515971127100858819764946592223435430193263195397186676807291631910570905823614948930772368770280090825159166064054414861808630151859072791758554899928213358511424601
,2436946432956484909145266728898183778512635058515626578807380845992323931713317200961955620455417126695491269499106707017394736599217959449970583126326320743248732887634063193341510229915866080101821212753896983075012601501919098098376429734117768690941529137569987326469678596783795921121599518644724128457078503222862871002081307106970559908285222110953936510147153574506050959872662600283803776210861658610842317576090143468767
,9496792988973395279834809661569251320544014305629535339041176003993804676485199470146061766714674245857484692035146769896735263094609746643655454990307740324793870789211183639302657602006206727998357155351588374904926882678074633252877772442134938712719216422825919305415646969838444956229559805502059906228691551284152908049964563516405524127028294884716508273187514617905113012642316992618568629664046915514871575875088457784721
,11706813491859395803927999087140577744265802922533815787838009185372940983183839923196019729390098381554934546232898633705100682271971876131649909196305521665489379621656776705049992916824773373082086847401178014105278898456596005858679886070375475040725081045534661935834096310684889043233764994778874681632168735088169723236420859606831168846092656263502272147106975933470216728715658006466671952545483799660248115506418759474241
,32852774432587037468726274629802182220524076472261765832250414225514677026507046000992806161741635501885240137201462072602973892685263864253509217085457120361376062045688941106474561460736659156929227465040594806985795179017256953572236935502773531843211266664657876782675526425446165626262514333707854476807500737341956985534348230224717837033481876777025289485159026489729284880868792242710631022727182355144059847039089814678743
,115471782933574283028599869562024548397833639187801058968157089012441735294596440136803104637453967225904935793346874625227373193560523560993142080675070657912726336624500067505094717415758416699995661869526770393676462742031258235774155259491326893732277792462316889036853367606604543424665414052884598247920610826322603885581028168077396825786740774172916343231574915728543888861989136194894961954395960062907048670322311136165411759
,57853195417727858986706425182565488681565191238083612934391592207502303906009419158783609606054743899102749622575091895892347633349714438785089629781432459876940195756921259211256418537350733001963215079834627542861750393428196982241099916984249784530146348149096714711091243904860369470475245630746413030114136555251173255840093735722482862148215407173119191838875303771640569134496763285531562662063967017894130054386823190490967362160483401
,144602193147319370518795493066239126955968457312612331892079784236533480142229140591584668041766715102836714234185688649151181240216285761037377451015093837661291003836145074058685379321318156003157683852043496763846350348529928339509099444615951208490695796378837237257149704021172862955242952382843828451623690275714622882061874566550700669948795217925310638493590429580613719791754601320130743711415605599504925088120389812030265001149808151
,175688787518705858719002628312269720687737404390763051567274304415033866115444688520925592052323050235112734928388616464987904037221186951291403627564119031019256226726928777726458524128783292394233576066399528923564959866470935883801059707022879568198347627312095743279914348274376034181822616845679685260025734975434795886678907973342299232157706209709188789510817576933532715613011438092126806573470955592222704428721914073928921479391973311
,230991035064635319775882983480923597619929437489367372140932962015662153030177331353879694249019543057275336490181573272247553004771363733656044526817780043393152992581673765599941554490758181701262044007241282535037980444206044688848320511410960803266950437281766755263435091761677321450691653030623085598144201204296695578222593418306505134558692559432760769093809780871909537270643141341803172792848845329734668933472643603195679288336749617
,593942936623747360173556967393753642528623233468565634939317425361501274131577389249490962271239551797811188821145975696772915547742711746537191131671200442387161426836343436401387749400241072907299524326160128315343075054400855983048232251052395319664406958467037464229152567830913292700542582443248955887674093124966737490252996595421796092157015695264915125972574320064649336968104344529344820047048329468512467591074886539144622741014503137
,4360149882271572410821680102122295841372662790533204219380007311647536644809176936406178260485011159105446472344407876499310728467257689739756517450628476567164672618710059693833913041332456515303737739332941710391526855364361991631459170406564369061983083019290691554618634793058976005433162545969206063892860517891563962670497206572630530254049790396189321250359762750746677672640787492706178437967808052440216210265095512235030603704480563791
,156988865576223577340004693058841292212215914070561598831935181411563205927533881629593899550831247931020106344033375347746731379158347351512882558942365627259445296554384183133410159722457291652996294462470215446355405941523903731976155490237562901407172914365252544065593847450905051922761761745618974179077920236515434771967618820096319027896766576905020748088898322556282751838438355553965128913871969572125190330324994664388301882660016547921
,24900732088401320836768913625255420923861678941018453595806856271712551322794074294890031777587136154288625149526399109041114354698238750116207942487643099137194301505434003105622697922317003422402832173778210032754520679670516231895575632972504451873762562200115299095330340270354910178487945111529456922433235624949775836996861962153914203872248533139534589763101861767425051498025080301234248293782355057427365285866705074268018390289791957883196953
,3502081902273562212329945480502661327171026532774463833875266547659618342483717005581810378505533206969253195873966438760316522413938483659434194596707989424833407785088781506627817132676372706011591180383100024811956504645074658310145808516584864075830484710297122777470962179255219496646094761486498002332871626592368802854723187760071535010744903419879155438114718602363262817877857552401978973577629775679744826094866925689533543881422343417554195249786477841881
,20229043569649682349783730139244016736634473518096374016823815644421726241930200080585719264028821200906970984646977952956164306814414199626808227989739958799526826432325207445749353130065064575990357066346900092332100236005312483729195783338753239566351676302181912396120817698014352259647442385493848988817470965373173056081644667911860146769812646581915779588881898297732101640674241968883394970223559316222951510604867603886147324466467976140942183353038928053532671
,7828448307635606604514919968563183184104694857508995953969837929969159860078683866981739951678488702337230096313374999837054278134208035533251426404600731487690974820316867251155871615838950162104614985872005612493554170099429924183766055376811469167032745149686844737839810825767271893784870851908209347139246228804154108752640756451076904821322381533102316632111726907918608495994174505082485092930622793815839157323257330947633845909194702840866616205374187435260794985839
,7788973897411796636476803198585041184671679774284334657116332683725283411005938840770462330144832602265916277708577091731136314013913468309556382638502251206233558331780304207863175188856351737279799147189124808776192345075214196414405047877806985760766611738790247165515826435816831788203492467861105741966362283695411552776173334857136811096568527695767819315650964726787986958552670752883280979089156256540558213709744617490418633683805330862197025782291487234204091413308663
,112601544933085524825701948903059994511464497051782702927704356428359917687946947773563944752775859576440656475194379288747596107506292581888463808501498449592797919862136463422158877980225388257283234669197204275395517467307160965326626539118161240988970124487682590944118621683486606932250906161083782773721582915999319451982739337144534573659629785310536906933956735739311848133849526379349278646113329880876797120113280664411653396983928418991303781801535530963348662157936393
,74814966561517571585932474945269682608001433178628357476449926457188580641944848245987156168344564883140659218272357589056348417701711856080314673303320419166567911727310840587081316163487610998993220947118924141805739357620773346815514916183218902523417048877049522482181121140683523754411645291018726231605239367692714221281185847753029403205914280798614482916831812896491382127231314343811239125711148359395983099692623666206644131017325249745775869625033522165163578778833585262407
,95493969313801228506195116836853189208604377844381074666511141496441087001637976019680733295364920478657609699135030023955622756740796455160074100287013346077054978066307698812425955997862640592860032648373943000710497331737729203331998191936910127462892219853429713890525290870562398846375193975339780276300446178886950170297655758622966950353641543919059504594691007530862156894196252323607991140322134577358973470332256922023420553029809024840981350719483041886005935604933612020311252991
,11548012659937422096336038084685002166357592654721286952319050490548437681284650841451296180056202462781674800568196775781431003268779620384336018763674123842771359725535944677216039186654825447278137915395873813849824896128138850601587205390108549801955287854206820727419608045504902215958092538436799973801853626001012088242613391371762302667209187449858432124267752329391004188068446343728836878923741310451565040419141493704404105359580913521702308477407368479087583247537274930159306183982569
,520293219215244322840026319154496495831686993460934635573157513458212289977405616095331976018186612027378584530043570158077996065827758329486548479596351389473375734800731957770174138080864861554937455462659991213348700088160245007435626954615437692593946477002123975941200982118399564952178203144554445656474397186165603981993646154791672166364935431683332786716739630987935242825258252707753295758235470676541855372323036200606995231110449804733381784804170522459313188192170001755988721781362143
,1403360806812897073667871920063353119278341571808546767638636032138206853316415959033899997376926679972437096497049564486991951669395288530048929338012728563354989510830681767824282778860654438713107495131504429191048281379616729239476692765329909519550074627854915106613235817570190782755048152309367788955550894409053824203025619585665113832175023337826349874100418883057097008813945692266432437360600014280782152850510877043285074011114333249763171457232894655226756584101098470764692467041447887
,1251388203834250738276894249116784467053116205201218371753364881513722841213029779127621858501269277878305205290080870768724999265826413073787910025745649804705490152212661093655247071171419707432521448955766385987364861604462261809400667257056054260792785785728647541259078551210546935848753491876111127493516407301838046880288284405164192997817772525496483270703042141529438312559080538222045075764206953716863898417279840223037541276517360027870530930296823525998301716788741610407055364587222188808593169
,391971590742829896866375214685292291522986890216065311424232352108816395146990486303912570377609879832709444850771865268284368105013523205164471176742980702261098673901026019933679456454020989281363992647972654377020768964077174089305955527272373791950747247933206529179206365823228019968023094596713371257761159533336260078033747934396304070085410994666455641845641741470418528416475032329006175209077852041271132952605152913640369684088265043128374398186888924642263643433239307222964642000144308218904688204744607
,1830390505703848257354164526530646794856582203872642105027710609161661927189117921541895265655430590289881430531222218484899247313037107256059619699417316480423077429121834940582153549353126734132797952674749045081395312930197188259415508100861127255231853893753344091561834224100930133093488853993955043461890476624159948565455648556859755788175072668880105964555196663257848570917715449006550010161482703137120833196233799085929601594356318838117559146662936607306014945141887938954854849141680145446520777061388193
,99109123493256195717742209165672516892084725841349888257920027786913262452561723012956571651790515408580092827867548668782799694623827832058864073522001226214517205197714510330340716519860230394168985831640348797691026675907239919840346278480308227952422536946672391089722644881395190704695914959232996748207876626254555676166093281357171355256567913829570450254104326447897012052367476764957910962026470290372851443521570063604425200678651174893708787156511497501602090868861607323438878695201640580976268461754617520497
,449402458581686564476010477673794142621659937845685056398776950155688141716562618269029558930954474039443977127265248776257129508882853864022849382876421516019793198298157560959259825777065093673607030545722132663576671738616309985237614426091244312635746454619552115371906669232892099439865309493305042684259870731433141510184350735482389372290777507563901589443448691403403586191638873895404142632201198940056798644728161813373046347868115416760799731006628166112475856837087970027519441002974466367032984002086043624949611591089879
,163303445453164366733024235270738412213390158028826860796937799923522083785486555318361593874197125729266568018922425922251415556296683382353430671967374552210382652774050640417691923258816935645389441831574819612296649454575302565886557857325492369657246158588740278306586193713746883634359785570490361914244967597718231847202534976056895791380564511335814600305023974258512465525786126947869018510334334939694260380948761515146880560918633882919347924572985839123402263631128358548486442097447613728141688323331206390188809096985358753
,35497220630063961319892815867264245766254080726543619162803959555627203108084609940865976463393442526637354541184048785938089093540183948631276138797124206998316997261437549437016120184407611836254826127800627983178601166552729354486964346371787262643498410370561442247486361918047316215223750847021270958215521765637447453797186137800106996312837274550250201504934594787623235097830863367832693089985268663826156763117664384465626952007183385971797550580062616195639441486267151993603114757985458664488525443466932623007884531404181474159407
,4596925252957521716568925508185986629822850441939034508122143895188144789898094503019295525982479720388041661130976255749207314573664782638925819510225025497319533524036530530655031479327700374858978945488103522552617448228111782056357041484381791690166710939427233405778169936484641668946063867848080269519688219887925226603287477250374840439124633082063791814095872276171684635027452205607124067139624085672603305222840029208503191782857644826406584969855612126942144306933698758163873436774398109113165029634706895196309115920006289365523942364177398999
,105978172140420666597410092031290099581693706556092309163183727759929512175411888743921702122184508216068407127313759990066425979609179596021412208296054819094572086621063882527749024254776080485033007975163656331896314612627040862710107392458205684150672785163258042080275284052840495317983112513183531702337924485316903632823371224264652260426493499948969801246481917561573305936113265668315770669408834786116837970722469996640240390827880223856869470713347916281986947400205275313861139945119595310510537822271573454208214093616745158269029917401109640892390689
,38631874476689333421476065603899490017480565214465184949066351966618005228165296687908132932590483462782303278503681718438381360277363549226125730485418317973678531434842738017008959768843453261927827861692815447919525966700796736562520912284632351162294194004903388483846105853046477529392192861030451536117384824559147465775433413176338716206940456408847047399874487284390555681105930169057608981479004399568509616431081165141702575885680042958320810805497773456835824409173583631834132970169969577053522714336197946430993916794695963979009957739339700024951143247
,33371391033477562724109553735545589138849556133200538468899482437447217650959060114072406023261837362241674333476581782077106477731447217263296625639445451045007943327997002720992132405981962969709375387146550654438316885517155581543999971920122983649590468154365242566590008463655900341725254931497919768488467238797105859790322789809801551561979414160619530448711626712005786946500826709827453283902767561474609496629229678020988410679402973480902045341591476432582471698341327421219920412612431951982423650540114210028118356023541901429718685711222245696445743436639990031
,129885170397388840140835115370044280580240141033149937012757602562589778164588668681812795486996621131082990352830785617303941840812949903318191310082792840384383159004457328383173179466924089926595807088936672947025173719228542002649121045578394880434803928875975484341971518941037044593592106290670444680318972739005712764652884709701230513499401134633385673565957818842596661703073350336310514068868040265448167580278593529649564214841607644505816250786233840374699038966117194943852765448111818948261800885028874085215392656418675773604300365581704483216839486148511760921
,268707862125049890511633445390395989458902067072107684380285433090530429103741643075306718793612077241899126548814713437044272378315951131472455507878591892828800673918539563474905036930131617300492144111212115968284767410909754823665955666766735189436683503566076826195096542955581881284772233083068927865766375379735934309967472827768096894192766347378179250920667898891676869961152598428614853567803836442864310342896715226963038001283479832767451349146315566105306874496687692098965801411671839919673819246854972918680092569840271444930325334872435018394812450194901240725373697392315382703
,48363779047223912696145491136453602085780165279727745479417999104470669975850697113935939678738781831333414434874933576554978747386271112907739577936521801244159687822478126659734401233769302552552302522455867987909180953682832424433991964312486718571372091619686066968058912463871306657544464686796011559083180542331774902256710406699746515002352501085486982650799700679916062461614456641632637883981189590717000311469657892398753730288686391729130341180758533409520459878614468617038140475663550753484212306959558777557510973946793475968053770912201310742415691659030493012039273124541996530963441
,22843610983378106903587579882934082149305434417893946364399503548968948459970375371456768459699927055943968899777805686697610620647063140748538570879920004183167128089109991929682883178814926523734297937597875015980197061038325006830660578611608391104123295525371168608549613142973293692924646611855746044141599782055621292243979394430430441690434596227691430453983835517711179379630066381409151261504479071959140398273190561436298990006216284676059594314071326326801476276540090939007325787688776876885176053984418007245161477306650697670558466838509121018888739247546608395431628679482069221954275383921
,44759416539342876760542044155403347351650893441360469975508181640783175504661478118425576752203580507978046983000071043703889622762235158260091003684386512079340249925648925104042354352910701380555676775279067535802274563913744484624356670276365972977037256224558123491550590004567728470862941362880347464509549808278864036485664996664213707333939300599039928503461740645222870948623857004459651288188661090001828080059258523129917220832250632756425209948711347590404422704957293423076048161053171990216275689421803240739897826982514790254596444806886470662743027281623467462796492276937850214646208015910755575417
,19143565879847306337786276621431603879159971929013769620737450305596690945922852392326557847953855673399942152646267530633919350950064825934549120367086807259103928847445328554716892158329696186835404002477315949367513827405590487043316706318893037465387931423637559831533563574292256777634611055207580109594624131223012886073469915341965598744524750997630187016742541051247733691831719422088262140855570172992921228785685073866243410119186902920006488304242898788330915421384744258302093204713979400209282080763259259850635433853300491004673947944459071890508054685294622685036287433385339284977514652832021341080942514651769
,41428704753238887226362950339875994889670925389949281789859945832623809891008583117951310516210617364388054178204156283532838712529916872157310357798628336387996700991853757614521589685846784566007575123809171215769988991392031147244557833738359582676920543697936095184342295395774807866835188411393287647732329124395140173170442149663490053629609628503700209910593462715546232590870032071460532417688156040097074062142105442460109840981175335495042139250964089886457884815631116627885831194746340456033712144140597162426777913659476167124790855159913666985098746761415782081373865107588442670917724985793076944726257815159184507233045081
,445555384385415845825399035046711618016542907530240337704072508546256117358048955080910229644138201391567802815007738511241006227094073156908689266900892704678768716774269344710477219556317455622664664869547035412200538189548468246535606260786947042027397372376811175261444604337405004228593992855423786060741958641255739599857942061723595122426773292991042736451224846314653353917986514738171201996439757449527974287457796688831427888830025397185391326787262476900722497498629359682212248500845502276885345496509378064432912424488418731622742259331751277056675463657565746771696396371218962220115350268597440092634474976655221093074324449
,11294188711006951130169956068885874577853194733239727106803601456818571454077096286690262679409665276509711636652878569778955968366872748573873496434419925062928819786521815756389791836693917658651872919632700203251796651529937483782676505143764866514049222069077463609085844660032935256146661140894364598129351656072132130004604773022270090053848138019194816242316026330102297761789896781837929677765871180630269720705846214738781751311192207766283554060915006373154780237740732119739773341214687460053306488304517775643710773694356063783468116544659526445532831480262967693615211884117291107632777172802710963325092106652055352595155444551
,504971389973683666653082539118982885336530861794504942717380976594560157493080143518556868027373751568184496808310960620632870626882296363101951662892508003358969398864508172287074718565565330547797317479306690991628740940853195360906771493663096067992346940484886085948491185640748305140190109161428692463005908726188742108955925180044116104172249356343301290909002627959713099872306993283754147228334483360838865584667639514817218765314764361146372758778145761717182800193544062326736000262226403752209110743470701544442762374320996331744919322095786787672791366531570062720851243320869124439738733257537897036042706190962172871650388246993274761
,59997681308835982994394969299203634483808110876995224253224129757350216604519834485573256000712959295591585057549371562989213361941916587409066096785927620801118117640239926224923285322310160025252290188040337573431732264076172063916074256123014181139019845051736484749682480149788785014951756144837415057257378901522455123991256146923593954953527242967833757232361510683111053944536866947162609069908198505232734856298809307034704484464616920716465408212744852527199037679708969570723674621883980689242195368348757527334378726342840060614706629901058681465068461321677342189489509176320316829678618285598640787635852162839476091049346510083031713431
,83909987469051765666434495110371153391451183921028042725222007497222819102279372547895790659590210976224573385658938110482257075398483206655023063759843278260732574657725488423914300671620704180858120140478344075172123443698032044551319767043765568019291404044709118517364598487596057911785765308326936755628210332888603553383449108234843597003959731957219692547531621019281073979285091428944015683742399513555792072686351766548821314572107051452473262485170008506070339067836894742086515879166954348458902547538544185337307865320960372994943900537157915392481130843932936120793220308348312476771453993590225267152864701068942796128149364972814589951
,1367857392555553824032686171710248533954759921891874963928425795942789621840015882016731819960240339914580187260510973268413708153262760657818084516802642277781556621786502302048502005499887111135431351702199893086133489337846005191753691167467354580755052174241759631797816590467897643650052789054217819505074929341238750693303928681816865196407589016919329564440853403236248719543373086300757760901374353110777453009439646811687089353799644667647267233185444488697884914810379083187269479805886391043459569487163988349011369194325063363398182043561251629905942967727896811038034300058407948295421249865703277892236229870391106695130777269359165878127
,271846325068738063919234784772358817993463163120917583655338795000077517688939614976281569788747289195094980926049883885554580125198757953872559896938438433849228792477049947727394738970991247748158752651275618249499063442433558022947041245395864555976622661034835423933301629948077346852577257396909141868310194333713403770611469563073573772619913599176316549066363037677077234558395674261962538411552346503862733104382479226953843620642728347198551074670615138544505558575444771097318765092382253538411887010688133921464179678329284421101413959433993760587256031311635567489851266542404990128760526678698162361002526799776292344029928058668814812146314001
,1475979915214180235084898622737381736312066145333169775147771216478570297878078949377407337049389289382748507531496480477281264838760259191814463365330269540496961201113430156902396093989090226259326935025281409614983499388222831448598601834318536230923772641390209490231836446899608210795482963763094236630945410832793769905399982457186322944729636418890623372171723742105636440368218459649632948538696905872650486914434637457507280441823676813517852099348660847172579408422316678097670224011990280170474894487426924742108823536808485072502240519452587542875349976558572670229633962575212637477897785501552646522609988869914013540483809865681250419497686697771007
,2244710483984983610381319473852825218758346282356198825526822772578360636002509120358551060895241361102977319167273596752961792663754376290932231078940053058921153527171876146049147991730920840634367811510337230168883767359278877062944055080935328550745311174647746817479785377472440362592191376476359134990653930257336105599606462665857730818696277762638383967146187389778382701650674961332127709896750880987521691257684850662975487474269350590475205039715569422801538410949328235612543189253013888647423818533677794624875016185458241402281829624907703111329921712085337900442589385988657482681794530270512129101982172857778140698606145394789907719054590025127842618867955129
,446087557183758429571151706402101809886208632412859901111991219963404685792820473369112545269003989026153245931124316702395758705693679364790903497461147071065254193353938124978226307947312410798874869040070279328428810311754844108094878252494866760969586998128982645877596028979171536962503068429617331702184750324583009171832104916050157628886606372145501702225925125224076829605427173573964812995250569412480720738476855293681666712844831190877620606786663862190240118570736831901886479225810414714078935386562497968178729127629594924411960961386713946279899275006954917139758796061223803393537381034666494402951052059047968693255388647930440925104186817009640171764133172418132836351
,60149515020036986419723153204254965968885109628249682155121533848714181699549321172478043611547330697575846036819581680119368724504322583645221159329390830917153064993863493023456191068965046032441822933699481346028272994888450730857096401646427272323224832169762503125314388282675392882992560189104913029109880953336102150505153097861849533990600809272585179456970954817282567511480875672633928876453616030917196662447448365912731221045612611395108470463658011751608080195437802198208751114172969600338535971169002399012682029148524102328918356550381191400853086299300788790314022247428413783781312385839144040796220981010110393461001174620496547818473431534275201021580517240876883346526830271
,1419110585031744680797273900935793353413896306609029984665356022163774972055818942338095933069229994666617908367674851846465317284571320531037815768304761842376234162963956791641351121823188904969275638361512309572672147888560843004137676710382273094268298085637375342413640738745704695513602374441944663749411883279741776935531816957671668783480044804600692846021694786959594077689654156976536474482655285879560773496724872835896063601450990113745887346794140781292848771976267043912636433934059709956902969161196433543723975186801390623604377134977896429850246223521449556713887151470879784122388315551910022107119626706862515898911957115182701194592522625718077955588707456455808306445462335423393
,231281588478048821556049814367736329331812410326436945556532049766563024281855155101629440400924910472228026117781943134215833957589263015414282381282060880984459046018240511298252049692663486343599457337524516076726333370440326627583253440773031315763375569512963145969005681279205061772327480956605769368237706626387533722818522562175132470258485264797225191628686662102349191289526805882810860328579451633734476447450945256767860857723972910159672496379539075647606574033112754458741083303248099288569201040618556689384517936856910862098463176069909623835028696667473946138375875832034220105088547012046672069852572406350319531316127470076134795879957138782033804683385188695724575316254973156490793
,4895564866424304845606039060038370487026061221785607049435710728334366361315049556520496235088659278944822185429478385871293884040530195794435638457026862911102318358873005201075610417094917681333846483641468702976741863738695894778937889058178290756287930268419219813323355310111359580899125595070698604696305667717802224596789065059380073953952018459474293361045346415374936981931834473873821928261520037325157775107084618523660975069455613566996015414042487878114474505461100544219729719900840737032618258445912972936024764755581284373801025036508604101318499233908858352840814878211810712408972460901560492921194587442853348034065475884798416294170740164654969207907405226135247731389794927559228143
,13904752688089270946562736756556169469433692834006920116653454933774571691749119016733783460188990094843613653144696060513485500538028436670193022240828338747516181290197677996749129193635776615846047042145145714823179489327033327440676080364965411550795563898717000897892093280935914240292061175850784289763699490506244357841480542765978873676901171505315493055943660633098370997575429860482517806326038595623919549618302841279141625863711099632793596541078484746184682166372684680154197056560563333048506164296846494087647151442289963791995586963903542251220542219973363372977627958459151650589187010286948411573207642690195105662131638190061144697971466584393169413734732356165024170174212529168947409
,27254052656620622816674502529675042188799638660491053185158387769109182498892283438366962924795388781288312593346015365813721390257747757262380773456631916539889056290668500156980187414968266429659539523142055343253836258345999148022990133752641710572384803043717193974767432343375707924393122878130228272726709970177404573016381659899661846733837720602774657103841871638834035164158489133967574262032863994336372285098285759466333855221007249795844820389096069929188227300572956350653256475453586099372380478838506010157726331135606480508365687873308053401823497183906176710849878260192913789731244906614259180188811670160924090469463043621170300122204837031469451279647272551959287938066776368418230216041
,114608393113500631403658781710584432672282348225929815213133732663875142645897233247259600493232044940896345985583390689744267296208840565258290976397737964955084668744209702144512721017180067662216289600566983647829079481284315664766360425478155533315138017637000012144770216324829144384918094439104738123251480195434081578884625095117044347079082423060920588218996798856145068490134370620960160763764343026026597478262858083996730405455373582295161200653750079950725407868032446037614326907384111840948933517272276759918420784557238590616286451655516771877341323158169966221720788491815740349957925947070544450010029640786699161295705458874404679302080453396285508896584823863742270179595428803246666860296634352417
,10174997485120130315616409222914217104036242553947457438717793198492126494125428222510654120399494711624664687704993570620931218377948062114125317848808489735432939267475327931270866290499858115968852117819214632187161004853360894735598563010260954732304368916039466948943123698018247953075697842398009930500230595568827577638277250728422848537875963515719889878180542200860238828172908107400713049033588453304044116717834174153584950416446545720978822665374859623584879506405800990946812859522185795123604613308924627973172063214897732567132266967540231067894533515315932836209745765559751226255556929210998391296306439327988262854344130239470031377717130152613007990864492271816868376313035049086453449563777840037493352508749475159379213721642516003305048498018542617
,62784671642298561942706163809197527394554492237624238610610404889921262750143468788815729047188400077547262765547344372357548240097187495790107990992296350607531109469440255094651466631358579093095465815811209891521953062249619800199499448946946802670922312764333235319967936200128939521077414994411560764744185172536591975217196653281261221666569099688201452209153101685297452252298410146757048734262481827652302744374883231613479891236889717747555192419062495478882514832026725741577293199168081168812881541702875908512940468730854968527823183579445417316709556499515729689181894320062404159503478303503834559461080514656604022929405444291460640904972660016267523190709585946113792974873640034737877786442227249289421436085011286620023552183078903542008188389449261056983
,18965336996223627311085222006831666488111721092883142774938412605741585359862587320425247962424540426168934504081286271346922659303843966354300115013581122879563944582112776741382380358358677564741288899363418194971653955718836489277758088487364352791622300811610862923151485194850294265317931143456012845913928400132562792078091027023316394781921128791142272812090022163067626013357021050127943835023454727132058461389981706041378989708801766680060593230194024067661060349427471393726169623410038845191285408827092084971515783822768324960053380204682196579824336443962891777328875001228044368992792238784371056044333383072676531830845564737788166582620389572395574878519910895821667211208352270811514167783641595199404064432599148944529984322346044804949077102560137839458039749592859967
,58316619456804269721287906636300572186580316765744656391607590694555480036650015549908817457966339170487627308698206824290262375957792807698385690183990603460368478818757229461752686586543148707646410244230905965674472249578563521493150015581663880176533624752277328934810174009321810618483714337958269211612026405926517554921594709309988635694647789589574571842641691870014148315586098831223829199042442284933695303724092929227738057053967826748180086465921437404293658472177008847350078269557977043471653338197181215777835044432798906838418833557464440694204208678747584353165934129412357574882267448557985140756592206228826134792136738130510714167851329755886406135398533903069123181995882200203297226421521791723508462543557409486286638165323807441705831031569299749842256787137524324434884762439
,684722724486029356904115195329480149264320736412581043533799467928231717555515362176146983159107370172065950511321034428101014399523848209772183989434524437144528235329234850865112164128387034060803466157806396024036287131494286525660729088954206122508948980085177405357647822524961115634495778476996511632615237907577007583275975768856556516229052620074827498375905832163583529030085774661401766568265713020004788722510359729943502628837012102934411183188736610190868140330028758495029907514016700035371557217976800538022015947933917671264777843151223532798358636070561204118066836215048039095449557165247827880724341450356571405508789260844170951058366671848785280607279339651882968999644514904121448186046609134493946271845154697270497888743557856787515682989064216229499629222898618938598880149713
,1190395540360291313941835090398840875005713265995825211915927812709670437818778556849738692534055648460922709373003787521965454246578229477484846931226436890818321849835238638604240843710664936962909903977294406713065497699432844001332224489392252436670636021967511341614045595780161968251970922752493760318512288004740012963591119059696380542599172550004833213081133955808939790471307341163847892233729071656873860911298152899958849640869680559161621957714253616287016518755515114272431392102861556716819546509180034027892796894226507171483436481401947155407079469688476069607339902527049652157656152719276060625473996000082934742335443769257160658535444789787427048919261289051304714632460518993798050205673610349454520063994664747209447706153104695184776280722967135140719413940546445577747847675646624173556983
,99235129345642922847508862553820192146369158921974065660989036103509268549722445625676115123656219443044352860553129409680177197375304885464715199045183999702875112516178240508642251742688614652030895915149203370351781505052968355427097855848702495685485683017127550273250193295553939968107095193782153481571489182795018840623430479472696586594538095093280934982542207602050901088956508559790256585779459666893280378879523740711150535107199758420043209079486187141022672751443699986154884967925146107221762909669722955898787610220755741057787370804614369818849562468603909952857581935339627885486024554093663477264772462513975313279372088547688469121926574858345651431939669186128495225683207624010688082925668941974632898446967080622923201347136595228274376158577226415004084599436281142829519079425495568308117227290925091692369
,107014153853611754358978528906950652976496997925120640742897738343655117266040016336087058049268856260841656927462122006326327422621128177672765021741313412590543249873449231020127188299182784194229828868013742006637229859112886647052977191956648670923241385798825662449742524103733374819209474589527935888842039625869372866660980320624963512145314941111473348827430961159442888590357230073750446467679194124619601957392370573556698315091877028444928004740474067754284576525553359177257120564716822978482879258439920678865560651093531776307766079739607071441980528380246499416925629835052081417342636029035313987702396823513800886359420660417334055415574442985539596987868627563233787879369858724791226474542601166501987311314075982311091030737327577170125843829465287799731264043478748670632992742492332766444681369232508282472948227686194143815274406592199
])
################
#end-_primes5p2e6doc



