0 1
1 1
2 2
3 3
4 8
5 10
6 54
7 -42
8 944
9 -5112
10 47160
11 -419760
12 4297512
13 -47607144
14 575023344
15 -7500202920
16 105180931200
17 -1578296510400
18 25238664189504
19 -428528786243904
20 7700297625889920
21 -146004847062359040
22 2913398154375730560
23 -61031188196889482880
24 1339252684282847781504
25 -30722220593745761750400
26 735384500710300207353600
27 -18335978741646751132022400
28 475481863771471289192140800
29 -12804628568422088117232979200
30 357611376476800486783526273280
31 -10344649322439496975489190680320
32 309574934249287408711698745589760
33 -9573704651097538993213455845928960
34 305637930837823987044520953048944640
35 -10062911442712933926626236711818854400
36 341373991030993497998113535942624931840
37 -11922070431582937442955061301826003333120
38 428284643392842661957857529616313787146240
39 -15813837751785920743143371743746315331153920
40 599719517493360993007040064684742578103910400
41 -23343383328003036320581998912373691702541926400
42 931961359377794970325222196802990464070041518080
43 -38139793733068835655180251667681266523982241218560
44 1598990977758950978981024933534278552614035331317760
45 -68636319774206029491371566964344964747144684922470400
46 3014856542600478021917538735176119170726415203913728000
47 -135443744194147622454689561872230486123769556297895936000
48 6220362698990681102285392696431271637750681265204352942080
49 -291897910587969998513253197793442446775633701609113276743680
50 13989671158332741539584731815626606418935281683806376534016000
51 -684472676082617995857916424364358384399332358454035416010752000
52 34173959508461491631326797604625565771217701401002053485887488000
53 -1740406630197807149782454932010761735934560194335600223156363264000
54 90376358518381613146702410568129853767069964667313705435223167795200
55 -4783507376577437227704135541958173241882094918524015149646753439744000
56 257970711710362759722353464270229198116996208679345610771876950245376000
57 -14170241078052127389611278951416240183418760557989517603107078341689344000
58 792543093440050742949623461835113594090287784082143139498236384983810048000
59 -45119925127381880922635411334729584164444974643438392322163848205667336192000
60 2613843355002839095845810304209819402775955056281272886372396836977614539980800
61 -154037655300539572124739549934805787178222476555014779771136553800241179964211200
62 9231774915951790770805383184518309909496292936718671304273754529812803511556505600
63 -562514125827614543215803568849130856308849903243526212904803760034691776410098073600
64 34838100552342079374613326424158289360294489341249783707750967352919504224690529894400
65 -2192476545927271058856943641465746646652634858057481279370254576247904912371079970816000
66 140173240357407767687550105700700670098029153457959729621297139779152543579180878109081600
67 -9102036288755031100069617597559708626148259246148367612351655655747293608583056804596940800
68 600139456801401047892018883631641326970133826009878382603970534203512103668151681178769817600
69 -40170380736935110178051153106325835447071438837252515642618605475132848839698275359813061836800
70 2728995449583758259695955177901259094954560245424129699110949192117682007416949767534268121088000
71 -188125884863033776752368729581751612264888985829787661928184838454595112583482418713584046440448000
72 13156842606815231643363326313183072591740359629652166524767472525575136037734116774651691640920473600
73 -933304328982785913020558923852807574694517125912227821101825255208011963457959945028312448512504627200
74 67139321197604109951114399641651046353316522593208894072831728053456786644077144726879038563140449075200
75 -4896983619044392187262336478269886752728099092743346742639609547004159051382944964350139560428495175680000
76 362073432859247570662271409633890047671254044088182044771151279547559729901674375723938834927361353318400000
77 -27133225992820348548080687673096573088280808996874628432952723251783988476871817237826254659132359757004800000
78 2060466411444115621165392663850652679635126546844457444113673037617732708246760123995695613480579030692397056000
79 -158530773605333685281338251982710106669883478535555208556225374651667325301501074655891403462364713551130525696000
80 12355834913478548481873021567206833237601145707328889779776250742582237608997651002025766640569376013507960504320000
81 -975370269781089582790851631584789203716412629588232782217844080881601700431872884180032577512602204595841914634240000
82 77971529273635758076358687744794273510712062008919560305875000645959234295599251659087445054195020954269854214389760000
83 -6311079800176729546893432069378286965068514505747370519730649950824935868695912580170287788505251669669045484996526080000
84 517137466052726240276746716261508798440491792833613931817384482545649658339772573460334618788566128001651320663597645824000
85 -42892196686168099031500935912790958844649665997046463887796530263463072507943353955378069170744663953383760718339411804160000
86 3600454477504874055483584988176980015881706796172380434258817700463299917645342718919247300338920028014325834287897473187840000
87 -305830928229638247763611951562201762449376095112677994475801206671965126096721657414863908226900652146206823286427767653007360000
88 26283927668683559865770977631475340157814201369681566061895411937975227463849075546506846851177282697879811753841761618881413120000
89 -2285204338152869610943498642621820412974224292393651681122439243982406727395897191364150732193809424340518814957687871293704110080000
90 200968602992740070330020122406832087172234373588961421394179635407642081171593468725312112424718684285205363552031341781805288128512000
91 -17874897805853251268356488722964444143917363062076373597584109719523211697857040711286872513784011059190865826059364143600475788279808000
92 1607741205344038123453323020910723860081112646373020920263886532557914599610458140502047849923564393436132815612562788911535912506097664000
93 -146215089958528158479945219060880240615203639912413896243204938487633134016073912233349386000413179805310969739757273361428053036445466624000
94 13443710772297661402016413861742582428940499161805855919823567491683067382301319578354886177250469193274847094028816436511323496557551026176000
95 -1249526894256346734567053097933448617912668936989139002966899408049969667906105371804458906417480722608581775116954289826768018411798994616320000
96 117387326491006112600481185493634236513861870627940124272443846439870405807349847579684929742686726426216840788974185164010630781894087369818112000
97 -11145426969503917494522675695435458659051337613085870318147233466204432953770272531935868893195975310744656882619482720684689891931895102330372096000
98 1069359857545264678374574947983325676288765952191553546002709501669333100826169979576818315027030654680626608727668012824328043814339267573246328832000
99 -103670569674081061805682337146500060525783711006296960086483568252688085822815648862658682839980899629417346902107560109818515977832902784882254544896000
100 10154189808778481595852673028051808298165764075346004220867855135563843758319642274713868683247984013635000052358787840938699930618041413496724049100800000
101 -1004726686502939394773079181123304821585111015812249622477713002829057722224342682317372697205819563166937250428002803442061762235991293220455145327820800000
102 100419732943987334395967614706730585692340437172183746574032637217171983318119659614653858576237154943971187639181507490018869198207068279333716420313743360000
103 -10137132684677375717339088371621830145994300327075580542708461180935465047094959872083783428326907079344437412623553782192846104279774165828981685724559441920000
104 1033459551904622199749918970472332883145937795438925124190579625480127480552774180272987424708907992127813209051219822764059888057645201574290325827033885573120000
105 -106392813236050110738655051357194806429689868150197105520464813103507754268864209763695899415976343025124836783298074942905540552560114703227933927756468007731200000
106 11059373869062309596323699661861641869568759000799006195842119778192721433630543176212996298329827360178953390311833700361689116803309794925001182364213652226048000000
107 -1160667952896315328436587168433803850635789877869776520073700200502160047449976600418032060917875738485453700209407658657995441282739978941510577040764484731273216000000
108 122971702147057698585325419125391948983037640830000537985202035089480443345445614156584957504778153425805127723535494446197132458479939097582740303204606293558784163840000
109 -13151745220273124393902303033188619341207231601075504137355851791735509693806818499553921800812823278162747924878529066013232726480087421465380936781325672217269491466240000
110 1419726196274721419725919898398411575805762845993913176916535659095547662695244916820484028285485902322809024009778101880654206575426539058799238940014658925462682179993600000
111 -154679054059973388449377980779135525648828534873860723763188105454071416929347605780322892515020491361210083322639072998621545606379420923881565089388075117142706708755251200000
112 17006991726325937760198292480172348002310841075314152112663144147244189793824059598404158163961472296599292045222813806214180857999933762707484204642872558340439882601385164800000
113 -1886933595662031711890537812564393207982942388246401452114886588485855702328767950165580095255019623115323165703542982299195400158067478362205987382369141636541579885870999142400000
114 211243592542968111922500988223359784025111247207856115810794242252813515637140733852420381617753330268875239830857517602311881472198485927421585515346157841485193250076443667333120000
115 -23860173674033700168593234264297311306828457181129633685360091891182009733529501528886201319199405870515418493504479866799470579604642996036837268320211015547363760983301963330355200000
116 2718896729953112062590031565335795857063895355916492226446072778410150327104599360105501891955180812242664633512608301882747018498129540679412707169167656396741695107931848120782028800000
117 -312541293014118410822242744968450800542432858749089648133739684728797216753009416176233750187086860181806029808169134583059106702839827951515436907191662573028548061824426339911021363200000
118 36239715653244472774831269367636399911858786620307186227016945498644920957738247688444386790000250251795734895966047440811917513952484982704346933643972744654819517938412411833784100454400000
119 -4238307989655918552312447189866338469959476134353734993799546694416061764403758862917612772688994416602099187445485251613681228325423257318887675340044586002869140043141010641352415353241600000
120 499918052257971026536600668060412682809551044801634214903348263712703873183440743613124557159238848194874609021447926583395053026970021929033483205561656568170446044507940783159463375420784640000
121 -59466511119263479144706166623584358910853809595807028304819516641262915883579350317385037537651367431999435356940605584974297432096503480124266525960931578179399012860109478910493924723848642560000
122 7133172280361385447271132764408735572412262192519464828985888091748947572447801493705567257973901493666233185730576396234603507356933675457362056978908053593107572788019684246021743582581023047680000
123 -862778616603031827573773996339847608116745849483548521814974900225121294916644606189024976510239062738583066845346927690363062026093432142201483817636874700431526230128855911726473318070140723527680000
124 105218650558155357493948462472010845470203530240161257948877392876663226874362244576540014974888579425647790468179896572822535853336784272470303137993478937485514721190550062856786577131756102531153920000
125 -12936999234964111430105287544731409690379109900060749175463059534472545610606770282432179698287582824132642434915312770626763913741212186019450460674449869639072778331581340929917613594411607198269440000000
126 1603589102179723208968334205165075734387358833643333533813062427815071354686184244647164410471250436858252254618945160566018210748497602062383461487752195376202885106174016926728334068409086684445016064000000
127 -200374785219933241357691390716324243619341085935260670500225522674089429609345193453116617858907544834040771004558033328162443501687672003285791583405694545408557518532430193623850758335595649881752993792000000
128 25238040672584492285636239573241219230026201654656365099708123013721207003582462988130311490165549055341328574344472027508431944523784558169549383793645232594661541022179965423195630654308062240308937621504000000
129 -3204080341336202927005389513710442450809395054526598001661969147771985876625363378728213300193404277227944187992187691141581001111919317274025772154251445118110092703637083733407800064943518103705529721290752000000
130 409976900116839220441326423007706386624299108988060408799148818759060414408935875611184197359750176864005275472269323415784918069109436660009965928055188968371961350736190419931123706724065250276399300822958080000000
131 -52868508600537203022535535100439452572889544193054016682755947091145250378681212025597295046636774058728446240887536479020979317532743566698440346460061522050067467540002322355064929724853850513325742640049684480000000
132 6870530579328536997214754138175675754309611504630729100317244791037028620473529472869024165381934773924115745516973137125261314307521178877353840721565209593749004737097909186288548010909983592601777124792804048896000000
133 -899732285816405747320759066293198389347056325464398272498605288960019930878957187220963268335582473200442577485211016400222583621340446824118382359513603973259009027459523266297636130330144627499172643220402242322432000000
134 118724623160201260262894494220474174256723324734969216621596874017023616152442339976789992421923380381502571394486739819762528147409632460162022637362465889222680708317557630252680359345016308101798121496497344418414592000000
135 -15785116845145656711115348130215905338491335489705534247004106278913096796632183717421001453326966242135368578521256305226081683840683575407524882708380954922444841536714165697310066478436732946150721630475541069997015040000000
136 2114509897361143415473303734246069122202650395148901096114177927430234199433271616342928409192143702939399876469741024739780619050870656643132458508267502611760882882242078123784022798732265820993256880767145519540600832000000000
137 -285366075972128093765937885625108207193074429704254339615724853949379833778344084969157195100718645353002986071057529412649093081725944239016320781984425941373719693134000331182996944566727235704675740704106913623988764672000000000
138 38797326688354863359948713620509722054865521472879189976549932769988559956080016804604982120715185182167780540188086594389593365570636727242462728716424627785996856823298987770811149529417823368079174693766081608377185272332288000000
139 -5313547717072664207316262445705509398560164909533081568328976695468719394859243698270010327778954798757338254565809409087209215065911249801322788564767286867023336624172402845958696731560764818025651673381453391950522197819260928000000
140 733039745773157785692244048222850358757912787327758455775894828655146216661486007325373563667952055602053695185711367050824026694118433612011602537071084568963809133091094820225323641312829261708983782617339392510085146106480558080000000
141 -101860963605804926581148910397726824745262762398866314141884159463922969054413058373503414195032758994425758576318198521210526824052452738025946201077998053800789580682045738097377198750393827482559812055332667959591106119263752028160000000
142 14256169473727458057701761324887022326999562068008935196521849205823956646808229303937447525251404130210511059697605751751293094235167865761068989050191984161948978708909251378947869088139250741634774618591865633982042199419342228029440000000
143 -2009511721213483277911797352291621028377600724914182206172969813220457628230117009613837657842277224700184658982418045698353385267915948679412227871240646371338139760389897708610523469391172626350674556779017801031243295189961606608977920000000
144 285265328343125367032882355136270198982790535880498590283458823619207794374101558054064167303323826134480581533286236823222911699965464272640356705722199458554086181040499174712943723687420260311164845996664881451479077456737244221659938816000000
145 -40780882759370903681461122372795124882552760577510811952617065008952784879055388274375025010038113288745196023575128055553581291311377138149970469316417837609058634151249013425345465332072176199373000209856618205877280922538211485041326817280000000
146 5870730934682063718601648702418422575735509640703804613136853583588225334573716534607098198575517737426051547591432549756916718626169363287360522591146268416912511152264153359777943885353703762336253506042121487162461039624021530014360975441920000000
147 -851010035434402641252792682995216694029427657393296932120648578507130828111182575619485814593705266980414640425292624032293074325221599539191089252860530744920446512467999178326596273479928885997610063417960036710306170710787662840935796000686080000000
148 124211971769534147096636634039397510253214538883844408008560186131120679501844036426427324176236628396211892024719638440910742776114131906146255899754001401947113366816118367243978897526583572137203413229235080206554319167736356066417390218756751360000000
149 -18254002285166993009122913141736529170932449873224010311737175099364325219881529154066328585498645017115989427037461440181279136633032162670349593356585326513594370735082522950800515487699581702730124926842323961672503981473163773745093789515346083840000000
150 2700837736702302930772485664927375901476254908724265671687681815792733855473624450779469848968164048502733542774045934743304907386569006955222213503325404364215912073550636802014542046801856094548053123362141425905973941224059849315933394376814646788096000000
151 -402313663338096769502790040438317579606161753022944205817585721698461691349461617283475545080210003673965065163078099464171179328869817181287761806507596322502207603952057396534337791685526712292375567103855802757537330414378722015758444426412218336149504000000
152 60330563674940783434807510036660480620453112295070617151728732359561449997778683337075407940036785251613431174230586808137738947890958891744721918908040491022076473991567042893909888220532746384042428045145204312678848898656828967312987666654620264947515392000000
153 -9107453664077335544203974954728604077173035810532275776959790383196177600712861195246512092766002289952773438701538908238874843510056663471914193302737022699658615548038889278624536518949771694720410205689659172488607436996063970065405404494941578175040192512000000
154 1383962985432164791543785493151260634526228662944493257495814080730252712528892348338969555746841328107657473053350259873982109700790033518819517154555113293299969367514169902849723485244448285619336939818307057640768359406285531364852060184298415276334585479168000000
155 -211690358061170343453484414061252570111946748187638477247590988279818716497787990569153604798113703173065739044500721998351024277561051654291967349331725342211466534093945233827191162659603127912336860958012423008671496306042598621412676751083598240747549349642240000000
156 32591789323019932599492538667012360893937771750913886365471115222741582168491999025442076077054567514456278721723603330261515305408899860526462330444527109351185362653870136529085026878706703586911689564574306056966102527866699565623835668700080866058220823541448704000000
157 -5050420304118145393946112550550563133019960148863524072302945639229352684524537939185683822983843814507018837644037033509016197929632061663231390164163390163456278883345571269450474698099942020574161503907078005379019515481133608599608920549425144627144187257544507392000000
158 787663886986176509819769261405733575197859569731315889260110305136994431554872101542126845029436968782936917542105043879947557791521859815821972948059289467797120428792039756011074016974931129390922296662445576506917927145051673653124338787175967357745821463184192569344000000
159 -123631908814163435464317261331829860389990301369939477939053125190028160373876769688092792836874315802230082537923571275843239821027175720606896896000832698199101062423876336823508150218996287825915256631791532940414715503354497152810884727178884005785903741003840473792512000000
160 19528946002279556670632631553391074181408481469013684265791698742744730608751913589286999016688042425227041960594180856239435125352101428422964198781202963181999148132737297394216775234516854081067113946936319142886835422403995025102101331329451688236290822076715699336642560000000
161 -3104332334028539333623695337698136087199455693147234464740509022519895084590134631699424738934176368513299334501155308603946726308665349905852185644123614679667190214881188868030456681422924975939487478049058404043103011807753591805350405847884136211244193805783270965808988160000000
162 496571269672482028195225643784173668335623484658571505686828856474330530722279427011103752432715912420365360277470024581605418777917914543692968660072381064522482980430388914812114982746527070539387784197134063216745894267608378136704599003514720705577255437954616779743420219392000000
163 -79928555226582725832392332288961100555312047756472555672480497712830200812372359721311253506498953405883947321497322594655095948344050925492317213579384765417968604824471843251155506414817085706288178735762637955898781041608381710985005610172797378928080150954645499155166898683904000000
164 12945313077201626979987182291505123499818256321280337847177945737852531830307052789146619668793874646057962744992519643968960690985988832603749308955355348424754797879828383410770003509200111581016120015510457661904617162175785225913559967887776969683241002272911121467816056406933504000000
165 -2109583932235707458664290290667141289522147521872075078274302423675825139150219714077132717720890514450476399050099699040206797650677011623302303203453625009850571678086622102004315498483705007209616422018826255247776561341583432451923132750792801450648543842930732780973267290601553920000000
166 345890275563755731716183214128778065951351148145429318257588771066812481835849306183575842417931179017641399506494714234531795572252644643056083127871207803533946820096711768315227994564516810484681530230260875944128239621028959363109568920731895024940002439746679721429991448732971827200000000
167 -57058588545485197942719243358542101995596347426108524699260699451382016800437480424781473573023648278432660815600544146744092382060106481243646042029370126850211559112548959960275105513853192703995743262308827755238419340058773102484411908417368109955564691142380280726593924809907136102400000000
168 9469539426642095045077117768695856054821322539379867187289822505954127585334982888746367002086193692391415776004014063601182833135453188198336734611547612138629863071585116110519999555630795668028580187133441526727976586592508545044722198945665168162189755930451733380142259208932129299759104000000
169 -1581051704092483072886225880424770107731041038474520963110070661865995546714221854640588938587306293095981758665952409122156347465878140343694191765196602396855999578546130365450047557234897658512239963549472616851259720416054729442068901750671280851976825183237129286395439383156906876054011904000000
170 265556590759051813307744205678342514316014646197544325333142791974172471462107514094439428752060402071181058050424899145634312156641106099026630497744634502038338977727385520519683765379534701111345448860175588201590619624424251402050356818454184508369051370397900741298947628475157320659443384320000000
171 -44869010227162431516499750648412463212204664507700528910653413971725650356170266230879563668662925670258369794440858160069832364428085485557835559974352289700445839780137866806765045300468404548303162646851644650149859112583041873332225311642530786279208872991421634513247701372644907676619075747840000000
172 7626039784444345688828514496238704096977703202439303026654999131913418220230217375761891859829562226189014694355214205487520565564577835735956050122534051452424537795774117910268008913804999544023815160838798908210032480138805838177047724318166421010331330873457752597951747089598999924398303750389760000000
173 -1303766367927844279360628856237099182768491272052706704951923247268912545107002650285934374468072861429641112986842313158855103662590658342955783885663557209265411644484048501474125731780507921918731686112195198677517172609093378541961750939887637725899454715338727430338300613556509788949760948284948480000000
174 224199037687037523086023285385886027870314577932329844150224328278301710689881715714157088918453144944645634264239205107377381418297676202738009363682647453926744091642403962499637799165539775805754676240266912950275416467902448048444747407490757637350921905756319514025660532720270432394533906935273488384000000
175 -38778078343283738731026566801977047516133134938192588617080033462049462684093811033669446581439855815957606110879527738326186851114250774761916429614483762471497316971981850799044872131600766608246019891226685556573859093674621635144260301716643111875051760817613018372706980867425930413198330792151665868800000000
176 6745946112912804215453113590726576987851385238730187000403669141133505031307089140023778873660701900546427032548774164203212343601194261267042210702872147835575616338023988613037046893774854140969587647517247577631400690213858203824679427008663292207004586357947945662737933109327565736250537300966044283699200000000
177 -1180291115487865995408333189413390444675909406793881991809764947293132775093922379560013540230388085212072950227048984525583435733094271518976013351286230135060794148995211067822913447085962123935616783208550400483722692564235038718470248014919043258868330742968101157078583685274589896864440084219798773091532800000000
178 207687759082310001201781870935082829722637009791550591180818370599125830953303740343499283592033687484586679114313568908445501629601281647530064353763476107353536279038107925816595027829699320182952859990081643666838652414907952414736834794811251718255072452100139901612840751847669775459812182290562033131297177600000000
179 -36753112282246964452732330475434713189892624366053936385382710310530864871932102193933336323875686860324691614290702469260636065011853289422431340779817554106304052273450477185456745973352766503574240763524428665720327294828656650674096662614771922884405144046189683856768902486763130219260153937804762247984473702400000000
180 6540710480270803608015485489868674579255510403296620696842608799435612310694480105395251644443388147682303824341146980795350891284988457551785907524571385075697405157499965472173563531552639219092451355527483760309360435296740103139631367727919982674544231845652837165326051467857186206679222317930721862427944849244160000000
181 -1170548988943684940639314708983256185166056283323478542235274478044295664207611515687884037571753353404412961156651450112144190895751874149949917392557775110265785939836540295467057028778580385906079578282497789998212536478093688242077355001066769984078801427817315310577194618093895012136629135621910819617887279424471040000000
182 210656352341226961337325624149292985197099019383389107507893791591383920894003388217456338826592883088493228502512881140750609151613630572544874840100978689783015540874971667742935688013910734983046216706073057583743381832234555349862219372745685800438522075428382670793569287265806767055934349943108723221309446230344990720000000
183 -38121186252418262426842402471035598039357204934145917334041874296864496411735114649151164700115583266598599625184660158022927507713148155290938010489101747536508643603322022107993989205587208668357749678779949854398055527740506316215892870441054879937902992007854719408450282120492857993195533817793283373260848419218516869120000000
184 6936683287087839161643486930866364331622631941930117877456288061282003589578946853758753609783522191128316793493669618686852261959782228744742659665873329592050435948323274374846951156542055625250156502063707777425536180419263399008412968179438164098137574941245894938739906189391169862725862062916520282645291336650442491822080000000
185 -1269164207256344665488784720663481042635069259131824092550647595367876095817442077492585310204904396883778971755197277009689214330437095582645052255364084217402472541651677893872985286226276264826537649330311898504971802177513972366881059814295414927141385578995154648497203731404812684648139661052604617197975533780779882302668800000000
186 233480855421279227130321474459443793393914125873159195826091016727244771635981356007077288007219573152168136981049948292284356154911069337123600940828069620384447417222051690460265262766301575367249848680824948879981951212257069668344479686331219902306301912067422614674299874236502656191352871043482461975715699282653235600089415680000000
187 -43185644713716122699393402507349326456181158239885091848977921422924141272357684136184419122215777170087616234128948396319157712203639654703582479374054363962918935840288635729977852153752380362894827824874368365400276296512247071552324999174803731436669038772027040480523081986271154659552525785652495612927082282693821418147403530240000000
188 8030997866660765212083151156791776892079646569208188763413123336573000842532023569630718254793614986116713803721576787916962068339692096109288785410459626510946003527560668405260230090251168076056318344025664249604296954482128709902704274250797049016614126830521665202816575719646989949626751459994900122606389829887613928340359458324480000000
189 -1501512737917013808282019454869008752884888532762607476830104244570080173163177095674926367799502721229319337837879011170757992119981482203568919914321428856642451230159798841126097606777523922514821984551577575799055533987694178463483061425043932448710207256371083251152259975393656462560998651004395652102115948392553899148670245105827840000000
190 282231515942106990459710938496570508396272298171161587508178506971480880996199597240432719215033073658332230031581793092316668682045774778935903789111508320678432184194048782303411987852568114156792144565234966643474634212477879170926941899827662766728479724510447373442196711614442305612770451101579573786331820713235060775833258393652428800000000
191 -53331853260286119326396664196354094430133897627827716277229885246162569490384186943381787488494587360899251179859131336185824481022613332970834170906531311716186799364979358040677766065835541259064783359959091155466870464047769284687750813274286991929379135717505617896430022344894741916976146992498891087967453814861032275768228751700970700800000000
192 10131187518867579721848873208191706888288971635082639314335381011565915746170384133296698793074430514811443979364231459276436404884706286619459817316354576898022428535239576177163668666746930448818703953793817340262867466055118000650794252116234322818663523081909764818290665356754739637175555072251470043872908703288087236676127046295894108405760000000
193 -1934703882419547959162828567144360303539367623509015195065078838806997624588952206267345054549344042687356233594368309160190906140559959783046854460234549125898662744873173257393633279188655420539643469075162653385677410355522365323298940571784787807503450850962134506417705243657757789333759313304244448942370190015821075670578862698389827821240320000000
194 371395988987631027708708846677216261279080590880086621789488005038109860277861160906606694050400866645746241114127579491967736267859019768945242513511603598572882866123824998416669357624043024147465352512499597863258840433410350331099260646142050002791499942181953522852167719427801693010257071027846792436395655602680674100116392248581554879300894720000000
195 -71666580184091245925002720091873571453305105407981266282160332895754386360970311352632410496548871349577199475464873192010339951887842175338863489677537958004799179710806692014555603573993158462287337090233701004708140737601341390376421575238340239271334497593899373797838165637766211513710743779473197930349120897696315047263994070179810381549849804800000000
196 13900846591337126814220173457291078816341946937843609015552835220844054533060158742740021856169775695449628582886475479224857585191714526570120963019785232525382305902385489816949096223001548035394444232975770319863796107210258400970320776125001821101799676019462621532841828929480852289087314060531019163381726978713381354469967466015688003712687538176000000000
197 -2710187692772339480454196851493675931529105944964079673161257388266970515215013454975647178673319264356418208176721522663199961839439630824870307468887355909695294159753474258948055488367590447369948243176168990288172498061845384608192491468128980440914132738149064298558201481420401725490187494783395100320529383381274897241309321597803204981259619008512000000000
198 531104040614192294586797629841544579962267081600714172334499988999150959279362585105023695326194035903198462651751736893390602106401566776871311728220984877508572510411396298879539157860621398633652697175050344010929143174251392887389108652732300955335373634132946002575333058594634167477751492347967009704492988476752910687586054098064077556588968066112552960000000
199 -104609384505415727260944859107185490583066349455907482416044610829562968204932753863698160483602498924869739381231498234233587344758551358584679603722771026419558942315800056037293759345314981850948717539181717745377575525289703980355627031848894964407859750092006560435254281165792743777792953285807370569978151978875347325556085375265795165603067151123648348160000000
200 20709103249878443935286976571901550493491245087188229693189143902312951905786375137503942765897745845880243112140512349677531792004094764180123528695005065862765332722794433813431244547665889368307077214508600867535166651983891891201826917984272754573686644486434771031968747796990132765769154625159129723960642666741499203620869890928840713635669915052925779968000000000
201 -4120410249521328220284412991283295325446165893173825953409450152719664180495193450026740765613786028090451300160284888237719349004873769103666338193978083152532403173985017137924529139904242550739898253963053383340158133272533663487158600461722998958177660646888799666018565202479396713157537319390536107304712628513000326028494227511543598489872021296980370128896000000000
202 823942998986526381626344522877816162721649994188596052060114414455883734985480514392785509185644993059222466264103519428434761565885302430714610733828755242323686040503728890782373723321851663612017878771870149227672448910326541002955867941720383268799234832172025131040001011139114280834196200363093282426189321222122754690792710103544574688415757584067857716609024000000000
203 -165584833248266556755687720028958175506235807321565785629008008389905923368734498680833472968041344912627851790338509384934253424965664214356886409446307007454058323148185353340915993211447464954853130367303316127083999232234928584705259517979999422531503084805214780135713570060956599130694474138152228502905740773686667005874321719187263417206945875196924408807555072000000000
204 33442586763979542674355964481920544215098175225415043260295714410366522961299571612138581283325135894464747029469526334223725000700419041889499965699167333683451250393554917577165010278541874861255638583915079717461781826420936322470597016411658319850366376793476422134623292116322900075045951559810041956958121837508618041226263381941073979179462074132321434911825828249600000000
205 -6787728125001671163246034001536785195668743295699621330659442824851106575990104642535752885303169624795689359673665505820869289919005354339826281511553691535768253763185712861694050653379102275150246539425952081154785498940064791959099730891363516270986404665778890000912785976581203365454827384593363872817359334303956385101455157386622251701166092630956142549644525699072000000000
206 1384470598840581411021947971076241275878897014505138094599732944436046899985166097690134613958193961876725139009118443208475553322653483678032621290316566101768254096836700145152312654170827876518876185328294051114776968446306383472131246262952395479275568522907893552436787501305730906495761375983062158737410514022123740598515850510450304148053298263984253856358574680178688000000000
207 -283770545203238453898184137272712984665758716619468697336932815698722821624422335588267693089720470870154285888074056509165033754855252110079207366507051319968584069159330624650315527455850982042496630966161463161354771410130562912927777669875883032590340648177883127130278489672090797144423345734105201959925300273670058745944632561740698506642449951972499913001885145677955072000000000
208 58447350504799444939985933563907210359732979929328348966728399623817833414920481605721931972821987739217087395353702160780099555498554933645671638172552728308612644482595076214246334421963920578364776137709613979424481486454348794636095419888890204575176175552244098211899715849273953542079043400669760369198538187653068650933336182671530639997600536037070714990471168092299853824000000000
209 -12096675717353849067780995480952748574637662761110315713487109826937065530062738776466720491318274520175265303491254951723229530764397377287715536709498441474361139512569210871234384383735047082610883891871693579975348752944720114167545253660941461846056296010543003227887783560301835206393703122647895598588604426091647400080168696197188595408384442632315252275145495653528576720896000000000
210 2515711300718887926626589070263769924695746679569519139971633406763555151654147744689896469933083829360593316309415755361744143908388824317748851030504881961118457785065080913923686419033849530296604116625179067965027752721759128577681575725073646142766638254697462190446686866276133377233651787289104739870701344114828256494317306579189443040203193453773711919706009366599832646870630400000000
211 -525701323075143351320571375238617272021088378634419692452329222446300048068518846336697958569904839755734850279487665607656397195118529878669517045735047515734066929224172703099321220299251127556145005950633307034398083036771887552888478133667605441665931496816985257291613063029423524658376689535347678572289325751999248858007416395066712210421469748452389035274243093426917267509713305600000000
212 110380128960132566567051932631155554917127769172176756751729558419949545589224994980854671188541836168336479827419418591178548030418761059271358772075949105649395845737508163815554044453883395288131703955481597669064887347487843557234652037864589600833172604393355036680059815597769154698717511707012584824746174831362461213957946027532717279000126305934685021124878870873603630082296696012800000000
213 -23286618431153604545577446105494544289431241139400162972773404215977127767689832954724806269609942080050809850355631788148796188657813681921378782783300118092401757636662658450334950185907668504971471619633278435876178336167281529226124543708314473776095798688349548204354315145893738345198129616113640736771287919199965113039931681675229072692217489760866663336271117281869053875202374290636800000000
214 4936008489524896116330809351898088187032623039689747883101362262716037891124844327010890697648299541280083997885870343593517864331607817804434808346396783163094483904107823228829870265268631916282504038981016452176773134210379142575460535062776535657158139194999713884008338293350819912855953036344282904645541535497883721404356871615277832981493539063529718596640793566586812647394748700767027200000000
215 -1051210379361945603743345391837119513023440362844538785105395412795716112992410612956598778741086738552884015747052938699175924601880897099080689476127433084264129882410532508543979894253395443799483951528440675279342417182275335144028428382967653650922320986955444205101205262519471166248383314010293508513146469257402775795555464547925496273707489702005788803277317226748150546343686143725273088000000000
216 224925179108330458004729535571447551117975606405572395516686429856353341102208547480319907378688881998941514231338189045865794185775609981144125495409437092104126920000532425444172041898118811669019080148913244138430228356096630710896264041773359376357203797709719174362650856340825280066772445339152501054164475076475110195784226374760434739614029166873770101696252826738274314587661875846167973068800000000
217 -48351696001209472523167451000636329369109306624210329299167250462175457105189256881239759356397293698167424709406931909142620402589302560251481846515811313930543154373029519171830650108299707725134103865270837941375615165775412190926284029482658855576862759693757460946010178131652698022622334483157931477143967860893778398019576694694054045630728708322858488688084474200874587082926046216422408218214400000000
218 10442419842275288986648261195561660215482488603560762915651329191790950232854522087998155650398801069108232090807979468033508985807026189198768076973888662250824196619877968379625744588752293220634748296615740788227101070949541983203437077831455126676782699062840682454202746429784723736348676680510554976694643038964724770408678923680308586682268638577991733845552122294170097489872281685881902393511116800000000
219 -2265672192899002974584022358473121413501146768319276090252346147558065188170134257768424051028257095305780572495338124840692963184746512293417631442923396293929609232540269731796944736798151535740298933631802257348984754629197726792218879518651325474933691516696755586889111839589106607198464226286142896430526636661530420047303714670145844937828526935616587261924657013219347378607130103486639315010086502400000000
220 493844539306726344432739641941814460874765382381128852261045469466743815136977703299837691303222714889119490224778469554820504558470261018561949281312745323772205691659172043451390572111421669594837331373729013411564137454613050653491183333689004636004084707879787891958907024346889137810860278155297943631174881367036419856145167941184018245311372296094455781119805746350337370678038134077671168514734424064000000000
221 -108136311038656379243577885005290384817264147362950531748415666093373908665784376841688401990085083057325723086907350999890189710431226578446273371048820349300457775313893514275001586836762415523047091570827111498336679787125468924817853494949141158414361585365469846107370002711041573684798700348989411345079047856223796138554943782070734745633426018669858275318674910494424945208023958038295416812916906655744000000000
222 23786574043055315994279467178725578615748698819376962394280885763055463635124064500981393468726003626593963714961730009753535041614558083697571051477684174540681748362887070287664310099213384765037903998942348247105354569411050629396305473560223966648502051149517571453237470668629276225939182247296691190199929803612088800422572506707557860827807056218831985279824904019679975043328857633790260074225839700233420800000000
223 -5256084198497614575059387651686934770522500876107086810138899283988383155820897281539289884843019190601615183888628934853285316488217359233027397763180926717988421322002688185672457094266998780840714843644347725911349147072743528557910370352853110122222681011055971092693684739932827657006050414118302159943395790123125410642717880886710480051989261938367707106460902057797763780714705148741912253051129337994647961600000000
224 1166685785504798475317306125575834601944231327135863419695829164544600137523718302554016991413292248013900399673763038704415864491455882763490416776426674516729777227049422763482837666300225011322624448466963128215654315475808156509639661066270607116614370563082057273773175535075858368200662123579254642047094669211058623678002984694583778041970125059720219919400811687513475833961834454984955747244004292324119648665600000000
225 -260134441769508391075390840617446266402293208359724484614825906455030716547252512718723864041480283197860285792415369432824475979881417828471388669841114323025950718094291504674860745344818570184248433186737619105921387316321135089188500595349599318329480392370109339787628471862351486753639732148449442575627364565128435447293699641325963946795661276637968359305248605177422044460783035439260908722708676445266373509120000000000
226 58262004799319079148985824918745532988307767076025165856077161297622404470843019453552506467465458406802715327291188805227679832614920185317149575641766517880891264341613355314404869129363770183470830365719337622480774684849669167153414086543506415782045394963056544071495782261755191896472359437092736660145121323897076650503029928184950809120689262650175765383899712270870741215021675681993025985807157140176609319321600000000000
227 -13107140354587320164079416960195946881237981979900556083764475193864209148069959825014504020300476679012889131471854629657423803726557551505190940760664237802700176868674841800011799107299242780774018164333084117892523954759540714994176507058778424742043010819262444872695988750841997011218156569597377956667007776781794323377843152063426858110008641847188385837287483227499458092682132218831251572425119275760114031866675200000000000
228 2961807636037558027623385732637128968698893760881043522185984597239610720428264462846210656220614535406630320988383790900525818441682028232486333325593133361515969724255101609676649869718553002534985019879563635168979906676429593741508851654573188092457337425099068875494235028871126178583715453232482117022864851001893211075651146423652342289920053142201501626752699141988293028059365384667543109645645180069794776091411349504000000000
229 -672238856590876136098370249705141825221060602543322351552106415604283902884677759385894808249278309456029754003639275165229643710101771701886408879572944120936849530060417598876389798158984237802396680146869358532905315517615624118919292045279651985190873031989585880748968708348105154342832210300090412845816717683264412560220937315368762269141318286474877122537586562383639932814594071864243727890016776412098307685893395185664000000000
230 153249761282599186953249447642723999398870437935223609589824256154742892136457243443622731923126527263112703166903652774756586959971840413126713299890776513083497876760552119911572332683785106032178191168099810218328532368488700526814172735067513918979832663008004349776829053163244961639103428060085783768042803975927335680376324141569781511844574262075303591016720717249828215873908422173761588573954553039202585303841223506657280000000000
231 -35089491400108432393075823685795319426468884969347020146367371732744675202995165283917429165151069640414684155339665110088710528121211488560012470738716024241548688319498356811038558482500301852102623536958312425192428481266639580551486251526716718847223288982967358633760126831619663365484612706648419757420074041716216159245314687592696093739154864517444220471432057283526553091954661882511987193559638897521832171237651417881640960000000000
232 8069509280736190473967566765892924096889670903956522254047921943152116942998152025741507426724906853940037890159089165805543993013595707439088455691213821007341689131591785611291421099125830527783453394409871535851392743214772795142772115622714246620793538570421496479793469130717096850155310586390430774424615361083070732828134076066482406987183961460332549641323010806789963567840922503723565416775135557206842334576530904298070999040000000000
233 -1863810473415924626392205664441278598055833351271484561816360013409982665503770363702643134877646815175757464447189574171374172374684341236265239390946566471645146116940446762672583943390393485599092108212080259906342895929708162955276212889573356382280350055261952154874197847084362967652031502819784057575409232691224995690050909535226140568331793054203904126545377869919280103069005540980495302538840504540970689156945729328718880440320000000000
234 432347345681476059131811359330731787802112728931855804787697091943234801754336524268749821555334228655181632717676490337851118493128737121936577096151152839370552265887835561002286531073348404795785641987455981413318657693060491432673914642875905088279489996442415747854556310994455117351323722965378095052074608912790136921567264466955199699199675636153221909426112279066479781672980571578147950774201465766039968948616699755377566674845696000000000
235 -100723822568696495056496991954626594136094857040745365981288454879463736882142797110634874763353706768805556592558256653547143952897151915233571224317268010048857694932659710619706728735543128525675704767587599583710606648120686202674770558842834341163154052415283142945754994275282341292235477383450432799395414859141725903253032623624917468535951183310873711811972478225802128777037245890573396370229484797657576141170755194008848220542730240000000000
236 23566329749176008113040909679279621270965761847898593502068983354690043635092131814990329860123357751024380685811779636074834852201873013494519067755010935380857533802009647095418921558250221334795068469153601469754409246257008392943171469210705105009698578176143037114644896516780039589791485650145852813976517762288921431799835844782681215583631942357243616553558926868729544457446621579730875365147368422031384112655749915610687572100786421760000000000
237 -5537377268331925207297110331601356810265485518965181684155432305652778101105114141127259444948145674247223986427439369838535407030720925834713669808118083236008346611587457116885854800947471413275289900516056945385370307772614050520665578895442910534576283934773386198274348460853623712605691356106919352250541149848078060643819552272272234735257029999571613179137228656210323667912364780714013845440344114785764519697921975467553277727296496599040000000000
238 1306654656794725263863339497693615064019211374219500542683381097725310833531044371961115742300043626357960451744887705811473279639291203094587819494571130501556491266009015255100471445537810588482889067130258640443003695129508430641121051944500334823845881483452720317799464637052164534719490784496087930347280910477481937050032347724552814376944601580925923797147086429204144225791917973171628980826501787612180503970438189632602381373955553026375680000000000
239 -309638011091587941835635353040451407935269951898536328067459336139830400615732250086042342897604409270625250029121638143148642477459039714385410941164986516979506797938878509864247659171697744378191770095202802789295071027878623506481692565751011752664278092001920968557000664160689298046068876288851329587288096520568319219921148046431209167057413232693869032828017403354771876353524322043343160122511413851980177946079427054748715167865940787456901120000000000
240 73684598745954514310478546777697341069924362181587796636067122869717993457581771647716741531970536298630236856431098312640222989904424026811288207016509714819943673264952448603914981697511459826188641173418784580776723153151134012626332879033478201817844916398851526636804299280522300644153102485941757880089647148530731939853672034530030456854060876395058630022098663933135791808464373042275942497575532981475706975471642950250758142932294564449320173568000000000
241 -17608424931385194822335420968544677512213773517911026398497592153227593349916692197522743063274212921405770850218805911481134498154220851247212856301912187794288238671610710936493856039734877398266467524423483606982446871129525927551960539857810724545256638106500057858822108476453196365293838162840527624607133140656429765904385959300933353499306881065600673081804309411400524970380395424444299899298423663512409500587117033132266332330307654287640296947712000000000
242 4225499198344003717574716116084454102495539485030337046229611897378081328761580258870262660639237414813213851731779131078707148238058214907712496459903124861079340560991952351827359704079437831354174125036690152791934211807179703538165182613690126202521999399638824434905625760975526085029084837037664058930108858112535681520680625508569187175453165570815871422725239765563231689276202893828167232541409681473543808617796276104143317228022292308641553313693696000000000
243 -1018220224789891061820150212074641182408811211686646047342090775798311196960683636674780245548872275190678764405601567919818937155717283765237648482893459876354785644864716136484218524458751665750246358052829139327929557300314092092625200535564852824949847026446486045386997937035913489982811184765213108062861795723066272035011621958126865686805042576755792309200404208677626598858158903101317855510335038587389672652909323443073281148279008640361346059978407936000000000
244 246379242133529408049116699546959613393142369900513176449085987058646505428112570429728278746606066466194018651429005709156976073989872687654759443459451649566907697166085756176406134564070430095575930453617191710718617359925337704504861671731257372410721429506745933957474955377627177460719499169649984103340876755818661841855085187642323046286573218615867480260699448241812027087959052465937196082180175320965742214722131839017840199726535600224976795403879972864000000000
245 -59862905423676013368062243108287437956833455894891569098144415479241718822454666345148702198352070083980351104993945517410920305809140979744639177350822191824430761642439550995448124939338795383232454605742092765758937465178778924054152825491154563684222410757408505259264794663378934619472956301632918621652010216326160733954729426066964603417716630036152091766385965215046393001950513305802965403525725841884492780355696471570570393310341110171028911406415169454080000000000
246 14604792438957228724330804699798352616861555195380230321970709746542728839986520728684292493819157773181989192414190017576008004898337740746275749665473894375838563585976536975533419858840401561119035789414605510448043927424119027594266322679623310862017764184533747065994666341596693896437608415285663329292787795760168417521254622030023648500847886175208829133057792627961692510703267806101990265242346728163307068633779062127969742419052894291934219925289347609264128000000000
247 -3577746865957275975938666206849750433618850264132149813135500637483354422448163719590718129579967963972874740025006307220477867480890208215866929251480743548127474788554881393765612108401644099402469682407468864614998043929921467141136572337221343026316427845817006541572077376710585478981715688583264777516686567134183228316586743169276729300248086994115027859458688202850887352281350480701176629354878150618833774217787768136204793506816467953645031254641410024746778624000000000
248 880021361556715674114859155926660409446312602620061693064726368687090730659780829585336755456600028823376259409774401335728084659358026852106991073981893220507022675947126182395395881456318027047353149274748298470253031140687615979730352027219458783543657285620348509123974492070243569946195486299271726953127531908932977035163845661432164400864275842891495061335157877903017607452983400645953593082116518346437447714629468430708991616337626401422400276965757850835178487808000000000
249 -217339679252634308486262667273984849011232168909683934679886491266386140871074860232095656490907681179461075842995102745795392288861952484085083724984123546865182797080464363862430525162287958140004228729579005349339020160248168275761533883820671231940642978512675872789856075882549073383608435370063307881396405399597651017162337450777262689887588339841555770589424965644785970853356297368809812457621037776952932246926688850142237112755023449656784532272529065198219820007424000000000
250 53893936960408111317788536410872177521037799140694474937476294808952481751145021869908920807205522456060141198786653592665911127219429555841143631351797823397554451629833317970609465935243679021439260752473659057532376700049082923624152115950205133991745749804636197574341315667621148483065319623016188847737424898740420395432540634759912654569099960523629086546278223576494136892282017814879254242678553824610513461105082403432633099938265747196033046354031379437052009381888000000000000
251 -13418031711891028929791131844261917211728713991361611626345508488505310255775111764212671457407099367929576393631391772441587083513829004653257434437383290325098281778817893306845420870424447358175584133331488550470581257239131917184248546345915256864159397191605806132233486344526775577899086925533921780315127841782370801401201495613004183593825507367537968053406815949833339920524427462842252288666235197757536942186221635459918430144692029186031184531637847086718622827020288000000000000
252 3354120995237919784780479255382168783152072449794231893736252333518174042639864518909903012535721610284466281564756148814761124961143758281182893124673796278872394766092085095378181689191165492246371251527158720629520345201614134757481799447752008719417096535273328738254772596230281385789095555997934311540167420077810477023862450351936196802144417010598943720839892682477535879728908843357738124496400762959106813115927878466086466291353081635514433446370694776097591086745754009600000000000
253 -841787923844926640984913842166456853511454602275475596228426880649723343583041877404338534152891166637075914074975863432746447013041635147725619577667341093069290951632821715558457349534114745700988418402039739387883820742408295156124752634630757237772154746216751643415830588164630260263581396463748131028721758041732092571480826218604924744072765100065758882770672767990614597872677941793370579952935254721427913473166436214758416357646228162879173895016385136643992981054749356851200000000000
254 212106420494703872445996918725813008480422268593360593861842449639695979541436806053591339848705420592339910403085966983957631320725567535104138355340118801884547822565145870788467372229747346499520741338012136674665466234230656561773422279285184384298977412446929620127187767421198944916371234262196505257130771150107729244575829203082649138040284472372715304908812753487804375191109806157087448563350503905991784183208657220999638903895727984238904681771269911072352200842626322346803200000000000
255 -53656859965018556132020662279975508513210581579418978462545218061759944345457418936261674144864705749835637139706272509871933471447632305433985124878614709738397409291045572908077529387272855110152312860647794097471584651473215078506757290940797976094078174671692292480452282525989631684873063185019925702254278674635665544386164438911617695019872295237195814833723417817807988433681545890958535408747027765736676361781105231106560385037765682977862475894127795118935461455673133778337792000000000000
256 13627312639912065947580727971119481883351526335042501648324339391553885810778633619374408314452409759521436254130553800648941415799992767222456098118777591866510062736469931814395983032333248666565727065135582714483587843042188611846835800165801989714707782396202738109838616942850876551964561366751589839537070011151843946218776554896531692626891146716738680311689602268505906416570230561487223473322287376977786556162192421062069429355719900115987505830214061688643236767142704772840161280000000000000
257 -3474577293605703312903450714759770179860568739497775381054275805726664887596423191345066879055783694026777116635190361334153234244478643005623859469337940908467567881986936659910130180075934985285252063801253804544070101376163671071902290770035730781891562219879835085081787932957824316029912566478515064244015993438060951427733569617497572874791035758422303949451006745927456552965015908208981911675834118403066160136465054208798588543236553748509491611305417698267083561507355165865027829760000000000000
258 889393280787375066197381982294793917352703157023645055557708340522683253669727502182132319297915978208185148599388688190803083522692189109207646130739650412507304364146535110234910338639407976715698491678562290601869579032687601934592214003309293099254921460866778363647036970204166201317118827519190893286416663492812461417968005000919822667979839869788237313870135039881713608590302397632299252351545222700638238220472551859704115682877621306943869113258375334353087766962134875165717728487014400000000000
259 -228548928826435308815118993413184506830409766252591121824272779811974365625150446521910701941889859242187090002469062087957755905380942483630962047529987595369048125224664699471683781202322041354466927310109740751969977047005900038971544103117330490135969585997006274632933423472426190062264109115548900773095723372318974488618699011544157392109519750125842122007265072085062612434047701930467838688257612262508210044263283459259589349778482150869314203668865936088749957573691812338536441822209638400000000000
260 58959180259409067141492008481720930269623231196239024271296498668867824483784782287212154842427443691795438096941217621622717902092932583830640114139273588501896587636482637503126829433029491172499657480759636620674853941022629187424859184821600779675739691999949744821664376324272044102744716009418178745236740063166409840479631004197256540835500709040211449824005617349378321821463047595752730863757162823716505682651401536440285709749377702933354666729201437738693887097329648836973035527985954816000000000000
261 -15268770093761614236722761228935165267158111859388226113459607851451171216592860517145468616171481979380933935010115074860117172611373003320265209799441669480085882074660885634422892940824841879858321431561186558537874889581766810089188075065471415268260495319224267938971635571074895331600822459917398170228341577540516020978381328703393229856996093121468456971641408591055552997027577750206465189514356170168579904736392443645416223303199493490036552883420941016302299875018201914665502409515463606272000000000000
262 3969452142473896053317606083031151242088015898936305271014892493686976893024523636413415086062844607352533932247581122937139092872641951431594956172172973468781735188128299992975871768565358093598911684145275983222312746509746117129810314744129130408087114428376244482332997465692033095540905142152720073076608255260423336667525081582596293341693036796131511225066133351039491809693855635974279628194213989076029444514203491983770951721527680667169949158876595128903507837860482607082509735160396526911488000000000000
263 -1035916026902442492697044174392211746705325187244464752450881027261448479354628935790766023997000803006382043956124316471374841624492501716713264858436316144954485109136583454585458194387564586616385885552770608240057015557283208890734287141500570853688505684630913477085565660185980941055267804300265816877424242253799214258545504373979392528482686985476883862002395504562079796699500089869787780966891066167438421320630887894259019243319237863616889852314523442362420850484749337854757093171817757796204544000000000000
264 271381115408817243558854771652213391655254340674246411690467474832686792797736227511410391943092983015500604635797813469978747806160202968595395235788702505474909146735084927847708662279272232873670000411651406596462394250826213879986608490998887855273433532596026016925804710685334249991495494809763883500637617821522549582684704663256407850856567569443899776689461843519360201985871790788092192536722378472461949771842417925590532011711603153660693985229655750102005628287170266158500162847209125897638720307200000000000
265 -71365687379435130950775377754489358789445479783927709946167942579494499290058502827189838105634454352500613600499235866542503685431226647301244237472041315695303413001066990816491884243173719415523546518363903029275913120287416597211872182654832877850952062872180929491139952750289709142512544499242730468508143682443273461089477741688976687204346728307619306039464880132690548082255300302819959486173035281440516798692853929172630765567140042180376736476242351669701169798527814795805749357134132061313362296832000000000000
266 18838562506871688665292070479723281852555014088445759061521688037702945646279069637813902170886390588483406958843121569446511401250502676708813795772280521497439506612932566943635120644908746724659894948942940566522601089017861792743804044788747353250410251114936310120517845568898913076311712781535780428784593448494499833672520571928384614184680133915763906435869756688509287107988887447197614863213295533386660591092571889534906344685887888144766820401264820441311088494179361571585027376566278100316498121719808000000000000
267 -4991698095469221779058520727326019834837710116310050450880819796703557905525156906037189478109586781885020000843509788971355940167293196110935577655513752501488121098457550678117370038374325373814264405590830912038574614880964193046599830524895729276661092459933562517468985569867139870625521771821969858527492067992225425919719125562025954623588344960606977130708040465632383145583883572188830270541625969910628314495010926688436614512910777968685242627667011670923276134073833005396002158182093736752311113258893312000000000000
268 1327654025598007076570403273743355554009028097898850381227053711250134441253858307761971218846736679146234256566605795065087077671154843962468168575661194288330749066356065775044871991816875452236166337083462644467825636176214502141526678848602036886760852307919086287797883096010820691448643134364708923124816228251205942052113553315309684293269256435645880763345738436371326239237812031485831554868079257756315703288802995304164167509235533032176411187517149445047785235136135681449310248643460027629545047864958255104000000000000
269 -354447108018886677452105898819250394138145822175942641266931276068421612413872589366160577416291492939780399373224149332982481355890382545376440889565872530373763865570088707586626602354322029069685948702716244656431669324352795080001115946445789990288453979329059721781122694489641197156934607398670323554576037789966741194056747537279120053595112833125714502365095374240516616839207983258899863470964542749550259888737317790626662810897116983251968502918676644766412333050930201057036683811383593618665331538554158841856000000000000
270 94982102241861863121842727789926738215577057112147867297011435780517341610523484546256101990205880138354431567231386361698372841066891933333799465944765667978639242073104228558593095118214546036859675613241471843141776118082188499702088199716654930764991065840430329906085153938987487757233736473827983342809815579706292116729540763830408092664556551133567108800559912231423636391745989853277404389709827073598038155709897493312947349981938279620330818313744032287407828034229569010417397882289640332715692670047308388656742400000000000
271 -25547587084189610760393340216174232228744089277289888400603242955553099660311009389064708368779914216104716930795655559128232183051744103913846426904717477424988545669980185624930501268978707406577316643728014967616154063129404812335937575598258806987359427448293082836774845093162559674679968924536442184621580178236004337081091550585896253513149185055960387619815696228512461302149113136983734434750293498269934788543677001939982006292512851064609478041090042318598964245411413705060819018719587420694569280011932281842801049600000000000
272 6897151480774114376835085335008927113578913535518726190819507404273973845629385386340085395694923252561565431779958247930379257324761865272590769028517738348300617158845693416523126393252679256269709545160268199833244114156142976764335649997397208087988742973755298169695744236460916592734836305436210418851154037644531167220734966712286566147777052355277294700394251598864205411358140594814582843586662928749593143080421445021698640523813047233137674584377903202819704130071916578655031026449295534497378680321066889455283784908800000000000
273 -1868940373983126959393953600195771712909944236289614185048464822115735747750230112169108637814213723752292674862854408890178956722159004366918049777265891501967782539206223319281213319800796187950054900552121082137302671181537329004503891112878216532974480134230260091394739887434594053720855923991562692834749427012652844591756094377949679099808229454960780790908961210134831516898636116420141926962462244910459446983447942400935537494487083930132353495682818254792433984621075975420157763832039900479828446714940394412828093369548800000000000
274 508301061589150118451264270320819226671499699691601784937919958132983661062266548593082044404021219625761395265899697923095073213405282219463130782499486744605859770844800671798791878259747552327061804327147273366350546653923942237254905388277518497078929388284327589517114175438324373318836120101046817406728843527069740350745552806601690744737217375579430750756209979776007704878126583552348002787798259723871704623915364048929242962807523203218891401213884586616712793550774789899067878181918000008484500575171940457600771264033587200000000000
275 -138752431898077438796123930849229854802129220138487274221786619858361693561234254644969291604031434520191357262705707801236495405393128463653973865903844820313411557135968786460768685591659927916160999023773398451380125766091627902231606576950793907318111532572084738385264317420137715206066229795207912520854647348456947340635039829201236618732986465519672669175841175617996686401529586589822825747444284769707783553748669482236912168114057464171923720110206046339104788282923100654039449441081736224793444925195457210651384847668346880000000000000
276 38014420729520951166905364371138672684934211210297808709331544931388145227149751916130596804431070985797342589739666986523815669746798963136510181486634311859868816305176805453358753722900572993362916087992751609920161485377296436346635199844927750509228527869793389217550705119683077901306056989353799600731947215125303952549684550224522080012417429466463184143571088675050791443748347522474574708452461831189719191119320285953194335889615107040825949380147775012833421483215031926490773255650813593757080812935569096837084300488661270528000000000000
277 -10452942208594135981645261343706339226731477797157184412199570895291532990238752657603234105363960702226719159561379375606501398307367403081122318284969074464470975942637877471644195547175859131863100118762166239559114422162954423257494901442142424834749847785339533804102451563619275719636493775512185693848168140725690962612179467139897535448997991338370975230208092152614934766837208244603511771420409642798413611909668633793983142002669184074257470883509079282502024280336864353369716154635357845011868595847141774822058728151485025091584000000000000
278 2884731356067098851741157503015391196412207195647801068590460205977102299668683714239293883186174925960516332410238729064129514862139868020119869890372105048037070650245899232823559807642728671794804745620470383798692755340539833659233083312921610371564999804008453805430689006004897141874162534172451676260722344253101952040413193211689464968929156773128546171284428763638853499308884352134323450660028253544449086463782049518024572054963764278920398962171976874967306761127987842419756586203778994576915039735817620786426359333134935059857408000000000000
279 -798993324589943598543553546471701222560318432205164891401184722091327008870375184824659061305914586912995032663103015895215605766380299435958851165262493398490876157196443591249229479720686090521682097594871399708289303964053031755494598121607040556751037898231013241104682000993602735939617884520086040679298030973422257364928482518522298966411042851345944105724461104962575619107388266312158837580290633354699111528243052770235919494166185872696731187217685771104160485458911503383244848997409382809327732561142012954500828883133762923453743104000000000000
280 222098800850633247972256372402366998763781399375069587961644416976294693935783772374891107412602977478016884035225365292611755005858342926373352062489609209365181287233202752401757911653317679826762144745313003126719327390039560000505069017206537414655835801500424544347532444624398741563361221487893456495524036303052568586709815580184736179364186660291375983532362819727733572547718640351847414137980330476545455538592640565358656566438337075342326532498573392989539173157395186753755871492362865943131675962529791432007607700090762694302325800960000000000000
281 -61959647982715208298880487320349432478251107332867615091339464407552760679260545257014255968090811109021180623989894215896177245593172107813548336622165595198697601963932570280613699947379966185105995733383956037810094444915751153834364816267117809026234699897598086321959366188642031216853571431826975276151517103672453375312265836953460612960320556931039792976602441286844000900468730450128981036790546763436626551231782484526679386357787134395622775394555640202188702619594814815520632913808477871595357725150558512079268370907165823432822368501760000000000000
282 17347054904594407981302709840944622079166218787161086156790045310972906393540102744615819338396396474323219947513187606924105497613355927905985510114864119498716112944664304483838561312715788490823895236766663575581479732845848986586837382105930128099224292198568126180452454766947876100696466979618289993898428502351919987818724759665476293484925394955356124322887021851589524870026238009539400084525173429334209196625007262978784205673208327298651992760775427594315930095708327901619789101855578769565941730118727196665063033610169478830772819068977152000000000000
283 -4874062635262930783008922370569207188269059532037745499711142395354360593074296931292271595104774789437864912926703813828258521124583451548558064810673051567557518911717920567887904140601027920864433137342563948794639348025315136601334828726519611588860645691497048489055952020860703101233249417956895389437189477529433882961104558606178113877915846394548829735901492174514539508262842865391034082102739720081469789858266852679391256823220001379218809941977171334104213712994475976699338604382099892460894786656398891079285712111330818206433833614976221184000000000000
284 1374356806492706071042890545695454405627678227628251269811134422144952761963843653102042446929259792309999181399412051465754880851228456971169099514414778504194339636872028810577392753873928729735692858717262685600711928407533832891588631394519044402410192331793872048772812931873500873583810814706173425084682263417116868084868880225118786039524666973525723579817325654188358265903904323083885816925265692127009172231687131216329258657723236161252188995493604424685642479831049410201215228719271299267271841867286592994030928826985888304125437695501222805504000000000000
285 -388906735424186083200556558627966646281847373731167485233152547121508965440435793116072247114761091155791175250115297047057972121663771342726336421199500208162958770612772419228428833316113705537403292990269687776276811339137051416038829485067667082608042318964890893402159371536909449337948857262086191071629998870243491168287507036999771781124218430546424358863194015219871196783969740473016505972364549939651190361355290240692340208982907675752632012681844854910386925367150462002116376028931214835637787884186472198701471782920978627326016587019132264775680000000000000
286 110439283933396000565082224435860344817463272991534977828722300977375629809449394075826390884797096074461740325575946015067003817326788953642365782007917144708197650793698535926432215780643872693787002291636152254160380081035458615145510406441555269335846742681302386666049337327985030178979686717964134736062924741351568079972038985722775876772724628151044506428444056465089303352343876777462374379514433336502537019665803240744660382636664342465337486285464052821886037631173178822025425133906859718280242715105013491906213006732508455158514562922027467931648000000000000000
287 -31472298591858039626106566060652418439596187301785115818765355786665689504413412062916439711305885403398257190220095336933687357950472857200325082114265450059319644760377523129540003037016550157040793547450235683604683606188651546787772558462726342002242201053775919092684133981450263133758532461583488594643869277712257188833860946314772129572759456897445109149081233677523907487847985984051166816096761408793435749095425304361916773206711664660825932240235442795571340841006245308405913096375410953266833250497288721660845393400599898860925641065950331107540992000000000000000
288 9000253836234844721343141336608711386332891127884999892839057909351388838487345997241474618203623196132344977736762968029078951317309106617929803561649216120883713384450142170254777071418256548506231815106259287770753731279882029351204530400076537673432064544432399437088718269177931170416298999264022349602898448646702238255537797748228333743355946657122278944710943270071020874435889845953955456171486077762362228798959828070209298249866506555536997328078644676130177333187111626192016452073052513591256353052533656034472296737300208684904863161892124056985320554496000000000000
289 -2582837931766186267518407322103596473779869290077888121974328982156224431401631798644030640414390838852541741634944395107852616822956497302292094625501113763770602445018169211044979285251825068541436207051406466500930141052173652218613318604531012780889180554277572121213171352258035728979056971620649645995894410565623653201207800683741624089947065522450528775088330114992097855304398278174943806372769478240616022957034962692994328090124538229873523152317167540524252985772079660941394536060347089759798546871234056947181389500881699182910022029007257638026914589310976000000000000
290 743790079216146425439964272591005336721703058619918099948684979925010468679993831500410949273460464849435403549047536433705275777428095532707711277621572039514275777562356164565879359591379309724918524742488129372367025729219402146158036288023070730791425057286784103083340680297658454855440981255224237589992546393199792195482034448259755289988879332887657286015204293695314264803980196236063616181955226751541548728605172311491571996614386530259797703324910192527783477459892745267005919173394834437754922971947922059037663657594875681292798862182554349035597994089512960000000000000
291 -214936016887390492239382143731194596683977656469545518234678513361516615146863349247067206211738902348379089017496315660393628286036128656000965686460661848065939273196048010844455061543522333160506123821563731861572419446997391019653527124282139690522903930814798343569701629086233021421495652262374129413378234403986729303166134288101188689038305702501742533650321656676570879812561328578074242404716672344908406173676060755528484749920877464223901498024358510192271546137463050398394933322411007915668859189988625099361638425332264660848425662553887596493267297971910737920000000000000
292 62325877108524717976771924223974284684655835291225261251328233441552137173384600406964694566131097690131122346258212569380554448362516163198951271495207737038930993234031436947866635750856369041324276537784704770654573335224823317497100854824952121586858668597863773309608122780323253610240106954846505214629948128672419294425487100091754511621115239496056015910438399489662349327006088443840625206105160158099115249711625304670904804077803557464826661260537287074633565124519587227773433717096773598207688895264569673118640083188254290016752730832176299379166708539940174561280000000000000
293 -18135219771341049817317382099721147203857489305474168665936433281907288569280334464121143307587257178792903869902895765211965680376837310385977950377372255221495118941483002135790633412788373199614945368797390779627698560733829416629347695527450708134262467474962694224691353333652751622598998578837464113394479448070467258905799242770325065591864912811361165671985341925403398031244754037881507763556403174712140866023381188224107061893189184806542445080340887295807352323729416801454139014727966052033071452389451069874079478401084306526563073830443326047891650002587298603991040000000000000
294 5295016740018410003959199967570896341410389402994437827854747905568423663758277324154018332546644389723707773012832403110909405806962085752076286186283076140347380040909657214013289833350873508544023531468950355850368394188186320625729000853391218591410245458621122037363730021153224004459358883786391818427430311513880633548275013959290410159506199322330528690234216119681068915455516262807717955060323918369899536852196077387078827171200146749653379979627058379595127208444616623197245295063577445662044238568364342277401353640861130224785709684741398921812045343252820912391585792000000000000
295 -1551303766431580800466546130983157618798763884960013606874769267257394670901489015082368526018597209721509575674284903947990956439634846386990471394000422580140122238208351765922687421958688384817686684921349445513004839771643683534311080666895475277463318050817839745928482730667953046979573746727792121332804905898975438036626271764454653475909964566397626857682858383032951615082887287641068553093156553275822537394155033871776950656348330884637490502943110313610598133739124475729789263878418689196644055376118211694414037729204552332067397542446495923673772973638245601981822402560000000000000
296 456043521361563613829426454066679514085343482233176281524020928758072040677056247992099743993398863961771906185079827146554413147185999320566509136100241583361256208258340131420255695382890170686932301070356121755942145457809018533658771670775229697932605114863996757971172528436954013058392953461121513138101031378628259586386867546115238579149435553136943335466921313409935156390282623187598727657970197953129726101504650864136482007640233689178074454828699875943196929937434799268322249279581952391364132811794747608019425850325474905511827088703025615976591922344425696084595929251840000000000000
297 -134521171714293529679398052352933045620671373576581542313252110543455528637378358315870148516677128013056391525085055291367231575791754809897555896239753809583764274797243569502078772741153469362592459489404268720371610574735613814634150302447857580542051050729625753725633526854080501388420281066499284887688719779641090929324085242181898201893088552357427313331602030749706210345157973965681463205882283587942281335317362902935587815051044826901977480054190042903930085285919982733737299460788070125449191626486120325066935201351450676359600783121174807552634722972615615798262926315356160000000000000
298 39814833833021080745030783171098180719510006971982806934919620613406110001566196834282417092500580613042868526598753695475074625819268873280888815146550346650850346857921934860511324094870934297817513500039468724147954232627907784101292015835992608205341700184836141609163055589504802679922960172621371132260607152105018577033299595757575789093678768020030964933459991859317110659895759508608945105453961274892760935720031957585353436916463434368250608093926094417713136114819318176964975740157926464362427216754407303253164242784731113431368209977831128958832276587293821402553551061484830720000000000000
299 -11823992071120013422425673594432851380249762637234653025632028397470558913700808837625337651418426095626788139085964104237582170617111450547482633155667592827542862199777179493816252427015505710426936506322652946327092876394494869706978689560564498720412790158128266734722241381807975554610695162434099944245772174518464300812399609623421211781889299413177870677881656917639039291182112365245605882709615801871997238916990059136616263534099781215503888004356600508600396041579110335806619414946171635127025459420870191606635376859534050025976945430983580463740180214556351866990331312756941127680000000000000
300 3523249369371903227863068652864157375961491564469274919477075899200814659310413414393470722103358540203779349497611624873727938588464085294611154042774626294083082606122652442097185343634621193352340188792405868905990529606438587816772681594454415913360090236894955856774307235747195351458390332148373953528021926432531241047439715061057474112978818732529749945788613709362679292168694473400453175528818541744365000999639962508195101499989890233801966817164209284969011230545750115300328493442685158694627677446732999401384188534855228087018419511022585396590182413485531275266531312151196747169792000000000000
301 -1053362308216212920606718867333173294290258408955770758108730635726955005940871220066789054865966207168052748239405751344880464468977675020876506217867939621380076968556008133261321973537906784362766863281697042503145310894902200423365126098684035728362574853968392391769371478093463708079413564490737006606968829251663984413648357388637752137649313985983753679521925814815250549441629879432234944130063492957463127588327166390286334845815216829929764136992799556894321723449657275629046715934006374423966815925280523294626038439124373006942592602754043293997648303616735226206565287904408069218500608000000000000
302 315982073121098126113904062310364009871077322422603103768786753649400591579771932038371251467924338493132979103265255629273989348729874108308470164937480718704653533109433382355574973354386451586050086037218033477437597280783497980756598358635723171025236528851538523113431684599276759728892228879004470207326450183708434846282557182825617885029730603365056901679060967902029362610879178969470270357095089177568671718365531908742812523179266374091057531988594943055642197539057705877982124857304632759988875215754941118796428385661324405399177606735993805144885427490004745695236634472191962994268176384000000000000
303 -95102638305112980011142560022898890001209080917868929329741009676064419227417574331480721826657197250427789230591763091512049216504588250805144960597132281319300377667087542868710101006167057867147262418726768422448744025166251610295311553812923237931640191846952176492935772832310896914419458835855850844339003893437203120742538358147516285630135734267843770993399604350465118404477295439732079591390060739142903597696187626047632987859311299407942860245023445380257070488165706336130220490842171839851586791924681351507697650438879088658530562388989031457001489412183118849799882751331200879157076557824000000000000
304 28718605107318685350787520446130528284709620285728288479561405849275005312226619079498822632629918293596250192372705965021198628390028746102417420005297767580450038295072107491255952680564835320823208132659733026038063865748745356640461698566476623781262379708720147684087279740587772721594327854465726701972337214692877844315907012154981236805914512241493730796360482681936704437117672544633078469771519806237963796184015969239489069581537789354441353495177151980027298521710427260800339780688318631658287826404098986578650044522469547478809940468484012948116702007090998103691005600110890217593985812135936000000000000
305 -8701016872787530551843757456832597083765493169530636932132782184043686222234715249598703662705669921884071805133494559727897814908895602084966523863112629623694083390711035750964962938887948975670037962496307066991318403670158802243734868464189648091192340689599331269716960737241502004871933824842107766797105912684156722614991196919691255043893141478089010837211445657842080138572553062662650588155368285802696472521488015439276831023648978133231735086051937328873660825465399757090056721721892695405111278575405725499021318907514366796966309775889763383110974712035044056799205353959338514679686841111674880000000000000
306 2644891369938219707780446548432784250303112995646838344693768398761562148156616951913844685056773854594682174233351022792101736843254033029303955913211188065753072673516321263792876096733789378613600523772532380564752332356240415132809909642701732427137089114475904777726952910175195369468672577243018140167480742931471244900219693951739384505896485229652505725307851678657773213013372475146678714894068618218708596823105683512624735379721475684793084367132017805914388754440534915096894146656588027559241257183920025598514206809555005814308269726204904783403400686352462140708593551002159429994075851112839118848000000000000
307 -806625833581119469952231352027976626296986768507450038811835649853289676799169868693662241386193249883093463080256640019084817099245163314328582608186502464097501450556003061248145099993327553257037809087084847216291255030938301644945661063579496054779102566696296359539523540459023083441791732715802307852985728955600960169832665201858380903271869922610293019505763848590759847413879258028115099234500844029336443919501006428750948143314450120508670984842672016817060087082198672707927642210803505850177867587949673660000971727098291689135728163423285427484108744322339912891429028918686306558091118458284439240704000000000000
308 246807414558749992892010332242493332341590124866215882734485001118888111386263142755947031067677276338667841287658311147332407341200516443264782193082693633630886754004039631330481668182220424356546770196661281856668612092301319235490305931074511245402016318770458314772578956155278892257013915976700844412613298364799135528171562006245647560875590404898659768537320415534955089754728480653770273222313514515562903894539671366246194222175606559167367459835572246980117315648203309789376329427829519071174836675526406178921352250697982476337371714707328685257334275462679408671447321398968773382249020250075280890134528000000000000
309 -75763743766171321091150967219364383798336547711063854477245482265967552659882677440025526986970684406339211682041662454492277264441688919177805961953081540543168877281173458519154447078762369107442267944471713559411212744776581475797188421375004545322720056762302951753625084656815347625282186784442986332668360128715406701673205336487140695190522133447405002058674845995009608782413147761003944333479645522057411264418592531983779723546746810895079230391656477947238706400664464276575515246785167467514577821477097573685899224203188821702305812874537689261490776575911789438014232059109953845247178976474822115007135744000000000000
310 23333355040859792805524663079584050339328975255956964566245780972493084554602044884009274010173709403628038472320411011795771523663083521567061880688242482305140745407790149518640567361085773193063603084488084734431902663509144748484590722542341180836019733264383618705120261797338426644702164529351129446270847777524070095127825629272914148614364285000186252985306341767447483754862954723399434725543960777707145971729016897071605531745725809885650135489805687739479643742831126346845535009865500753741748650660974793659848755588795653458833891695426711343187449728065127660394906472610459916659842593709729910248460779520000000000000
311 -7209429692755000025727170961930985279659589357982772821973240725684211883561455838626626441079139720836905296571131146671042847093932797970707430911720843919563524879438242133970230108808055167606928284599946480662515442447959295588461389138687444956623033126002124734004508776751542196770974085653142820106903776020414800450697385002268013722305730233937986937418887531608749667068088569043147172594576473257470962641884747711120241744367509566355152889587480472022655356721688420468471436178516589218258690916954650050794411087408403881088563175865753541306190063555438469453143842719548938986547357128807073395254199582720000000000000
312 2234745343925374681258214512325660961837178778601124917895054581300632939729419592015783081981806628866136258706438776874913720790126185433748935660950512623641563071104682598399589775282564819651044177459561610695190938635583551246311745279337287002206073895935557915572280201080589678571177675441191000195755266087045756922498207906460264540578569234567279253631047528384526428827575002274761150875580029514492996218065318023364401449838431499085402149427523478261261608665464199566073317241735372485142213665661446177633368829396160583989210117868924500389253701279298470836429965018554791516124043566142387573709759330648064000000000000
313 -694950799770518599539134705496460064864938009815950907216497688996941550814151478547441722681071746875126322105825620260176361680046329623660041636299308810902486131119997922723736990256119808803692388572562426779813793135026882318413192415943295292551531796365692725843700040618387996409367938605412826582589200444520510330706211662277911105223082096778992348777709603527945275996199891867283084219090408104338067922990284239109548661911473306802118407962459210741310701443021192482361050718405874587928292297495599236884380353682420379811521039682244870551002348280723656642918331154043003361829699734997842471495742875729133568000000000000
314 216807585503113726464974184708339544497083935472164032366341182458588732690835728722075114606837234525381862409810799130330973827101184691546735047129998408510689668455900182026625396595882627900963956178040286095218040799288889624733079446790735432995073394354292655438951770086076870865160284608454421304334013762731504846716378113763631086266980983794986101948023926460710536393174337855119975585633597811900972513321731394216382773032873601675755596931563766738336258920172662375260214018151985830365188833860523712340822604236995217366900045596798588692052030102887037753274952003109347179686561805782560956686893950129110253568000000000000
315 -67855463213472011631664732717755064061167970620707683012766509071712114251878821254268504363817937756131993498857048687372039157923691953964738338000808327212614244427296420439075950383091828993038521297275065640721845409006875857976427714335187993065993409737736384479419012029429638724839355182842409839192041167101398431972388042191721612521261300879343763462048316181325901357208790530401721857328518982640153862033094951391648190705190465724290892138730323002990928101823214573970405767995844432209006316951749961802046328222781433322023599259414464128450773425942445397954696107594067133206326802342968495938934797425328563159040000000000000
316 21304957115157637026036390206792086650176301152878393582671055750802348072497491122148302649391118220213922700236268978479488696994052454012018721639402555664606454907991116295721065441071371935068485912728699147401480296256371335927974814155410145105991870898889840189761622858560036054412588350806272872084008155542963723572014502079001260059538664761236975979461452986324903185560071512175165244600656039238976803469225537385244158324673155958253300529466685800339935957030999414634858204146720353443666410598397248410315801482108270864543065265028850942229425633593033772467677752033212788531843166241622637733343973909651991717478400000000000000
317 -6710542031378717531494591926126732769664226751005041473556119965787360473069328723375695693981262092681128432812722535541159370578331354984622552086099052919853576005039321925437811300012612649699135042886635280459340681891359940959642270893666102595380766331763657395355200657563222682695985374590886612038966841861827229626285569331874280310397089818590830547749433187394986805469247245356257165694210686778194062443284232600440489504339095636822846408478879314008348920588141180526612945086065101256752030625724643727238114886131812786555871904787094613133810510554487323338623868077695417069536918721088198544744259801503131000163532800000000000000
318 2120368045878341570007163921810082817600247711371612017933438248531250245938233698070902692496616187346489233524440569424904388570993195121411608934909152305604674353309952240835368181704320368652738037448796667769004731283902367693078647505015056435024891811927661667051165804347140461878015867829318973261395025181962652870092975371036818332987935902731008277519837197220688137343103400755888539648098268693814877218494895144104860655164094278345528341583098717203390523234193092384821794377016694344598185407852698689976634126482183739663706349347534894303301919422843365117669389361173823935379222405400980764140676195937536529843196264448000000000000
319 -672105211745785472761717187521874288506393227924987312042253439650142387013741123890129681630896270869474764248277291027913238344524050123067943286489142964282985949932562441491289815577069980922213248345682079876267902799831930236571859804695748736099083489432205325563512081837713612611894728524881446780324339718327497957923524041877762840504980215311182848525254360577248458320498861836722835032398241451128728385107004089501767330010567781312065367294910374310567464967834119403868913999797165662195002687461716584910998034892311310067028007752240019903750355643299586442124887668435118926771271285561019650523184114129980360521413818318848000000000000
320 213713183930247257400174000509416254774716126822352115643970120359131270539890207299452094077344410846632906414853311658093716377405013480177628830040243559613180291773245393164501713190269742992617935047992423376170627695512168743132301987262440699804087421918086473722786028108876389471499720869021515972239975561248757549782897408502522660906317460100166865112063871015789282145200390352086872955366858289512681196166042187269683198690034649230555689714090087202777326944230663034128434045245591620127677633589623282069262958384106480706113136758072774041672160982413027257410870351193282914192119929530792582447890589615197956654618018200944640000000000000
321 -68169343078323688409804491210863627022111822979265391434772721563196578142283706343775776413563070674239183203353236716492476980266568781713849711876861247718404639367055554502702837252352416310213119925973291329908876007382091224333495508741507186447573165714606145336104615347977926913863790795319060623795122629266450271374057181209543136034058826244678240160222443506858109988324863407486909989388097775400134159117922754567292790650273082512375124095163408446773224395125288314518913816803802586704767228136456003893333847606857223127665751683807513432452708103198465154162342233556520139442006868327676381821804020557772136867855717801582919680000000000000
322 21812546835212992420623705951421118115462339737234386168695620840553519296336059565107395780108385560393051289313543960563478895081402075137511181567077987119698166197948588559007829014930253045029185468331977386676121931210748287833373933325561481800794103598421016806194577485756583285263411501804907633861295131122606885881387418616436487026786548660828615984614583217462401919495821446288814747868415159285080169284494974546546508022799209658825519540539635428458911503749643794266689607044922692933810277973303773344043233054821352257561752806215836616099547200489918689383959999675060680062567919036093984976101430860452035327426824262336926187520000000000000
323 -7001303037366518233141889061237319333682305658896103119423164157849959708406901269636033606691336852005163316137987253559485420642839050245503903629755742945843067100309950362735273563674381032941366544499658939290821120469099513163879491693461346522727096527227840801881480445297978605527804534396147919006047013306249581018232390239375320637898105374145220142760252059036476280288442689626674644660036076700409765577054174571609003576259364221831065980110812833790069960864221755584681075885812718173093484843426943239792901033183764408874805462613676054914743402357222671597879538490004939730353488702866074539739189870441650863930449571442072706088960000000000000
324 2254251612842626892352723486852268466363628792815875091761305106592281557283788027173573352353699598276981109461187595568461690262382767955792574634159029772928796547579398911516042690493968886421358835857855333934665719460506011714025324556629653178233389443687118108923609059961821244762821669979859896373039085653160771041421453320362900793346560249747852594891364709043820739069143394739244670007549292136108746120223174448734811063683693499095140645937858323756296370800858127371574032645542673789160743744798302568890936994395388854542745376411867016896317693404518330069299995616188822400081774774169197167884764549051986156150057461940872487179911168000000000000
325 -728069313729419914415848490089594251293272371824316321738487415320132827099322126903528833845750041970273506852807230249511883802254119237956174462411552800179540702621516478260134074652131994924557419799145548868431324979780784653217733984343757169856088287366741236978666676355395008368591219189007508833792422576881382724518159582589239871831169963240637362276957600739749841887118199139047682710021178601682323212688250417784208965987956873759774771355908502891585703222022464726316945072869417751637229509024992642019933809630787589166705627323757033011485011930229254961022275486436234091110102314108612016542156223052024709302651930697237305898722918400000000000000
326 235877070458324666483026071971757621851604564980625335793899836432475025266759629633079112899204651177714323349455427092228021135381462154059812745212613854746415750128432030708750598758071520152233835032363541360698056715965470484981735342319523384709379476161363772744650882804837258235585141548942873728576833726994302651746773481805294440701377033073444519148883789523958505381094705710115482364577670091030880643596040115600510527192824490826176594038954555663950317777243132605814867253420214107932526881475792170615092524321610555251465733537882680533153019265736347896668519041171739616573648282226731584263297828276629938935110858852503597033010600345600000000000000
327 -76654427661849339539344762532862439158977983015871017296932432556418194145372286695767059522945462528966673828616086019764147422767548175504920485516819783085041811268688026870306190077210108097385462850657074410530299276341743728408962623995483894264957162383174695429995325530664615006407286521811741844722873447805157483606609902300618539990970948689781582842042868869361463512836835165611813284405207022703121534909690382315583979629921524187849404591573668647140526036562112875040690818149333180593742930917020792173504061919965915008663306546610346432127622198218387357827870885712661628813096099387811970897036375293510580096821338509977427264060973803110400000000000000
328 24987521112558614831848219038838849002487958022788469616564896697513367544040774522629243993667118275731615546451407100780015714438192572803247259693993468670805566372750089781016009796161427677409540840991453226906491676495133807622934449484671796771779356240251112758600676681602733729455293599773837127277526617932253121416895461836461373678540014259937770173086306509755243192780896547159664090451898196936088853085034212524598546235721706034580730288337577990765725284949997871182919731869594794726959874392834470242581588260155102092521682209515715202991048295762495667669679996970301410658476380570056423146271615315824665233397383394208856737773986173996236800000000000000
329 -8170326717757765811493035690781516283507305039398176337143017556626698921364940643687773090099542878910629048195875985541231715187689373861929626910208004313190073151852901466342920250829868289279382935241337535266261465582120071862683021879337772425572583563657387145583236600072836064393526510110659704903846617529027298316862051965628459886347645229240653228914184757508245260687601399274197197820576502256524312259248653901065779947795472381582155150195116918988955514529642814032775816930715813495020327839051486339041514520771865079016874030276690926075941277983510345662578827622445398316060472458274501224800203720019946819416355296116647351630244923030319923200000000000000
330 2679673805799734930064786903276806767166839670427195782426096694214012169610385700795592916487178896648555462757456931205766312038707280493894657368130814582742972314046637206629667092037104050705766187403467147833130444944041914131550819290823909382051573133777218489692244520374244372476771644165482265227827785083117612844999660113026800978106946979564048784328756212300088724736847910703571697453426780093234249714919400574303787488395899610202874755989636983312024062057742666625026548363318419110891559835045528874216801018267662339487810869780065155183154980454842506739367483771158736559702019267170491130555670475409336160645010605351780289855888159821932663930880000000000000
331 -881549407883509849063546096872962194471986732454050874519171667728407342906026506814375876479175629429431374156997129364467359972588927844617785308556932523438121686898539981177236671641540588815017255626186124547935259884097956335254024073817768462441614090539945952101024426550812857920324200417016725102241473640443626780764788283931761761389483770335089763934307617796905370171929018613060351463770799697324426839950503014018026520882205283427008025016844799576016403096460345929628677008876452083311303031187679749056666754027134535814926289708715206638867330493709759860559014586073225804645892905651956191071084621867200887235315108039868242911101601332218473186590720000000000000
332 290890535522507068596301095638499346818115498227778649300642757999722182209681800291076694249000504718263383102990735837309396687987886512362293557398355642436605984375758377274421143396505876273138310046088817262140704257598349496457607664154277100406368321747333525639937107374554615161593792615018229030489510149474401771263169940697862689801602387407243001380077264251871963088922925701792839094465173120957240171458703406454534468917914651266251109565215255889778418559335085212189083742149963046648797360115720227627622313230368875848673518152634474156948590750485341106581819964945815036632347387219951170121848656611279431494566769281054321823817647439018136183987240960000000000000
333 -96277929267386480306418707053915210356588305527982125808679573823006045157234406766395098605316240940341222610265957602534841366857406299169209043949955156532259657124835817555867829745084858210342842842009605025875382019310956922643048517192837468869905108472985278651045545295830466249577276556165739396265794986521237260853823354911448090845753134328875374604814086331834412567377872839660326657327279821327526427834743113585903845972060545140255246995809983467109293962683247004206253188536727647474179214530194452905211094980429718519071628541904946276307416727611625292822279024481590493492916812488862879157335522979366669404920747370106966888034559857643907161383931740160000000000000
334 31962014346939259745372996537304950678427038519532485704391039996586586994392575815457540033980940982316879573682426221602545880656795257803739189486815144084940853537518241980934859016849284805126676481539714564116872993625413327834730467214677713246578738226878694361673776458817639514329629211607356394103887769577224523144668395289712889039897585048566654100870669133902053984880833306808244035753945486603351867552466832798691924484087227810984450304107698705452318836780984241044345791895249017979686844718215425146239853350795647075255974268145456248220500920792272259318803245891824409412792957096691484550426564541016506238040193728811301004512727535886718544488902887997440000000000000
335 -10642602784463794390261903288618820077637678169168856978035344702940266029062230808607954010843196563740199595610202865120135690481190647154608642191521560712325895978469594092684009446671868147183654870294911778480304643496627282801536275351747729508371937223668363074357897278707275140129870770111880255728929163093599703214452094227415807842551697855980460721046182172609768691980087680301967442282934228802670721541533911635621666347317755930499927047646941490247327491507712839669630506434567524841561913451510948332848558178773216158398718493195330891592057679961763907322245227168022383774915536246039465766741909833712264486525688673841146076635667949124575218882865848018534400000000000000
336 3554380817959190922336545082798316615986412494953264513391827149723658398976674238375059534938766243307159981141157445699600275909745139106750969002599604008354720696668235768190202740471845742219399341846739413503585710694957627644279455773374196405510709288123959645608222770860163301764531919076820089532999070738340549819273210528091490016216487585507926109856323191747230475286344263324667087422811176861800715232661277172226927292708704631477201505173402754195367100671531999999600994480873163386468780864080665682209580816403804783442381997338001082268423993804130120157464476402873129548846341751713778189487862323901961752836786902943917677009218320533016721331113494207885475840000000000000
337 -1190634760291910118065404003875601623231741234426432000955788873404939765383996743625743108326123839553787496383515307459607843616421154711726084288139728983673943115375375242158208173422563720710569592069883482209145929109256625234047310335688021624867286140855399298679677875576541282611249920842728858669816877788199003085447855489881806380357042240495769810894412280005286346704808607810531650145276404159316128619420638628176148200786131764795392169685033669423306542172689735318475464182092453775101040643474382349937112952962161374330012124670942769519697418934677169972984893631370959324886987744322916213269913062258545704871976992932268289858573685147000924080881932030862027653120000000000000
338 400025599957503532016887548879889648648360375966529937089387106936182339800538302926439233113860122866896240871640081285779832412942531183735848515620989384543523018060540841257427099797560554763690578580921105119999755940087036096490644659933397521469916925662934439131431264588432252402706042287842575332812530344049451360947124074775438659775372022407501028932576657358195524014119801012891287967008653190538298798888542277028374024674354115746421803604463982995053760902282793865382689755831985143481471962279008932326663766577633344286583421004615611202951905971206816517521068346469439747254641394041531891795850025705488206930318916794231898789702883353078494821386431708725648807690240000000000000
339 -134799347967864966824983527654209751979089552427538972825210964438558467445958922257284619430929268421947492100102909445756882383123919285416874358031370840932597329779080366785600101046237400745451526430333942631771520464103636617912392370729653721635045242957465476573989993964487450133457099942599655762834336775559437492414246531061737144321950249579897307853656555300275084035681093151188765101466702369405090311840588716812312720812416518482111730951353626849800597756198569902526924008236284172787337512969640366750956023541730094063247139214590633666071128312556569217483867955206650870171111825706004472642549362136470043368714476671548980483893308098323559934949383375290286951282769920000000000000
340 45559059590014085459406632547227524262768220397342715692864186552995662574847877616448185894394096759854634335487454605484418085297055700484682277574200536669122684385849379344518939789861651213177518333097769662945629413026877646263164127137787555309764575928277594202150551939063548398102087844196417842942352998946933112064731681036764778358527475998046519811732095111950264913859598292538182434840275059012867352299457026210815052898352944843249514482682099653108769655796866363911220266976731338341095056476458340466093067546612976332861488670400566663658660892751094961297479535801192522565806601942580111406024973839353289575959648816035459653735296363776717059748923360848930626557339238400000000000000
341 -15443469012051643246113003828057137962240857571343786615001406420495789865186629311189957966115372580373342527653581000305001883570718862515951401731195587638416431286506088720979449047288531780079294204208920345176971156070459850881229184335940198798162580875698158038467982365192700150069715444783501754292868908462745883038855633331096120766840163492731667282676809465705360555715042505274431819715093245468964762732767350410265759777879878641544609834841196160947219163807995579072276772664228068080572483563353119702741229914635936800272829391543850685513651503919142575103520100620600931804272576596059250559219516110779222021995355879928251055828706627095129725314032436633541826017508091494400000000000000
342 5250423574461992101807320845284260952495241312698258217826220868367858018668286056162550912058317521473083200530286017152109078997852125883427317088560951940438696429566556589968252243522889429480756648979740015414246678524387739205450358644709985084374083051450251661782983797885531070460457074439025487975292410032480486007051088380623639073948592594811176525897765548725371903505248689240738748264822119313126608422111987495009511109441168336594598584355722409486449999032377241434377124722204503580422501953706701320319091031916121871438018517797583637796215423197759301515220562813899396957883521941499318761301299270326728137395250600196440023963050401781394388345664236284898132682429699907911680000000000000
343 -1790273707886936598997480741628189097236829405382073707559715959826548012275026127527168260999140317053932682895913167371095994875551295269129879545113074268438805024257836477224820040437530389926476226940450553276076421470742854288991035466366760794156071814421970766129000898994825606563230696590658866156527183448582684153389104541948852160650202139078729406426745819158692147306332433117781241462554477616842224165331980258173586002473739516345060518234319992672136639750959587650555295758851364167690166776305346083769430251831071677677730542007333121864750554266838882385847783447589705055082569774141800607749938206395483232972625744431967142724413866478877403425472674780204744942377557670242549760000000000000
344 612232530938939169476519557322056498711376011897996523579165763901073586332915976740406120379011780933683150937978145385710155669564335355813656994415344372508218984565734864510734096894188054104568912423948328154697170768350423179265765619288696997611319157834214998130719852007414049860058838098577137505505684629709961386846013551748344031784974314958008008655565189315030367819265190826297799977767251513210473249357037149649378219183157462521390480778045137037364995197360381959603609729260714779223650060884026574334378361985719045646577792492155983410597198332647429084026964480820850926223569112537898448168400525862111676033945953816042914744163513909772222421777237532643744198026106797768530984960000000000000
345 -209981741071630794571799730575087676388787029993439520127202188134790062089050341272859470647678203768385584909556363845089049031700739884948176478203096846309177229070219125238141200917329207260332005237558323779459720874166345100538939595186103764311028026375075571281590092651594537693090250991947209328905171909444460883448974067610640762606383976496260258232922816876458238775588121371892513163281336117673193803830752390268500599396422912338634916657781639555036073451255178747816487387916602184026595173810598666064495765377205764033580944517863823041422343701706727701469107683197792625583235725439498294513405489743416200416175696322610060316475821181320032761023288594925960698939090981322525927014400000000000000
346 72228921783188867264080689573113770780645252828129946044085650565556971753104822647185124244636171406258627748852766294815183752227730893022459744052240647604762967500237812359398082992017840856590031696869658122402635736314941229974270971547800011911097064359038475975856028016329780513056198522747711856154439998403906988292359652258570800245543905687520255528333029057150319106069908596127003794023130025967239127591490356217055938606163133758737690651924284904577214696298361295017890892736437012653056922613422785915136961573980274510760788062729167707155078138536540275980066816609260771972400269650267603278430111629354140968778230717410558526802575602104165561294943674211645400193704478071710178869248000000000000000
347 -24917331459716448524697014119832287383318484350122746282761675708054527219423198376942192653641725696308580427411407387506246882667322749648749011358415951586872875485316837135156252712053539847999194809989801992766179155380004879830496077061163147825623623326762715885492870429137524782858747604483799455664327293859991855455009930977303839465922418424791512362496323793121696526955526708204851063104414411225452696085956352606319376344331018182322043702966706766073465338641174795421426666312976532339154722422283794244701758565146683487298263696160796184838567795057942886241822450184039019073600408330892141635721828603586952173159104563702495771428694910489688019262904383441169066088911449155974051372466176000000000000000
348 8620829880821562487355344773147156538389959912738503073212647053778765701106448457608890521121677668384751702527261922418516227558886451692667178394612738063250294511407783692902127149256172125486243335664170122582233017773354636624684644021777907304238389863824601431028466153495014566905703600808315344513501134844131764675646506199556717788767748676729266774605370131705318249485630686374318197900865759186363421463629949191809918398953829723287647762082190630565918646763963965936533584709803408311389095100753210563922211432500093572921998079729196417911513051964322039123510070724405045885997354280583405599638646586401951429428509087362148639591775007804226728146701814087026120611282523335010169556336252026880000000000000
349 -2991232287317162442987576254473932619988265701893561854165511606758937955900428662592181875515935465855839792323014789823017599934691477030348880359959809927667274921135620566822913190920849368941058819737855315344211907051527395933133718087988043479567384535350958270231926329507396550517243383798763980490782654344393873118812969722543620246628522192094140825777900705591430143118781758702725604627794016457419613046787094548029940640625839706775641475593963597069256613349823449754871418942818391781051082865609456381022982824931839456925948086481800137431167184995261381017599183971931468177594563977375161980822744819249742174805175655232882146980026240747460670498175516540605083167734293771801485772992182464020480000000000000
350 1040881084064821815021485167823338896559717955172544532095492640840462042246050974705198400324484066639905201065404051889637181518022557502456105626952157234482187628789994307729951601427803181397990044604960817004256359090324925253458252024368954949535050888801341573882644720824765382933280314029590805794554257010176777681853708810866525740823831199101716505357402295496996418688326812156722067484736427905789556421432129904388356628745997652487259990792752009781068650659279389128810908444953669401779050005128563525470292395388007009573487976262963104503691453711092504440783092466789899434058537309708445132962831707674234955644231833657665898397772132351355801054333511859884873020806453155407413550075846938591232000000000000000
351 -363243972443295432263283321001769587726202199636493422359017380353532610621845792908388217052327831942911472432391113731910534659985272918595033395901663152362338150050563825361826073944796174538796335809458845976213379582674089462190661032033445398873373335878352701866862618992370999474276834244566560065793041524088023946233194944862628474522933311438286804637979926931906277010187250549911987935868628304735978009852276488917895461251106236082952673194976185760693937306950406985617706902681857903930267154871407947852710313361433041021448338567333989990792036349626496514082139057487596938320587017398360684992892542846825171440483531822739091708737073601182792018643588639295942330600817671839710309174143170698543104000000000000000
352 127127197799177512832991483335159826529278170849117598825411919211063267651453502074961490366073240007879414927828008829364427599258357807368863280871191717854758697563655477467403660879767567288802084411980169029488506715348313513951018786246334411671188505537547392884047815749616553705814776446004726811736583348963519079292101181196802013158243058811266620509064019301273618137891013792213960372802318782105651525343393736523614544329531226629895910981580832433957182692849122668929306904595465627485725796108312745645070791981286489616738660451218823442016658439869398313502701116952976891671240091605551519948839888327529374688686580329411171432178140142260564493485836203274419026775047888502265591737585333534327832576000000000000000
353 -44618785296076656212960464967456107395328004883523327086574342592598876272528268090665605824033936914559462411382934430613441608561830785437545925113592106570178383951502427207657438668999098515580316995767110610662160433181090482659473882230671889520349375259454220968644035724646864351528044416370994396085016294837703638791665787408693910521681051430072090082887034500709051622898056525291120043456596686191547558821627537189148925132291234598645025412578068769194974357048436324115309915210884563260451069740282018067009546470076904466633457911880003865438350949417081257498720811287856685347687744545014977741239777666888533164057394539007940994595831027389391407427294621232875518819690619832431267708776962343916040880128000000000000000
354 15704810354874669704721531239223088785189976371736017718662464720791938232901413952805211186608610356251264374222419585222286020092597970330879077158547355645647936664539590858889428004242097893038466493861732464076664062144571572686394356153916820794360842082731791754581378362406221236771126070253449533409000987989822260371004244353905132434109392885931104908029006180331077977955803474965918608762490340187943436807849036287040538656190782818176005446509802727629504657065235250973464675447066700807067234418081046583956771643350393460725000373844988691247281814506041003720233229553923346392523266977757358234244659715024815847599383742083037617200602873246247470797555283327368743883662818147397284777140397361925846435522150400000000000000
355 -5543446093267351345951319770925101227966776596014535416103459049283889123381074697632315685210755003408941405726242435654412474323369020184829963382493600220580290949923395899270004811863888608387929039238237659907594638351856086367637231277964031949905231308606786234895916124861075613914049450673457366252546321391768571240045376749430259732507312211805628637469452507143312757481853430933308054492316267364862231267575162802614199324561937288000370676803940593246797964374569642219575546756906728974894086179235901179029662973840955505599109905780945106019099812641315654353172478485002841011066892680842536354164670492082727027030013271827145402278465765309930728975489591050119806946052204847739810820771416981590310502602375168000000000000000
356 1962255943675674992279128038115144470809229518911253397353811496428374084056115374979076330894552774784647542311266976546237315340965101325884611548493053607858086485310833937184752866410109044995725189347871589349913679893722682595545875539709836947037714479072750282032041977134571357066432839807197886081535465104914764867313933671656272758105766507872482700963956096486425472676802141618392173998373619009624736324248479676069201507202734075419759225176835948644632533665647969516010581223407993522660834655524140742085738138034210345948914847956338658192102935797882900774253669281917663547891844983345610962945403984910508126268985015245464409119134106242377941391322343013082638560816976588506790068976830885831290315529175171072000000000000000
357 -696557068300291336601820220570526906568697211808714088409456660155612304527553370343455116940350370134769674298879517958399715840299869128294840517200475841482644074706823125932349252972926376304577206208378767973275232244712184171165722369186659628027867149973230329412028015293001305636448768810470868577202094783350111247629067585900116013067773074865727708897976362689990180295403839799403515698279701718186537684239799352412732999874467663105218098085072835999204583694109735130717454446368031254991114627760150299246946051439211605725016877359072317703780789985158417338609879871345976488633227767238079308609311188708050574633811268950747542106394489840937563806133144594631403691251591796157668573962387072249226598406051717971968000000000000000
358 247958803774070711255856787284743978293495811138021826994268524377138729967459871130303472932061613258802001351787933186489785490005620132077105520867425000154289505887035926298698152244022088152364636137935463664418800055801696045161410469869830345120211599388788413608550176641075859916129003400144702487345450876724256469243007419149087566963556338900368049851856471547860397462026863696304171773412624588825926690866019013990861719764673516541181898436204329143073115816010504805084695791126601473383245717284811974214579790106808455903834262719559969339474634852890682845671530735767385576067795435802897863049387819419606753183184228957540067696387409759369720301803539383856866199595623712923409727496225785135657044740808093892345856000000000000000
359 -88515782357231715306261722435131592912444288257348552982220266017694248004896871887786613889836309995741774876309530530145317991940040338327977694193877601079180466493887300449329923921726575270332511674243679940785354629911972753236912394562473204658250427034018119577973778161023365286245720661471499062773200785160816826059531843810855182423462432384988072076359134996416304202501600357296924164975657273510757095664031770301302822672529038558730382486847116081556674816049558332687371317509336096459582718657882933198529952111391685892618521479111022097090638264430715360234965885775081650379012056840968875502383888502806010238168653502905640457423530416035166973524767144721758964048993490243974138091139754862036303947058031858469044224000000000000000
360 31686687022309033423473980811298268809133124021160300368707153933525665548059599233389946589858916387450649218892806083482787685586470035929718216489086665737884743241473398473747061423023466477055981380584163331523479489790409142426669046061803304327363154929122244698511358431954339216468253715127325540916869115556778471938348780491270674868647372991882047900004145037465112861989475182198630321936355704553428563579092984230357129245420189857877125208054934514809217823668948663532155646501314143179165563224173782020957768715025043738798584673194630939412869419448260434892220790021805171482568970542665885816615729031023271943798261836432956657530499345181271113278293368518975907754512504918464872999191724085331897683363171344670594275737600000000000000
361 -11374819368261617141843400308506165823115330303484156201877452100995032129428932258308237014334751766238297451350292894102365608450815608937931314065682832317507964868953146494122696476487749578043774206163482175261374387986451170631654396648516965517988148171795402427004041911246719328513578301054668271037101465366283482141079521762011921762219031571944867239636685354902807459966067627828287720825705179061797237338419233883631055212814497658838327851023286583232018939590122390778734444374698948210097872438727159838296855135414210220545435341555046815107514203951262621705155669389545920792693781162095723370395304898264496793133181633810336617873098762403506136043919808909434778685456441807542140284359519560507987195781444588092035040700006400000000000000
362 4094683752798916644395226198006150176167429539160813573938879051184207265059041048500705941338783032707518460364465949879146257583737825304900284562808259137653775728582256228888339691937487485024999427519531843286154805737980776477817664913293558910228624409196871488303666653679184845439138067383996705233867994843828816592653571818059542021803030926447918739355614796136957656566917183384084268969021271330994878141343965083717227741925319574714678972160733151737394706381027761560230204576992491262031424159630359571787295199904112671400606864396144932430008391191129157325799871224340783791400826402481963265193692768601715505392667508386070198438695391445122212014823111104521909038583747391506723792616276550361409798435737684817038483593048883200000000000000
363 -1478090588103255580090228688906271183293345368974964996400463119461025165602877418171117240110686528796477988346464711635749870060509167886042618937205377783755654488187852650798073346881574305408629628480951886793636952544609945925377137033173156906304274332235690558696429273045517569473788125253184789709714532856039958200598292621997872565890610374157327119763580918746595462332262976598833708550614727644052870828828520936858751943408303244541590329508898709152948573995941019518213363505102646666800528826980122866844528385975500883292042764936032519029658980878304480372375652867469219314318063019444989521651461503903671220345714983193624450817564831060820128162273479369493192573709505219518331694539633239777121799735100077463929290918785659699200000000000000
364 535036283003206930025550099644300858011629792330433229799180654154061378020845783875039935988158402636816930133134244989911554323637135779227128429136278845884106463340634901897690615463196603923700761929285618420482344266993453350780983420233498751333964673120001624395355161398946340183307909462067499924261000693009697102157544259470127365975042870617645474974831502905596261168328617521779438014467833466334742517893041835206363407018534499820835608803716968111340191965114793273801605658273503662974886921080281774219331951033061687939942280693752309225168118890053216269402919413435049896552922521549950064495446951893775246424219760081263603422703590174205090509998946390507710708129952786722165979179782396095330773872007689668572375266192813509836800000000000000
365 -194206427066281698377138846836767771008476904161519705418759411197005366308146691003800016134775354773946008538716527481558080559063830200326699435929920060554545509121326006244021057837616567932331449315178849086019872623856417007902047313335571054093129307851777061257113332710538964726508013023317991667483309222835936313969219470517845825299213763030037312003638897881747136193142733594755953681833340061373518888957488963724696747514909200251369922441059681939552070996759207446018570480215491445052648177199890065555018443795423739728587917575958148826435140318274384627401949856631803350472142675111445106122770688570821247962361767936550010785675890527664996583055960142065617076731744957069393149230400603071648014966918076305116631550920979845742592000000000000000
366 70686885504594672435074703704662947899149528507808643131790914283979910402160853684214682685261924255146036403158680273076333076068359268493345662167090501452687740231714901467174397997286206761304852398336511112686932127124469532649073470844331076249399883959589309417154709612664390028418582350925183663515910780733733491603933835622801456477246700762198349660829240027476863952846780539041138030165440887758829164648441082753371982633168542334488695747898886348654305571849384032269236503633690204025573224356843238721526070220949458603203495110295694382254944834823757492410832021406813567901361757211850605258428135589688149895583879391707498419850648165484575739427096197947130706273442951905311083107876627629845848538413155429470102534834654327130501939200000000000000
367 -25799168033926846528752465262212623179883251240661000164510692875204190861012875791312854283073677948945049843995551457029355038383113547772651321844632555396149765449144407267021071814922074687297832266370156869188182430639915220152832865539518814465562436821304584919037925550509209829103720802434038446441416330490623656531594604123199129666419552384422386880892341171054479937335678618609867027265190048598947270430986374553143538110052390972520258781440149641407981419816770555709178352609447416282575493081503735454937413288382200400429673874842964375967150980721553835229845466688777136339425737347324378390085548121644890038006551883633391904832995465451353067492518455192809146135276232662684578038975369406984728217872806065871597490140657616005721856409600000000000000
368 9441932696429967108712666731812103042167328266566913182581544263096347225304867413168403368310740701271348351209025587767335254251280799282268883521915659186781740165745244916010173668122035934567058831660589160857772470420601218017850850175734471534574773233691104273841267536832837687701873530112149985402305560840602762080209794073874977899776114095084214520390049259718469936959512197599203704979599649729312027645941554317193886345752084572494752113414331941869253374332316307985537217317446521362202910860525323390222340718708181811776737161497750424653206528587547024137278374243626205448710519525829136994569906367483486017794111800595325635912156581432108443204339307267126426804823595653192964481606551356145999518940720109778117865353251652995877942014771200000000000000
369 -3464983745025645139642349196816166197581426772714915327012588624441004068881807995507651532812353150467349217423579788884876600621005823206318348703428109880258847218122066562869729642465492843443755134589769706656201777018000823827581002517908819266776262971809846130115699701345258493018756419074723079280726501095932119506342725676524180306893468265076606195751059351234375074664948066036302427617241043616393549499522235426881869064681209281655064668552936409304167387622678563597515450098642160827391546078131915850694312427800532359400544079608849447080802945456486328723242065271326027168674997140853869283782339933536755842361753122054737588758320170202872358008772210255891733969044780245004248067341340806100391519729637027456443509740567228610276219600607641600000000000000
370 1275038737345175613983782385408716211770311846926758011915509911933193749809307011579513571196192902246556242435317795421682192066377627124064778250552832002712510376263838977596422699110738790920384323718246939409307939032815033767730655224613481035635037606111921412873678457036310326704737119896232986584793063699291683318047651266365604587299944979121579202828469199729382503025416884286184656657065802259350190659544427187224630696204927827540895353960925234129264112928703535357752134917077313500690485459094911194638037232741227781662403801629155275527773688198760012603573149159788883965063424808356862936901058996624188027702691462630959401024606893998587643225597961225678834455651460154138564852095722444795425950329266318538823397094316968650810674235358314496000000000000000
371 -470461648503715100827695736258192157053295933633028105379175332495715470501253628089360774920450027782013356951457843272608964894917725497681445840279384951567943562468773896187860879461895241746769418915115366382744901636557549356999504335539487761744557698878024678778962585013318525026978495775960564319972157254626417882534509640557782574526744894181614931720289095376489936312479543277658069057158631306209050307607764502420803156730868527167160645717352613103003492644608787162114288153744640204512009785076096251707755340406764225246038219406849361809253785523105086795693151160089901313385338763763701752223360534076038292526122759885057010741676584169858976209753201912324346734588419641732082776605032124170634283808392865092870699219577272445927164221597119676416000000000000000
372 174060629946592132727286591715202019981916209816221340543806079063952804423219643540444244436713173622284004816978714235168184729437607295344568043609051190872848753056503078281431051042800613513665272055962704990867342421935621438199314240977722606947519127956031920921629083596377178369364146835679722258761671554680537014858454670847672603219740700620792010615845113786489458090894126486651156217789452718081767271524594403930359660365046741354670910753399928875902766372835107633997657176676229979304485715649283000761358468938416586278160168349912365796578792626966003442761872774533592654276725735848355893989503315804575278529328024969557529534432717201907181288355756777450408858314226902047803854921461162586785268861090705698769153806788859120172811964093316392497971200000000000000
373 -64572734924962000784723143675218890532788911338935684063395628962313409175937177367904102481535852914518509355033405488423821943138811711347129006629475608781423886289486636673661695047062686871977644179503770713392881401032450992779670230647959645211091566846396859507865851765995172496653485808893687581041002758323805403271044120804546531784171548241801159067016022373791991932951572017854455133654830908486917341339214613211979459616767760898290125574798675969041589981873908107999786420825583354577510115455940818757967393588033983841393082505906443628468119780855885373187222566421334728219820897113870608377593079488526292790767355020877550484885594937961887842979793814817041392480824385246822976762488824549977541848014793069228925994834728435410513787309592974891312742400000000000000
374 24019665768771495388970537723213914353274569420587109022692760394144693966821768225893310723796807778394338863275801824348876387238700712678413182111072060085573008390138765226810270749924214266223907135501992992812962222983905809766651011811897453647488611261409490260541422590117419974081738597430189935641462403528704703192196848024482473791872185677850018300362936111432773750571106769374659400808900447693254635645248364996248465212442309540012663776553405988400482157221282806415707427135688649306601431652067250943459064175224827294110932027208355630921922420076434866075286711628589333450979353497110768821519852742494077408565653064817891778436527388426697495618019450979118130990003138644186003427921481347927271986353252033513462726265775785517167921735971876547338856038400000000000000
375 -8958818716578567616161692746737157404223469134881780689958694337990619774649448813059824624253725293744192413398132661224397517325633199338580322749258385623193138382362357573459330352653299950651410081250893007737881757230772479042575626365832848380736532852270483532901558744352163005286975340419024461446627610268737262243565423185015602532711993997975645913565133436155278494824619652254710766083044220181803077237071240078609690113293878640656305908456693811188214351201513963699524518814615191862815128646211646119977797734884155052609821404391908452504459486857288775157878150312479228879197762282057860745479445008518750586650397914643162949145640053868518489059422644316767547553655001951818391588538593371923322575730536337206361927962100577511233008412453969795002191052800000000000000000
376 3350405899353349326355648622088482648889875299472664810082187460336649372836333459708308900267136909886641217604569207504760953450033763806216785234679606386957165510585182310117715414780825709181261197356603866787214055825565819627805837589491095488450455451982872834485633122165021418691567620308144113491224945758357212765339061813338002200012041280720845601201810300901168832869905896391529401745274202548304363551221951846157000751892674154931972240253871754017077297734587234864656414683278691365033245759588162048746582078699980848834724487565251256060126409865035128858116140941324462332232697903372983153120721694982535049682729815680919924682121308534697720567277799470970652762417978895340761002957893613790935364148325282803727195148199996573067894807314395889545452191744000000000000000000
377 -1256330439550334464798345161030545790962085528883478781949193542071039850519352188367405551730477238012440170131848962083245022519701751969321707320792694256536476840503511930147440425921278300421901794436856797739575518231123979407744956684554109932122924006011496674832138922613063724441140398148253694775579294598132271205417352212766031615774936327941683294947774179355257175237943713086922179845914419146891787380195791529678708861844631101160109987303062908706107626194630203722365506533444104503145686780435273734656580738630339855474461838272166103766606457458649691423851585118487817883768106747479527683150928316029190740688254621480779734414304927623747504750884739560239182802729848548597287641365080283484226482452401054623250763143689665291403780303278728748783048083898368000000000000000000
378 472353385655660075462375430440944187036682367579933668378732695523920838138800260480817788189198738622801759833302298184742257412765748802626185075423921425164487369801839561639031755156849920791960042740559869044477667154470955864104289055836832958165893868395807677132102077882387489792935481009613860523091472189439871142770648460993122670577190056265717658472660309339810259505017847062008650701861673266798930241780684667981208874378008150535111879331640294077370806325478323509310658063329434281558228244247617966113106003902957584353414277845684144351425068323570081147668639820160767571280608902603698028783249316095673161761022661895684319926952535741181919465001998244774272174109197870329719669439531528596648453485329627903805907540384675806315581905512908535684615427801753845760000000000000000
379 -178067147819636833153553685227329460216010224083431766103921876521469398281675912836490578855284139020382772584459284453442707356063357166787871184492634445509275317440507040225663309918352318780231825914167737150508765514205471273566944475724789580862496097647291941209018490428388109719858868609379851824863724220151876655833100382979768700452836410400646775211337109555323058857646857046342140697388440583897989260382315595637000494990045042526517498508195738150324533415523322983837992306863854752905659553388497233619749276374291033433382038686946790791718915808570243261968294347547087750423563962051958224386492065866275916565585319950869254031392779386482854132939794078755090963327480649744061727118806689129143640041436886829643147474780239985650255092314807443321170300520198475612160000000000000000
380 67305590001272768596738248851975979931168149920014404897763843876562452106046440531123154608699774254166372907546917488966295562991947533813666212979720765405411860181715535777949888990371322477983941398764221243696551138523323317111344447222535035798796330645909647422768251475866745332619809840882737433811735102515167258461383304768667586765626135915080270193643606413146763510996311359920899674342057371892407879472846114175623518895838731745504055467246741837985665968552034793662785553287651230281012655187897794995672430053008035636441600673912036272207792050619438341689098933124107485964713674411004242894254132187738951761055360902924512115040917773834294183559832829848954776049164162183947174042803863177900580513612245116029847109953064324765204025916819075214313500821241661174579200000000000000000
381 -25507388197231924098339131237149094139431451394811338065804266527258718923324950120171686385516539995872968097278810491157350162704195617163919597222757168588909819824953957238197971066492750007387171191057235962806305331192874940508017205210482350467908573288189909932063241327964323492754589707598928171127848374993974035458238719447088851196395325793900241713393781761397973519195750053430903632621694300598801182085821714764984020559342669036561113752405546958361279586207581751711324834176664867906743009631258755373411716448885215836929608164950378266150552169036184407660441413179694221711952225101992248749020368626713556028435072571514407716869988795425004415760345065902613773687292567076010845408369350558523592816374462847804951992708976891365157667971137567672405982068011470195943014400000000000000000
382 9692266488286822833090136893929847749394553698497878981614793184130295998354001152480748536166983642883379903318427908784824120513324139530891579864348653938833763666665646629589822717657922246443523378708610749674592143278136934843535805380584814900158190519500915716968484950803523670578555475463011400954980135554842075776131156164769709409404607534936438914110025064361750896446962227196810747927486367403281579322546542570011903766490384305682311927435109678709206316782913581478107579744816593802665035857306557557046612872909332511013547461656045533081898388980551840167570183120185255345697185840440749428934318898120620649686939884705367982022737184278308597984874469334564171591969174803545876512582164370923571451419317982600063748815587552097478770182941665632278574731904063427025934745600000000000000000
383 -3692548358023344368956425060582408138053876413509002803747770679283059628064720857967136962642765056151273557624332796326807399287855164722822776780701303094964801512904487308650772586800559157715921475358211857535036439790694440188953837881493116935529435375471819871398299344367915520788341562785092173408634811460916612006176217709972594951194990154217313763770599119450126649809313016244833526621465048035025500582457095977247336830633463068784868469137022604686496852306220106065947244550323148292660786304260880035290423582608071133560768573775381242635069225767062935329529129849841407152510968131192860192303712435893128323155421097513717021150067284797281052334112489665715969015859091142750099875464483575288097504861599631717473026056804730706975094917071277328975961365743788889004063902924800000000000000000
384 1410475459299661884795505906483666275069885361591280574469783210908835748335815160091093292695383120084409783266851679702271995714105777327061562576679113393743066068302492718302714432277385711133652070160991445446186792258201051666856481798337665596330314654364923187829790128451433927973351509927404924498582809762502360161807943424110403044758001390384887295917323534106462023249291417831535259087917892786739355580906108774105693218396061579081383289844355425228702719867985210995417881834864178721904952145087689119607155926741370723563968374749791609702329729087264630634996048640501913238792396230811312447373814690963266544866482446736732025961939241721097175715679006867458961326522991241877981430402902273696693076461883705297093928426211376555107882734038828662357276480549640169124097538067005440000000000000000
385 -540182359792569135390927984752287121182303139756386162627363265939669965251537628635290089547247935439289604018921803120087612082167461309789531039790503693958985643311134318892508531096534918157699536613243290209008481009907598867199749879682995049011675005364517726351855174278542570833798197149082393572334676279688861667323662629364451376044388217364731742504669653388972618023090965145201666241086972035553192494063036764128371124085407725373234482523245188352620783190555612866836194036191308730476046226005920625213155611381566399799882137678004891125381496774300980411098810644025549813805704926927213352176305575234780854826557011507033804048548555553771732873573144573955437448589179954966212182431622470914712347602655232006083465941223036271587991141365461990075536944700613237853776662283000217600000000000000000
386 207418658199117183021404298537494563593289275797193491269570176965397473819315376445130210227103816514845572923732830521990388236951849207423385322689039074133460308675200871430688525193119822146590157483862379127347673519700109722551841959453470424966597256684929897654723406045426251691389769190534328077669787299112088756776282564498386688855361022841415195941343998719046253024260266099480661438439467722663295889137558060394391751722520914592735836102508924844511901063488709557838598895949392130110225332064075512675760311469936153572443812459760683068699994849007901368751134832020463929575918942109897895145780878711351537500050776792958777745095218520720026933435885310785788451249667781120119586854310219097311642340726663276588934247808581945511096544368466291581102198777587755335356929000648107622400000000000000000
387 -79851826859431957637311398434093325134178965162080133916133834617931851548095166652670753407118965727195934779085243904263210710763255401917598600782758696506339563018688147348119689875224009658519798657275144551278039112234067199997621040463445319808948656679825523906173695482410063798650612827733560334162577980409635329692773211227636213622555725959684798369112735340069204714098616268141784977782747088458975993104830221944033291864072069287651847701805488148876475975860602973330204287064847829743018805943589394156073786640116919361020501579230680744100474726756401507434288568469661305071224742176623169369767864431680849875403052682581457211550926254252435435835903056143550469941538548052066574510356202867838936371208770951259940339762948649207047781792971373505007019492368992565404887279644463176089600000000000000000
388 30821131250894177201975116797244786495483146022271840040774723195370608286473411684389782432721048312614812419611523334840826741250319529771548144030638363566486953473283137367624856964316857540478842294340352597511602410356121826816146340497682593553085867079027059539786944607971749017151571162019378560153714828136932838010158819751401148408189948787327358288129162590503156732028446632569413557556737612899982652561435074212177666477313098519641640254205961078729075165741077735662769483703624217477494388932821238647827915738890664319794515034099528538967901233698695405457658461781402157307420696208826613693958624461651939513680104226753551068529917144937712857183979948440437125342560647743137650387883970373269560276781442613300746088545610633296773132604162644056053061417419445491119957340470356017886003200000000000000000
389 -11927132951073850577601154289016448874195985956342088517629211979593862105736638024492006989236038931528045798371928768125023722588705667765117887644902466853161271815744794454511810397526090925355088889147908483817683887470100071084655368688244728392253445228795063979654512645602646475939098881762300855118357055487610025674152971365965316331202530460715573197967041118361550802195875560006416914074042044467385267182140733793241031561451119127251189003964940849399685939300163723431981760658731390412147001018889447026822986691297585075736761370823239379627014071305410912190773685848573227521654002459208717265823839131938659424156822644940982285581146694287347399882937284555383541873534122107441002442422650835243711178213092316447240035168039873379554722014577563027599641190085939946422583019768121185060834508800000000000000000
390 4627478527372894115454608993287884383087260422128725210484097579605217046274724347774466573231930984646982737500774187971680607512310134684426935222040210223246077820272061480536774980796890143619788345707626182984054287152835107374214763219254800494774661097313341400777241447164761708042583870573624564341543502873234111869193734783002255493779997876607040586043401082640210188765919400568336521265811455084934331112543604466158200205875391741445765275172482267159484167978354769201620676195287175990214983719654756849912421154318758208149524376910965740070375603476470670040499851632541104162022943415236058046641086251849114063104278053020491908811570272318519802408126614175608736237517676965744901825645621859401307634678744444904976366839131687903168390148231957536661185157638778040503495619447076874190212898488320000000000000000
391 -1799992704621029528457427815542319970303735427955515197154147216562368232164882207570175341011277724271837264079572778564748346491121954052191821329261067624255547153386069966766403967623075462375574789709956606990857296521000455304883783040765284106006871915886290508458529952991982610319793032570431671761760668307035799332529538443124431565095523914714240133058348819722928875224345691234160301287870177772569503293377462910967547849571343036780852788188108954958282011560093738202680772306045756149201641058888121387463312114081627726653170160707908230847648037510732335684573800789506825963019235609979977952690938567924744959970871633022675181949701850396641388878677404142709633869391463235964589675800999027292284059628098556274250253767360406388514481447979872924544706143175436508394059746292618249674755916305530880000000000000000
392 701959712958254510323539344340833291618813433412254755194339966160467382027195520472341160127648287374459857746001663066750890625083148879253758908008605442606963605359132454362116990738442883728502288927965288896872135309424418920519656102839286279993931200158938017958849382780947275308780198543457994746408119991233028933672483083340580577971881038573327556601652900450656147122655965146966856158921661441352944395304539337501152145659470548421587522404689534855951341969434448553787402681959638575349832424701780682614122291872715650666571040425165325103646375119853063902141201046942992331767359086618723436543495451371793479317569013692410722594101806742579703990090723152646447074334667945713103825357023924588210749853853042090343478446034943106543666064702427010076367338194701590344186636406817515073871740117492695040000000000000000
393 -274451674297813577369124434826037260359780839566229757142249660065901492597356509118049163338407823369911533055794433914727072706814138281972322432724720678830259751250862304299928579254466902711387277892468757919264005258240975560293314328724751176388806254822977801454079878945105838967329180682395918659899951301711865783155921321507414983975904875644574004951105862225244103667789498353840944812529811205309983005319860131167688313250590312461356787195463692178191293419094005383067944916951535106225254112744198775632654140244518462956116571259862688926717343439335792469215414796803285591031255536097845204651882698307032127455293595939468351138385922927346778408425302996207805910338639005480703347079902946945625612849969425154150869045466733784276314810842765096772667472238220183254764998678256980322246943534656142704640000000000000000
394 107579369329801408076467062591982444231461337521997973613955092564699632902042900245936771768331554434415889047027121568106922453319182959603939663973581415577884152813905973487343630507183963789915179383523791324744304928149651408354312634128974324266838341847092998204733750878823085227887968166260266615011026754941927785052416492700980024340964069413045464024581020948395793072079874552257940123484216110441881440125597199242873777494724589148561593078932271892448581184967699472596991381691950676566658436587367258480338094113060531013174481038894988888993914429293172433080763063203448164279065103250000731501130337508501082243102983663397530493870435461140209141960763255248898647674648708807260218596897812504161109709890110799542782331646440864728594170059343322756765857321131140263437830769521937913497745984866074608271360000000000000000
395 -42276467228190300589393315780082058135492164061692953306945635898846194629628827568003500182024603022886615397436770776849687308380263073151112516359834072637380340446030059168062385402855051397554971654675850194289264794098374002328093289854570066438553213481138437312074522477750312021923442957847112406447541739018646372926133862915031452674749157584674764062317758338643834337260241296383887476126934910967720758300929360551072926666846219783317591322074059207314847554856429827732759952448639559136303193978065471861318342248616605183206219477334658875207932368587051945425620813748118194599493377941549500377404615540105142038995022491585117431730122579797103256079284600057486497539879842404458974551464414591183311965000187948022765482351983334457716058547010270616943577525748921548686314177831542140382933522316783772709683200000000000000000
396 16656055410261582831004884860270768468282540569925394221231210932633343345412591405342606054749046586461453163717981663842803458892761949836940534065592174319372407050010866978274671633998296750702111985523803325376318864462943548344929050596764565333466473424985270332974077585789990464802676851117409924605207305932004394217877489108485924954329684729328400398778384061568732967219143067054899090340266954668661393314820919348082210940515270191624680914398515300224067435474705192112607603608377425927779674751602417594977542972906473416711249040038244895419327557057106468385329500990925373713427278195403632408544817381452930320647172314082514828530943837833868619213180806308106509823597700712576729481074661336998590196235060200913872094310500211491234035747017077893955454795448086239966249423105029806438206860164264254480968581120000000000000000
397 -6578798724967973632306242211307499338687573999731150886597179673746133524296892312724584593802067091456836072097894939845539034561545328925198111311149046834114853539467966925844615125208959909186442499807293968956324954259511662814632564814198190334540432774305337039163129737899836338561167057550406673228275944352063385909219404339169321981086136862899942622861098686551464807212829960462317195971288907855920928580386184651547215194126731591124365091357452203273070559301227549394183122117132426209086889117275927608695381228449554808982532581061949823843750527785221643387064024589418764754093798006819128171246068208999636739285189134046824570846330901540612784496148720432258979076468317939357027480069521751754929414645660221532730542903603741406750165311353829948173354849432692901243511439004902244919574239132984189229458218024960000000000000000
398 2605069010716537539255133319061526709658408097096920319160000054352065107079537142978496330065215503902854235857311424138217128074074220684753302142549801954201061189537827351343899516243659315140861690918670749420602450698063818328238232877648332647054493869986169305258575652194563605496513687684332582864343510377610181413014531745593138761060960059164082514791368645048662228226620725377396112644873757514433528058882978952330512001526650668886439084013156141047878078151312837280671786478641161671240082754384316207947650539879862631204703406769922524130618275796714841560239142270755107849465753065705500401535334191906569874525849540786705431413945195351458108358520361603063303450044566380716134199831261801475625596702893433568142379485132397177679288132027180936635529448794046807660806232886028889196790083409472449969784193621688320000000000000000
399 -1034158928995682981471051637221511834912233409740643494068885290213856648388630778638916773399445046953443352091512008578460716475451997526254906971184338787766576720378680208440901567654507932555902282560113495972197722996137709824621520682316959918299748708301617401491472578820781128991231359132331650340997905141317695119086309955661495919237135901619027935201868870755333018744974023781773916266840600436709382114194886651533510422246280832205129576752877947075862586412580599063556054172834873569874710945153091458989362948697738899348127098692664458989203097442134194255243881191253412361941682980208545984336021806567948608424441021545761999854939431961057170620990692613895659691911114853030487270758669273574965795471152027766210933018415415040830388521693409595714810354699062976997768378526442044544026633535155056453061307026857000960000000000000000
400 411574068091643360363877531842301953639900996452867609833078722962425236450086797870340165611260975116553467786613728475092463830605776277571077168434650761772907853536466175896648432289936132898109415452054065677122931121595957814580327165698859181053221108675615772932439485305282320906643228934667394596891168474469806923906807774713290875109606730152359253013588526609121884260166636056000122016978735380993638584147841741446022125379445135218737717531174156595062049114732348226362761622512753176093661267520816579562072654313066914022315584378175608051972103556531009571975521207549532157934228128620324289553162460469841793201223830865963457909117816687533001952782398554680491941841822176144307155435170744124245137739311606206283448187075616420768717799205789227707293641510791568168749745136709081429988700505473839369157697369205112832000000000000000000






































































