1 121
2 703
3 1891
4 3281
5 8401
6 8911
7 10585
8 12403
9 16531
10 18721
11 19345
12 23521
13 31621
14 44287
15 47197
16 55969
17 63139
18 74593
19 79003
20 82513
21 87913
22 88573
23 97567
24 105163
25 111361
26 112141
27 148417
28 152551
29 182527
30 188191
31 211411
32 218791
33 221761
34 226801
35 228073
36 282133
37 288163
38 293401
39 313447
40 320167
41 327781
42 328021
43 340033
44 359341
45 364231
46 365713
47 385003
48 385201
49 399001
50 432821
51 443713
52 453259
53 478297
54 497503
55 504913
56 512461
57 551881
58 563347
59 625873
60 638731
61 655051
62 658711
63 679057
64 709873
65 801139
66 823213
67 859951
68 867043
69 876961
70 894781
71 951481
72 973241
73 994507
74 1024651
75 1042417
76 1097227
77 1152271
78 1193221
79 1226413
80 1241143
81 1244161
82 1266151
83 1268551
84 1373653
85 1530787
86 1551941
87 1561921
88 1563151
89 1584133
90 1590751
91 1592137
92 1627921
93 1638781
94 1683683
95 1690501
96 1702537
97 1729729
98 1772611
99 1773289
100 1817743
101 1869211
102 1898999
103 1973329
104 1987021
105 1987441
106 2003527
107 2023873
108 2051089
109 2125759
110 2182267
111 2202257
112 2226043
113 2284453
114 2295229
115 2545181
116 2567359
117 2586083
118 2630071
119 2652721
120 2727649
121 2795519
122 2944261
123 3003589
124 3020093
125 3028133
126 3099373
127 3116107
128 3168883
129 3185593
130 3204241
131 3248101
132 3272611
133 3282217
134 3285361
135 3379663
136 3383353
137 3387781
138 3537667
139 3543121
140 3554497
141 3818413
142 3822337
143 3963901
144 4042403
145 4099439
146 4109221
147 4119301
148 4252381
149 4255903
150 4291801
151 4561481
152 4686391
153 4767211
154 4779139
155 4788643
156 4906441
157 4920301
158 4923521
159 4962931
160 5087171
161 5090821
162 5095861
163 5148001
164 5173601
165 5191159
166 5193161
167 5268511
168 5481451
169 5720149
170 5770201
171 5774801
172 6019945
173 6186403
174 6214213
175 6231331
176 6278533
177 6321187
178 6569911
179 6639301
180 6710177
181 6787327
182 6835441
183 7162429
184 7262413
185 7519441
186 7758601
187 8233633
188 8243111
189 8248129
190 8411041
191 8507731
192 8595361
193 8602513
194 8681581
195 8719309
196 8778229
197 8829451
198 8830801
199 9080191
200 9237937
201 9439201
202 9467767
203 9493903
204 9585541
205 9704449
206 9780409
207 9846401
208 10267951
209 10509751
210 10604431
211 10679131
212 10802017
213 10841209
214 10899523
215 11107121
216 11130241
217 11407441
218 11415301
219 11541307
220 11621611
221 11765293
222 11795281
223 11820073
224 11897689
225 12205873
226 12890503
227 13012501
228 13073941
229 13162501
230 13188319
231 13295281
232 13341841
233 13404751
234 13544851
235 13667023
236 13694761
237 14005441
238 14008681
239 14056111
240 14396449
241 14523913
242 14676481
243 14709421
244 14764501
245 14800391
246 14829211
247 14843767
248 14913991
249 15258151
250 15530971
251 15576571
252 15766651
253 15879431
254 15888313
255 15978007
256 16070429
257 16119001
258 16343251
259 16796671
260 16805233
261 16879501
262 17147521
263 17164913
264 17494687
265 17559829
266 17684593
267 17689387
268 17737381
269 17984251
270 18067501
271 18112513
272 18225703
273 18434041
274 18445783
275 18473797
276 18790021
277 18809911
278 19071397
279 19182151
280 19383673
281 19429801
282 19609633
283 19714501
284 19877353
285 20178313
286 20236483
287 20310751
288 20351563
289 20691617
290 20904799
291 21129389
292 21397381
293 21415297
294 21430951
295 22028203
296 22112911
297 22363741
298 22369621
299 22783471
300 22922593
301 23053867
302 23382529
303 23422231
304 24010633
305 24133633
306 24176209
307 24195151
308 24720571
309 24740113
310 24832823
311 24904153
312 25118087
313 25182301
314 25214977
315 25326001
316 25382701
317 25511501
318 25845319
319 26017291
320 26321023
321 26455153
322 26474581
323 26742241
324 26781479
325 26902331
326 27012001
327 27028117
328 27171001
329 27191011
330 27384967
331 27509653
332 27589801
333 27664033
334 27872443
335 28103041
336 28527049
337 28569997
338 28647253
339 28780471
340 29112373
341 29277067
342 30221437
343 30241345
344 30722911
345 30924979
346 30987809
347 31252597
348 31470211
349 31487899
350 31528927
351 31957351
352 32091067
353 32196649
354 32285041
355 32376961
356 32676481
357 32817151
358 32914441
359 33088427
360 33420661
361 33552553
362 33554629
363 33717991
364 33796531
365 33852781
366 34011091
367 34129321
368 34590403
369 34599391
370 34657141
371 34745047
372 34901461
373 34974481
374 35082217
375 35107381
376 35523161
377 35728129
378 35798491
379 35807461
380 36243563
381 36546067
382 36762931
383 37507159
384 37736533
385 38239741
386 38742049
387 38825227
388 39211597
389 39447181
390 39545221
391 39547171
392 39607723
393 39814301
394 40166017
395 40728463
396 40828241
397 40917241
398 41070781
399 41142037
400 41341321
401 41963959
402 42149971
403 42254737
404 42474547
405 42536099
406 43040161
407 43275229
408 43658371
409 43834321
410 43838341
411 43843411
412 44118361
413 44478211
414 44884801
415 45079091
416 45175201
417 45566371
418 45669541
419 45696223
420 45786133
421 45877861
422 45890209
423 46069321
424 46256489
425 46483633
426 46519663
427 46633861
428 46977421
429 47129881
430 47209069
431 47249681
432 47341057
433 47583397
434 47632513
435 47712673
436 47793203
437 48053149
438 48064021
439 48411751
440 48481679
441 49613491
442 49775797
443 50997451
444 52283107
445 53369149
446 54012421
447 54029741
448 54089101
449 54364333
450 54637831
451 54767881
452 54816059
453 54992407
454 55370569
455 55483741
456 56017487
457 56160133
458 56389873
459 56479897
460 56810137
461 56963521
462 57013919
463 57211903
464 57511189
465 58197547
466 58603843
467 58724821
468 58725703
469 59091001
470 59218513
471 60025421
472 61189201
473 61343437
474 61526143
475 61754941
476 61832377
477 62423551
478 62577217
479 63219799
480 63553621
481 63745921
482 63935821
483 64218133
484 64377991
485 64398379
486 64464919
487 64570081
488 64671083
489 65589571
490 66096253
491 66296401
492 66342673
493 66834721
494 66966301
495 67134541
496 67680491
497 67775401
498 67902031
499 67916287
500 68257351
501 69139201
502 69146419
503 69444841
504 69949447
505 70038343
506 70125659
507 70132807
508 70577119
509 70726657
510 70760971
511 71314039
512 71592751
513 71710489
514 71733157
515 71936899
516 72011041
517 72186421
518 72239311
519 72286501
520 72415531
521 72464131
522 73951939
523 73981657
524 74112787
525 74349157
526 74383489
527 74408701
528 74620739
529 74667601
530 74927161
531 75335041
532 75476251
533 76923461
534 77334769
535 77926411
536 78091201
537 78755491
538 78892141
539 80104033
540 80375707
541 80530871
542 80980993
543 81412589
544 81926461
545 81954133
546 82575361
547 83005609
548 83099521
549 83330581
550 85030139
551 85636609
552 85719871
553 85907917
554 86044897
555 86067367
556 86081857
557 87215959
558 87217561
559 87466843
560 88599421
561 88683631
562 89253631
563 89439577
564 89532271
565 89879521
566 91332253
567 92267341
568 92750491
569 92779831
570 94347289
571 94536001
572 95239699
573 96028001
574 96501373
575 96894071
576 97340041
577 97879783
578 97999201
579 99585851
580 99809051
581 99890461
582 99945007
583 100017223
584 100690321
585 100897681
586 101649241
587 101913211
588 102294427
589 102358747
590 102560407
591 102690677
592 102901633
593 102957157
594 104428091
595 104852881
596 105040321
597 105048001
598 105558787
599 105746873
600 105919633
601 106247809
602 106485121
603 109339123
604 109427291
605 109507663
606 110413333
607 112499311
608 112579561
609 112612417
610 112747951
611 113757751
612 114172801
613 114366313
614 114685741
615 114707881
616 114849901
617 115214881
618 116151661
619 116612959
620 116673481
621 116682721
622 116799301
623 116806141
624 117060217
625 117424231
626 117987841
627 118227037
628 118846151
629 119386079
630 120453761
631 120561319
632 120739279
633 121343293
634 121346149
635 121774901
636 122089843
637 122340511
638 122398519
639 122505571
640 123694639
641 123771511
642 124038337
643 124187581
644 125778823
645 125809861
646 126428851
647 126440731
648 127664461
649 127811833
650 128256613
651 128696569
652 128821981
653 129762001
654 131136301
655 131888611
656 132218461
657 132688711
658 132949801
659 133391611
660 133961599
661 134176771
662 134777221
663 135023257
664 136173031
665 136716889
666 136867531
667 137200981
668 137738413
669 138440641
670 138653101
671 139027201
672 139295701
673 139301191
674 139931191
675 140742253
676 140862349
677 141281471
678 142125289
679 143168581
680 143366987
681 143822449
682 144202931
683 144645889
684 145439351
685 145820503
686 146481193
687 146514371
688 146613013
689 146806129
690 149115331
691 149532571
692 150454081
693 151172165
694 151659619
695 153584971
696 153734473
697 154287451
698 154480327
699 154492231
700 155857747
701 156748879
702 157341931
703 157491541
704 160210441
705 160959751
706 161304001
707 161634821
708 162243091
709 162943441
710 163140847
711 163892587
712 165587017
713 166028917
714 167160013
715 167414501
716 167472451
717 167787181
718 168834961
719 170109409
720 170173741
721 170446249
722 170700823
723 171147601
724 171356527
725 171454321
726 171515719
727 172035841
728 172907281
729 172947529
730 173024503
731 174375343
732 175208689
733 176243671
734 176752801
735 177176971
736 177329521
737 177710413
738 177930919
739 178343749
740 178416127
741 178482151
742 179124013
743 179146207
744 179622241
745 180115489
746 182918737
747 183131257
748 185040703
749 185141647
750 185791537
751 186956911
752 187159501
753 188597011
754 189540451
755 189863129
756 190640143
757 190711177
758 190761731
759 192123037
760 192143011
761 192726577
762 192946681
763 193715281
764 193938361
765 193949641
766 194834551
767 195072049
768 195100057
769 195475351
770 195761521
771 196287391
772 196352953
773 197443013
774 197599921
775 197892601
776 199020733
777 199789441
778 200100781
779 200190427
780 200371081
781 200476321
782 201261061
783 201959731
784 202597249
785 202892551
786 203269177
787 203330401
788 204754321
789 205228357
790 205374961
791 205599983
792 206304961
793 208113079
794 209733779
795 210271501
796 210812311
797 212058631
798 212082817
799 212320351
800 213835861
801 213924481
802 214076101
803 214110541
804 215335261
805 215612401
806 216821881
807 218023807
808 218351101
809 218642029
810 218850311
811 219659161
812 220252159
813 220261861
814 220534651
815 221378317
816 221793391
817 222524347
818 222939551
819 223018489
820 223625851
821 224073865
822 224129431
823 225741661
824 226227751
825 226366003
826 226535207
827 227132641
828 227333107
829 227512651
830 228274381
831 228842209
832 229113421
833 229330441
834 229671451
835 230300857
836 230323549
837 230637541
838 231120751
839 232341901
840 232460821
841 233570431
842 233988721
843 234521893
844 234742597
845 236205793
846 237265321
847 237621469
848 239806561
849 240272077
850 240311449
851 240602363
852 241396381
853 242131889
854 243400249
855 244822153
856 244898807
857 247095361
858 247318957
859 247920661
860 248069641
861 248270773
862 249183271
863 249331237
864 249511393
865 250612831
866 252099541
867 252853921
868 252888781
869 253158751
870 254265001
871 254447929
872 254930131
873 255866131
874 256269911
875 256539511
876 257020609
877 257323501
878 257586211
879 258503701
880 258634741
881 259765747
882 260615041
883 261951649
884 264384469
885 264496933
886 264843121
887 265390189
888 266389729
889 267486841
890 267559627
891 268505551
892 269601121
893 270042697
894 270628129
895 272282161
896 272995561
897 273894997
898 274744351
899 275619961
900 275661751
901 275951773
902 276751201
903 277650839
904 278575201
905 279085717
906 279377281
907 280312003
908 280327087
909 281360551
910 282569839
911 282589651
912 282707461
913 283020013
914 284625881
915 285703793
916 286154131
917 286168049
918 286673041
919 286721353
920 287504293
921 288120421
922 288630343
923 289987889
924 290344753
925 290512909
926 290565367
927 290698321
928 290799073
929 293585167
930 295638433
931 296792497
932 297624961
933 298567621
934 301267801
935 302652871
936 303639337
937 303817411
938 303826651
939 304283101
940 304349347
941 305120089
942 306309037
943 306357871
944 306649801
945 307237681
946 308448649
947 309419623
948 309881879
949 311955071
950 312232807
951 312453481
952 313802443
953 314184487
954 314283601
955 314555077
956 316804867
957 317712877
958 318641077
959 321004147
960 321544417
961 324246997
962 324778777
963 325542127
964 325726147
965 325834309
966 325944737
967 326244911
968 326695141
969 326980417
970 328573477
971 328881239
972 330433261
973 332976961
974 333229141
975 333615361
976 333619357
977 334291981
978 334813411
979 334963333
980 336273211
981 338455153
982 339128303
983 343557931
984 344216071
985 345674071
986 346795639
987 347743189
988 348335821
989 349466339
990 350310241
991 351000973
992 351910021
993 352171741
994 352735351
995 353461513
996 355836251
997 356450791
998 357167593
999 358240321
1000 359696431
1001 359914231
1002 360018361
1003 361674991
1004 363245581
1005 365825377
1006 366207031
1007 366527743
1008 366532321
1009 368113411
1010 368476501
1011 368834581
1012 372378871
1013 373397779
1014 374325841
1015 375357163
1016 377034737
1017 377704471
1018 378682537
1019 379029421
1020 379363267
1021 379687331
1022 381427201
1023 382386271
1024 383036941
1025 383793541
1026 384417001
1027 386804809
1028 387288553
1029 387400807
1030 387440173
1031 387595441
1032 389064589
1033 390612221
1034 391148377
1035 391792571
1036 391979377
1037 392803861
1038 393323221
1039 393611653
1040 395044651
1041 396036877
1042 396106261
1043 397252153
1044 398922299
1045 401012083
1046 402321277
1047 402497551
1048 402752533
1049 403043257
1050 403095421
1051 403494001
1052 403650823
1053 405047251
1054 405318817
1055 408012037
1056 408580741
1057 410733049
1058 413976781
1059 415039087
1060 415800703
1061 416168461
1062 419019889
1063 419124751
1064 419350051
1065 421175581
1066 422521051
1067 423448651
1068 424005121
1069 424279621
1070 424703683
1071 424762801
1072 425194111
1073 425669641
1074 426448411
1075 427691521
1076 428128489
1077 428666221
1078 429890581
1079 432020317
1080 432547651
1081 433559501
1082 433812229
1083 434181529
1084 435210311
1085 436042531
1086 436897819
1087 440306461
1088 440437957
1089 442659433
1090 442871183
1091 443211961
1092 443355823
1093 444030043
1094 447236791
1095 447411553
1096 447550489
1097 447915763
1098 450692017
1099 453018721
1100 453557287
1101 453992111
1102 454963279
1103 457274161
1104 458869951
1105 459248641
1106 459785089
1107 462181141
1108 463125937
1109 463427947
1110 463603771
1111 464380723
1112 464589247
1113 464912839
1114 465658903
1115 467061967
1116 467089687
1117 467307661
1118 467971351
1119 469328203
1120 469636861
1121 469784561
1122 470063791
1123 470119813
1124 471059621
1125 472708321
1126 473390017
1127 473435401
1128 473442733
1129 473750371
1130 475969231
1131 477654871
1132 478166911
1133 480605273
1134 482164597
1135 482706271
1136 482772049
1137 484076521
1138 484844231
1139 485472409
1140 485627563
1141 486122569
1142 486336811
1143 487890703
1144 488656981
1145 489290551
1146 489994201
1147 493166353
1148 493699441
1149 495416503
1150 496665577
1151 498238201
1152 498442951
1153 500129281
1154 501134563
1155 501539749
1156 501573889
1157 504287911
1158 506155313
1159 510111361
1160 511338241
1161 512303611
1162 512489671
1163 514286491
1164 516058201
1165 517567051
1166 517937581
1167 519570451
1168 519809701
1169 521165713
1170 527761081
1171 529354547
1172 530717833
1173 530759989
1174 530766289
1175 531333001
1176 534521131
1177 534644161
1178 535606561
1179 540654409
1180 541316143
1181 545220869
1182 545282131
1183 545430607
1184 545738203
1185 546911569
1186 553771081
1187 554171999
1188 554494951
1189 554658751
1190 555076603
1191 555196951
1192 556865281
1193 557058133
1194 557794177
1195 558987997
1196 559059481
1197 563529611
1198 563947141
1199 564875347
1200 565998337
1201 566913061
1202 568055671
1203 569507579
1204 569596513
1205 569784403
1206 571706587
1207 571904173
1208 572228929
1209 572446951
1210 573519673
1211 573862021
1212 574885567
1213 576052651
1214 576691741
1215 579606301
1216 580725391
1217 581130733
1218 581618143
1219 582433547
1220 584030179
1221 585809261
1222 585902953
1223 587449981
1224 590751661
1225 591043771
1226 594047191
1227 594908521
1228 597492673
1229 597717121
1230 599685943
1231 600091831
1232 607140773
1233 608350807
1234 609244501
1235 611463169
1236 611852671
1237 613321021
1238 614886049
1239 616015469
1240 616238407
1241 616568401
1242 616685887
1243 616907021
1244 619257871
1245 619409701
1246 622157779
1247 623662903
1248 627421559
1249 628903213
1250 630057191
1251 630888481
1252 632227163
1253 633987901
1254 636442003
1255 641490697
1256 641601871
1257 641642527
1258 642524257
1259 643065481
1260 650028061
1261 650710321
1262 652863751
1263 652969351
1264 652997269
1265 653553811
1266 653733961
1267 655487929
1268 655850137
1269 656824033
1270 656958061
1271 657067951
1272 659603431
1273 660069259
1274 665394017
1275 669485881
1276 670208533
1277 671933971
1278 672169291
1279 672552937
1280 674000029
1281 674600053
1282 675168193
1283 676178011
1284 676613257
1285 677285233
1286 677349217
1287 677497393
1288 679151651
1289 679306231
1290 680403781
1291 680609551
1292 680860351
1293 681650383
1294 682528687
1295 682709311
1296 684717223
1297 685797841
1298 688075501
1299 689443273
1300 690801229
1301 692484311
1302 693747001
1303 694656901
1304 695964977
1305 696514583
1306 697754971
1307 699224137
1308 700361641
1309 703995733
1310 705883951
1311 706028101
1312 707293243
1313 710741953
1314 710865541
1315 711675667
1316 713054651
1317 713278369
1318 716389831
1319 716402611
1320 717653129
1321 722339623
1322 723350461
1323 723466423
1324 726213671
1325 726458923
1326 726775603
1327 727083001
1328 728600449
1329 728811091
1330 729026689
1331 729068359
1332 729090001
1333 729790381
1334 730105801
1335 731172421
1336 732999493
1337 733010221
1338 733013341
1339 733044901
1340 737162431
1341 737971741
1342 741470549
1343 743404663
1344 745745461
1345 746712253
1346 747236701
1347 748773169
1348 748990171
1349 749546029
1350 749894041
1351 753987379
1352 754020361
1353 755987581
1354 757894831
1355 758056531
1356 758379511
1357 760264009
1358 761688481
1359 762001021
1360 763061797
1361 767553151
1362 768657583
1363 771350581
1364 775136251
1365 775866001
1366 776081503
1367 776176261
1368 777664639
1369 780251671
1370 781091329
1371 781303861
1372 782581171
1373 783291307
1374 787085857
1375 789375511
1376 790858927
1377 792698293
1378 793100519
1379 794937601
1380 797125951
1381 797298869
1382 798134833
1383 799162561
1384 801610681
1385 805470307
1386 807115753
1387 809068321
1388 811478533
1389 811909841
1390 812405017
1391 814441633
1392 816002419
1393 816718681
1394 829575119
1395 829978381
1396 830399041
1397 830533471
1398 831417709
1399 831762851
1400 837878149
1401 838110673
1402 842220289
1403 843670297
1404 844779769
1405 846961321
1406 847482049
1407 850053271
1408 853674931
1409 854581807
1410 855734401
1411 855990143
1412 856425961
1413 857052451
1414 857538991
1415 860088337
1416 863984881
1417 864113251
1418 864496933
1419 865890469
1420 867800701
1421 868811263
1422 868827961
1423 870898939
1424 871157233
1425 871296973
1426 872380321
1427 874910341
1428 875193601
1429 875729989
1430 878603701
1431 880554547
1432 884584891
1433 885556351
1434 885561961
1435 886695109
1436 888700681
1437 889047121
1438 889255423
1439 891052507
1440 891706861
1441 891973783
1442 894599101
1443 894611911
1444 895398523
1445 896046181
1446 896307427
1447 897756751
1448 900421117
1449 904221641
1450 906471301
1451 907475851
1452 908381431
1453 908809021
1454 909646411
1455 915211571
1456 915648427
1457 916392727
1458 918023891
1459 918400033
1460 918661501
1461 921066859
1462 921425221
1463 922601881
1464 922944439
1465 926168533
1466 927045913
1467 927106561
1468 931869553
1469 937013621
1470 938376181
1471 939369001
1472 941056273
1473 942448957
1474 943312393
1475 943719781
1476 944500519
1477 947342353
1478 948393559
1479 951507511
1480 951510433
1481 952773031
1482 953815921
1483 955297771
1484 955609903
1485 956427481
1486 956874601
1487 957765607
1488 958762729
1489 959382467
1490 960946321
1491 962375941
1492 962983183
1493 967175257
1494 972142373
1495 972372601
1496 972471151
1497 973225807
1498 974232601
1499 974422879
1500 977770531
1501 979363153
1502 979869211
1503 981484561
1504 981559297
1505 984207841
1506 989034061
1507 990035317
1508 991523479
1509 993161161
1510 993420289
1511 994885141
1512 997695661
1513 998849281
1514 999271891
1515 1000567501
1516 1002604513
1517 1003724821
1518 1004752181
1519 1007713171
1520 1009014571
1521 1014742621
1522 1015269391
1523 1015429141
1524 1020442537
1525 1021281301
1526 1023685349
1527 1024157429
1528 1024757581
1529 1025027771
1530 1027050499
1531 1028018413
1532 1028494429
1533 1028952541
1534 1030354417
1535 1031009741
1536 1032108313
1537 1034080321
1538 1035710483
1539 1036744219
1540 1036995919
1541 1037627051
1542 1040295691
1543 1043218321
1544 1050721561
1545 1052823241
1546 1058797687
1547 1058894533
1548 1061730451
1549 1067736541
1550 1067920811
1551 1070063191
1552 1072085941
1553 1075490821
1554 1076867977
1555 1079063371
1556 1083234241
1557 1084242361
1558 1084393129
1559 1084952881
1560 1085139343
1561 1086477809
1562 1088524711
1563 1088673997
1564 1089544303
1565 1091486197
1566 1092902533
1567 1093171969
1568 1093916341
1569 1095485821
1570 1105322653
1571 1108882711
1572 1108973251
1573 1110891601
1574 1111114663
1575 1111771957
1576 1114598413
1577 1116714413
1578 1117004257
1579 1117179361
1580 1119272311
1581 1120076281
1582 1120170349
1583 1120657429
1584 1123459657
1585 1125376957
1586 1125907111
1587 1126031347
1588 1129869343
1589 1131872029
1590 1131881251
1591 1132350031
1592 1134696067
1593 1135428031
1594 1135556173
1595 1137320581
1596 1138055839
1597 1139527567
1598 1140782827
1599 1141350211
1600 1142910001
1601 1143025057
1602 1145170153
1603 1146230611
1604 1146953089
1605 1148556683
1606 1149135751
1607 1149584437
1608 1150703347
1609 1152005713
1610 1152779041
1611 1152793621
1612 1153290961
1613 1155357389
1614 1156012457
1615 1157839381
1616 1158491641
1617 1159421509
1618 1159974119
1619 1161492047
1620 1162163539
1621 1162265833
1622 1168256953
1623 1175308721
1624 1175602681
1625 1182502393
1626 1185355729
1627 1186382413
1628 1188646903
1629 1191216133
1630 1192252987
1631 1196092619
1632 1196969707
1633 1200417571
1634 1201773689
1635 1202480593
1636 1207252621
1637 1208026471
1638 1208125777
1639 1210962059
1640 1212297847
1641 1212753703
1642 1214493089
1643 1216456001
1644 1216843601
1645 1217524459
1646 1217829817
1647 1218710791
1648 1219554811
1649 1223472169
1650 1224393409
1651 1227264589
1652 1227501661
1653 1228246489
1654 1229956003
1655 1230582403
1656 1232013421
1657 1232713511
1658 1233001771
1659 1233023023
1660 1236313501
1661 1238247781
1662 1238517649
1663 1238891431
1664 1242693121
1665 1244577529
1666 1248258733
1667 1251295501
1668 1251533977
1669 1251633241
1670 1252569361
1671 1256652013
1672 1258133131
1673 1259514281
1674 1260332137
1675 1261099531
1676 1261873621
1677 1261949539
1678 1263293281
1679 1265465413
1680 1267133311
1681 1268469781
1682 1268946253
1683 1274436901
1684 1274609701
1685 1275816781
1686 1282500103
1687 1282996261
1688 1283728951
1689 1284674969
1690 1285438681
1691 1286298133
1692 1286407711
1693 1288046101
1694 1289084161
1695 1289508679
1696 1291338541
1697 1295074171
1698 1297541059
1699 1301698927
1700 1302013303
1701 1308630163
1702 1309440001
1703 1310671111
1704 1312845661
1705 1318126321
1706 1319190331
1707 1319315713
1708 1320425569
1709 1322140501
1710 1323011377
1711 1325802559
1712 1326426319
1713 1331574553
1714 1333767961
1715 1336207049
1716 1338605713
1717 1341231211
1718 1341726211
1719 1342577857
1720 1344350921
1721 1344450241
1722 1344690073
1723 1356329627
1724 1356641677
1725 1358168761
1726 1358425741
1727 1359481589
1728 1359617689
1729 1360747351
1730 1364320729
1731 1366303681
1732 1366494529
1733 1368161521
1734 1371720013
1735 1372681861
1736 1377352351
1737 1381108591
1738 1385627077
1739 1389353941
1740 1389913543
1741 1394632891
1742 1397273687
1743 1397678699
1744 1400118103
1745 1404228421
1746 1404599491
1747 1408610503
1748 1410341377
1749 1414125451
1750 1414987003
1751 1418161681
1752 1419459121
1753 1422057781
1754 1423618499
1755 1424287099
1756 1427491963
1757 1427876839
1758 1428746941
1759 1429182091
1760 1432852711
1761 1433882341
1762 1435173361
1763 1436699437
1764 1437355811
1765 1443652033
1766 1443826957
1767 1444441861
1768 1445889667
1769 1446457933
1770 1446812641
1771 1450440001
1772 1453548403
1773 1453742977
1774 1456901419
1775 1458051337
1776 1463178817
1777 1464576499
1778 1465058449
1779 1465217911
1780 1467217897
1781 1467276823
1782 1468549013
1783 1470789301
1784 1471541143
1785 1472650999
1786 1475522413
1787 1475783377
1788 1477422187
1789 1481626513
1790 1484071681
1791 1486161673
1792 1487387611
1793 1487884201
1794 1491832369
1795 1494595801
1796 1497952771
1797 1498104661
1798 1500703579
1799 1502668621
1800 1503351991
1801 1505432881
1802 1505864111
1803 1513022545
1804 1515785041
1805 1518290707
1806 1519834681
1807 1519992073
1808 1521167617
1809 1521221473
1810 1521352981
1811 1521641707
1812 1521734597
1813 1522669051
1814 1524170129
1815 1524886663
1816 1530141757
1817 1533555271
1818 1534768031
1819 1536112001
1820 1538012449
1821 1540550413
1822 1549308001
1823 1549964371
1824 1550256481
1825 1550975791
1826 1551988291
1827 1552103821
1828 1552891201
1829 1556135521
1830 1557305371
1831 1558595131
1832 1564637101
1833 1570997431
1834 1572069709
1835 1577004661
1836 1577059201
1837 1578051151
1838 1579079503
1839 1580449201
1840 1581540013
1841 1582547851
1842 1585009351
1843 1588247851
1844 1589800609
1845 1590910501
1846 1592225449
1847 1592595703
1848 1593996427
1849 1603709761
1850 1603924081
1851 1606158299
1852 1607791061
1853 1608729127
1854 1608751523
1855 1611832861
1856 1611842101
1857 1616387653
1858 1617586471
1859 1618435171
1860 1621472581
1861 1624031971
1862 1625330071
1863 1626167341
1864 1628740387
1865 1631904913
1866 1632816001
1867 1633373461
1868 1633572379
1869 1634551381
1870 1634861971
1871 1636447513
1872 1636644571
1873 1636820761
1874 1638294661
1875 1638564181
1876 1641086371
1877 1650294073
1878 1656017353
1879 1660392343
1880 1664337601
1881 1665597781
1882 1671854029
1883 1672547531
1884 1673513731
1885 1678611049
1886 1680901381
1887 1681932961
1888 1684418401
1889 1690914781
1890 1694368963
1891 1694484013
1892 1695303821
1893 1696913551
1894 1697597201
1895 1697675869
1896 1701185641
1897 1702123201
1898 1703130133
1899 1708549501
1900 1710452281
1901 1712640511
1902 1712985301
1903 1713124513
1904 1713125233
1905 1713319453
1906 1719867911
1907 1721558401
1908 1722463471
1909 1722825721
1910 1723998223
1911 1724196781
1912 1727781571
1913 1728838297
1914 1728960133
1915 1730007301
1916 1731264079
1917 1736569693
1918 1739338889
1919 1743159793
1920 1743328471
1921 1743392201
1922 1747256579
1923 1752049531
1924 1752241823
1925 1753593031
1926 1754576617
1927 1759381763
1928 1761086449
1929 1763702533
1930 1768585969
1931 1771447019
1932 1771976251
1933 1775969347
1934 1779806117
1935 1783401247
1936 1790023969
1937 1797382823
1938 1798016221
1939 1799250571
1940 1803278401
1941 1807751977
1942 1820526151
1943 1822479751
1944 1823174413
1945 1828036729
1946 1828887061
1947 1833328621
1948 1838453203
1949 1838494297
1950 1838871763
1951 1840512787
1952 1841312377
1953 1842418051
1954 1844279011
1955 1845644201
1956 1850661583
1957 1854871201
1958 1854940231
1959 1856009377
1960 1856689453
1961 1857605137
1962 1860373241
1963 1861026133
1964 1863014161
1965 1864392427
1966 1865243113
1967 1866153901
1968 1870663411
1969 1870674037
1970 1876485691
1971 1877445571
1972 1878810697
1973 1879712953
1974 1885752763
1975 1887446161
1976 1887757769
1977 1888344259
1978 1890097679
1979 1893144961
1980 1893427981
1981 1899525601
1982 1899915649
1983 1900209169
1984 1902303721
1985 1903296313
1986 1903454747
1987 1905283801
1988 1906235119
1989 1909566073
1990 1916729101
1991 1917399521
1992 1921309633
1993 1922029381
1994 1922485969
1995 1928121361
1996 1930126321
1997 1936529281
1998 1937292061
1999 1942089601
2000 1943116183
2001 1944934369
2002 1946049247
2003 1946374109
2004 1947245323
2005 1949646601
2006 1960013611
2007 1960278739
2008 1965948013
2009 1967460683
2010 1970256151
2011 1972743469
2012 1973398141
2013 1977039811
2014 1977147019
2015 1977984919
2016 1984053517
2017 1986629167
2018 1990056007
2019 1991063449
2020 1995830761
2021 2000436751
2022 2004299641
2023 2006309311
2024 2009675501
2025 2011297009
2026 2018761111
2027 2024178913
2028 2025725599
2029 2026170961
2030 2026816663
2031 2029328941
2032 2030516251
2033 2030759587
2034 2030781751
2035 2034039871
2036 2034348961
2037 2042507251
2038 2045295091
2039 2046462211
2040 2047861171
2041 2055814897
2042 2057835781
2043 2060910307
2044 2061251749
2045 2063228203
2046 2065040353
2047 2069490277
2048 2071972981
2049 2072488771
2050 2072565631
2051 2073912961
2052 2079090019
2053 2079772147
2054 2079972091
2055 2082440533
2056 2084142061
2057 2086236181
2058 2087420713
2059 2091345367
2060 2091518339
2061 2094177403
2062 2096692033
2063 2101799071
2064 2103743321
2065 2117555641
2066 2123377831
2067 2125774759
2068 2126800747
2069 2131822801
2070 2135133001
2071 2135166877
2072 2136140621
2073 2136400813
2074 2138190343
2075 2139018229
2076 2139462991
2077 2139819001
2078 2140419763
2079 2140699681
2080 2141033203
2081 2144513071
2082 2147291821
2083 2148892903
2084 2149051771
2085 2153145601
2086 2156216567
2087 2162323351
2088 2162366251
2089 2165494501
2090 2167107721
2091 2169646561
2092 2172466801
2093 2174790619
2094 2178944461
2095 2182281601
2096 2184744451
2097 2186527523
2098 2193192877
2099 2194422751
2100 2197813333
2101 2197944451
2102 2199931651
2103 2200734361
2104 2202004697
2105 2202338713
2106 2211343201
2107 2217879901
2108 2218920481
2109 2222829001
2110 2223609161
2111 2224220233
2112 2230305949
2113 2234695231
2114 2238280147
2115 2239907581
2116 2240507821
2117 2242724851
2118 2252072509
2119 2252705473
2120 2256666133
2121 2259418519
2122 2260585651
2123 2263761793
2124 2265424771
2125 2275631191
2126 2276290297
2127 2277332641
2128 2284660351
2129 2288137601
2130 2294455411
2131 2297978413
2132 2301828211
2133 2304156469
2134 2307480211
2135 2311558021
2136 2312888293
2137 2316278221
2138 2318730091
2139 2319724441
2140 2321300833
2141 2323147201
2142 2324511883
2143 2325294241
2144 2330338249
2145 2330565121
2146 2332301401
2147 2333830591
2148 2334697441
2149 2335522393
2150 2337802561
2151 2342409691
2152 2344810609
2153 2347701661
2154 2348964703
2155 2351733931
2156 2352420019
2157 2352708451
2158 2361232477
2159 2367314101
2160 2377845289
2161 2391928477
2162 2399430661
2163 2404254271
2164 2405987497
2165 2406476437
2166 2408327041
2167 2412172153
2168 2414673271
2169 2417743351
2170 2420684779
2171 2424553051
2172 2430078971
2173 2430632101
2174 2431144801
2175 2433943891
2176 2436691321
2177 2438969941
2178 2441432503
2179 2447248627
2180 2449191841
2181 2450821811
2182 2450982301
2183 2451428983
2184 2454502501
2185 2458231903
2186 2458698709
2187 2461676197
2188 2465516881
2189 2475538669
2190 2476956607
2191 2477812247
2192 2482610029
2193 2489462641
2194 2490174919
2195 2502079441
2196 2513090633
2197 2513863969
2198 2514929581
2199 2515005041
2200 2515992013
2201 2516120461
2202 2523611941
2203 2528425951
2204 2528655481
2205 2530618177
2206 2531616517
2207 2535563411
2208 2536918999
2209 2540487857
2210 2543211763
2211 2544804811
2212 2546257177
2213 2547123301
2214 2553133441
2215 2553858287
2216 2557026451
2217 2563994413
2218 2569777867
2219 2570597371
2220 2572286707
2221 2572534147
2222 2573686441
2223 2578194997
2224 2579417353
2225 2581236181
2226 2582799451
2227 2585894581
2228 2587817833
2229 2596248013
2230 2598445207
2231 2600611861
2232 2601944221
2233 2603643967
2234 2605557781
2235 2607584401
2236 2608931051
2237 2610404551
2238 2615463649
2239 2615491451
2240 2616193273
2241 2625912901
2242 2626783921
2243 2627854153
2244 2634209911
2245 2638251751
2246 2644366861
2247 2646950953
2248 2652660019
2249 2654934631
2250 2657314351
2251 2659393549
2252 2659939453
2253 2662805599
2254 2662828939
2255 2674839511
2256 2676148399
2257 2676876529
2258 2678497561
2259 2678704051
2260 2690408533
2261 2690754229
2262 2692810429
2263 2693739751
2264 2697374737
2265 2697995371
2266 2699471503
2267 2702470861
2268 2707138729
2269 2709377353
2270 2711393449
2271 2718994513
2272 2719703449
2273 2728558867
2274 2728730287
2275 2732535731
2276 2735851369
2277 2736288589
2278 2736316301
2279 2737532953
2280 2741734921
2281 2741749889
2282 2742496771
2283 2743611697
2284 2743738003
2285 2745342331
2286 2746476559
2287 2750868929
2288 2753275801
2289 2761225171
2290 2761966219
2291 2764337599
2292 2765560711
2293 2766403333
2294 2776874941
2295 2781117721
2296 2781939241
2297 2787998641
2298 2788705459
2299 2788958827
2300 2791315651
2301 2793293689
2302 2796940301
2303 2798451721
2304 2798692669
2305 2801454961
2306 2801706601
2307 2804783533
2308 2806421257
2309 2807378911
2310 2816876431
2311 2819680861
2312 2822837341
2313 2825491901
2314 2826128971
2315 2827467649
2316 2830767061
2317 2832735121
2318 2834635987
2319 2836115713
2320 2836853029
2321 2837917633
2322 2839669561
2323 2842592551
2324 2842941631
2325 2845161199
2326 2845785313
2327 2855389153
2328 2855661121
2329 2857131577
2330 2858105251
2331 2859283321
2332 2863231801
2333 2869144141
2334 2869458479
2335 2870118421
2336 2874211129
2337 2876848231
2338 2880632179
2339 2884372597
2340 2884550401
2341 2897736661
2342 2900333521
2343 2901832151
2344 2904875191
2345 2908056607
2346 2914194931
2347 2916055661
2348 2922769711
2349 2922816971
2350 2922845251
2351 2923525711
2352 2926957393
2353 2931738811
2354 2937456811
2355 2943556201
2356 2944969297
2357 2947114801
2358 2947441921
2359 2947521721
2360 2947783801
2361 2955064529
2362 2965743991
2363 2973569581
2364 2973739681
2365 2984431339
2366 2990554601
2367 2994232231
2368 3007964101
2369 3008110141
2370 3011747317
2371 3016392961
2372 3019916461
2373 3023094619
2374 3024665491
2375 3024774901
2376 3028586471
2377 3030476737
2378 3031135141
2379 3038361217
2380 3042162443
2381 3044238121
2382 3045763111
2383 3050640097
2384 3056100623
2385 3058606981
2386 3063683503
2387 3071516923
2388 3071729443
2389 3077194069
2390 3077802001
2391 3082386889
2392 3083647321
2393 3084106807
2394 3090809369
2395 3091353553
2396 3101466661
2397 3105534251
2398 3110830003
2399 3111606961
2400 3118538471
2401 3118592377
2402 3121477633
2403 3123743593
2404 3126520351
2405 3126951133
2406 3127902361
2407 3134995403
2408 3136572737
2409 3138105961
2410 3146902111
2411 3157579861
2412 3158172779
2413 3163106953
2414 3164459833
2415 3164918221
2416 3172036897
2417 3175526971
2418 3175887941
2419 3180981781
2420 3181647151
2421 3184139701
2422 3185944273
2423 3188625001
2424 3189888001
2425 3198654577
2426 3201145093
2427 3201298201
2428 3202626169
2429 3206203003
2430 3212246773
2431 3215031751
2432 3215395639
2433 3216762067
2434 3223328863
2435 3228044821
2436 3228488869
2437 3228492961
2438 3232912621
2439 3236073601
2440 3236121181
2441 3237611023
2442 3240022501
2443 3243157501
2444 3249335941
2445 3251182981
2446 3252915961
2447 3255203269
2448 3261194581
2449 3264776971
2450 3266031121
2451 3267858343
2452 3269333161
2453 3272350537
2454 3276075709
2455 3280967353
2456 3289320721
2457 3295217971
2458 3296164873
2459 3298453619
2460 3299246833
2461 3299942017
2462 3311737573
2463 3312489577
2464 3316679851
2465 3326087273
2466 3329755159
2467 3332303099
2468 3332449753
2469 3332833369
2470 3342280663
2471 3344191241
2472 3344828411
2473 3349997731
2474 3350863309
2475 3356563801
2476 3360379777
2477 3364070533
2478 3365771041
2479 3366205129
2480 3366711401
2481 3367381231
2482 3368281153
2483 3368713681
2484 3368821639
2485 3369243599
2486 3370276573
2487 3372272723
2488 3374957881
2489 3377862781
2490 3383575903
2491 3395120977
2492 3395192167
2493 3399890413
2494 3404154151
2495 3406188787
2496 3407772817
2497 3408953641
2498 3418253021
2499 3423034651
2500 3426330571
2501 3427725881
2502 3429457921
2503 3429704917
2504 3436351021
2505 3436450951
2506 3439129237
2507 3440195713
2508 3440695213
2509 3442486321
2510 3446146201
2511 3446726053
2512 3447057457
2513 3450410261
2514 3452517521
2515 3458341657
2516 3462817177
2517 3462909031
2518 3469254571
2519 3471396169
2520 3472494301
2521 3477402181
2522 3480908203
2523 3482402197
2524 3485465281
2525 3490035457
2526 3491763493
2527 3493072871
2528 3498145489
2529 3500177563
2530 3501192601
2531 3502404577
2532 3502970551
2533 3502997389
2534 3504570301
2535 3509781599
2536 3512847869
2537 3513604657
2538 3519779341
2539 3527742611
2540 3528544751
2541 3534420583
2542 3540851581
2543 3542077397
2544 3547777349
2545 3554383141
2546 3568202119
2547 3570871523
2548 3574500703
2549 3574513307
2550 3575749537
2551 3576641267
2552 3576763573
2553 3584212703
2554 3590963443
2555 3591338701
2556 3591933913
2557 3593588917
2558 3595831207
2559 3596071201
2560 3603833101
2561 3606338191
2562 3608154481
2563 3610247851
2564 3614108063
2565 3616153381
2566 3619734841
2567 3621992533
2568 3623207113
2569 3627338521
2570 3629630371
2571 3630239131
2572 3630250177
2573 3634084871
2574 3637831753
2575 3639814751
2576 3640903111
2577 3650592667
2578 3651150331
2579 3651965071
2580 3653966711
2581 3657556321
2582 3659940701
2583 3660661031
2584 3664814347
2585 3667828513
2586 3669316801
2587 3678588373
2588 3679947751
2589 3682471321
2590 3684201751
2591 3687246109
2592 3695127217
2593 3697278427
2594 3697306321
2595 3701035561
2596 3704072653
2597 3706892869
2598 3708905341
2599 3711021793
2600 3712974283
2601 3715970161
2602 3726384091
2603 3726779701
2604 3727828501
2605 3732454241
2606 3733646491
2607 3733851577
2608 3736499131
2609 3741145801
2610 3743381531
2611 3751218641
2612 3759963391
2613 3760896133
2614 3760983029
2615 3766153843
2616 3776893231
2617 3777577957
2618 3787491457
2619 3793282093
2620 3796352551
2621 3803999113
2622 3804037681
2623 3804237553
2624 3804867841
2625 3805284361
2626 3806586631
2627 3812463307
2628 3816178711
2629 3820738681
2630 3829656403
2631 3832760941
2632 3832807681
2633 3835627001
2634 3843146341
2635 3850835663
2636 3853584967
2637 3854142517
2638 3863326897
2639 3867183937
2640 3872902051
2641 3874186471
2642 3877846459
2643 3878450413
2644 3882346903
2645 3884599621
2646 3890736481
2647 3891573811
2648 3892836529
2649 3892928203
2650 3895252601
2651 3904563151
2652 3906236413
2653 3908413559
2654 3908908033
2655 3910653577
2656 3925583551
2657 3926249581
2658 3929238223
2659 3931879267
2660 3937387393
2661 3940622047
2662 3943004137
2663 3946272001
2664 3949034779
2665 3962448061
2666 3965737051
2667 3965813359
2668 3966877883
2669 3973308961
2670 3973938541
2671 3980421047
2672 3985093897
2673 3987598201
2674 3995826847
2675 4001304583
2676 4001715541
2677 4021095823
2678 4022790751
2679 4025662939
2680 4025720197
2681 4026822577
2682 4028995297
2683 4030637771
2684 4035028861
2685 4038242413
2686 4041666613
2687 4042009921
2688 4042578403
2689 4046045257
2690 4052427451
2691 4055861107
2692 4056500737
2693 4057220443
2694 4057691401
2695 4060881973
2696 4060942381
2697 4062489421
2698 4063732063
2699 4064303899
2700 4066324357
2701 4073618881
2702 4076568481
2703 4078754941
2704 4079665633
2705 4080471319
2706 4080491377
2707 4080891673
2708 4095650791
2709 4098254161
2710 4098318481
2711 4099811591
2712 4102265311
2713 4110041251
2714 4110820621
2715 4111600111
2716 4114542361
2717 4114552051
2718 4117447441
2719 4119589301
2720 4131037531
2721 4134204361
2722 4134219589
2723 4135285369
2724 4139820967
2725 4149101017
2726 4154874193
2727 4157908039
2728 4160203213
2729 4160411251
2730 4167683521
2731 4170123541
2732 4171540729
2733 4175289271
2734 4189909501
2735 4191509281
2736 4192361377
2737 4192936201
2738 4199275441
2739 4203625087
2740 4204635031
2741 4206723067
2742 4206758533
2743 4207253401
2744 4210095667
2745 4212786997
2746 4218654133
2747 4219113901
2748 4226393053
2749 4226638153
2750 4228090903
2751 4233275353
2752 4236958463
2753 4239174661
2754 4241343151
2755 4244972239
2756 4256316013
2757 4257763999
2758 4263507091
2759 4265185279
2760 4267253987
2761 4271121161
2762 4274302079
2763 4275011401
2764 4277526901
2765 4279227349
2766 4282626973
2767 4283445403
2768 4287612127
2769 4297753027
2770 4306010881
2771 4319061211
2772 4324973401
2773 4332740497
2774 4333572253
2775 4336399439
2776 4336613293
2777 4336924411
2778 4344016321
2779 4347058591
2780 4348306841
2781 4358847169
2782 4368249271
2783 4368626263
2784 4370517271
2785 4372760437
2786 4374135001
2787 4380561841
2788 4382365591
2789 4383990703
2790 4392608179
2791 4394541691
2792 4395545467
2793 4395777751
2794 4401846307
2795 4403408461
2796 4408150231
2797 4408865281
2798 4426450381
2799 4427764171
2800 4438052641
2801 4439001887
2802 4440974833
2803 4448272681
2804 4453409089
2805 4464573049
2806 4467812743
2807 4472073451
2808 4472350741
2809 4478787041
2810 4479014497
2811 4480832401
2812 4480979851
2813 4482983209
2814 4487588569
2815 4497075703
2816 4501415857
2817 4504292251
2818 4508442379
2819 4511568601
2820 4512782917
2821 4514147461
2822 4527386251
2823 4542712903
2824 4543064389
2825 4549223911
2826 4550520409
2827 4559174101
2828 4564542943
2829 4566836341
2830 4567679881
2831 4572633451
2832 4572989461
2833 4577276101
2834 4577304691
2835 4587055621
2836 4593513451
2837 4596499519
2838 4597569367
2839 4602620161
2840 4616574031
2841 4619489761
2842 4623769981
2843 4625898899
2844 4626465859
2845 4629898151
2846 4630636189
2847 4634007841
2848 4637928241
2849 4639534021
2850 4645929421
2851 4648856461
2852 4649347639
2853 4649870681
2854 4652470621
2855 4652593219
2856 4655236411
2857 4655497771
2858 4657483937
2859 4657813903
2860 4658305213
2861 4665997351
2862 4672608547
2863 4683556621
2864 4692727261
2865 4695937039
2866 4702231771
2867 4705067233
2868 4706623963
2869 4710862501
2870 4711769221
2871 4715247643
2872 4722201487
2873 4730265217
2874 4735847353
2875 4737391039
2876 4741740571
2877 4745391179
2878 4753271251
2879 4764969721
2880 4767948013
2881 4776440971
2882 4784812033
2883 4786710769
2884 4802437751
2885 4803715153
2886 4808236861
2887 4816474111
2888 4820698801
2889 4822265761
2890 4828075561
2891 4828394629
2892 4835176321
2893 4835927611
2894 4839237313
2895 4844986513
2896 4849346587
2897 4854725821
2898 4857318113
2899 4858047091
2900 4861049311
2901 4862179351
2902 4863214753
2903 4871267623
2904 4872265997
2905 4872342061
2906 4874799931
2907 4875764791
2908 4877369281
2909 4881149101
2910 4892302213
2911 4900412551
2912 4901804731
2913 4904528731
2914 4909888831
2915 4914931321
2916 4916322919
2917 4916538901
2918 4916887639
2919 4918368841
2920 4919087881
2921 4919655421
2922 4928011003
2923 4931326021
2924 4938371161
2925 4943600143
2926 4949879221
2927 4950409897
2928 4950560899
2929 4964725621
2930 4966207291
2931 4973950153
2932 4976935591
2933 4979427949
2934 4985481973
2935 4987757503
2936 4990421351
2937 5001081361
2938 5005778779
2939 5010253333
2940 5023743121
2941 5024705401
2942 5027143441
2943 5027369257
2944 5027969893
2945 5028759751
2946 5031616753
2947 5032168481
2948 5035782841
2949 5038337851
2950 5040096211
2951 5045624341
2952 5047141051
2953 5049047851
2954 5050891567
2955 5056372163
2956 5056533901
2957 5061877633
2958 5063051131
2959 5065850107
2960 5073047101
2961 5079599641
2962 5086209577
2963 5087136071
2964 5095658641
2965 5097430081
2966 5100725281
2967 5102431093
2968 5106073351
2969 5106185101
2970 5108038993
2971 5108338351
2972 5118038551
2973 5130186571
2974 5130772079
2975 5139501541
2976 5144493223
2977 5148748801
2978 5150101181
2979 5154033827
2980 5154525811
2981 5154845107
2982 5162303863
2983 5163227513
2984 5164426261
2985 5164845583
2986 5174646817
2987 5175290221
2988 5176309591
2989 5182968331
2990 5189244841
2991 5189359471
2992 5192094883
2993 5193589087
2994 5196867001
2995 5197428001
2996 5199746917
2997 5204727989
2998 5208274891
2999 5209470001
3000 5216040481
3001 5217715211
3002 5220280213
3003 5223796033
3004 5228150617
3005 5228398657
3006 5233453633
3007 5241221137
3008 5242624003
3009 5249897971
3010 5254004881
3011 5263478533
3012 5269208227
3013 5269511941
3014 5274508681
3015 5277058561
3016 5277443761
3017 5280862141
3018 5282061091
3019 5282099593
3020 5287570861
3021 5288010337
3022 5296567621
3023 5300340281
3024 5301693937
3025 5302757461
3026 5308319971
3027 5309290099
3028 5316343397
3029 5323637131
3030 5324568757
3031 5326846717
3032 5333396647
3033 5334887471
3034 5338415281
3035 5342672341
3036 5343292417
3037 5355749911
3038 5361018301
3039 5361239239
3040 5363734951
3041 5372456317
3042 5372632453
3043 5378581531
3044 5380527349
3045 5384935681
3046 5385998413
3047 5386367929
3048 5388621391
3049 5394501571
3050 5396242699
3051 5404302991
3052 5411155429
3053 5413565431
3054 5416308193
3055 5417512777
3056 5420612941
3057 5424809041
3058 5425757521
3059 5427701371
3060 5431602961
3061 5432659231
3062 5436784981
3063 5437771951
3064 5442299281
3065 5442400531
3066 5444105059
3067 5444429101
3068 5451939487
3069 5486503549
3070 5495670391
3071 5495798201
3072 5499239731
3073 5506394191
3074 5512221703
3075 5513741119
3076 5516575681
3077 5517282721
3078 5517777511
3079 5517792001
3080 5523053647
3081 5523335047
3082 5531042401
3083 5531755087
3084 5532715567
3085 5536821553
3086 5539149631
3087 5541602851
3088 5541676003
3089 5541853489
3090 5551827667
3091 5556422719
3092 5557604561
3093 5559698101
3094 5563179781
3095 5563252531
3096 5571383581
3097 5576213861
3098 5576698177
3099 5577105691
3100 5582031001
3101 5583444301
3102 5585824999
3103 5596951441
3104 5598620851
3105 5600735929
3106 5601702913
3107 5607302251
3108 5608834741
3109 5612683591
3110 5617597105
3111 5619597661
3112 5621773411
3113 5629206799
3114 5629334551
3115 5631480703
3116 5635168771
3117 5635661501
3118 5637565117
3119 5637889643
3120 5639659537
3121 5641283737
3122 5658992263
3123 5659576649
3124 5662855381
3125 5664511351
3126 5673893287
3127 5674490099
3128 5680053697
3129 5683805641
3130 5692176631
3131 5696917297
3132 5700012001
3133 5703280201
3134 5719953403
3135 5726545441
3136 5730225931
3137 5731403581
3138 5732034931
3139 5733240577
3140 5735365651
3141 5736364141
3142 5743918181
3143 5746202551
3144 5749055467
3145 5753513767
3146 5755495201
3147 5762954371
3148 5764643587
3149 5773259611
3150 5787997561
3151 5790071323
3152 5792078161
3153 5804480533
3154 5804579617
3155 5806942429
3156 5807563651
3157 5811122497
3158 5826231451
3159 5833372661
3160 5845581613
3161 5866138513
3162 5868526951
3163 5871134179
3164 5875019641
3165 5884454437
3166 5885624821
3167 5891688469
3168 5895354961
3169 5901053203
3170 5913368101
3171 5916878701
3172 5922510551
3173 5930922241
3174 5931411037
3175 5935787551
3176 5937776851
3177 5941752049
3178 5959748521
3179 5960853091
3180 5960938177
3181 5962748839
3182 5964320161
3183 5965110061
3184 5968723333
3185 5969607379
3186 5979531403
3187 5985964801
3188 5987839201
3189 5989622101
3190 5990034331
3191 5991395953
3192 5994279301
3193 6001444639
3194 6005806003
3195 6015680821
3196 6015801097
3197 6018824491
3198 6026960191
3199 6030184483
3200 6033999973
3201 6038955001
3202 6044994061
3203 6046054561
3204 6047009827
3205 6062226721
3206 6064260067
3207 6070320901
3208 6086405683
3209 6089086657
3210 6091391041
3211 6092060251
3212 6097766347
3213 6098353361
3214 6098515781
3215 6104266507
3216 6105573883
3217 6114134071
3218 6114624751
3219 6114752597
3220 6121380851
3221 6122078591
3222 6123916657
3223 6132350809
3224 6135540211
3225 6148120357
3226 6187683043
3227 6194020141
3228 6195911233
3229 6209847757
3230 6220084757
3231 6242599849
3232 6252784403
3233 6252813631
3234 6262731049
3235 6264981781
3236 6266745871
3237 6267499591
3238 6278069521
3239 6283905643
3240 6286073671
3241 6287553931
3242 6294672451
3243 6298388857
3244 6301227505
3245 6301322191
3246 6307780051
3247 6317380543
3248 6324458941
3249 6329150251
3250 6330117553
3251 6332185861
3252 6341801131
3253 6347342503
3254 6347806687
3255 6352387597
3256 6359168509
3257 6367040461
3258 6368184551
3259 6370837621
3260 6372946051
3261 6379554481
3262 6382830481
3263 6395191381
3264 6398516101
3265 6400350901
3266 6443581387
3267 6446041057
3268 6447652903
3269 6459621943
3270 6460468771
3271 6460715647
3272 6464601001
3273 6466233157
3274 6471878533
3275 6482920319
3276 6483475027
3277 6486814013
3278 6499174051
3279 6503998177
3280 6508456063
3281 6508712719
3282 6510263311
3283 6510492181
3284 6524924737
3285 6531667171
3286 6537276061
3287 6554046391
3288 6567888601
3289 6569869921
3290 6570883801
3291 6571038961
3292 6573629791
3293 6575089561
3294 6582398881
3295 6587335379
3296 6600435031
3297 6602128237
3298 6605991367
3299 6606931241
3300 6608084419
3301 6609644471
3302 6616135351
3303 6619114153
3304 6623201251
3305 6628292563
3306 6630730657
3307 6641148691
3308 6641482423
3309 6648778681
3310 6658587181
3311 6671694277
3312 6690093601
3313 6696782233
3314 6700028149
3315 6707656117
3316 6708420001
3317 6711058351
3318 6720275563
3319 6721756243
3320 6726825121
3321 6728040607
3322 6732627071
3323 6738041941
3324 6741172441
3325 6741777041
3326 6748965901
3327 6752450491
3328 6762089071
3329 6767672311
3330 6768351479
3331 6770862367
3332 6773188811
3333 6775816513
3334 6778834549
3335 6781277617
3336 6781640491
3337 6785440201
3338 6789911761
3339 6795175297
3340 6796012861
3341 6807528821
3342 6809156971
3343 6811715197
3344 6818565601
3345 6825681757
3346 6839060581
3347 6858689041
3348 6860128411
3349 6860709901
3350 6865891501
3351 6883298491
3352 6897575821
3353 6901803763
3354 6908002111
3355 6915954961
3356 6933067597
3357 6934606069
3358 6936835417
3359 6942262111
3360 6945390739
3361 6948128431
3362 6949141921
3363 6951145423
3364 6953059921
3365 6957715051
3366 6961454713
3367 6975766549
3368 6977161951
3369 6978175069
3370 6987977731
3371 6988839911
3372 6990172801
3373 6993495601
3374 7002254953
3375 7004320837
3376 7011424513
3377 7016383141
3378 7024647449
3379 7029885013
3380 7040762191
3381 7047659809
3382 7051125121
3383 7060515661
3384 7061266819
3385 7086059521
3386 7092336151
3387 7095784021
3388 7108313761
3389 7111205099
3390 7114322827
3391 7117898551
3392 7146710449
3393 7146997903
3394 7151281507
3395 7157990533
3396 7165498969
3397 7166062681
3398 7171956601
3399 7172628949
3400 7172845651
3401 7174374553
3402 7175586133
3403 7179050731
3404 7181757397
3405 7184051353
3406 7193942911
3407 7193965897
3408 7197534631
3409 7197833989
3410 7210631999
3411 7212607201
3412 7225615739
3413 7240368647
3414 7243880827
3415 7254527107
3416 7255476229
3417 7258450051
3418 7261707727
3419 7268060083
3420 7268989459
3421 7279598791
3422 7286031397
3423 7289278459
3424 7291466521
3425 7292371549
3426 7293738241
3427 7294056727
3428 7298304301
3429 7298980567
3430 7302384013
3431 7305886463
3432 7313463301
3433 7321740301
3434 7323546889
3435 7329582001
3436 7330455631
3437 7332019691
3438 7351970149
3439 7352518081
3440 7353732961
3441 7356329551
3442 7359383881
3443 7366734721
3444 7368000901
3445 7375476331
3446 7388607241
3447 7395894631
3448 7401021337
3449 7407738901
3450 7410593051
3451 7411509619
3452 7424192533
3453 7432426081
3454 7434103951
3455 7436246101
3456 7450667647
3457 7451833009
3458 7455621751
3459 7458943441
3460 7462391399
3461 7467419233
3462 7470611963
3463 7472551631
3464 7479731107
3465 7485494017
3466 7516656559
3467 7522946911
3468 7530064081
3469 7538461813
3470 7538761619
3471 7540296541
3472 7542284461
3473 7543210817
3474 7545167893
3475 7559802013
3476 7565855051
3477 7566982411
3478 7570333201
3479 7570686061
3480 7573431427
3481 7574534111
3482 7583840767
3483 7585120969
3484 7594342057
3485 7596506611
3486 7609240321
3487 7610510251
3488 7620005473
3489 7621371601
3490 7634183041
3491 7634854753
3492 7636205713
3493 7642630153
3494 7651292419
3495 7651558021
3496 7651690873
3497 7653639943
3498 7654798351
3499 7655103229
3500 7665018961
3501 7666109701
3502 7669844731
3503 7671355633
3504 7680475837
3505 7684240411
3506 7684714351
3507 7685860051
3508 7695254533
3509 7698614221
3510 7703320951
3511 7709205241
3512 7710075361
3513 7711232131
3514 7722158113
3515 7725636829
3516 7726220173
3517 7735346347
3518 7738026451
3519 7747127873
3520 7752708811
3521 7764227137
3522 7765500641
3523 7768477819
3524 7772796329
3525 7773873751
3526 7779534001
3527 7780572671
3528 7804408321
3529 7805437561
3530 7810422229
3531 7811725507
3532 7812720133
3533 7813068253
3534 7815488227
3535 7826234519
3536 7835395201
3537 7840240321
3538 7843413817
3539 7856539591
3540 7858270883
3541 7864063861
3542 7873821841
3543 7879648411
3544 7882199629
3545 7883946379
3546 7889849699
3547 7897834561
3548 7902201997
3549 7911528637
3550 7914345391
3551 7919395051
3552 7925831713
3553 7930630711
3554 7937788909
3555 7939723213
3556 7944297643
3557 7947710299
3558 7953108913
3559 7955336509
3560 7958895289
3561 7970887513
3562 7972914613
3563 7974504913
3564 7988164003
3565 7991602081
3566 8000302771
3567 8014121821
3568 8015670851
3569 8022897793
3570 8026372201
3571 8030690011
3572 8031251497
3573 8041166641
3574 8041800973
3575 8044161481
3576 8054747497
3577 8062290631
3578 8069069857
3579 8071030589
3580 8074886263
3581 8074949131
3582 8076095821
3583 8081035519
3584 8081859001
3585 8082906133
3586 8091948283
3587 8111271913
3588 8122425071
3589 8124148981
3590 8130919501
3591 8132982703
3592 8140561003
3593 8153520481
3594 8169775093
3595 8169992533
3596 8177890771
3597 8182881421
3598 8206400291
3599 8208903583
3600 8213616407
3601 8214723001
3602 8217007471
3603 8218206247
3604 8222253071
3605 8234593921
3606 8235770311
3607 8250482017
3608 8251178491
3609 8272933297
3610 8279975713
3611 8285348077
3612 8305190053
3613 8306751073
3614 8307870391
3615 8317257761
3616 8320235779
3617 8321168897
3618 8321376457
3619 8325928153
3620 8329683091
3621 8335341631
3622 8337969001
3623 8346731851
3624 8351582341
3625 8352303763
3626 8357737987
3627 8365113433
3628 8380119001
3629 8381227651
3630 8381929357
3631 8382750241
3632 8385934393
3633 8390032033
3634 8394623641
3635 8397917461
3636 8403377701
3637 8404634701
3638 8425686391
3639 8426270161
3640 8436438721
3641 8437199851
3642 8440462759
3643 8449393361
3644 8450996491
3645 8452795231
3646 8458631281
3647 8462005267
3648 8463695941
3649 8478236551
3650 8480481901
3651 8482887631
3652 8502425023
3653 8504757451
3654 8505947881
3655 8510376733
3656 8515135801
3657 8516621521
3658 8516886841
3659 8523480431
3660 8527099111
3661 8535991609
3662 8536699543
3663 8544926413
3664 8549818513
3665 8555536729
3666 8560893961
3667 8563483741
3668 8572397411
3669 8574046021
3670 8574933403
3671 8575017193
3672 8581871377
3673 8587606021
3674 8593801651
3675 8595374941
3676 8596908389
3677 8599271831
3678 8601067213
3679 8603724013
3680 8607294121
3681 8608064851
3682 8614426321
3683 8630478487
3684 8641024543
3685 8652207943
3686 8657319259
3687 8659297033
3688 8664277441
3689 8667097957
3690 8672642551
3691 8683638961
3692 8684810821
3693 8685290503
3694 8689426579
3695 8696974651
3696 8709602287
3697 8712551233
3698 8724938527
3699 8748298057
3700 8750167927
3701 8756520991
3702 8762386393
3703 8767934587
3704 8772436297
3705 8773102009
3706 8776464481
3707 8783216371
3708 8783233421
3709 8783624611
3710 8785153231
3711 8785243751
3712 8792628799
3713 8795174779
3714 8796884101
3715 8822379581
3716 8824279351
3717 8824419451
3718 8856903361
3719 8860965121
3720 8863329511
3721 8865415891
3722 8877230341
3723 8880659287
3724 8888162557
3725 8893464427
3726 8902542709
3727 8903643607
3728 8906374621
3729 8907815143
3730 8908400251
3731 8911829161
3732 8912319061
3733 8919731287
3734 8925213721
3735 8939091313
3736 8943671101
3737 8958781153
3738 8961938497
3739 8966905873
3740 8982696029
3741 8996630759
3742 8996844301
3743 8996921911
3744 8998730929
3745 8998793161
3746 9000956399
3747 9011013367
3748 9012538153
3749 9017395201
3750 9020952013
3751 9030158341
3752 9038434861
3753 9051242353
3754 9053694781
3755 9055666621
3756 9056343209
3757 9063890039
3758 9067471057
3759 9069014503
3760 9073313341
3761 9074864831
3762 9078479437
3763 9079721257
3764 9082228849
3765 9090824401
3766 9112803751
3767 9128974417
3768 9160537807
3769 9167487781
3770 9174306457
3771 9176580073
3772 9198765703
3773 9206069701
3774 9218486531
3775 9227858137
3776 9229818943
3777 9231172081
3778 9234470017
3779 9239186767
3780 9246737431
3781 9249917251
3782 9274456927
3783 9278215327
3784 9281027881
3785 9283222801
3786 9283368403
3787 9297532531
3788 9302350259
3789 9309778831
3790 9310108591
3791 9329545297
3792 9334441819
3793 9355704013
3794 9368815861
3795 9370775233
3796 9380667301
3797 9384902521
3798 9398083921
3799 9404902753
3800 9414776837
3801 9417192409
3802 9419694659
3803 9425500153
3804 9431933677
3805 9440626999
3806 9446397841
3807 9451955221
3808 9464576113
3809 9473417029
3810 9485088931
3811 9488384819
3812 9491133499
3813 9503563411
3814 9507567547
3815 9509191469
3816 9514689901
3817 9551390239
3818 9555396181
3819 9565443101
3820 9569504257
3821 9583130701
3822 9590881681
3823 9591611323
3824 9591641819
3825 9593548903
3826 9594835777
3827 9603272893
3828 9614302741
3829 9614401681
3830 9619251877
3831 9624923281
3832 9630619069
3833 9632335831
3834 9635753227
3835 9636273151
3836 9640515139
3837 9641366551
3838 9644896801
3839 9649099799
3840 9652453141
3841 9660847483
3842 9668753251
3843 9689799169
3844 9692588089
3845 9699668707
3846 9707817871
3847 9708323857
3848 9737307487
3849 9744991093
3850 9745257601
3851 9762113359
3852 9762852331
3853 9765639451
3854 9778860491
3855 9780619591
3856 9780991613
3857 9781647721
3858 9789599359
3859 9797410171
3860 9809172073
3861 9827669503
3862 9831034531
3863 9832489621
3864 9836283601
3865 9838127971
3866 9839449621
3867 9839787781
3868 9844050001
3869 9848036719
3870 9858567841
3871 9860875561
3872 9884584951
3873 9900263521
3874 9900389071
3875 9910443841
3876 9920969251
3877 9933643777
3878 9949612399
3879 9953112457
3880 9956762641
3881 9962754301
3882 9974580661
3883 9975465067
3884 9976333333
3885 9992251501
3886 9999326731
3887 10002281227
3888 10020530521
3889 10026351451
3890 10032774403
3891 10033960081
3892 10039261261
3893 10047194011
3894 10057881601
3895 10070308501
3896 10078948261
3897 10082490241
3898 10083482401
3899 10087297921
3900 10094317507
3901 10094746069
3902 10097114059
3903 10098091873
3904 10101282133
3905 10111707701
3906 10111911451
3907 10115753203
3908 10118319121
3909 10125468299
3910 10125911251
3911 10149095881
3912 10150156463
3913 10165086361
3914 10169266801
3915 10179291961
3916 10183430461
3917 10192918243
3918 10192989133
3919 10194024673
3920 10194250691
3921 10199766011
3922 10201275703
3923 10207018141
3924 10210310839
3925 10213384771
3926 10221462751
3927 10231036141
3928 10232151931
3929 10239133321
3930 10240883407
3931 10247744401
3932 10247950847
3933 10255832311
3934 10260447581
3935 10263440017
3936 10278264193
3937 10283715991
3938 10311003721
3939 10338263167
3940 10345781717
3941 10352723431
3942 10358352937
3943 10362315091
3944 10368431191
3945 10373400703
3946 10386448207
3947 10392221449
3948 10416656333
3949 10424697427
3950 10427610481
3951 10435433581
3952 10437384457
3953 10438930261
3954 10440075341
3955 10443383623
3956 10446122611
3957 10454522581
3958 10462314871
3959 10464686101
3960 10467967021
3961 10470757579
3962 10474175251
3963 10477366903
3964 10497488077
3965 10501262257
3966 10508518693
3967 10512304633
3968 10536190981
3969 10543923809
3970 10559042413
3971 10563558721
3972 10572158221
3973 10596574951
3974 10600185517
3975 10600291861
3976 10603044667
3977 10618652881
3978 10620205003
3979 10631720929
3980 10634479711
3981 10636086001
3982 10637788591
3983 10652567311
3984 10655772769
3985 10669163521
3986 10669318003
3987 10669967353
3988 10682552311
3989 10690315651
3990 10694419501
3991 10695465941
3992 10703391553
3993 10712578451
3994 10712595001
3995 10718536681
3996 10722819823
3997 10730769337
3998 10731986257
3999 10742865761
4000 10757267947
4001 10784736877
4002 10787332321
4003 10790344891
4004 10796075053
4005 10798479847
4006 10801127149
4007 10804405951
4008 10807967251
4009 10820173387
4010 10826966431
4011 10827124639
4012 10833860809
4013 10840941031
4014 10845576463
4015 10845648133
4016 10861140151
4017 10874772877
4018 10879585177
4019 10884042841
4020 10884247111
4021 10925509069
4022 10929656737
4023 10944253909
4024 10947168821
4025 10951630003
4026 10958633461
4027 10964767339
4028 10991937781
4029 11010532241
4030 11013877153
4031 11031549901
4032 11047091599
4033 11047380301
4034 11053387927
4035 11055792367
4036 11056395241
4037 11063184133
4038 11094106717
4039 11101369183
4040 11115628651
4041 11119168321
4042 11120699143
4043 11122722001
4044 11126673601
4045 11129696317
4046 11132896261
4047 11137440709
4048 11149887131
4049 11153227513
4050 11163467407
4051 11164382263
4052 11178339481
4053 11179568401
4054 11187311041
4055 11201971981
4056 11208062641
4057 11225667367
4058 11231812927
4059 11246323321
4060 11247583621
4061 11269219921
4062 11269637461
4063 11275773589
4064 11282384653
4065 11306872471
4066 11316910333
4067 11317808107
4068 11335174831
4069 11336685121
4070 11338785151
4071 11340354901
4072 11355415441
4073 11362499461
4074 11362973707
4075 11370815611
4076 11379768373
4077 11393538133
4078 11398702321
4079 11403378037
4080 11412344549
4081 11417526061
4082 11421876511
4083 11423690281
4084 11429062741
4085 11436390703
4086 11437389493
4087 11451838501
4088 11454546403
4089 11459644021
4090 11462200291
4091 11466750517
4092 11468936441
4093 11473546261
4094 11476828591
4095 11491131761
4096 11504225503
4097 11507882101
4098 11509547449
4099 11512791991
4100 11514913957
4101 11527759783
4102 11533161421
4103 11536571281
4104 11557953793
4105 11558422891
4106 11563783003
4107 11567690009
4108 11571099211
4109 11571223231
4110 11573725351
4111 11580659221
4112 11583710401
4113 11591241157
4114 11596655071
4115 11597018833
4116 11598356617
4117 11598889201
4118 11605993741
4119 11622254491
4120 11625493993
4121 11629225757
4122 11639460961
4123 11662116553
4124 11664957151
4125 11667251191
4126 11684898151
4127 11687398147
4128 11695551211
4129 11706242591
4130 11708502241
4131 11711738041
4132 11717214601
4133 11721243451
4134 11723962867
4135 11730953401
4136 11740262671
4137 11744378881
4138 11758105903
4139 11761194611
4140 11776534771
4141 11783716691
4142 11799494401
4143 11800663513
4144 11805409621
4145 11818841329
4146 11820382621
4147 11822451517
4148 11823598541
4149 11825185387
4150 11826588001
4151 11849429159
4152 11856684013
4153 11872576147
4154 11875247899
4155 11875488913
4156 11893262011
4157 11894178619
4158 11896773589
4159 11897786671
4160 11898860527
4161 11904530641
4162 11909414611
4163 11921482057
4164 11924461069
4165 11924913001
4166 11938020751
4167 11941633141
4168 11949164893
4169 11968496497
4170 11986953197
4171 11987681711
4172 11990523751
4173 11995094431
4174 12004066621
4175 12009632671
4176 12020891551
4177 12022574851
4178 12033821953
4179 12045297601
4180 12046787629
4181 12054632437
4182 12057570523
4183 12059577811
4184 12070638001
4185 12075118633
4186 12082530181
4187 12087957997
4188 12088739521
4189 12088950721
4190 12114465799
4191 12114674491
4192 12116928559
4193 12120077581
4194 12124998601
4195 12127645291
4196 12136430503
4197 12137560321
4198 12137624227
4199 12148585213
4200 12153211639
4201 12153834073
4202 12156188257
4203 12157763671
4204 12165559381
4205 12167308661
4206 12169161307
4207 12169503061
4208 12177595891
4209 12182646901
4210 12188840801
4211 12191597551
4212 12192582403
4213 12194316289
4214 12197738257
4215 12211657201
4216 12213074563
4217 12219998341
4218 12228793561
4219 12233380321
4220 12243667591
4221 12247389001
4222 12248845027
4223 12268391617
4224 12283706701
4225 12294325369
4226 12298504051
4227 12304609561
4228 12307305469
4229 12308508629
4230 12310220539
4231 12319203037
4232 12322702057
4233 12325894837
4234 12345214393
4235 12346725511
4236 12356425621
4237 12359067931
4238 12369687409
4239 12375023581
4240 12379077829
4241 12393276481
4242 12406549171
4243 12406955611
4244 12407840173
4245 12413760133
4246 12416834197
4247 12429658993
4248 12439296869
4249 12440656801
4250 12446577571
4251 12448725121
4252 12459977251
4253 12462875587
4254 12494205865
4255 12494248003
4256 12511514413
4257 12513014947
4258 12516590299
4259 12550250077
4260 12556372273
4261 12561908899
4262 12567587077
4263 12571769101
4264 12576392533
4265 12588221101
4266 12594370993
4267 12598794199
4268 12600719941
4269 12609250681
4270 12609309259
4271 12625813741
4272 12630027463
4273 12637938169
4274 12638937721
4275 12642900013
4276 12644477737
4277 12652545679
4278 12664101061
4279 12665554903
4280 12669831973
4281 12675753091
4282 12683545951
4283 12689482681
4284 12692925277
4285 12694219453
4286 12699183661
4287 12709330537
4288 12709786181
4289 12720508291
4290 12728659681
4291 12731026601
4292 12737848501
4293 12737922331
4294 12749533057
4295 12751928779
4296 12774134413
4297 12799591561
4298 12801152341
4299 12807593521
4300 12821605651
4301 12822650011
4302 12837585421
4303 12855796417
4304 12858579001
4305 12862422259
4306 12873977839
4307 12896370271
4308 12908303623
4309 12913064737
4310 12913590691
4311 12920567347
4312 12930490891
4313 12933335611
4314 12945940151
4315 12950989789
4316 12954182413
4317 12957521671
4318 12962424403
4319 12965276029
4320 12978295471
4321 12991487653
4322 12995688421
4323 12996186031
4324 12997919089
4325 12999030661
4326 13008930901
4327 13013604673
4328 13015539811
4329 13022249527
4330 13024094731
4331 13055667481
4332 13061136901
4333 13071868471
4334 13072509811
4335 13073537467
4336 13075097587
4337 13101378727
4338 13103622913
4339 13105655347
4340 13106392291
4341 13125061909
4342 13125674689
4343 13140342541
4344 13145315173
4345 13158057151
4346 13165912549
4347 13192436401
4348 13198609711
4349 13204140643
4350 13212805201
4351 13234129273
4352 13236934189
4353 13241279407
4354 13245697081
4355 13251616291
4356 13260472501
4357 13262269861
4358 13287772321
4359 13303464241
4360 13310695501
4361 13310731501
4362 13312318951
4363 13329500273
4364 13330320301
4365 13338190321
4366 13340538751
4367 13341416551
4368 13351406791
4369 13358697067
4370 13359950017
4371 13379139271
4372 13379348179
4373 13412777281
4374 13416243751
4375 13425295591
4376 13440013991
4377 13449101467
4378 13451650351
4379 13459285799
4380 13459347829
4381 13471475617
4382 13473546127
4383 13477384387
4384 13497528331
4385 13506172501
4386 13507972369
4387 13514674741
4388 13515899491
4389 13570143107
4390 13580232521
4391 13596835561
4392 13608906481
4393 13611460591
4394 13626899609
4395 13634536411
4396 13641388417
4397 13647158533
4398 13647204451
4399 13668408913
4400 13678166503
4401 13687815151
4402 13691887063
4403 13708733191
4404 13721689081
4405 13756376233
4406 13757672503
4407 13762875727
4408 13766393761
4409 13785989071
4410 13801844101
4411 13869008161
4412 13880802541
4413 13883414749
4414 13883664451
4415 13885342381
4416 13886418929
4417 13908063427
4418 13910500969
4419 13926280351
4420 13930014313
4421 13937630257
4422 13942685017
4423 13946829751
4424 13955238793
4425 13955714701
4426 13977416587
4427 13999041541
4428 14001671623
4429 14027833889
4430 14030269321
4431 14036822977
4432 14044258009
4433 14049756001
4434 14051961991
4435 14062379761
4436 14062669349
4437 14075957569
4438 14093762383
4439 14105440501
4440 14111520571
4441 14122376431
4442 14143607029
4443 14147216029
4444 14148912013
4445 14151926101
4446 14157626881
4447 14158791091
4448 14166453907
4449 14174188033
4450 14177231911
4451 14184259741
4452 14186563333
4453 14199077521
4454 14199403501
4455 14203703809
4456 14207045821
4457 14219532671
4458 14221337821
4459 14233842097
4460 14242333951
4461 14250181837
4462 14262434413
4463 14273662327
4464 14286936791
4465 14291470711
4466 14293666841
4467 14300045629
4468 14301867859
4469 14318761843
4470 14323140901
4471 14328409201
4472 14337084301
4473 14339880481
4474 14340561481
4475 14365405591
4476 14374893151
4477 14378443489
4478 14386156093
4479 14422388203
4480 14434244329
4481 14442775903
4482 14450190421
4483 14457543101
4484 14481325801
4485 14484482101
4486 14484718561
4487 14489566081
4488 14494464811
4489 14497874623
4490 14499938071
4491 14505941251
4492 14506701091
4493 14509098551
4494 14510441401
4495 14518828297
4496 14520543787
4497 14527712791
4498 14527727059
4499 14559137251
4500 14577036211
4501 14582718151
4502 14583435511
4503 14586476929
4504 14597032843
4505 14613099463
4506 14647713793
4507 14654005081
4508 14654823751
4509 14658274651
4510 14658599107
4511 14663880631
4512 14684731921
4513 14696673361
4514 14700262501
4515 14709436561
4516 14712436681
4517 14713630147
4518 14725191691
4519 14727582127
4520 14729715703
4521 14734947191
4522 14740792801
4523 14749028911
4524 14750319403
4525 14762497639
4526 14770713757
4527 14776467457
4528 14782151539
4529 14795698231
4530 14815088947
4531 14834988481
4532 14844315487
4533 14848335319
4534 14853553903
4535 14878671251
4536 14887684141
4537 14890581217
4538 14899378831
4539 14901916069
4540 14906045701
4541 14909450221
4542 14919812911
4543 14921561953
4544 14925694429
4545 14952997711
4546 14961299671
4547 14971720321
4548 14989822357
4549 14991793867
4550 15006200401
4551 15037604287
4552 15037740253
4553 15038628301
4554 15040057091
4555 15040635637
4556 15050194993
4557 15051593597
4558 15061111547
4559 15073651321
4560 15092151131
4561 15114550951
4562 15123362239
4563 15123648403
4564 15128574011
4565 15140028301
4566 15159293641
4567 15166562881
4568 15187273201
4569 15190650721
4570 15191521441
4571 15191690011
4572 15208972897
4573 15217092001
4574 15225896791
4575 15228998929
4576 15237632911
4577 15241692577
4578 15248708593
4579 15267140281
4580 15290094163
4581 15299311501
4582 15299523583
4583 15317282641
4584 15317613739
4585 15323386417
4586 15351672961
4587 15354382763
4588 15362338177
4589 15367466221
4590 15388791349
4591 15390357127
4592 15400680751
4593 15405800101
4594 15413615119
4595 15414246751
4596 15418430107
4597 15419468989
4598 15421455631
4599 15434438911
4600 15437377897
4601 15443591617
4602 15444646381
4603 15450784291
4604 15452288347
4605 15453994093
4606 15454353349
4607 15464282761
4608 15481688143
4609 15496288501
4610 15509523547
4611 15527067271
4612 15529237627
4613 15537096997
4614 15541564303
4615 15544041589
4616 15569624591
4617 15574433701
4618 15579919981
4619 15598680301
4620 15600874921
4621 15607469503
4622 15608577601
4623 15614522713
4624 15621288481
4625 15629669551
4626 15643559053
4627 15661258441
4628 15661384051
4629 15673395511
4630 15674120491
4631 15680938417
4632 15683462887
4633 15684762133
4634 15686019311
4635 15686582413
4636 15691254389
4637 15703021153
4638 15704493697
4639 15710014861
4640 15712566721
4641 15731681101
4642 15749974531
4643 15751971271
4644 15760151389
4645 15761540539
4646 15766212013
4647 15767073653
4648 15789679621
4649 15807740801
4650 15809129051
4651 15809372779
4652 15842149657
4653 15858971353
4654 15864105811
4655 15867197011
4656 15874143871
4657 15883216981
4658 15905138401
4659 15915651727
4660 15916402153
4661 15917299309
4662 15920538901
4663 15927765127
4664 15928232317
4665 15930402181
4666 15931200391
4667 15937819453
4668 15946146133
4669 15956646421
4670 15962740039
4671 15963339461
4672 15967197001
4673 15967919611
4674 15983752003
4675 15985540033
4676 15986207197
4677 15994302811
4678 15997944691
4679 16007894831
4680 16010258951
4681 16013734129
4682 16014555649
4683 16016484331
4684 16017007609
4685 16023800161
4686 16030854859
4687 16038338443
4688 16039800913
4689 16045147649
4690 16066911121
4691 16068606419
4692 16077382903
4693 16088562211
4694 16093464661
4695 16103349901
4696 16114565461
4697 16115876921
4698 16127158429
4699 16128301507
4700 16136085169
4701 16149644101
4702 16151953879
4703 16153104017
4704 16154277889
4705 16165656547
4706 16168115771
4707 16176540997
4708 16179466601
4709 16185153403
4710 16193816581
4711 16194081961
4712 16208843641
4713 16221902581
4714 16222861117
4715 16233515041
4716 16233570211
4717 16235155597
4718 16236607351
4719 16245018607
4720 16246417657
4721 16272985901
4722 16279129231
4723 16284975673
4724 16297616611
4725 16320262141
4726 16327403471
4727 16330265821
4728 16350635701
4729 16365789331
4730 16366378891
4731 16371755641
4732 16385757191
4733 16406481313
4734 16412215951
4735 16421193637
4736 16430848513
4737 16433988481
4738 16454633977
4739 16455109441
4740 16460536177
4741 16494333157
4742 16502083333
4743 16506263971
4744 16543464967
4745 16545593731
4746 16551563701
4747 16553790763
4748 16571869921
4749 16581997391
4750 16587184759
4751 16594886023
4752 16603214557
4753 16621890121
4754 16645500961
4755 16648289101
4756 16655044741
4757 16666326961
4758 16686690931
4759 16687751141
4760 16689335671
4761 16696455697
4762 16700254741
4763 16711850431
4764 16720512481
4765 16736080747
4766 16749824947
4767 16753697011
4768 16762899781
4769 16789530577
4770 16792932001
4771 16793699209
4772 16806355831
4773 16806625013
4774 16814548441
4775 16823963389
4776 16828359343
4777 16838184481
4778 16851015469
4779 16857308869
4780 16874507137
4781 16886186351
4782 16894993897
4783 16897838413
4784 16905467503
4785 16925461433
4786 16927094203
4787 16941765583
4788 16943859967
4789 16956255781
4790 16970470219
4791 16993012627
4792 16998330049
4793 17005206451
4794 17026136821
4795 17026683103
4796 17032923361
4797 17044764661
4798 17055844471
4799 17055963781
4800 17061039313
4801 17066032921
4802 17066359021
4803 17068801513
4804 17072965729
4805 17089608259
4806 17094632041
4807 17096082049
4808 17104638403
4809 17115355057
4810 17148339001
4811 17172092107
4812 17177726759
4813 17184075151
4814 17198982865
4815 17204704661
4816 17207202619
4817 17215792903
4818 17228465677
4819 17257192561
4820 17260355503
4821 17266398001
4822 17267552161
4823 17271317341
4824 17282658403
4825 17287509553
4826 17291002609
4827 17302882843
4828 17315274649
4829 17333461729
4830 17339911691
4831 17340636673
4832 17345219251
4833 17354124451
4834 17354620837
4835 17366917021
4836 17369312563
4837 17371794601
4838 17372014003
4839 17373510991
4840 17394190141
4841 17403189409
4842 17437080943
4843 17450373151
4844 17466396851
4845 17472856501
4846 17475044329
4847 17477293861
4848 17481928843
4849 17514232903
4850 17520777649
4851 17523985051
4852 17529526561
4853 17535681901
4854 17573906503
4855 17582819941
4856 17587109233
4857 17590951357
4858 17591518957
4859 17597981521
4860 17602305751
4861 17605381267
4862 17611812253
4863 17612929597
4864 17621016529
4865 17621777477
4866 17624077381
4867 17634279631
4868 17652801889
4869 17677204663
4870 17681777881
4871 17701038547
4872 17709149503
4873 17726592451
4874 17728636129
4875 17730213469
4876 17730316081
4877 17744067217
4878 17750426431
4879 17751951001
4880 17758526017
4881 17771249953
4882 17795071531
4883 17797473541
4884 17798634001
4885 17801198647
4886 17803464661
4887 17804060821
4888 17804128051
4889 17816176267
4890 17838252181
4891 17849326081
4892 17850571201
4893 17851978519
4894 17875550419
4895 17887212331
4896 17887918679
4897 17917085293
4898 17917654393
4899 17918834251
4900 17924550577
4901 17927548399
4902 17945360161
4903 17953893271
4904 17962232333
4905 17978593441
4906 17982072431
4907 17998089253
4908 18011079649
4909 18036858061
4910 18063736651
4911 18071626609
4912 18076040137
4913 18087022423
4914 18091922413
4915 18095966701
4916 18108791737
4917 18121658567
4918 18143612173
4919 18178000471
4920 18204344887
4921 18209475703
4922 18222948151
4923 18227187553
4924 18246873919
4925 18249050461
4926 18265546753
4927 18293061961
4928 18293753809
4929 18298444789
4930 18300000241
4931 18302852371
4932 18311033203
4933 18315595201
4934 18319563991
4935 18321066191
4936 18326260867
4937 18334495441
4938 18348781771
4939 18355485193
4940 18372082621
4941 18377738413
4942 18382048361
4943 18397463587
4944 18427680253
4945 18459366157
4946 18461244187
4947 18487139641
4948 18493202953
4949 18497742121
4950 18499053193
4951 18503500177
4952 18505908961
4953 18506227447
4954 18524047471
4955 18525273121
4956 18533068651
4957 18553435363
4958 18554007061
4959 18560693647
4960 18587221841
4961 18588492017
4962 18589939099
4963 18626025949
4964 18662875201
4965 18672368023
4966 18675203977
4967 18712218601
4968 18714385561
4969 18723674413
4970 18735349951
4971 18739564537
4972 18739996003
4973 18758248741
4974 18775492741
4975 18780304201
4976 18788641801
4977 18791140591
4978 18803179723
4979 18829671451
4980 18830328973
4981 18832495621
4982 18833144443
4983 18835641727
4984 18843228643
4985 18848467177
4986 18861452341
4987 18862895899
4988 18863349751
4989 18876035713
4990 18880926373
4991 18881016001
4992 18884760721
4993 18885022511
4994 18885267361
4995 18886641481
4996 18890442323
4997 18893151019
4998 18902363399
4999 18903742051
5000 18911357173
5001 18923879941
5002 18944992531
5003 18946511251
5004 18953766721
5005 18961212427
5006 18976645973
5007 18987192511
5008 19003715371
5009 19006441273
5010 19008594541
5011 19018843751
5012 19020298249
5013 19024719379
5014 19056167353
5015 19062526961
5016 19073974219
5017 19075563307
5018 19092949633
5019 19107777529
5020 19118239111
5021 19118348551
5022 19124385317
5023 19124554261
5024 19128102751
5025 19137557557
5026 19144805689
5027 19155581539
5028 19163539081
5029 19187052301
5030 19191376261
5031 19192924801
5032 19197181873
5033 19200601711
5034 19202806351
5035 19212666859
5036 19215124309
5037 19225393897
5038 19228412611
5039 19245352117
5040 19261119349
5041 19274173777
5042 19291629061
5043 19292020411
5044 19297609183
5045 19306419751
5046 19318942849
5047 19343158777
5048 19370286343
5049 19370322511
5050 19393477489
5051 19412290801
5052 19460213651
5053 19468415399
5054 19471429027
5055 19487842291
5056 19504548631
5057 19505760721
5058 19519280941
5059 19540033451
5060 19557178651
5061 19580918671
5062 19582253671
5063 19593120427
5064 19593914149
5065 19596034771
5066 19597209613
5067 19602915901
5068 19612985107
5069 19628772131
5070 19642751281
5071 19646940769
5072 19649326069
5073 19659433663
5074 19661366341
5075 19677215251
5076 19683169273
5077 19687457071
5078 19697906821
5079 19710355051
5080 19739943623
5081 19743199741
5082 19746132649
5083 19747502011
5084 19755493621
5085 19775243203
5086 19782324481
5087 19790730133
5088 19812105601
5089 19821875851
5090 19864872413
5091 19870045471
5092 19880713321
5093 19887974881
5094 19892944873
5095 19933144267
5096 19940924251
5097 19943625547
5098 19943872763
5099 19948333411
5100 19950730381
5101 19958343763
5102 19960865377
5103 19972168651
5104 19976736469
5105 19989895333
5106 20017817821
5107 20022691951
5108 20042072101
5109 20050993841
5110 20055656941
5111 20071606501
5112 20072146513
5113 20074887269
5114 20075605621
5115 20111120527
5116 20114865301
5117 20119835269
5118 20130153959
5119 20140767841
5120 20155341493
5121 20182279357
5122 20208038203
5123 20212746289
5124 20224279921
5125 20234549609
5126 20236674697
5127 20247816781
5128 20250922501
5129 20261039371
5130 20262541339
5131 20277064351
5132 20284617161
5133 20301647929
5134 20318429773
5135 20318845171
5136 20329449739
5137 20330970661
5138 20364308893
5139 20374915933
5140 20398571143
5141 20402479987
5142 20405783929
5143 20409308011
5144 20417534521
5145 20423383933
5146 20426863843
5147 20467331881
5148 20489007397
5149 20491790281
5150 20498414551
5151 20523266611
5152 20529118741
5153 20537709739
5154 20540930171
5155 20547192403
5156 20549092411
5157 20564570467
5158 20580209101
5159 20599051519
5160 20606536831
5161 20615544913
5162 20617858549
5163 20632808701
5164 20649489031
5165 20651240791
5166 20651550817
5167 20660347801
5168 20660924069
5169 20678831083
5170 20684037373
5171 20689276891
5172 20696848867
5173 20710929601
5174 20716650901
5175 20724308281
5176 20730382513
5177 20735269661
5178 20750438509
5179 20769629581
5180 20770622371
5181 20770688233
5182 20778105349
5183 20782252639
5184 20784820717
5185 20825209123
5186 20845947883
5187 20862665233
5188 20870828551
5189 20870922847
5190 20880640687
5191 20881811341
5192 20882987137
5193 20904756319
5194 20909774551
5195 20913703903
5196 20913739561
5197 20930332499
5198 20936572021
5199 20941191577
5200 20944629271
5201 20951962921
5202 20952900487
5203 20960386561
5204 20991539341
5205 21000721921
5206 21004107499
5207 21004289219
5208 21045238831
5209 21046047751
5210 21046610587
5211 21050880271
5212 21050960317
5213 21053788471
5214 21054757879
5215 21071049931
5216 21080738827
5217 21107179003
5218 21109205119
5219 21129856021
5220 21131890561
5221 21147503653
5222 21152593981
5223 21176649841
5224 21198979873
5225 21200147491
5226 21202277867
5227 21222715609
5228 21250485449
5229 21270156881
5230 21275504251
5231 21276028621
5232 21276276157
5233 21280372741
5234 21282291493
5235 21286366831
5236 21300578713
5237 21321001451
5238 21337913521
5239 21360508093
5240 21378185557
5241 21380546881
5242 21406816729
5243 21416820017
5244 21418693561
5245 21425013611
5246 21425901751
5247 21432243541
5248 21446512657
5249 21449657881
5250 21451588693
5251 21451730441
5252 21456960001
5253 21457928467
5254 21479011237
5255 21486677857
5256 21487037551
5257 21492000583
5258 21515221081
5259 21521749309
5260 21526983571
5261 21543520321
5262 21555312481
5263 21564141301
5264 21567310543
5265 21598503601
5266 21602615641
5267 21615686029
5268 21666034501
5269 21667488877
5270 21669763123
5271 21673606249
5272 21679734631
5273 21754504861
5274 21760289401
5275 21762921181
5276 21767864779
5277 21768420451
5278 21771007127
5279 21779377273
5280 21784158631
5281 21795297187
5282 21800559409
5283 21817028641
5284 21842773063
5285 21847364179
5286 21847977721
5287 21848622349
5288 21854348443
5289 21861960511
5290 21866736949
5291 21874849873
5292 21876338219
5293 21886483669
5294 21899410447
5295 21909369719
5296 21914141833
5297 21942466123
5298 21953232001
5299 21962202571
5300 21987359551
5301 21988438921
5302 21990367099
5303 22031798881
5304 22032678403
5305 22050472501
5306 22054487341
5307 22057875703
5308 22062297601
5309 22066926467
5310 22090653721
5311 22091296021
5312 22091342851
5313 22106382481
5314 22126186087
5315 22137804421
5316 22138603831
5317 22139438413
5318 22161489421
5319 22162821589
5320 22164217151
5321 22165860523
5322 22174345729
5323 22176176573
5324 22193504341
5325 22210786417
5326 22212173047
5327 22223164801
5328 22225727021
5329 22226927761
5330 22227420461
5331 22259045971
5332 22261374721
5333 22262954221
5334 22270203649
5335 22270639681
5336 22274257087
5337 22292377309
5338 22294291961
5339 22296294751
5340 22305571291
5341 22307235373
5342 22330924111
5343 22365852853
5344 22366442251
5345 22367371027
5346 22373944843
5347 22377578161
5348 22389301807
5349 22404776941
5350 22409385991
5351 22457693581
5352 22472500051
5353 22505004901
5354 22528559971
5355 22546961293
5356 22579513669
5357 22585820401
5358 22590345403
5359 22593014893
5360 22598930017
5361 22599767881
5362 22599777451
5363 22606126597
5364 22628709379
5365 22631467321
5366 22636591669
5367 22660022977
5368 22669645681
5369 22671520621
5370 22672663861
5371 22677231601
5372 22695600721
5373 22701040891
5374 22702718851
5375 22714427773
5376 22715361901
5377 22717056529
5378 22736710921
5379 22738527631
5380 22769246503
5381 22803339961
5382 22867348831
5383 22877695891
5384 22878536173
5385 22895330221
5386 22896559951
5387 22906582393
5388 22916503567
5389 22927260061
5390 22931025163
5391 22948853203
5392 22952114879
5393 22962383107
5394 22980651541
5395 23009236573
5396 23022805009
5397 23029376977
5398 23058491809
5399 23065922039
5400 23066038711
5401 23108697847
5402 23117246651
5403 23125246691
5404 23127489967
5405 23148456427
5406 23168535769
5407 23179267801
5408 23195760853
5409 23201737861
5410 23204366641
5411 23206797643
5412 23211236641
5413 23214996481
5414 23222433149
5415 23222773351
5416 23238556951
5417 23253216031
5418 23262046039
5419 23262065569
5420 23274725131
5421 23282532649
5422 23285185769
5423 23295798913
5424 23305694911
5425 23306678557
5426 23308025443
5427 23316644359
5428 23344904137
5429 23360135023
5430 23370753433
5431 23372676601
5432 23372694721
5433 23375003653
5434 23384107891
5435 23407140241
5436 23418933751
5437 23421080233
5438 23424439319
5439 23434717771
5440 23449337941
5441 23454716941
5442 23460614101
5443 23465712013
5444 23484460999
5445 23491116193
5446 23491906903
5447 23510118061
5448 23517925003
5449 23520079153
5450 23520310717
5451 23535351841
5452 23547973681
5453 23553320851
5454 23556979153
5455 23575232557
5456 23593907201
5457 23607898921
5458 23624717761
5459 23627912533
5460 23640249541
5461 23656675201
5462 23676730153
5463 23689782997
5464 23691853333
5465 23691874519
5466 23694225469
5467 23701368913
5468 23705112601
5469 23707055737
5470 23715259541
5471 23729234761
5472 23739405247
5473 23747488777
5474 23747505211
5475 23748417379
5476 23790254921
5477 23793514291
5478 23796949753
5479 23820300479
5480 23833570351
5481 23854997629
5482 23864054569
5483 23882698471
5484 23884194133
5485 23892707291
5486 23903465251
5487 23916942799
5488 23919540961
5489 23980992751
5490 23984215271
5491 23993532421
5492 24012958789
5493 24030760417
5494 24032782021
5495 24041311003
5496 24073672393
5497 24082130143
5498 24083569771
5499 24087438481
5500 24091049441
5501 24107139253
5502 24115044691
5503 24117017443
5504 24137460901
5505 24151953871
5506 24165510841
5507 24187734001
5508 24190324033
5509 24199850891
5510 24210880951
5511 24238490761
5512 24239863891
5513 24255020833
5514 24267834091
5515 24275626057
5516 24282677341
5517 24283898641
5518 24289889101
5519 24294771877
5520 24298104601
5521 24300391501
5522 24311724253
5523 24356686597
5524 24366498031
5525 24368448133
5526 24374791897
5527 24378231463
5528 24380470801
5529 24388791703
5530 24389901091
5531 24392551501
5532 24394938751
5533 24406650577
5534 24407145127
5535 24414782701
5536 24422578867
5537 24433035793
5538 24450005651
5539 24450134437
5540 24451279249
5541 24452188331
5542 24467962591
5543 24470400011
5544 24500700607
5545 24532912633
5546 24556615591
5547 24572155261
5548 24584397631
5549 24589064021
5550 24591417577
5551 24653308051
5552 24660051931
5553 24662798551
5554 24664080013
5555 24664251301
5556 24699632581
5557 24713870941
5558 24719892553
5559 24733159651
5560 24736939657
5561 24744514969
5562 24776593759
5563 24784247291
5564 24789908701
5565 24792066133
5566 24795656623
5567 24830837131
5568 24837190003
5569 24837235021
5570 24837945241
5571 24850402039
5572 24868500301
5573 24869123857
5574 24880540537
5575 24891481333
5576 24899459257
5577 24908433997
5578 24911985613
5579 24943606381
5580 24972388033
5581 24988393607
5582 24988416967
5583 24989202811
5584 24995572907
5585 25005624001
5586 25051613203
5587 25098103213
5588 25137640531
5589 25139452669
5590 25143881203
5591 25158497101
5592 25194176101
5593 25213222453
5594 25239989503
5595 25244125963
5596 25245290617
5597 25255383451
5598 25258698193
5599 25285392133
5600 25287583429
5601 25294153501
5602 25304611669
5603 25316307407
5604 25329184351
5605 25333859251
5606 25338793351
5607 25340507641
5608 25366866661
5609 25384013443
5610 25394027359
5611 25407483307
5612 25431946831
5613 25437652501
5614 25447983283
5615 25450725691
5616 25457530771
5617 25457883361
5618 25475267071
5619 25505271361
5620 25509692041
5621 25516086149
5622 25527925171
5623 25530546757
5624 25540316551
5625 25554220567
5626 25556283091
5627 25562401201
5628 25575216391
5629 25585784929
5630 25599348097
5631 25604850559
5632 25611663023
5633 25616598109
5634 25650730267
5635 25653813421
5636 25660641091
5637 25708310011
5638 25733694097
5639 25749397249
5640 25752947767
5641 25772780233
5642 25782473963
5643 25790713999
5644 25790992921
5645 25803641629
5646 25818779071
5647 25834065643
5648 25842567259
5649 25859994551
5650 25873721311
5651 25877556253
5652 25881746269
5653 25900659691
5654 25901958673
5655 25906420327
5656 25926360013
5657 25941263629
5658 25945850503
5659 25947855793
5660 25951879297
5661 25967723671
5662 25968826181
5663 25975674037
5664 25998250969
5665 26006023891
5666 26017664251
5667 26031140101
5668 26045658757
5669 26045917633
5670 26047488001
5671 26053727881
5672 26055688963
5673 26089090873
5674 26096876651
5675 26098878079
5676 26104967701
5677 26110123903
5678 26113037273
5679 26118697789
5680 26131840021
5681 26137608421
5682 26189291827
5683 26197948351
5684 26206132661
5685 26236309771
5686 26239900501
5687 26241915871
5688 26260028797
5689 26281536823
5690 26290988641
5691 26294958757
5692 26298148717
5693 26299321673
5694 26299907941
5695 26312866201
5696 26316890029
5697 26332887421
5698 26365605323
5699 26380459033
5700 26384736673
5701 26385064903
5702 26395829329
5703 26401323541
5704 26437570031
5705 26448696913
5706 26455868281
5707 26481408301
5708 26490415771
5709 26495187451
5710 26518086589
5711 26525928181
5712 26536653721
5713 26554343059
5714 26573840833
5715 26588257721
5716 26595167941
5717 26600518531
5718 26614628251
5719 26614709461
5720 26617760989
5721 26623596331
5722 26636208701
5723 26655927079
5724 26665777417
5725 26666988211
5726 26672007601
5727 26681368687
5728 26735999941
5729 26761489039
5730 26781765601
5731 26814380581
5732 26822406691
5733 26828698513
5734 26836218109
5735 26848993621
5736 26850509251
5737 26857119521
5738 26866355833
5739 26867891987
5740 26883951337
5741 26884269487
5742 26896694533
5743 26910355393
5744 26911162051
5745 26926295551
5746 26930911321
5747 26931947797
5748 26934482191
5749 26941037797
5750 26942691703
5751 26946009301
5752 26972904421
5753 26996862817
5754 27016540139
5755 27021591901
5756 27031263841
5757 27048815221
5758 27067167667
5759 27070059061
5760 27071189251
5761 27084302911
5762 27099442589
5763 27109500391
5764 27130052629
5765 27157418209
5766 27158139553
5767 27211045231
5768 27213318001
5769 27255414211
5770 27263502641
5771 27278064839
5772 27279228133
5773 27289702961
5774 27299105989
5775 27315549431
5776 27316676929
5777 27338216641
5778 27349500301
5779 27350109433
5780 27356250307
5781 27358698403
5782 27364606501
5783 27426097117
5784 27427432501
5785 27431723437
5786 27435845557
5787 27443374811
5788 27474082651
5789 27484116661
5790 27496072171
5791 27504049201
5792 27521747191
5793 27522138211
5794 27525351067
5795 27543136501
5796 27576497587
5797 27579680731
5798 27582994801
5799 27584039107
5800 27586325401
5801 27586396459
5802 27591053351
5803 27596567941
5804 27605017351
5805 27612414961
5806 27615487729
5807 27620201149
5808 27623984281
5809 27630217291
5810 27636171223
5811 27640542601
5812 27642162871
5813 27660917533
5814 27674015851
5815 27686175193
5816 27699268717
5817 27707314909
5818 27716349961
5819 27732684241
5820 27751163761
5821 27758745631
5822 27809771497
5823 27812670211
5824 27819531001
5825 27838653103
5826 27840766309
5827 27842676751
5828 27883370591
5829 27883548001
5830 27885106003
5831 27912828059
5832 27919311181
5833 27928133209
5834 27996215707
5835 28002833951
5836 28027505969
5837 28030845151
5838 28033333333
5839 28055578069
5840 28095020077
5841 28102976533
5842 28132069213
5843 28135785037
5844 28140789289
5845 28153979501
5846 28159861627
5847 28173089251
5848 28186662421
5849 28188758999
5850 28196487889
5851 28215129757
5852 28264419199
5853 28264756717
5854 28270020871
5855 28273771171
5856 28279196107
5857 28290921313
5858 28292933821
5859 28297509319
5860 28302555461
5861 28303229431
5862 28307877733
5863 28311521851
5864 28313410561
5865 28327669399
5866 28333389787
5867 28344257371
5868 28352840041
5869 28369977301
5870 28400941801
5871 28417440133
5872 28427492107
5873 28448982721
5874 28467326281
5875 28500736513
5876 28508106061
5877 28514388673
5878 28521675703
5879 28541386591
5880 28541741581
5881 28554577921
5882 28586407711
5883 28599290911
5884 28601343461
5885 28643539961
5886 28656598657
5887 28668211111
5888 28678066141
5889 28688159737
5890 28689668749
5891 28697672671
5892 28740910711
5893 28753209421
5894 28769898193
5895 28790583589
5896 28803034417
5897 28803557641
5898 28812479897
5899 28815216071
5900 28818220069
5901 28825405249
5902 28826411833
5903 28844691487
5904 28884011311
5905 28886463649
5906 28903966801
5907 28905865297
5908 28920663259
5909 28931043541
5910 28939717249
5911 28948930291
5912 28953637199
5913 28982949169
5914 29005189079
5915 29005204231
5916 29005250401
5917 29017734481
5918 29028709709
5919 29037387163
5920 29041801993
5921 29065503421
5922 29066563963
5923 29095905427
5924 29106279749
5925 29107877629
5926 29110426567
5927 29118033181
5928 29119347181
5929 29167743937
5930 29176269013
5931 29180041801
5932 29201742593
5933 29204256899
5934 29207487877
5935 29210955643
5936 29212636801
5937 29217386881
5938 29218006861
5939 29232571681
5940 29238143617
5941 29238763321
5942 29249636137
5943 29259538169
5944 29261594251
5945 29270724679
5946 29273107271
5947 29294447873
5948 29311761109
5949 29315489377
5950 29316614983
5951 29318524129
5952 29328930793
5953 29341969471
5954 29349959941
5955 29373426253
5956 29395286047
5957 29401267523
5958 29408441441
5959 29416158703
5960 29431625653
5961 29452708891
5962 29456222293
5963 29461443121
5964 29480825131
5965 29481505021
5966 29531620537
5967 29565747947
5968 29601041251
5969 29607469051
5970 29621203333
5971 29627013331
5972 29630099251
5973 29647657033
5974 29650702537
5975 29676996601
5976 29695227451
5977 29702955559
5978 29722512601
5979 29748249133
5980 29748951577
5981 29764464133
5982 29800333333
5983 29817369451
5984 29828947237
5985 29842489189
5986 29844582301
5987 29849429611
5988 29864204767
5989 29872136533
5990 29872634401
5991 29873163601
5992 29881286821
5993 29903326801
5994 29908976743
5995 29918494171
5996 29922333841
5997 29931541051
5998 29947597993
5999 29949685921
6000 29976404641
6001 29977489081
6002 29979558379
6003 29997287407
6004 30034780409
6005 30035009497
6006 30045615997
6007 30052086451
6008 30052233313
6009 30069016279
6010 30084859391
6011 30089610601
6012 30095970031
6013 30105910729
6014 30113044081
6015 30119783203
6016 30132435799
6017 30134541889
6018 30145925377
6019 30169119289
6020 30172124251
6021 30217433269
6022 30243089069
6023 30257033401
6024 30284329909
6025 30291457057
6026 30296761639
6027 30310735423
6028 30334447189
6029 30335233021
6030 30336285673
6031 30382546993
6032 30388095499
6033 30395009467
6034 30406334851
6035 30414775483
6036 30443872681
6037 30446045761
6038 30451885201
6039 30452472991
6040 30481030891
6041 30481338889
6042 30504649807
6043 30526942087
6044 30530024669
6045 30540321001
6046 30557242861
6047 30558576133
6048 30587946481
6049 30589491451
6050 30590437051
6051 30591166321
6052 30594920533
6053 30612255101
6054 30618358789
6055 30640769413
6056 30663983851
6057 30671372821
6058 30711217657
6059 30716505751
6060 30722873101
6061 30735673537
6062 30750388021
6063 30769456033
6064 30776966533
6065 30820419781
6066 30821917933
6067 30824831071
6068 30831204263
6069 30836535061
6070 30841362901
6071 30866558491
6072 30873610333
6073 30876125113
6074 30894987817
6075 30906318151
6076 30908335657
6077 30926218051
6078 30931780771
6079 30972999331
6080 30973987171
6081 30990314233
6082 31024330837
6083 31026520549
6084 31029076801
6085 31033750411
6086 31086601201
6087 31126523401
6088 31137863797
6089 31138157773
6090 31139851231
6091 31153186549
6092 31155734083
6093 31174715569
6094 31235501449
6095 31243375351
6096 31243696513
6097 31256872921
6098 31264376653
6099 31284525007
6100 31298402711
6101 31303500601
6102 31305760201
6103 31312512001
6104 31318478101
6105 31322614831
6106 31329948851
6107 31340274481
6108 31400625511
6109 31402748701
6110 31406408881
6111 31408965061
6112 31409377889
6113 31412021131
6114 31417682671
6115 31430554681
6116 31434091151
6117 31435430219
6118 31453705891
6119 31475233441
6120 31503216821
6121 31534825141
6122 31619460601
6123 31620826381
6124 31632604589
6125 31660745533
6126 31705616251
6127 31716678511
6128 31728608161
6129 31731213403
6130 31733553061
6131 31734425431
6132 31766820593
6133 31785697189
6134 31815881263
6135 31815914131
6136 31840678801
6137 31867394653
6138 31877529601
6139 31888604611
6140 31906218959
6141 31913074051
6142 31942538077
6143 31950425431
6144 31966479043
6145 31984049989
6146 32011313879
6147 32013468667
6148 32017387513
6149 32019894901
6150 32025122821
6151 32032243457
6152 32037088841
6153 32047279531
6154 32050105949
6155 32054821951
6156 32058749017
6157 32061309337
6158 32071969801
6159 32073878341
6160 32101052257
6161 32108511469
6162 32122569943
6163 32125986901
6164 32148018271
6165 32164071551
6166 32167357093
6167 32186284903
6168 32191164649
6169 32210424793
6170 32226018697
6171 32239980217
6172 32239998001
6173 32244890341
6174 32265719971
6175 32273413201
6176 32273498359
6177 32278857001
6178 32315019643
6179 32342588149
6180 32355633421
6181 32363874467
6182 32365328971
6183 32369220703
6184 32372794171
6185 32387491207
6186 32389636051
6187 32408925121
6188 32444643773
6189 32452251049
6190 32489294041
6191 32495293741
6192 32503710079
6193 32508360181
6194 32511106651
6195 32518077931
6196 32518698211
6197 32526705481
6198 32548057543
6199 32556858769
6200 32565897209
6201 32571201851
6202 32606804161
6203 32648138959
6204 32671006021
6205 32675265703
6206 32678825521
6207 32702604301
6208 32710898557
6209 32736166927
6210 32751816719
6211 32791940371
6212 32806107727
6213 32812132651
6214 32812641529
6215 32821007321
6216 32825057761
6217 32832137851
6218 32867690311
6219 32873993041
6220 32882761871
6221 32912969197
6222 32918312029
6223 32925261601
6224 32947176601
6225 32950796821
6226 32997066811
6227 33002711237
6228 33031471201
6229 33031686421
6230 33039121483
6231 33045604021
6232 33064245259
6233 33068273317
6234 33084241009
6235 33095845781
6236 33108708151
6237 33116216191
6238 33160519897
6239 33176058001
6240 33191872201
6241 33207853141
6242 33239321551
6243 33246456721
6244 33258908971
6245 33259122989
6246 33267967591
6247 33276352897
6248 33280162201
6249 33281313001
6250 33285329281
6251 33300732301
6252 33301395821
6253 33312052159
6254 33325372033
6255 33354354151
6256 33354579493
6257 33356538541
6258 33385719889
6259 33392446831
6260 33416496961
6261 33431962513
6262 33458304133
6263 33469780177
6264 33493444609
6265 33499240633
6266 33509911681
6267 33531997357
6268 33539225851
6269 33571457093
6270 33575452681
6271 33576329557
6272 33578732881
6273 33584787601
6274 33595160329
6275 33597301417
6276 33636515221
6277 33637263211
6278 33638956561
6279 33671545861
6280 33717240721
6281 33743960101
6282 33750579097
6283 33763142533
6284 33788660401
6285 33791691361
6286 33806894269
6287 33835759453
6288 33848243929
6289 33849290413
6290 33866699329
6291 33904255841
6292 33917215741
6293 33919852681
6294 33937866271
6295 33953939839
6296 33963947557
6297 33977606737
6298 33997186901
6299 34002422353
6300 34012107823
6301 34016388347
6302 34062645719
6303 34063236023
6304 34064149501
6305 34072117909
6306 34076553391
6307 34083124219
6308 34098681943
6309 34109169877
6310 34123560661
6311 34154025553
6312 34155789697
6313 34194962917
6314 34195378231
6315 34226703361
6316 34245665591
6317 34267316179
6318 34289633593
6319 34299286561
6320 34300560001
6321 34337810413
6322 34362493831
6323 34371857083
6324 34394056849
6325 34400940751
6326 34417182931
6327 34420515097
6328 34433834761
6329 34440555001
6330 34453518751
6331 34463760553
6332 34508607337
6333 34516484239
6334 34531801543
6335 34544211751
6336 34557444007
6337 34573323403
6338 34578411913
6339 34587347851
6340 34588817203
6341 34589865751
6342 34598136691
6343 34613188039
6344 34624731499
6345 34634553589
6346 34635763051
6347 34637590681
6348 34647412531
6349 34656897871
6350 34672003213
6351 34690175101
6352 34742266945
6353 34746653281
6354 34748899201
6355 34749619139
6356 34757023451
6357 34762912003
6358 34791414571
6359 34794734239
6360 34810064761
6361 34829295673
6362 34830882649
6363 34856018737
6364 34923922801
6365 34941905941
6366 34950707551
6367 34963483717
6368 34972380451
6369 34985925547
6370 34993017331
6371 34999038733
6372 35025809317
6373 35111837503
6374 35112179281
6375 35127149591
6376 35139524113
6377 35146659601
6378 35167611781
6379 35169084631
6380 35174587369
6381 35175977761
6382 35181831691
6383 35184089641
6384 35185014901
6385 35186393371
6386 35187231817
6387 35197693021
6388 35200487809
6389 35214400261
6390 35242017553
6391 35263623781
6392 35328379087
6393 35361064513
6394 35371442701
6395 35395768381
6396 35414584453
6397 35416716193
6398 35418204907
6399 35440591891
6400 35444617111
6401 35450904259
6402 35452918621
6403 35456851411
6404 35458867177
6405 35459366959
6406 35461461097
6407 35471330281
6408 35486457931
6409 35554286743
6410 35559323191
6411 35563690009
6412 35564845051
6413 35572580419
6414 35586980353
6415 35604607931
6416 35620309297
6417 35632085581
6418 35648497961
6419 35669653993
6420 35677649071
6421 35684292013
6422 35707085587
6423 35733414193
6424 35754596413
6425 35755731019
6426 35761910941
6427 35795563723
6428 35807322673
6429 35809178263
6430 35817613333
6431 35834963251
6432 35841377881
6433 35882483281
6434 35886606361
6435 35900356861
6436 35901682741
6437 35928455581
6438 35944319863
6439 35945044651
6440 35960169001
6441 35964668671
6442 35990404801
6443 35992489031
6444 36001235951
6445 36045757201
6446 36054028561
6447 36065862451
6448 36083054191
6449 36097124431
6450 36103192189
6451 36108924529
6452 36135520513
6453 36150059791
6454 36162822307
6455 36163039573
6456 36203966111
6457 36205217563
6458 36233608571
6459 36279346771
6460 36293279881
6461 36306245329
6462 36314961541
6463 36344808067
6464 36354580501
6465 36366972391
6466 36369449551
6467 36371243371
6468 36371362849
6469 36391555483
6470 36392266297
6471 36397040947
6472 36408263113
6473 36516767869
6474 36563893831
6475 36599598181
6476 36633781441
6477 36657092341
6478 36768618253
6479 36791133469
6480 36794655901
6481 36816332881
6482 36829122719
6483 36836823001
6484 36839609497
6485 36844759873
6486 36853224013
6487 36860921021
6488 36873696637
6489 36882601003
6490 36883566721
6491 36911513941
6492 36983470171
6493 36987391099
6494 36987594757
6495 37003640941
6496 37006553431
6497 37015934413
6498 37023408661
6499 37025197049
6500 37053201407
6501 37053652637
6502 37054619281
6503 37062493987
6504 37079188537
6505 37085997217
6506 37088214481
6507 37103437141
6508 37105596001
6509 37107736093
6510 37123735861
6511 37131467521
6512 37202583823
6513 37212647149
6514 37217837791
6515 37243644439
6516 37256115641
6517 37256626027
6518 37257956353
6519 37264530871
6520 37286264761
6521 37306287467
6522 37328659501
6523 37372402657
6524 37397251873
6525 37421999737
6526 37423804289
6527 37434390841
6528 37455160753
6529 37469974519
6530 37475074891
6531 37481125771
6532 37511015851
6533 37529030533
6534 37535495617
6535 37549366111
6536 37569832477
6537 37573296029
6538 37576872391
6539 37582184251
6540 37586650753
6541 37589316601
6542 37594015439
6543 37624177159
6544 37637502541
6545 37638037027
6546 37643480873
6547 37690903213
6548 37746899447
6549 37750421851
6550 37801841617
6551 37833175441
6552 37874371151
6553 37876848697
6554 37888874239
6555 37897057801
6556 37917997609
6557 37950384529
6558 37954702813
6559 37961630647
6560 37992880333
6561 37997555461
6562 38009229553
6563 38026686673
6564 38044170451
6565 38062936957
6566 38091931903
6567 38099148649
6568 38109774697
6569 38121748471
6570 38185659937
6571 38194822009
6572 38213053777
6573 38233800001
6574 38235236341
6575 38249415151
6576 38264153203
6577 38269580779
6578 38289862261
6579 38320211971
6580 38322369541
6581 38360948761
6582 38370455731
6583 38371570711
6584 38391412621
6585 38399106961
6586 38424616501
6587 38436509389
6588 38437684489
6589 38460834133
6590 38497294081
6591 38497858561
6592 38530186003
6593 38531619901
6594 38558724181
6595 38571244141
6596 38584077841
6597 38620166131
6598 38640682081
6599 38642822131
6600 38653537861
6601 38686956211
6602 38723798111
6603 38746694533
6604 38775405985
6605 38785436071
6606 38803993621
6607 38815890301
6608 38824988929
6609 38831026591
6610 38858364187
6611 38868312583
6612 38872404031
6613 38879376761
6614 38926604069
6615 38942000089
6616 38945846099
6617 38967511181
6618 38976663529
6619 38995705981
6620 39014432003
6621 39017102629
6622 39024125797
6623 39034030177
6624 39066862693
6625 39094047217
6626 39101922337
6627 39146971057
6628 39164016571
6629 39185249797
6630 39185716681
6631 39255089977
6632 39300498269
6633 39300631163
6634 39302989003
6635 39314224951
6636 39323827027
6637 39341660863
6638 39345334489
6639 39350644453
6640 39362816533
6641 39366252073
6642 39369336527
6643 39433987883
6644 39451724833
6645 39456508591
6646 39477291547
6647 39493029311
6648 39528051097
6649 39546140761
6650 39557176123
6651 39569858401
6652 39573692251
6653 39578095201
6654 39623788777
6655 39639199361
6656 39652073029
6657 39652901671
6658 39656142241
6659 39665484427
6660 39712301491
6661 39714610867
6662 39729309511
6663 39751602661
6664 39751871041
6665 39767239597
6666 39769843447
6667 39785601781
6668 39799655911
6669 39800592001
6670 39822792481
6671 39890851813
6672 39896566951
6673 39908539763
6674 39931766893
6675 39934361539
6676 39945073379
6677 39970522351
6678 39982727041
6679 39993418681
6680 40004899813
6681 40017544351
6682 40044071713
6683 40056220537
6684 40069343101
6685 40070573149
6686 40084894279
6687 40089383881
6688 40105283167
6689 40110939199
6690 40115883151
6691 40131937177
6692 40137049531
6693 40153641169
6694 40154668591
6695 40179806851
6696 40214296519
6697 40223210527
6698 40242831091
6699 40254403663
6700 40275051391
6701 40291939861
6702 40292082001
6703 40303720741
6704 40305420307
6705 40317012163
6706 40326770551
6707 40327830841
6708 40348532353
6709 40359709021
6710 40360314853
6711 40379505961
6712 40381703209
6713 40395986767
6714 40401769591
6715 40409203213
6716 40410219383
6717 40413907789
6718 40434800953
6719 40451253541
6720 40460679131
6721 40472922631
6722 40482549001
6723 40496730121
6724 40512028591
6725 40516328161
6726 40523499853
6727 40525713691
6728 40530888541
6729 40538420083
6730 40538612557
6731 40573622413
6732 40586005531
6733 40595939671
6734 40603281391
6735 40604296177
6736 40610338609
6737 40612808809
6738 40643517401
6739 40699677677
6740 40706295961
6741 40710226261
6742 40731036001
6743 40732716331
6744 40735666561
6745 40740550723
6746 40741723423
6747 40758108301
6748 40760121403
6749 40803476221
6750 40804674301
6751 40806765091
6752 40866601879
6753 40866604633
6754 40867783111
6755 40872076781
6756 40873228453
6757 40885348321
6758 40888071811
6759 40897561321
6760 40921789121
6761 40963381831
6762 41007207961
6763 41010618421
6764 41014142101
6765 41045500189
6766 41081276107
6767 41111183233
6768 41113746607
6769 41124544369
6770 41139691249
6771 41163645151
6772 41169686401
6773 41169951829
6774 41187226081
6775 41188922551
6776 41189379001
6777 41223460741
6778 41282562133
6779 41299456021
6780 41314595401
6781 41318083153
6782 41344657903
6783 41407168717
6784 41411719513
6785 41447076301
6786 41467252093
6787 41524056157
6788 41543982433
6789 41557778377
6790 41562227869
6791 41578704133
6792 41621096533
6793 41624548813
6794 41626438177
6795 41643063991
6796 41650789267
6797 41650921531
6798 41654169091
6799 41656934749
6800 41663668411
6801 41675069593
6802 41693583331
6803 41720046481
6804 41725007101
6805 41725105003
6806 41729378851
6807 41752650241
6808 41790861421
6809 41819512951
6810 41827305547
6811 41828678741
6812 41836856101
6813 41853826981
6814 41870965321
6815 41874998929
6816 41902334317
6817 41918567461
6818 41928635929
6819 41940023623
6820 41986545121
6821 41994110269
6822 42023872507
6823 42049776001
6824 42051568231
6825 42053344369
6826 42079628251
6827 42093795151
6828 42129627937
6829 42155215411
6830 42179646181
6831 42193851457
6832 42200037587
6833 42222369023
6834 42230248591
6835 42257545459
6836 42263456071
6837 42277802377
6838 42304192981
6839 42342448129
6840 42356491651
6841 42378092377
6842 42378854251
6843 42378960103
6844 42383927401
6845 42409953301
6846 42413017051
6847 42415081801
6848 42449743871
6849 42451293673
6850 42471166501
6851 42489994849
6852 42494943331
6853 42498894481
6854 42505466851
6855 42520065391
6856 42536730433
6857 42550716781
6858 42575001301
6859 42611004829
6860 42678250301
6861 42690846001
6862 42728597981
6863 42730500601
6864 42739454413
6865 42743470771
6866 42757728361
6867 42758382151
6868 42758691793
6869 42810328261
6870 42824641861
6871 42831065341
6872 42836859451
6873 42841767403
6874 42871204531
6875 42892806851
6876 42936296971
6877 42961127353
6878 42984584551
6879 42985147381
6880 42994259831
6881 43005786097
6882 43025053501
6883 43025755771
6884 43033746157
6885 43042220101
6886 43047180271
6887 43048306111
6888 43053724033
6889 43069792027
6890 43077109069
6891 43078736611
6892 43129149409
6893 43144337941
6894 43151370547
6895 43162875001
6896 43167319693
6897 43174503763
6898 43196571493
6899 43203838409
6900 43227838837
6901 43234580143
6902 43273951621
6903 43275429877
6904 43276408979
6905 43288483561
6906 43299623503
6907 43339053187
6908 43342817773
6909 43366858201
6910 43376109817
6911 43387323029
6912 43452108071
6913 43454698139
6914 43465981681
6915 43479192751
6916 43480237033
6917 43490956501
6918 43519334431
6919 43522383061
6920 43536545821
6921 43546657529
6922 43549511461
6923 43557877189
6924 43589438803
6925 43597788079
6926 43616454241
6927 43621296721
6928 43631771539
6929 43697330401
6930 43721295751
6931 43732417891
6932 43753340479
6933 43759913203
6934 43769806471
6935 43771838293
6936 43826599129
6937 43856911607
6938 43865227297
6939 43928298961
6940 43936801921
6941 43948551571
6942 43991783551
6943 43992552871
6944 43996618249
6945 44027471701
6946 44037255151
6947 44057585881
6948 44057675797
6949 44091396181
6950 44108514301
6951 44108581771
6952 44112385027
6953 44115646387
6954 44122767391
6955 44141138581
6956 44149850861
6957 44166479041
6958 44229774331
6959 44301007141
6960 44303128361
6961 44325025369
6962 44329826477
6963 44342303041
6964 44353756801
6965 44354779561
6966 44368051087
6967 44377341751
6968 44386750651
6969 44412427819
6970 44418389731
6971 44446652221
6972 44453586241
6973 44472803203
6974 44536906261
6975 44544409003
6976 44545554973
6977 44565767723
6978 44570913229
6979 44581675051
6980 44583299407
6981 44590272343
6982 44591519041
6983 44614649351
6984 44615895301
6985 44621341381
6986 44621617921
6987 44646992461
6988 44661577511
6989 44675286913
6990 44691516073
6991 44694592699
6992 44697100771
6993 44711553151
6994 44726506423
6995 44732778751
6996 44740611889
6997 44756206093
6998 44765959957
6999 44775722881
7000 44778481441
7001 44807915197
7002 44816253271
7003 44818030297
7004 44835101341
7005 44844478981
7006 44892888811
7007 44968873109
7008 44970527449
7009 44982451711
7010 44984514121
7011 45020410111
7012 45054466471
7013 45058068721
7014 45077162131
7015 45090495451
7016 45120697483
7017 45131029921
7018 45143314861
7019 45145967231
7020 45148171771
7021 45155702353
7022 45178881457
7023 45197286661
7024 45202358647
7025 45205545841
7026 45209283241
7027 45213550561
7028 45226645777
7029 45258322513
7030 45263635003
7031 45268565621
7032 45300720587
7033 45303622561
7034 45333181081
7035 45343101511
7036 45352074721
7037 45356425951
7038 45366896191
7039 45425798641
7040 45428476897
7041 45467704837
7042 45476403481
7043 45484371451
7044 45495963241
7045 45506289847
7046 45548113003
7047 45574360493
7048 45603400751
7049 45644394223
7050 45659045269
7051 45685949941
7052 45686340211
7053 45705820753
7054 45753030541
7055 45764012587
7056 45786201121
7057 45789132491
7058 45789687217
7059 45798766417
7060 45806699431
7061 45847741739
7062 45853625221
7063 45861332653
7064 45863980471
7065 45865170121
7066 45869500447
7067 45877824301
7068 45926773201
7069 45931308961
7070 45941383783
7071 45945122959
7072 45952234903
7073 45969416533
7074 45978201613
7075 45979827181
7076 45996240571
7077 46028457479
7078 46032167351
7079 46039686883
7080 46051461773
7081 46080895417
7082 46091267791
7083 46110368137
7084 46124620081
7085 46137134431
7086 46137408313
7087 46139089957
7088 46165270309
7089 46175599039
7090 46192565579
7091 46200989251
7092 46218184561
7093 46249440269
7094 46254675781
7095 46255063381
7096 46313193133
7097 46325883431
7098 46327701421
7099 46334520013
7100 46344509461
7101 46353274003
7102 46373216833
7103 46386743311
7104 46392457219
7105 46393925887
7106 46403702497
7107 46413208687
7108 46436161951
7109 46452622453
7110 46464616001
7111 46493311411
7112 46526072941
7113 46535243977
7114 46578162511
7115 46584369511
7116 46596814543
7117 46598397121
7118 46600871671
7119 46617429343
7120 46648600981
7121 46662740833
7122 46675881001
7123 46698960673
7124 46746599761
7125 46763904631
7126 46782777313
7127 46799743981
7128 46809198217
7129 46815421441
7130 46846125481
7131 46849844809
7132 46858859911
7133 46873079353
7134 46882390381
7135 46914508321
7136 46924544323
7137 46943620651
7138 46952497567
7139 46953771899
7140 46973051221
7141 46975498201
7142 46976488903
7143 47015784487
7144 47022930943
7145 47036776741
7146 47057927887
7147 47071589413
7148 47074161421
7149 47083739149
7150 47087529391
7151 47097948241
7152 47099354921
7153 47100105557
7154 47100912361
7155 47108289541
7156 47113487011
7157 47134689577
7158 47178544093
7159 47241331391
7160 47251447993
7161 47255558827
7162 47295253531
7163 47382964201
7164 47400248899
7165 47409396091
7166 47420507923
7167 47421704107
7168 47422015939
7169 47426900737
7170 47448201571
7171 47469856897
7172 47473982167
7173 47478443221
7174 47488671827
7175 47529840403
7176 47542031161
7177 47568942721
7178 47573559433
7179 47593603201
7180 47644937981
7181 47649460337
7182 47667063511
7183 47675962657
7184 47710171633
7185 47734610041
7186 47738179369
7187 47766768319
7188 47769236461
7189 47775322057
7190 47776198201
7191 47780798413
7192 47796484741
7193 47813796361
7194 47815152661
7195 47829339823
7196 47880048763
7197 47893113271
7198 47935270951
7199 47989224013
7200 47998687591
7201 48019400833
7202 48021876541
7203 48070834381
7204 48097771597
7205 48151575061
7206 48153440611
7207 48165195271
7208 48169255861
7209 48193190317
7210 48205590751
7211 48240521587
7212 48280139911
7213 48325720741
7214 48336668353
7215 48343549801
7216 48354810571
7217 48357027709
7218 48364116061
7219 48366491671
7220 48375501841
7221 48411895201
7222 48421942003
7223 48436935607
7224 48466031171
7225 48466381669
7226 48466764811
7227 48482106457
7228 48490531711
7229 48516425959
7230 48516692227
7231 48523406401
7232 48545871161
7233 48573336481
7234 48583321249
7235 48616843631
7236 48663746581
7237 48665867407
7238 48697699051
7239 48732546721
7240 48739914733
7241 48751124131
7242 48754630513
7243 48773850133
7244 48816223411
7245 48833593903
7246 48852968191
7247 48864589201
7248 48874811311
7249 48879202513
7250 48881023381
7251 48952777501
7252 48958085233
7253 48966836311
7254 48988566721
7255 49011970729
7256 49031242261
7257 49041092143
7258 49064810209
7259 49096919191
7260 49099939127
7261 49103982271
7262 49106132581
7263 49124843701
7264 49166834267
7265 49170373739
7266 49171696003
7267 49184478991
7268 49247481697
7269 49247999191
7270 49254261131
7271 49254458263
7272 49255839667
7273 49261348369
7274 49276819201
7275 49277121211
7276 49287954631
7277 49322033197
7278 49325186861
7279 49330600411
7280 49339035901
7281 49415124001
7282 49417771651
7283 49427133031
7284 49428397771
7285 49432922029
7286 49462087249
7287 49480760071
7288 49483308421
7289 49494071017
7290 49506149239
7291 49511086661
7292 49568079331
7293 49570677001
7294 49621914371
7295 49624313203
7296 49644072679
7297 49657307041
7298 49660955143
7299 49661175961
7300 49664616211
7301 49676870933
7302 49677686101
7303 49714227091
7304 49720958603
7305 49726963441
7306 49755076801
7307 49763790721
7308 49768074271
7309 49780815793
7310 49828772683
7311 49865623729
7312 49866920717
7313 49883590541
7314 49885581019
7315 49886239201
7316 49896272221
7317 49944502357
7318 49946013001
7319 49976517781
7320 50007110311
7321 50048304769
7322 50048385073
7323 50053828441
7324 50071408831
7325 50072235361
7326 50078608213
7327 50093093287
7328 50130814399
7329 50143586221
7330 50159236051
7331 50182766713
7332 50211619201
7333 50231900041
7334 50265244727
7335 50286642151
7336 50351680321
7337 50382596347
7338 50412329221
7339 50480156341
7340 50491525033
7341 50508382681
7342 50531039791
7343 50587769347
7344 50595738877
7345 50600972731
7346 50606624941
7347 50624150149
7348 50630949451
7349 50648125201
7350 50657937721
7351 50662449631
7352 50666652577
7353 50695637761
7354 50700387781
7355 50703164191
7356 50736782471
7357 50744899801
7358 50761469221
7359 50772105541
7360 50780650051
7361 50790477109
7362 50807571751
7363 50839859351
7364 50856911761
7365 50870240191
7366 50875212919
7367 50881673191
7368 50924714767
7369 50952591689
7370 50988197701
7371 50997263347
7372 51010356673
7373 51011489827
7374 51017672161
7375 51020532067
7376 51020825941
7377 51029699437
7378 51029788609
7379 51032936503
7380 51045523829
7381 51064762321
7382 51085605451
7383 51100976431
7384 51116657531
7385 51165837721
7386 51178430909
7387 51185275681
7388 51188217529
7389 51207250219
7390 51240810097
7391 51289827317
7392 51300414199
7393 51300954073
7394 51301650403
7395 51323397481
7396 51347445661
7397 51355027123
7398 51358156669
7399 51398997791
7400 51431334121
7401 51439757041
7402 51464236393
7403 51497226037
7404 51501709201
7405 51503399711
7406 51540459521
7407 51546489697
7408 51551754211
7409 51587169787
7410 51593091481
7411 51606948871
7412 51612086839
7413 51650605441
7414 51650693461
7415 51651236239
7416 51701888113
7417 51703565761
7418 51727473541
7419 51727937311
7420 51738620251
7421 51760567351
7422 51778409041
7423 51805408841
7424 51845211601
7425 51846049291
7426 51846570271
7427 51853722721
7428 51870691801
7429 51895450073
7430 51930844351
7431 51932406199
7432 51957451153
7433 51962111569
7434 51983006687
7435 52027684273
7436 52028662981
7437 52035130951
7438 52039833311
7439 52062000751
7440 52083004993
7441 52139147581
7442 52146603181
7443 52147139437
7444 52151791177
7445 52153914781
7446 52156224871
7447 52168189591
7448 52180872277
7449 52181781931
7450 52203184661
7451 52208921953
7452 52272812971
7453 52288584559
7454 52309963591
7455 52319441137
7456 52339221229
7457 52347381841
7458 52388200621
7459 52400898397
7460 52435272319
7461 52441942177
7462 52461318121
7463 52473475001
7464 52544215237
7465 52561358029
7466 52599492037
7467 52607873449
7468 52622716381
7469 52678795901
7470 52680717853
7471 52691786281
7472 52701601867
7473 52722567481
7474 52767840313
7475 52780492351
7476 52811687503
7477 52832342327
7478 52851532189
7479 52873588021
7480 52894621589
7481 52927186681
7482 52937539051
7483 52940636641
7484 52947208261
7485 52951546693
7486 52953113401
7487 52954873891
7488 52956202391
7489 52959990331
7490 52967801503
7491 52973542081
7492 52990773907
7493 53019547381
7494 53046487763
7495 53077218391
7496 53106685633
7497 53135881021
7498 53262235489
7499 53300308753
7500 53328000133
7501 53347200901
7502 53350999021
7503 53377190761
7504 53386639417
7505 53395376761
7506 53402469751
7507 53435877133
7508 53451299251
7509 53456352409
7510 53489323273
7511 53512877417
7512 53526323329
7513 53536100237
7514 53545605499
7515 53573652001
7516 53584276241
7517 53586877303
7518 53605344547
7519 53622715301
7520 53630203177
7521 53634338519
7522 53675190419
7523 53700690781
7524 53735754047
7525 53735893129
7526 53747064001
7527 53754555097
7528 53773917133
7529 53779471027
7530 53797956697
7531 53799052231
7532 53811027271
7533 53837988181
7534 53852390131
7535 53886398413
7536 53917204771
7537 53921299591
7538 53991800017
7539 54031322161
7540 54036513451
7541 54042317383
7542 54044226673
7543 54046524179
7544 54050759137
7545 54060963841
7546 54062576023
7547 54067050703
7548 54154877141
7549 54157318447
7550 54157592161
7551 54181138771
7552 54221368499
7553 54227519149
7554 54228000157
7555 54229264681
7556 54230494891
7557 54239348791
7558 54256310677
7559 54264494831
7560 54271573159
7561 54298967311
7562 54302725621
7563 54304843213
7564 54309446101
7565 54343627003
7566 54353861623
7567 54439795411
7568 54453661501
7569 54457168351
7570 54511315717
7571 54552703729
7572 54563198017
7573 54578889289
7574 54614349217
7575 54618050371
7576 54646541203
7577 54668513791
7578 54672376951
7579 54689213377
7580 54712169821
7581 54751903933
7582 54754683547
7583 54854391271
7584 54865129411
7585 54869198149
7586 54890944111
7587 54905234809
7588 54951609901
7589 54963275071
7590 54966570751
7591 54991897861
7592 55004449319
7593 55009333237
7594 55053090721
7595 55065902251
7596 55089422341
7597 55094639623
7598 55097032777
7599 55129763431
7600 55131677581
7601 55140923581
7602 55152791791
7603 55158407809
7604 55223707507
7605 55233879721
7606 55234276021
7607 55255283749
7608 55315844299
7609 55355324347
7610 55356592589
7611 55387386697
7612 55432582201
7613 55464098461
7614 55472676481
7615 55527434929
7616 55528947631
7617 55556944453
7618 55577151559
7619 55579867501
7620 55598323699
7621 55603183711
7622 55650379501
7623 55667341711
7624 55676277697
7625 55685270071
7626 55738519873
7627 55744291247
7628 55752746611
7629 55767845971
7630 55769149351
7631 55771949341
7632 55773479341
7633 55793144411
7634 55808878561
7635 55831316467
7636 55837383211
7637 55864057393
7638 55877409253
7639 55890569737
7640 55895023549
7641 55909506421
7642 55924008901
7643 55933846249
7644 55984789741
7645 56003854999
7646 56008908463
7647 56019852013
7648 56020214101
7649 56043973441
7650 56055624913
7651 56063459161
7652 56095250329
7653 56103875521
7654 56108929717
7655 56112367501
7656 56204942797
7657 56205662707
7658 56205856279
7659 56209415767
7660 56224199791
7661 56271234601
7662 56297372269
7663 56299417903
7664 56303265751
7665 56317835341
7666 56347942141
7667 56364323303
7668 56373034051
7669 56378991061
7670 56384844121
7671 56392758997
7672 56405565127
7673 56414385583
7674 56441370811
7675 56465502229
7676 56471462587
7677 56494323073
7678 56533713619
7679 56572272751
7680 56636410109
7681 56652314821
7682 56665125089
7683 56666695411
7684 56683657609
7685 56688787237
7686 56690936821
7687 56711897929
7688 56716190161
7689 56721352141
7690 56751310351
7691 56777474167
7692 56779915123
7693 56788138501
7694 56800029133
7695 56804421101
7696 56814015763
7697 56814178627
7698 56816163559
7699 56832895351
7700 56834396851
7701 56834588287
7702 56863409221
7703 56890791127
7704 56897381857
7705 56901573769
7706 56933934961
7707 57025824949
7708 57046460131
7709 57047488291
7710 57064035659
7711 57072107737
7712 57075759691
7713 57094210339
7714 57108777991
7715 57122355181
7716 57137520133
7717 57168484453
7718 57200780881
7719 57217321321
7720 57221687581
7721 57223116043
7722 57238624291
7723 57298656871
7724 57306913847
7725 57329940013
7726 57331445761
7727 57332797831
7728 57362976607
7729 57373503097
7730 57375069571
7731 57376982053
7732 57381365911
7733 57412767413
7734 57413986561
7735 57456532603
7736 57498566119
7737 57591762509
7738 57631742221
7739 57636446671
7740 57689043301
7741 57698562127
7742 57730492033
7743 57768248159
7744 57783369277
7745 57890554273
7746 57912762601
7747 57933867421
7748 57953612257
7749 57962464003
7750 57963166801
7751 58036030471
7752 58055789719
7753 58058280853
7754 58061734561
7755 58064652253
7756 58094662081
7757 58120709761
7758 58128364141
7759 58147838011
7760 58174008199
7761 58184697397
7762 58194848251
7763 58217377121
7764 58224343297
7765 58226132413
7766 58240626571
7767 58257578711
7768 58259856929
7769 58323030737
7770 58323975001
7771 58333698803
7772 58363217639
7773 58405832099
7774 58416990259
7775 58437504487
7776 58438831951
7777 58460271031
7778 58470721753
7779 58475766511
7780 58477144291
7781 58503526849
7782 58505622481
7783 58516981381
7784 58540325471
7785 58540352131
7786 58545188101
7787 58545752773
7788 58546327621
7789 58551791383
7790 58586632057
7791 58589407321
7792 58597481953
7793 58609417411
7794 58629673523
7795 58634852329
7796 58657846021
7797 58657976419
7798 58664456701
7799 58664980177
7800 58665537961
7801 58700860597
7802 58703267257
7803 58716983207
7804 58733059631
7805 58762797751
7806 58884940651
7807 58906195867
7808 59005519501
7809 59013389527
7810 59029334131
7811 59037690961
7812 59042833921
7813 59054695831
7814 59075242381
7815 59084357623
7816 59125448227
7817 59132862361
7818 59133496681
7819 59169900661
7820 59186405431
7821 59235853141
7822 59242108567
7823 59244040873
7824 59254231889
7825 59269007071
7826 59270928331
7827 59271869161
7828 59281660531
7829 59296197283
7830 59369773633
7831 59370751777
7832 59423299321
7833 59426215003
7834 59428467559
7835 59450933431
7836 59453496727
7837 59463494011
7838 59486891797
7839 59518777561
7840 59549502097
7841 59579276221
7842 59587373077
7843 59593764343
7844 59611201417
7845 59616783481
7846 59649920593
7847 59658582031
7848 59691171403
7849 59691685321
7850 59692901041
7851 59775291577
7852 59788346413
7853 59795941921
7854 59875106617
7855 59887391341
7856 59918627761
7857 59936839579
7858 59944473541
7859 59974663057
7860 60010694537
7861 60022302071
7862 60045844321
7863 60047876461
7864 60067693729
7865 60102234817
7866 60121311251
7867 60155514901
7868 60207488083
7869 60249274177
7870 60258211201
7871 60260219977
7872 60294016513
7873 60300008413
7874 60315480961
7875 60364430827
7876 60366712669
7877 60432942421
7878 60435648127
7879 60438097567
7880 60443592301
7881 60483377683
7882 60487631821
7883 60509355469
7884 60537096619
7885 60552786599
7886 60563877067
7887 60585934753
7888 60601155859
7889 60621546191
7890 60672172091
7891 60688687621
7892 60694824997
7893 60771715601
7894 60782420791
7895 60783001891
7896 60803423497
7897 60813819901
7898 60878689453
7899 60887355211
7900 60900870187
7901 60920001451
7902 60962287387
7903 60966347437
7904 60982400161
7905 60995975671
7906 61027461389
7907 61037480791
7908 61063618177
7909 61128823879
7910 61133930281
7911 61138125751
7912 61153407601
7913 61157634049
7914 61161271183
7915 61178522563
7916 61182267301
7917 61225503571
7918 61235630263
7919 61243525171
7920 61249172401
7921 61251444403
7922 61251573181
7923 61309398151
7924 61313942341
7925 61340158153
7926 61340265841
7927 61348564621
7928 61427491019
7929 61440201733
7930 61451777239
7931 61458579601
7932 61498384111
7933 61515017689
7934 61515856033
7935 61519115953
7936 61544108651
7937 61544283967
7938 61546519537
7939 61552267789
7940 61559176681
7941 61613663203
7942 61640543611
7943 61655497177
7944 61690096051
7945 61726397113
7946 61799712133
7947 61835814361
7948 61960542601
7949 62010308377
7950 62025023113
7951 62030003641
7952 62037064069
7953 62045334121
7954 62107476091
7955 62150659309
7956 62175192661
7957 62182658581
7958 62232678217
7959 62242134439
7960 62247150703
7961 62250163141
7962 62275464541
7963 62279057107
7964 62279095777
7965 62305081147
7966 62320559491
7967 62343751807
7968 62412449527
7969 62470607707
7970 62501452903
7971 62525491489
7972 62529544351
7973 62586335503
7974 62590699081
7975 62594116621
7976 62611404571
7977 62671275703
7978 62711114701
7979 62747771131
7980 62774800531
7981 62843933161
7982 62861567297
7983 62929894987
7984 62949784717
7985 62963137921
7986 62968115879
7987 62976732151
7988 62982177553
7989 63003092851
7990 63003093721
7991 63012396487
7992 63120533419
7993 63143194841
7994 63146331541
7995 63160360147
7996 63173590871
7997 63184488907
7998 63216256951
7999 63223770781
8000 63257348851
8001 63260155681
8002 63288814753
8003 63302727757
8004 63320618167
8005 63375484327
8006 63380681461
8007 63382210841
8008 63403489073
8009 63416959453
8010 63421761817
8011 63456873121
8012 63466627877
8013 63510878521
8014 63534873751
8015 63541139971
8016 63543599029
8017 63549179623
8018 63553207087
8019 63560763073
8020 63652280429
8021 63655247371
8022 63684144811
8023 63700256537
8024 63721530241
8025 63735828781
8026 63738427813
8027 63746901523
8028 63779905201
8029 63790003553
8030 63825929311
8031 63870703201
8032 63892559953
8033 63938965159
8034 63945157249
8035 63960874291
8036 63975728701
8037 63983297701
8038 63989789221
8039 63990076993
8040 63992663281
8041 64008094321
8042 64013667631
8043 64029802651
8044 64090596901
8045 64099345441
8046 64110195601
8047 64126749697
8048 64171841581
8049 64172232937
8050 64230968341
8051 64236969691
8052 64244632957
8053 64250860969
8054 64289666767
8055 64296635209
8056 64307236141
8057 64313854471
8058 64333080247
8059 64335912847
8060 64339311097
8061 64373199463
8062 64409543353
8063 64436535127
8064 64441845781
8065 64459950661
8066 64472454061
8067 64496640913
8068 64516362751
8069 64529980681
8070 64550245759
8071 64555680967
8072 64563256801
8073 64567477333
8074 64576093753
8075 64581918823
8076 64607102227
8077 64608518917
8078 64628772913
8079 64640647147
8080 64671004261
8081 64684665229
8082 64693184051
8083 64714832551
8084 64731279781
8085 64748334823
8086 64751810041
8087 64752520981
8088 64770479317
8089 64832300641
8090 64869274751
8091 64871770261
8092 64881242251
8093 64902576901
8094 64939422451
8095 64949587531
8096 64954149019
8097 64955675821
8098 65038530019
8099 65076432661
8100 65081645371
8101 65111564449
8102 65172025861
8103 65175994021
8104 65183628583
8105 65194257871
8106 65210088637
8107 65284186771
8108 65298073051
8109 65300217529
8110 65302760461
8111 65324522077
8112 65355648541
8113 65371590041
8114 65394385211
8115 65463271039
8116 65484957463
8117 65486136769
8118 65497624141
8119 65502752761
8120 65533153513
8121 65541006541
8122 65543979541
8123 65550113011
8124 65550503569
8125 65563452001
8126 65580476041
8127 65591565313
8128 65598098833
8129 65627694541
8130 65663788639
8131 65707358707
8132 65730579931
8133 65733131941
8134 65785793977
8135 65825797867
8136 65856012367
8137 65856956041
8138 65868641749
8139 65876753821
8140 65886188551
8141 65898099193
8142 65921292991
8143 65936593171
8144 65937599443
8145 65942290163
8146 65962051489
8147 65990928907
8148 66062770063
8149 66078695701
8150 66085213237
8151 66094299253
8152 66112024843
8153 66121434541
8154 66122079791
8155 66135458299
8156 66135753991
8157 66141306901
8158 66162676201
8159 66190101121
8160 66201452591
8161 66215931841
8162 66224120161
8163 66232135213
8164 66280999951
8165 66326086501
8166 66355891201
8167 66400057153
8168 66415390651
8169 66435803039
8170 66450956531
8171 66512204299
8172 66523984759
8173 66546070207
8174 66557428471
8175 66562078711
8176 66569869459
8177 66579830981
8178 66614697011
8179 66621154447
8180 66638226901
8181 66646104971
8182 66667297321
8183 66683861557
8184 66702462751
8185 66728639161
8186 66738134737
8187 66772016221
8188 66774876193
8189 66812869657
8190 66816142903
8191 66840690937
8192 66851850451
8193 66889185193
8194 66895126651
8195 66916291447
8196 66919933081
8197 66933796177
8198 66934788181
8199 66974883229
8200 66979041643
8201 66979517113
8202 66980157427
8203 66986050561
8204 66994723177
8205 67013073037
8206 67026869911
8207 67029411433
8208 67045862003
8209 67060557301
8210 67077000901
8211 67080055201
8212 67106973781
8213 67111001101
8214 67119420899
8215 67131015841
8216 67152198367
8217 67167538903
8218 67216395751
8219 67224174931
8220 67233528253
8221 67254815809
8222 67257323911
8223 67262142851
8224 67268735821
8225 67287059711
8226 67290961981
8227 67299800551
8228 67308355351
8229 67313903441
8230 67328248681
8231 67330822483
8232 67340151551
8233 67343582503
8234 67348532161
8235 67352390731
8236 67366802353
8237 67403434561
8238 67436187931
8239 67462542181
8240 67478163901
8241 67487702851
8242 67513937401
8243 67643385391
8244 67647022301
8245 67647248551
8246 67678659541
8247 67702608907
8248 67707142549
8249 67715229691
8250 67740523003
8251 67744143451
8252 67770823651
8253 67785212881
8254 67900811491
8255 67907912549
8256 67983671953
8257 67994790751
8258 68008830577
8259 68010488281
8260 68013916171
8261 68014411753
8262 68025418501
8263 68031728701
8264 68033059021
8265 68045910643
8266 68106974413
8267 68130145009
8268 68130164881
8269 68191798951
8270 68207098753
8271 68215369639
8272 68223331321
8273 68251308259
8274 68264150533
8275 68264293477
8276 68304906097
8277 68324812291
8278 68409052681
8279 68416512859
8280 68449075003
8281 68481480653
8282 68489775979
8283 68494098763
8284 68504954431
8285 68525027731
8286 68529259681
8287 68546789191
8288 68593706563
8289 68601258001
8290 68616451289
8291 68630948671
8292 68661154927
8293 68698597381
8294 68718008341
8295 68730140761
8296 68776735897
8297 68787699007
8298 68795575759
8299 68797326373
8300 68799194413
8301 68809848823
8302 68843757907
8303 68860073069
8304 68867775991
8305 68873582233
8306 68877172183
8307 68893502911
8308 68904877057
8309 68905792957
8310 68926289491
8311 68945031937
8312 68956997281
8313 68961498521
8314 69044954651
8315 69057414757
8316 69063899381
8317 69095475577
8318 69110841001
8319 69113737267
8320 69144886451
8321 69192988021
8322 69239276401
8323 69258239731
8324 69275696851
8325 69281623909
8326 69286661011
8327 69308671141
8328 69321565711
8329 69348572941
8330 69348613951
8331 69352204153
8332 69404286349
8333 69409206829
8334 69477578839
8335 69526721419
8336 69527764351
8337 69537450601
8338 69567809221
8339 69568761151
8340 69575614681
8341 69591517579
8342 69592904137
8343 69597400159
8344 69601477633
8345 69612003649
8346 69619759171
8347 69696765601
8348 69697911403
8349 69700517651
8350 69786559207
8351 69810755197
8352 69838524001
8353 69845839381
8354 69913011379
8355 69920387083
8356 69925692409
8357 69948375883
8358 69955827313
8359 69980915359
8360 69992586451
8361 69994934461
8362 70070102467
8363 70094313547
8364 70117418281
8365 70144505971
8366 70155092233
8367 70156498171
8368 70172924911
8369 70182496201
8370 70191614503
8371 70195884961
8372 70231213931
8373 70236198913
8374 70247357641
8375 70251368881
8376 70303557391
8377 70327188263
8378 70329487681
8379 70348315291
8380 70355904779
8381 70358941801
8382 70360652269
8383 70426641937
8384 70433418889
8385 70452632251
8386 70459542077
8387 70506833149
8388 70528619561
8389 70536268531
8390 70541050321
8391 70582188821
8392 70588998817
8393 70630087793
8394 70653945181
8395 70663285057
8396 70675929869
8397 70677862741
8398 70690416967
8399 70698800261
8400 70701347557
8401 70713280247
8402 70715248501
8403 70724425441
8404 70767306751
8405 70786468261
8406 70836033421
8407 70856287111
8408 70902727559
8409 70904269129
8410 70912946347
8411 70926396661
8412 70929846697
8413 70958209141
8414 70970887021
8415 70975063031
8416 70998631331
8417 71008400893
8418 71008548841
8419 71039216971
8420 71090183617
8421 71139376261
8422 71146441477
8423 71197831981
8424 71200406999
8425 71221579111
8426 71250292741
8427 71259338899
8428 71268189049
8429 71274832903
8430 71353995571
8431 71361225343
8432 71389306657
8433 71462428321
8434 71487612379
8435 71552124811
8436 71564196439
8437 71571824611
8438 71589991051
8439 71603622091
8440 71647575121
8441 71650307461
8442 71674091191
8443 71692467229
8444 71720787601
8445 71722651681
8446 71735860429
8447 71750258119
8448 71758444297
8449 71770865167
8450 71774026759
8451 71783939587
8452 71811183061
8453 71853469871
8454 71854130431
8455 71869158721
8456 71872003369
8457 71876581151
8458 71895312133
8459 71900453929
8460 71902793431
8461 71913319651
8462 71952783841
8463 71982393589
8464 71999591077
8465 72027683947
8466 72034224373
8467 72047449783
8468 72058331809
8469 72070506619
8470 72110573347
8471 72138036517
8472 72155532601
8473 72166973803
8474 72172415839
8475 72173993977
8476 72212120191
8477 72215431867
8478 72272621881
8479 72295142047
8480 72296224057
8481 72300976561
8482 72325549531
8483 72326468129
8484 72366622051
8485 72368414977
8486 72373906301
8487 72447093013
8488 72471384541
8489 72493942951
8490 72504445291
8491 72522608761
8492 72528680071
8493 72563616091
8494 72582976369
8495 72610125121
8496 72631585153
8497 72683257921
8498 72685677079
8499 72690558221
8500 72725349421
8501 72742264981
8502 72758262421
8503 72763459513
8504 72792969481
8505 72814631023
8506 72862039543
8507 72903455851
8508 72908287663
8509 72912625829
8510 72980449543
8511 73014240133
8512 73022393809
8513 73047295081
8514 73055532359
8515 73064748223
8516 73099741543
8517 73134238013
8518 73143392713
8519 73155104023
8520 73168716457
8521 73178702119
8522 73195953667
8523 73202254501
8524 73235227621
8525 73240120801
8526 73262273501
8527 73277921107
8528 73277968843
8529 73346734183
8530 73352404621
8531 73363671109
8532 73397810513
8533 73401897391
8534 73413675271
8535 73446955561
8536 73455282661
8537 73514228329
8538 73536325129
8539 73599244867
8540 73620732791
8541 73645269391
8542 73682790931
8543 73697411341
8544 73706375467
8545 73732303261
8546 73740453931
8547 73780096051
8548 73796984161
8549 73829676493
8550 73844215631
8551 73883977931
8552 73884158921
8553 73905407857
8554 73906578023
8555 73922980993
8556 73957506019
8557 73967470201
8558 74018156419
8559 74038143097
8560 74059200013
8561 74099699593
8562 74123713483
8563 74139936961
8564 74149347889
8565 74166987511
8566 74190097801
8567 74214151579
8568 74239753477
8569 74253669593
8570 74272476301
8571 74283367897
8572 74308533769
8573 74333715457
8574 74342716003
8575 74370847301
8576 74376343213
8577 74405208013
8578 74428259941
8579 74461741201
8580 74486516941
8581 74510027707
8582 74520974431
8583 74543014657
8584 74562592369
8585 74631888703
8586 74651342231
8587 74670985747
8588 74737613701
8589 74738401921
8590 74741533871
8591 74756576273
8592 74757606659
8593 74806152391
8594 74814335857
8595 74821148803
8596 74897904253
8597 74934954061
8598 74943031927
8599 74943114061
8600 74950786351
8601 74959530949
8602 74996902307
8603 75033180181
8604 75037072933
8605 75096444421
8606 75116926319
8607 75138178021
8608 75140503201
8609 75145809781
8610 75163980781
8611 75164575501
8612 75205989811
8613 75267010561
8614 75285070351
8615 75295291501
8616 75314211239
8617 75317401813
8618 75350936251
8619 75382015741
8620 75386335501
8621 75439751521
8622 75461518441
8623 75488274941
8624 75522444337
8625 75568020721
8626 75579267781
8627 75618299983
8628 75630206081
8629 75645729941
8630 75712040581
8631 75721326479
8632 75792337741
8633 75825623581
8634 75831599621
8635 75835216549
8636 75897333793
8637 75920448241
8638 75926949001
8639 75941184799
8640 75954738623
8641 76000867013
8642 76018325923
8643 76026915361
8644 76040922689
8645 76074281977
8646 76149299269
8647 76154414981
8648 76192964191
8649 76202843419
8650 76217909101
8651 76224351259
8652 76227630421
8653 76230949057
8654 76266018181
8655 76284567181
8656 76318069141
8657 76412685859
8658 76448906731
8659 76480333333
8660 76499717113
8661 76508735551
8662 76515753901
8663 76542194233
8664 76561544251
8665 76572809653
8666 76582695421
8667 76605763699
8668 76624276051
8669 76636333801
8670 76638174757
8671 76681865551
8672 76707030643
8673 76731400951
8674 76756700957
8675 76758805523
8676 76805694001
8677 76815940501
8678 76826159299
8679 76828803031
8680 76830284977
8681 76899637361
8682 76918852531
8683 76923559261
8684 76940276401
8685 76951177879
8686 76980281449
8687 76992224651
8688 77009248681
8689 77044749601
8690 77046038941
8691 77090675221
8692 77114112013
8693 77117113273
8694 77133661219
8695 77168507653
8696 77182032487
8697 77278774861
8698 77286409903
8699 77294294501
8700 77296131361
8701 77300053111
8702 77370319027
8703 77371355251
8704 77372010871
8705 77400686269
8706 77402778133
8707 77437456111
8708 77452336153
8709 77475820141
8710 77490023077
8711 77507631829
8712 77524487041
8713 77530093411
8714 77539428121
8715 77560289731
8716 77585525221
8717 77595668881
8718 77597747371
8719 77636914183
8720 77645155729
8721 77652467641
8722 77671297621
8723 77672338543
8724 77699136439
8725 77735916413
8726 77744325121
8727 77762976751
8728 77764963201
8729 77826389831
8730 77831278981
8731 77838513121
8732 77849033281
8733 77900952403
8734 77903843473
8735 77909640013
8736 77944596157
8737 77948325703
8738 77959111123
8739 77973562153
8740 77981613217
8741 78016942981
8742 78022015237
8743 78032321011
8744 78081954721
8745 78221342179
8746 78287992399
8747 78288299497
8748 78302766601
8749 78355200277
8750 78407056153
8751 78473137429
8752 78494153653
8753 78517978867
8754 78543952447
8755 78552190501
8756 78552265681
8757 78613645351
8758 78630675553
8759 78680686523
8760 78699669721
8761 78722389891
8762 78725289427
8763 78763944703
8764 78813202513
8765 78827329153
8766 78879544391
8767 78883562579
8768 78943188739
8769 78972637087
8770 79022781517
8771 79065832717
8772 79092756541
8773 79148031817
8774 79174986211
8775 79197644131
8776 79232848003
8777 79237880533
8778 79237923571
8779 79242978151
8780 79252287409
8781 79255383241
8782 79296649669
8783 79302016753
8784 79305173641
8785 79330029577
8786 79371738343
8787 79394385493
8788 79395973801
8789 79411306837
8790 79415500069
8791 79457821741
8792 79493923517
8793 79543652653
8794 79557127651
8795 79579854901
8796 79589275201
8797 79596014131
8798 79601098501
8799 79647022243
8800 79670745061
8801 79675066057
8802 79696887661
8803 79702235551
8804 79763357857
8805 79785562501
8806 79790702813
8807 79792734421
8808 79845474691
8809 79863770359
8810 79883815087
8811 79886539861
8812 79961812057
8813 79964925049
8814 79988513221
8815 80003105101
8816 80024969977
8817 80069713687
8818 80152672771
8819 80160070801
8820 80180851417
8821 80208246493
8822 80213139529
8823 80222752231
8824 80227401391
8825 80242238863
8826 80253959101
8827 80263216153
8828 80313963601
8829 80330022271
8830 80342602387
8831 80343406991
8832 80361928351
8833 80417480599
8834 80460388117
8835 80469512641
8836 80489033101
8837 80490333529
8838 80527740301
8839 80531014363
8840 80560001281
8841 80567076451
8842 80596714081
8843 80597564251
8844 80645350351
8845 80765377921
8846 80766108391
8847 80782653313
8848 80816368513
8849 80837622601
8850 80862043681
8851 80882517217
8852 80889855467
8853 80893830697
8854 80944708807
8855 80949094321
8856 81008637841
8857 81046748537
8858 81053148181
8859 81070971409
8860 81075764881
8861 81087652801
8862 81112332421
8863 81162711631
8864 81163170721
8865 81175683331
8866 81186557821
8867 81193513801
8868 81224759713
8869 81231634279
8870 81243439201
8871 81263065861
8872 81289627847
8873 81289665217
8874 81292586257
8875 81312426739
8876 81348748753
8877 81353251279
8878 81365467681
8879 81366015901
8880 81431813473
8881 81450401761
8882 81465289951
8883 81471427901
8884 81483117931
8885 81504249721
8886 81603510061
8887 81605374021
8888 81640558501
8889 81687972529
8890 81750609883
8891 81763060501
8892 81818399521
8893 81855239269
8894 81910437409
8895 81920793151
8896 81924893737
8897 81927652531
8898 81936398221
8899 82039374269
8900 82047851101
8901 82048677751
8902 82061218801
8903 82097534539
8904 82109491157
8905 82118460187
8906 82124926003
8907 82235453041
8908 82281237193
8909 82318050361
8910 82326108239
8911 82342297441
8912 82363706443
8913 82378901797
8914 82405203733
8915 82427127751
8916 82433294521
8917 82456728733
8918 82470602251
8919 82503304651
8920 82506900587
8921 82514103751
8922 82564772347
8923 82565006959
8924 82582850683
8925 82595555281
8926 82598794711
8927 82622412251
8928 82737484327
8929 82745257057
8930 82748106629
8931 82758375703
8932 82808458669
8933 82835502511
8934 82841142539
8935 82843331521
8936 82907499751
8937 82949200001
8938 82963640233
8939 83034298153
8940 83036886481
8941 83065694741
8942 83078656669
8943 83081021209
8944 83084141137
8945 83100846721
8946 83105044681
8947 83108637811
8948 83123666167
8949 83126775601
8950 83160318121
8951 83188553671
8952 83221713541
8953 83222288309
8954 83222820253
8955 83235387259
8956 83242529701
8957 83243004787
8958 83275244641
8959 83282933161
8960 83313771451
8961 83352012841
8962 83380749427
8963 83419510231
8964 83422602829
8965 83455387669
8966 83492303203
8967 83500241491
8968 83500534891
8969 83513902291
8970 83636511967
8971 83654202061
8972 83675370241
8973 83735535199
8974 83742862591
8975 83743837633
8976 83776957111
8977 83797603873
8978 83799487003
8979 83828294551
8980 83828586031
8981 83836574221
8982 83855247481
8983 83860928971
8984 83998331011
8985 84108386111
8986 84109347211
8987 84164939281
8988 84165623161
8989 84175239691
8990 84190073311
8991 84230595073
8992 84300730361
8993 84310179361
8994 84318313393
8995 84402381901
8996 84420830413
8997 84441389581
8998 84467528251
8999 84488570857
9000 84503380033
9001 84513498637
9002 84531563821
9003 84554887447
9004 84562391107
9005 84651949537
9006 84707134471
9007 84736878409
9008 84746710981
9009 84787306537
9010 84808742311
9011 84814632631
9012 84841754801
9013 84846935377
9014 84879350389
9015 84884485141
9016 84891898543
9017 84945285361
9018 84954809611
9019 84980254591
9020 85003485001
9021 85005640021
9022 85010823811
9023 85053266251
9024 85066584751
9025 85083835141
9026 85130325001
9027 85139492851
9028 85323439813
9029 85339222081
9030 85379838721
9031 85392911911
9032 85394937097
9033 85410620209
9034 85430910937
9035 85500830227
9036 85514902903
9037 85521934261
9038 85537567567
9039 85554609031
9040 85679774017
9041 85701319729
9042 85741577767
9043 85751182661
9044 85755782269
9045 85759990739
9046 85770785383
9047 85780209811
9048 85818886561
9049 85857162931
9050 85862644003
9051 85862656573
9052 85877687641
9053 85884837121
9054 85926174001
9055 85948901881
9056 85957463593
9057 85968413161
9058 86017685531
9059 86069955791
9060 86170205101
9061 86252490901
9062 86254090271
9063 86278276573
9064 86282982661
9065 86374840861
9066 86377087831
9067 86412920179
9068 86442564469
9069 86463810421
9070 86476237331
9071 86495906599
9072 86524344541
9073 86564502613
9074 86581842271
9075 86588074609
9076 86590979291
9077 86596723391
9078 86599015651
9079 86615539441
9080 86685734521
9081 86686400533
9082 86687279311
9083 86700101491
9084 86706210961
9085 86716186201
9086 86729157451
9087 86764492561
9088 86780563273
9089 86811109087
9090 86815382221
9091 86830814341
9092 86888746621
9093 86911165741
9094 87053960533
9095 87061122727
9096 87133283227
9097 87146828953
9098 87147217081
9099 87156517213
9100 87173540161
9101 87203338709
9102 87240795841
9103 87250391461
9104 87364536631
9105 87377734207
9106 87406985401
9107 87430164949
9108 87432592519
9109 87437881441
9110 87445816057
9111 87507405899
9112 87519678487
9113 87537560371
9114 87627003661
9115 87666424411
9116 87697287841
9117 87697662301
9118 87702557797
9119 87715926313
9120 87768035191
9121 87771987889
9122 87834317221
9123 87850442881
9124 87896835181
9125 87913582903
9126 87921215341
9127 87935197627
9128 87949680337
9129 87974674327
9130 88002133777
9131 88007976631
9132 88010789719
9133 88074674551
9134 88075450079
9135 88081511101
9136 88081680961
9137 88230872701
9138 88237864751
9139 88239326291
9140 88246412957
9141 88248298781
9142 88331719141
9143 88364279197
9144 88402345921
9145 88406633767
9146 88445372137
9147 88466497313
9148 88473676747
9149 88479533341
9150 88528535371
9151 88543676521
9152 88545078007
9153 88673320147
9154 88676878723
9155 88706457451
9156 88722590377
9157 88736040973
9158 88748740627
9159 88781147051
9160 88836714361
9161 88857742681
9162 88858544227
9163 88867261759
9164 88882344631
9165 88885350721
9166 88890090151
9167 88895402441
9168 88897720609
9169 88906342801
9170 88927530511
9171 88940711669
9172 88969989253
9173 88974090367
9174 89002608661
9175 89023426339
9176 89079813523
9177 89082490631
9178 89084838151
9179 89107183651
9180 89172876101
9181 89175942487
9182 89177153017
9183 89188727941
9184 89191239481
9185 89245216513
9186 89278751329
9187 89298608731
9188 89303701987
9189 89339766517
9190 89392766401
9191 89398330897
9192 89400645577
9193 89414741131
9194 89432921881
9195 89462054533
9196 89465134501
9197 89490905839
9198 89538938029
9199 89539175741
9200 89547719647
9201 89596462427
9202 89600681353
9203 89606694059
9204 89615026381
9205 89646710221
9206 89699860153
9207 89715001801
9208 89753701753
9209 89754392461
9210 89760658951
9211 89778786091
9212 89786767123
9213 89825894731
9214 89866798327
9215 89880672001
9216 89922508579
9217 89931229501
9218 89953117279
9219 89953247737
9220 89992021043
9221 89998910191
9222 90033792787
9223 90059854981
9224 90076581739
9225 90108626557
9226 90108782851
9227 90154426441
9228 90187832593
9229 90197188241
9230 90213324679
9231 90249081647
9232 90249613561
9233 90253563247
9234 90292549673
9235 90355680433
9236 90357578401
9237 90415559521
9238 90424471051
9239 90468827567
9240 90488422117
9241 90514543921
9242 90517024861
9243 90559689481
9244 90583495927
9245 90584608381
9246 90590819041
9247 90609496249
9248 90624097747
9249 90626647009
9250 90641625271
9251 90671598247
9252 90683371631
9253 90696591481
9254 90697013713
9255 90713407249
9256 90724760351
9257 90733440571
9258 90762326873
9259 90772864921
9260 90784043029
9261 90817717621
9262 90845700499
9263 90889045963
9264 90905564413
9265 90906919349
9266 90946835687
9267 90952005061
9268 90970743037
9269 90971974297
9270 90973340221
9271 90991633633
9272 91009778203
9273 91018357471
9274 91035378253
9275 91109610649
9276 91178180827
9277 91179030499
9278 91189483729
9279 91219635781
9280 91232999771
9281 91252726391
9282 91300896331
9283 91374483091
9284 91381472081
9285 91446019759
9286 91456233391
9287 91460468251
9288 91471129903
9289 91553234041
9290 91597054303
9291 91609762861
9292 91635929419
9293 91636042567
9294 91666273051
9295 91673632201
9296 91689324871
9297 91707126811
9298 91765047151
9299 91773653401
9300 91806659827
9301 91811005901
9302 91814809861
9303 91865200261
9304 91873584001
9305 91875265441
9306 91884993751
9307 91889525521
9308 91933648003
9309 91950558787
9310 92021465251
9311 92086911451
9312 92114706751
9313 92116800547
9314 92120369251
9315 92130536779
9316 92137290451
9317 92145879601
9318 92178014017
9319 92180453461
9320 92181516871
9321 92218320133
9322 92233486511
9323 92247618739
9324 92304502291
9325 92399611921
9326 92403163441
9327 92438605351
9328 92440807219
9329 92445683461
9330 92458557661
9331 92510090623
9332 92513357119
9333 92544482851
9334 92548631143
9335 92589467041
9336 92597813497
9337 92600976583
9338 92610486151
9339 92634960367
9340 92640659861
9341 92656320703
9342 92698637701
9343 92712155131
9344 92712885337
9345 92724060277
9346 92733768013
9347 92794391509
9348 92817578701
9349 92827369489
9350 92846669581
9351 92918966479
9352 92924709337
9353 92955293551
9354 92967164123
9355 92985856651
9356 92991768013
9357 92991904657
9358 93024043213
9359 93025789081
9360 93041701523
9361 93083662621
9362 93096640909
9363 93110580811
9364 93110735629
9365 93129107023
9366 93158109331
9367 93214897271
9368 93224540503
9369 93234752101
9370 93240063307
9371 93261930841
9372 93269536561
9373 93364286881
9374 93412053073
9375 93431019067
9376 93456938137
9377 93468478951
9378 93504873937
9379 93525168907
9380 93533144959
9381 93583306801
9382 93585584359
9383 93608217553
9384 93624092521
9385 93644433301
9386 93699205627
9387 93753343243
9388 93805779511
9389 93819776461
9390 93841705333
9391 93854562551
9392 93899361403
9393 93903704821
9394 93918953143
9395 93943321921
9396 93949971337
9397 93953184277
9398 93961775251
9399 94007552329
9400 94020514981
9401 94041618301
9402 94056157763
9403 94116290731
9404 94141822087
9405 94142647387
9406 94205920513
9407 94208889601
9408 94210861141
9409 94228757533
9410 94247311507
9411 94248429661
9412 94265358409
9413 94270345027
9414 94274155531
9415 94343631071
9416 94369893913
9417 94375152127
9418 94395596557
9419 94408269551
9420 94425651091
9421 94455753757
9422 94461640549
9423 94533250393
9424 94574517841
9425 94576463521
9426 94590990001
9427 94643169433
9428 94650362497
9429 94658309761
9430 94759222471
9431 94803758011
9432 94846001377
9433 94882273289
9434 94902308233
9435 94914882487
9436 94943500081
9437 94946607841
9438 94952346133
9439 94980858337
9440 95000432941
9441 95016468301
9442 95030298577
9443 95061083833
9444 95114777491
9445 95155747105
9446 95171656483
9447 95172269941
9448 95176478629
9449 95192316787
9450 95192615701
9451 95203584001
9452 95281634449
9453 95286629941
9454 95371568911
9455 95427682021
9456 95455151573
9457 95465928403
9458 95509732951
9459 95529437251
9460 95533312711
9461 95567445109
9462 95571910351
9463 95627473657
9464 95660175529
9465 95716027681
9466 95771854417
9467 95885653267
9468 95922657001
9469 95987806801
9470 96038652943
9471 96055881193
9472 96063260203
9473 96107643341
9474 96132409783
9475 96133341781
9476 96238277281
9477 96400770301
9478 96460024123
9479 96522933697
9480 96533526649
9481 96534423301
9482 96665186971
9483 96713203747
9484 96720438967
9485 96723166129
9486 96739069591
9487 96752950123
9488 96761182897
9489 96769491547
9490 96817806403
9491 96822101377
9492 96864692599
9493 96870898801
9494 96884929153
9495 96889622191
9496 96908835271
9497 96928433501
9498 96930746569
9499 96934250197
9500 96968170891
9501 97012890133
9502 97034475001
9503 97056029071
9504 97144951663
9505 97151584069
9506 97151637061
9507 97180854061
9508 97181014561
9509 97193306953
9510 97212087001
9511 97214703211
9512 97216491373
9513 97221300301
9514 97221627001
9515 97300512013
9516 97309969903
9517 97317941197
9518 97321339321
9519 97329031381
9520 97342649909
9521 97347361591
9522 97352679979
9523 97384274989
9524 97413944801
9525 97427678041
9526 97434643681
9527 97528209193
9528 97532070751
9529 97549531591
9530 97615793713
9531 97616024221
9532 97627862503
9533 97630916101
9534 97653524797
9535 97684155253
9536 97690194307
9537 97703703241
9538 97706663783
9539 97750100659
9540 97762983481
9541 97764964961
9542 97771083301
9543 97887454669
9544 97921333333
9545 97958016323
9546 97971959401
9547 98012410501
9548 98061461137
9549 98071561561
9550 98079785857
9551 98081986213
9552 98130922609
9553 98147443981
9554 98148372481
9555 98181666133
9556 98207807851
9557 98271106751
9558 98273922301
9559 98275842811
9560 98318408203
9561 98340696763
9562 98351067781
9563 98387786701
9564 98418496987
9565 98420839441
9566 98423231383
9567 98442744913
9568 98477209531
9569 98515393021
9570 98557936693
9571 98592300463
9572 98605444033
9573 98680586131
9574 98728904611
9575 98842759901
9576 98843233451
9577 98855483521
9578 98882015689
9579 98889314197
9580 98907932729
9581 98908663751
9582 98934842287
9583 98938585621
9584 98957969713
9585 99003066247
9586 99022067731
9587 99051982987
9588 99102157571
9589 99117978121
9590 99171666901
9591 99203108707
9592 99220360891
9593 99299403127
9594 99311494213
9595 99314523001
9596 99321099211
9597 99322247197
9598 99358133299
9599 99391286629
9600 99428824951
9601 99463098601
9602 99471784189
9603 99506064001
9604 99514739221
9605 99546104503
9606 99558684469
9607 99566948101
9608 99583194751
9609 99625928617
9610 99657393949
9611 99663935491
9612 99740136611
9613 99842844421
9614 99851231761
9615 99851537521
9616 99855724483
9617 99892464211
9618 100006617019
9619 100088647489
9620 100110605281
9621 100225809379
9622 100226774539
9623 100238978641
9624 100252892699
9625 100262510713
9626 100264053529
9627 100270642393
9628 100279139329
9629 100294236013
9630 100357925761
9631 100365433243
9632 100387181611
9633 100414018567
9634 100422031711
9635 100478656513
9636 100526970997
9637 100619858503
9638 100689184381
9639 100716128191
9640 100756676659
9641 100762633513
9642 100780500943
9643 100838313451
9644 100861843807
9645 100870586599
9646 100883685601
9647 100910149231
9648 100915725637
9649 100931818681
9650 100939678729
9651 100949591653
9652 100962441301
9653 100967247281
9654 101029213561
9655 101040141913
9656 101096042881
9657 101188641511
9658 101244378901
9659 101248349869
9660 101251012501
9661 101315794561
9662 101316852851
9663 101335400291
9664 101378494177
9665 101385720451
9666 101391904571
9667 101492135299
9668 101531084113
9669 101537826241
9670 101545614991
9671 101586860873
9672 101597223421
9673 101669761801
9674 101673357673
9675 101675235983
9676 101699372503
9677 101720969437
9678 101770122127
9679 101770385851
9680 101791396801
9681 101794412789
9682 101795761621
9683 101814452209
9684 101862223921
9685 101870043461
9686 101889166381
9687 101929892509
9688 101935134179
9689 101942921449
9690 101960339821
9691 101984726573
9692 102002230441
9693 102006710737
9694 102011458501
9695 102018432349
9696 102044618413
9697 102050524573
9698 102078563203
9699 102105675253
9700 102191548747
9701 102212416567
9702 102236474209
9703 102240079811
9704 102292386223
9705 102336010981
9706 102370159501
9707 102386629801
9708 102493606391
9709 102503478139
9710 102506125429
9711 102520860391
9712 102521859751
9713 102530684831
9714 102565435211
9715 102597044551
9716 102608972101
9717 102637724041
9718 102662173459
9719 102763718461
9720 102784032073
9721 102868735153
9722 102868814791
9723 102873472321
9724 102877160401
9725 102893490703
9726 102913326577
9727 102916942057
9728 102962855719
9729 102973343911
9730 103028200507
9731 103058113591
9732 103067761231
9733 103077311401
9734 103100732407
9735 103110055819
9736 103128423553
9737 103139910371
9738 103152364561
9739 103162894381
9740 103193653333
9741 103219313101
9742 103225990177
9743 103260432133
9744 103273615381
9745 103294005211
9746 103306059433
9747 103308024481
9748 103333360213
9749 103359484801
9750 103393324273
9751 103415971051
9752 103457202751
9753 103485979901
9754 103505882617
9755 103534321717
9756 103547966443
9757 103653351661
9758 103681581967
9759 103692240631
9760 103692972151
9761 103694242381
9762 103704112381
9763 103704162031
9764 103707840343
9765 103711658203
9766 103712645639
9767 103724068681
9768 103737818851
9769 103745133559
9770 103767282361
9771 103782826571
9772 103804357259
9773 103823601337
9774 103895908033
9775 103903315111
9776 103984499081
9777 103985719073
9778 104027477627
9779 104039978023
9780 104070030121
9781 104077521451
9782 104085550867
9783 104086066571
9784 104130911821
9785 104257512971
9786 104277812311
9787 104283052339
9788 104297767159
9789 104304028951
9790 104338190051
9791 104378106743
9792 104382222751
9793 104402494351
9794 104426836021
9795 104427913153
9796 104439274501
9797 104494401019
9798 104533827763
9799 104543970217
9800 104593772791
9801 104761014667
9802 104800400641
9803 104813234941
9804 104860201951
9805 104903668801
9806 104906504431
9807 104912063857
9808 104912452457
9809 104950823009
9810 104973238163
9811 105003573841
9812 105017490911
9813 105024394081
9814 105035847281
9815 105063044797
9816 105092662141
9817 105093708719
9818 105109974811
9819 105143856361
9820 105145077871
9821 105232342219
9822 105266931823
9823 105302635903
9824 105317526751
9825 105346696591
9826 105368440501
9827 105375545351
9828 105423824971
9829 105427635869
9830 105430040731
9831 105503252821
9832 105517003391
9833 105534057331
9834 105551772649
9835 105556163689
9836 105557141737
9837 105588080791
9838 105614440051
9839 105625670179
9840 105650531587
9841 105673360621
9842 105676800913
9843 105680683441
9844 105683551283
9845 105699511171
9846 105817415201
9847 105824819197
9848 105872876881
9849 105882335989
9850 105888949741
9851 105929038561
9852 105970191721
9853 105986765683
9854 105986779111
9855 105989892181
9856 106013202037
9857 106019764003
9858 106024135141
9859 106039099349
9860 106044828847
9861 106143961921
9862 106157010247
9863 106176165187
9864 106185123199
9865 106253733541
9866 106254085537
9867 106307369741
9868 106329209251
9869 106416139927
9870 106481618713
9871 106511706343
9872 106522330069
9873 106550031901
9874 106592618467
9875 106612998553
9876 106638098789
9877 106681010041
9878 106683888403
9879 106691068061
9880 106694001751
9881 106695001631
9882 106847943619
9883 106862731111
9884 106900817189
9885 106972319611
9886 106988971753
9887 107008793053
9888 107015056849
9889 107061146011
9890 107105031769
9891 107112716401
9892 107119842703
9893 107158260889
9894 107159351797
9895 107228812681
9896 107333406181
9897 107333924101
9898 107350222537
9899 107365828481
9900 107367146251
9901 107388828433
9902 107415652741
9903 107470155781
9904 107507551051
9905 107528089411
9906 107563739587
9907 107580011251
9908 107606473861
9909 107625743101
9910 107688306181
9911 107702948641
9912 107732905051
9913 107733722011
9914 107743337461
9915 107755657153
9916 107788477787
9917 107806400483
9918 107829129601
9919 107832426301
9920 107838325729
9921 107839949491
9922 107886670123
9923 107960733421
9924 107981493689
9925 108028242649
9926 108069083851
9927 108076226701
9928 108087768671
9929 108103054931
9930 108144504553
9931 108173307439
9932 108220562413
9933 108247325887
9934 108317351089
9935 108331285091
9936 108332937073
9937 108382607651
9938 108476202871
9939 108508720951
9940 108514034803
9941 108516266041
9942 108519995761
9943 108597563647
9944 108633160771
9945 108662596561
9946 108727870681
9947 108763151143
9948 108770350627
9949 108776541187
9950 108787546177
9951 108790211251
9952 108813223213
9953 108828142453
9954 108930148781
9955 108938364001
9956 108964201561
9957 109018369387
9958 109028035201
9959 109049893633
9960 109052672653
9961 109055626973
9962 109057730413
9963 109059268501
9964 109108078951
9965 109125270307
9966 109136752003
9967 109157674099
9968 109162342591
9969 109198231601
9970 109211254807
9971 109226303803
9972 109250366677
9973 109257340501
9974 109261809847
9975 109318794001
9976 109336862251
9977 109366326931
9978 109402544161
9979 109516650877
9980 109551070801
9981 109556709571
9982 109625051161
9983 109634616127
9984 109650270241
9985 109709350831
9986 109738855297
9987 109757472199
9988 109776162751
9989 109834656643
9990 109849601137
9991 109909098601
9992 110021701249
9993 110028798829
9994 110046873511
9995 110086464049
9996 110110722409
9997 110126285713
9998 110202814567
9999 110262733939
10000 110266751489
10001 110277087157
10002 110318616703
10003 110399734369
10004 110424207193
10005 110449331137
10006 110507048653
10007 110599680133
10008 110627755057
10009 110648659651
10010 110677918051
10011 110718000559
10012 110752025851
10013 110797391161
10014 110864693521
10015 110919722491
10016 110955121201
10017 110960360551
10018 111003908801
10019 111084900343
10020 111125634181
10021 111185734747
10022 111222656533
10023 111303036181
10024 111322862731
10025 111350255273
10026 111369435841
10027 111378203551
10028 111381937129
10029 111403068641
10030 111492992917
10031 111529629121
10032 111535250143
10033 111549467611
10034 111648848257
10035 111661226029
10036 111662856451
10037 111673527271
10038 111707500381
10039 111709416001
10040 111736192261
10041 111737197441
10042 111767098801
10043 111800746081
10044 111810820351
10045 111832061881
10046 111844856593
10047 111860021731
10048 111945834001
10049 111974798209
10050 111983583079
10051 111990643789
10052 112000666387
10053 112055279101
10054 112069986697
10055 112087079593
10056 112107948037
10057 112157396009
10058 112161973327
10059 112203283051
10060 112234765501
10061 112264838533
10062 112309079851
10063 112323363773
10064 112355775703
10065 112411131841
10066 112425752077
10067 112445977621
10068 112463204017
10069 112505654647
10070 112512062209
10071 112513853567
10072 112545340513
10073 112567404031
10074 112599703891
10075 112616162413
10076 112636666561
10077 112648148929
10078 112697341903
10079 112704649693
10080 112705572241
10081 112745777311
10082 112785561349
10083 112811468111
10084 112811905801
10085 112828726279
10086 112830556681
10087 112850678431
10088 112854682411
10089 112885644103
10090 112895574877
10091 112912360969
10092 112951301899
10093 112953295267
10094 112985957353
10095 112986536587
10096 112996675171
10097 113018631611
10098 113034250297
10099 113040593521
10100 113066261351
10101 113102083333
10102 113171318831
10103 113184229027
10104 113254396793
10105 113256348211
10106 113262344251
10107 113296536649
10108 113314100791
10109 113354253013
10110 113375597113
10111 113401030009
10112 113408764319
10113 113409852421
10114 113410450177
10115 113411739817
10116 113426797789
10117 113439180403
10118 113452789339
10119 113491520941
10120 113499222307
10121 113536727371
10122 113554596313
10123 113557068073
10124 113596918469
10125 113600920801
10126 113625928753
10127 113631111721
10128 113639852659
10129 113690005381
10130 113720386447
10131 113874081553
10132 113884401791
10133 113896906003
10134 113955477421
10135 113957213537
10136 113957787511
10137 113973141059
10138 114011481403
10139 114044604097
10140 114063309097
10141 114136998517
10142 114150505801
10143 114183933491
10144 114192113309
10145 114232495021
10146 114247549027
10147 114334515523
10148 114340606241
10149 114361034591
10150 114372770401
10151 114391374049
10152 114400490401
10153 114400688417
10154 114445237537
10155 114493828651
10156 114516297451
10157 114572914507
10158 114634870507
10159 114636009349
10160 114644018953
10161 114654168091
10162 114668653807
10163 114742924537
10164 114768137131
10165 114771471181
10166 114791961259
10167 114807177343
10168 114807689077
10169 114867240643
10170 114889084129
10171 114922060441
10172 114941664991
10173 114947418601
10174 114958554979
10175 114969736741
10176 114989216497
10177 114995852131
10178 115056764551
10179 115128812317
10180 115152696037
10181 115178985601
10182 115206480091
10183 115210629601
10184 115227840703
10185 115231615073
10186 115238697751
10187 115260060601
10188 115272795331
10189 115287343049
10190 115291599541
10191 115312708717
10192 115335464119
10193 115337641721
10194 115342883521
10195 115413385291
10196 115426690849
10197 115448533903
10198 115491188737
10199 115508781313
10200 115526500909
10201 115590077461
10202 115645586113
10203 115658087581
10204 115676745901
10205 115688998153
10206 115721518177
10207 115744760041
10208 115748571511
10209 115756898711
10210 115770250681
10211 115801043473
10212 115832215591
10213 115886944289
10214 115892660089
10215 115926622351
10216 115975690321
10217 116048460061
10218 116049853921
10219 116053921171
10220 116104599451
10221 116138858617
10222 116181212941
10223 116215059313
10224 116219749813
10225 116228112001
10226 116278223491
10227 116284580527
10228 116327640281
10229 116345323681
10230 116361392491
10231 116381114809
10232 116408293129
10233 116453793541
10234 116495763841
10235 116579341231
10236 116594200999
10237 116659610449
10238 116802451033
10239 116824191661
10240 116826140209
10241 116826971509
10242 116866823263
10243 116877180421
10244 116896307347
10245 116897299741
10246 116906191111
10247 116954823871
10248 117000588491
10249 117047539393
10250 117109777321
10251 117110929541
10252 117172722883
10253 117184876903
10254 117198990481
10255 117224614711
10256 117225844777
10257 117239141419
10258 117286247107
10259 117291508121
10260 117300048301
10261 117355547167
10262 117366665851
10263 117377684821
10264 117474637561
10265 117515439427
10266 117565771541
10267 117619771201
10268 117624965713
10269 117648434821
10270 117661732651
10271 117711630863
10272 117719736661
10273 117755424877
10274 117787473901
10275 117876676741
10276 117901874527
10277 117944832067
10278 117955417321
10279 117957313183
10280 117961028641
10281 117978808429
10282 118069570711
10283 118087446781
10284 118108152553
10285 118122668197
10286 118127890891
10287 118130060287
10288 118135057951
10289 118159619689
10290 118211172229
10291 118232216041
10292 118246446061
10293 118259014177
10294 118287271621
10295 118297543369
10296 118300901249
10297 118312820641
10298 118382361481
10299 118418926069
10300 118459881607
10301 118485176923
10302 118498340269
10303 118508939893
10304 118528366639
10305 118530472141
10306 118605102001
10307 118638308881
10308 118647708089
10309 118670087467
10310 118670958253
10311 118697899393
10312 118704040921
10313 118719698527
10314 118750385161
10315 118759079641
10316 118763203333
10317 118815120433
10318 118829895601
10319 118901694451
10320 118911657151
10321 118923003781
10322 118945885411
10323 118978517791
10324 118993526263
10325 119042244283
10326 119048419981
10327 119081430301
10328 119102017249
10329 119124979681
10330 119125679327
10331 119133250237
10332 119255955241
10333 119261266177
10334 119275888051
10335 119357898691
10336 119373624913
10337 119401548001
10338 119405179297
10339 119540529709
10340 119541539279
10341 119560201531
10342 119597347633
10343 119614858111
10344 119641247711
10345 119760448501
10346 119838013171
10347 119846422921
10348 119859746581
10349 119933286931
10350 120007618741
10351 120013661083
10352 120020552713
10353 120032716801
10354 120101853301
10355 120135833161
10356 120149546563
10357 120160888093
10358 120195996649
10359 120212328427
10360 120214529839
10361 120270709357
10362 120272018281
10363 120328963373
10364 120345383467
10365 120381099287
10366 120409148161
10367 120413942053
10368 120431004893
10369 120455495827
10370 120460725703
10371 120468309697
10372 120488496133
10373 120561095401
10374 120563113591
10375 120586987501
10376 120606308101
10377 120638541857
10378 120638643551
10379 120657649201
10380 120665671651
10381 120700116721
10382 120705032533
10383 120708234811
10384 120710566549
10385 120735103057
10386 120750854821
10387 120780203545
10388 120822047611
10389 120826662331
10390 120826775467
10391 120853582081
10392 120875587801
10393 120892498651
10394 120901273657
10395 120914623369
10396 120931954453
10397 120932390503
10398 120935182801
10399 120939130271
10400 120946261339
10401 120950419591
10402 120978051067
10403 121000307437
10404 121002621841
10405 121020930253
10406 121026615481
10407 121117947607
10408 121152044311
10409 121162189111
10410 121288597123
10411 121387238281
10412 121388803303
10413 121417914367
10414 121464273547
10415 121471642673
10416 121483488631
10417 121495077991
10418 121535099731
10419 121544384461
10420 121564627153
10421 121574224981
10422 121576433203
10423 121583333467
10424 121595282401
10425 121607985313
10426 121677898427
10427 121694614417
10428 121743842221
10429 121764154849
10430 121770845101
10431 121827909061
10432 121831092631
10433 121861868617
10434 121908109753
10435 121917170519
10436 121983420751
10437 122054079181
10438 122078762191
10439 122094848251
10440 122101250839
10441 122109537637
10442 122130272413
10443 122160500281
10444 122200692421
10445 122310792451
10446 122333490553
10447 122366638441
10448 122369407681
10449 122410825631
10450 122480040541
10451 122481369991
10452 122523436571
10453 122581164751
10454 122602358971
10455 122603184271
10456 122635122013
10457 122649128053
10458 122660111647
10459 122666876401
10460 122681773783
10461 122704981573
10462 122721231331
10463 122807082791
10464 122822050609
10465 122866624357
10466 122887749403
10467 122924041327
10468 122957826163
10469 122965708321
10470 122997204089
10471 123030026407
10472 123031282477
10473 123066886447
10474 123069928717
10475 123110709481
10476 123112880381
10477 123165403681
10478 123173471611
10479 123224023399
10480 123284339597
10481 123296362219
10482 123319114153
10483 123358273679
10484 123367080961
10485 123370150801
10486 123391183411
10487 123410799937
10488 123436221679
10489 123437320987
10490 123498376801
10491 123500146739
10492 123511901089
10493 123533841281
10494 123553420537
10495 123585502571
10496 123609016351
10497 123781732903
10498 123817599067
10499 123841447003
10500 123868648747
10501 123877337431
10502 123890484961
10503 123916390571
10504 123917181901
10505 123919944523
10506 123961639411
10507 124045739599
10508 124069822801
10509 124098354073
10510 124105093597
10511 124115646151
10512 124187525641
10513 124214468197
10514 124232286691
10515 124267803661
10516 124274480581
10517 124342049413
10518 124343663281
10519 124367552011
10520 124408563361
10521 124523079385
10522 124541546131
10523 124555246021
10524 124561961497
10525 124601810761
10526 124609316977
10527 124628330251
10528 124640966413
10529 124677572251
10530 124703817463
10531 124741052641
10532 124745271751
10533 124754678263
10534 124763955733
10535 124766648371
10536 124781726389
10537 124799663663
10538 124858789903
10539 124878052181
10540 124895188507
10541 124928287291
10542 124940820223
10543 124994733121
10544 125027822971
10545 125029768711
10546 125035444301
10547 125147909041
10548 125149528981
10549 125149618381
10550 125154383407
10551 125238849133
10552 125284107131
10553 125291398207
10554 125297203333
10555 125353798721
10556 125358607063
10557 125400451721
10558 125441138521
10559 125444357851
10560 125461430551
10561 125463254617
10562 125525030401
10563 125574174991
10564 125592272017
10565 125615672911
10566 125621896591
10567 125687305771
10568 125723381869
10569 125737366789
10570 125742242293
10571 125765029151
10572 125825276149
10573 125835689041
10574 125884159147
10575 125890698067
10576 125905584421
10577 125929345657
10578 125993412481
10579 125999637583
10580 126011765431
10581 126073043011
10582 126099805981
10583 126119015101
10584 126119696819
10585 126120890611
10586 126136183697
10587 126152091781
10588 126195445603
10589 126223730461
10590 126237703021
10591 126262799287
10592 126284336641
10593 126320081341
10594 126342802513
10595 126346448719
10596 126362442403
10597 126456190561
10598 126491066839
10599 126572801209
10600 126576225541
10601 126602557903
10602 126633282553
10603 126675338671
10604 126712575991
10605 126741280651
10606 126836272513
10607 126919099141
10608 126944068333
10609 126949196791
10610 126975120949
10611 126982585507
10612 127005121783
10613 127024130173
10614 127045046701
10615 127070717623
10616 127087392403
10617 127153503871
10618 127177766809
10619 127214183461
10620 127261860181
10621 127285252417
10622 127292736301
10623 127354444969
10624 127385947541
10625 127394479309
10626 127401673543
10627 127402777633
10628 127423400581
10629 127469302819
10630 127503529561
10631 127569401521
10632 127571844403
10633 127580178241
10634 127582096951
10635 127632037579
10636 127666518601
10637 127673320573
10638 127725639751
10639 127743092731
10640 127785372889
10641 127785708811
10642 127844753653
10643 127888984081
10644 127901076577
10645 127914734951
10646 127930182337
10647 127937994601
10648 128012366203
10649 128050360201
10650 128064910681
10651 128078779141
10652 128093304751
10653 128098682461
10654 128101095361
10655 128101250341
10656 128112259843
10657 128117779549
10658 128118418037
10659 128127045103
10660 128166950929
10661 128169032839
10662 128178778843
10663 128221619401
10664 128242302757
10665 128252233243
10666 128282394871
10667 128282461501
10668 128318072221
10669 128321161201
10670 128333190421
10671 128338424107
10672 128347122697
10673 128409690151
10674 128436071941
10675 128470510171
10676 128484520127
10677 128610405991
10678 128613700261
10679 128630455801
10680 128634796153
10681 128706201001
10682 128742767737
10683 128763455023
10684 128898317281
10685 128908839403
10686 128992609909
10687 129007609261
10688 129054545041
10689 129067894531
10690 129074650741
10691 129084120589
10692 129108886147
10693 129126073501
10694 129134763451
10695 129142706263
10696 129144369391
10697 129155459353
10698 129165112369
10699 129225345481
10700 129231975421
10701 129299611297
10702 129302467601
10703 129334178471
10704 129335708503
10705 129390269251
10706 129428140381
10707 129445027489
10708 129448233433
10709 129452076343
10710 129475230361
10711 129480597511
10712 129488603947
10713 129490923871
10714 129503346481
10715 129546270001
10716 129555819541
10717 129621520799
10718 129630334079
10719 129689934571
10720 129702157903
10721 129704601097
10722 129738699469
10723 129768393071
10724 129779435899
10725 129799097473
10726 129840406381
10727 129873345031
10728 129909723721
10729 129946745503
10730 129995601841
10731 130008097871
10732 130027915777
10733 130163110351
10734 130179317131
10735 130226902477
10736 130386061447
10737 130392211951
10738 130415449033
10739 130469541973
10740 130470402001
10741 130487815639
10742 130496690539
10743 130508193271
10744 130580027101
10745 130587773887
10746 130588612801
10747 130593769679
10748 130651218253
10749 130658080141
10750 130696754641
10751 130699108843
10752 130730974111
10753 130768157899
10754 130784334049
10755 130785230881
10756 130798862443
10757 130813151761
10758 130829339083
10759 130830907591
10760 130839607091
10761 130886775931
10762 131049077617
10763 131075650531
10764 131079469681
10765 131098265029
10766 131128264801
10767 131355535067
10768 131482759631
10769 131512460171
10770 131524108801
10771 131529751291
10772 131554704821
10773 131563601051
10774 131569611391
10775 131584338887
10776 131622794101
10777 131643017221
10778 131652534241
10779 131726896003
10780 131729880713
10781 131743456591
10782 131748770221
10783 131752513591
10784 131764887283
10785 131795898823
10786 131811177571
10787 131872203787
10788 131967604693
10789 131984253073
10790 132065176121
10791 132074667877
10792 132077530963
10793 132143099221
10794 132171597911
10795 132175433647
10796 132228541051
10797 132257521421
10798 132261084691
10799 132282465319
10800 132296325023
10801 132336213553
10802 132336797851
10803 132349168001
10804 132356754251
10805 132376976191
10806 132381645901
10807 132407120473
10808 132415693717
10809 132427975681
10810 132471931021
10811 132477824711
10812 132479405911
10813 132610331071
10814 132653337431
10815 132656175139
10816 132717579539
10817 132772488181
10818 132811204621
10819 132816405121
10820 132856879009
10821 132973146541
10822 132973676221
10823 132984815809
10824 133002131347
10825 133064040841
10826 133078937857
10827 133110999061
10828 133159123441
10829 133162397881
10830 133230702991
10831 133263209017
10832 133292606569
10833 133330880197
10834 133334017291
10835 133346074651
10836 133354251343
10837 133358075113
10838 133444378861
10839 133454028709
10840 133459843213
10841 133509680977
10842 133515120961
10843 133520021779
10844 133540311031
10845 133544392741
10846 133588094131
10847 133595613649
10848 133613420851
10849 133632103027
10850 133667198827
10851 133680606271
10852 133703417641
10853 133725610801
10854 133764033691
10855 133769318413
10856 133779785761
10857 133799465521
10858 133808996161
10859 133848710497
10860 133862622961
10861 133927980031
10862 133966948501
10863 133982368721
10864 133984645009
10865 134028202471
10866 134053155751
10867 134111668393
10868 134123804501
10869 134181063157
10870 134192261851
10871 134205210133
10872 134242515551
10873 134250336991
10874 134258409331
10875 134263393153
10876 134287508041
10877 134288044801
10878 134288979841
10879 134294761049
10880 134325680401
10881 134326623481
10882 134330145769
10883 134369289601
10884 134372308717
10885 134391879649
10886 134402696833
10887 134408742913
10888 134432023441
10889 134432661871
10890 134444462881
10891 134514493181
10892 134622210313
10893 134644883839
10894 134647880641
10895 134660028493
10896 134670080641
10897 134721364273
10898 134756945551
10899 134768405773
10900 134792983909
10901 134907510151
10902 134907765301
10903 135038944921
10904 135044083333
10905 135061455511
10906 135234975331
10907 135250531123
10908 135276429727
10909 135283973441
10910 135298466773
10911 135336881291
10912 135345138601
10913 135388012033
10914 135398452771
10915 135468019361
10916 135541009633
10917 135541616057
10918 135575238913
10919 135586888951
10920 135588286363
10921 135596755493
10922 135605847931
10923 135614559367
10924 135635618353
10925 135665953777
10926 135679604581
10927 135685999321
10928 135694093627
10929 135745726663
10930 135839603461
10931 135888067747
10932 135984839581
10933 135990890401
10934 136008185941
10935 136023630571
10936 136027877899
10937 136066012001
10938 136136947201
10939 136200773479
10940 136215708751
10941 136225751131
10942 136261466461
10943 136264788241
10944 136348253257
10945 136361563801
10946 136414986511
10947 136430099521
10948 136515351259
10949 136556163901
10950 136563306211
10951 136580355097
10952 136630849477
10953 136637701903
10954 136657393141
10955 136684621261
10956 136720423927
10957 136730561977
10958 136734586321
10959 136748549233
10960 136786624651
10961 136801357057
10962 136826831263
10963 136832629231
10964 136887301909
10965 136901298691
10966 136930603393
10967 136934686267
10968 136961771101
10969 136966117051
10970 136987087177
10971 137021020921
10972 137055549481
10973 137064604951
10974 137077410331
10975 137135103697
10976 137150237953
10977 137157292189
10978 137191516309
10979 137197200013
10980 137242508419
10981 137260827841
10982 137286689681
10983 137314393861
10984 137316035431
10985 137354830339
10986 137371731841
10987 137378163451
10988 137404090531
10989 137416782691
10990 137427465179
10991 137435147263
10992 137475300437
10993 137501053091
10994 137564270533
10995 137660025691
10996 137672671211
10997 137698325467
10998 137753635027
10999 137768417263
11000 137778929641
11001 137780016529
11002 137821181521
11003 137854058581
11004 137903475001
11005 137907336659
11006 137908434187
11007 137939316661
11008 138034648261
11009 138071709271
11010 138202696921
11011 138245353201
11012 138253898917
11013 138254181913
11014 138267832561
11015 138327039901
11016 138344675701
11017 138361962289
11018 138388516267
11019 138432313387
11020 138446368939
11021 138476710891
11022 138494611459
11023 138533995861
11024 138565256857
11025 138602545957
11026 138608074321
11027 138650391091
11028 138655359121
11029 138665540161
11030 138679305997
11031 138727101943
11032 138771022961
11033 138860090881
11034 138881638813
11035 138894295567
11036 138900070027
11037 138946693681
11038 138982799869
11039 139000642111
11040 139007829691
11041 139009692781
11042 139022494561
11043 139022982671
11044 139085881717
11045 139101100993
11046 139111953601
11047 139176746801
11048 139180588801
11049 139237213273
11050 139301772751
11051 139336631107
11052 139429150933
11053 139481449561
11054 139499445457
11055 139528974443
11056 139535756257
11057 139586072767
11058 139604580757
11059 139637676601
11060 139642788871
11061 139688622061
11062 139700462107
11063 139712559361
11064 139760141221
11065 139805355211
11066 139843094843
11067 139856543401
11068 139963088917
11069 139968533641
11070 139978681837
11071 139982664403
11072 139989410731
11073 140001713281
11074 140008318561
11075 140065218901
11076 140101902049
11077 140131371451
11078 140241157141
11079 140277876341
11080 140292927721
11081 140295767783
11082 140302562401
11083 140313028411
11084 140316732349
11085 140344932181
11086 140434791361
11087 140440195171
11088 140485922221
11089 140497836571
11090 140513772001
11091 140526555751
11092 140537770381
11093 140645495929
11094 140696611147
11095 140704474681
11096 140743274857
11097 140833014367
11098 140856625963
11099 140872993003
11100 140892102361
11101 140951230291
11102 140951691649
11103 140969847961
11104 141040362817
11105 141077309941
11106 141083687179
11107 141124912177
11108 141161884921
11109 141241995001
11110 141267758279
11111 141297552217
11112 141306456691
11113 141306831433
11114 141325772641
11115 141335406661
11116 141480608641
11117 141561746371
11118 141562659071
11119 141574776751
11120 141588755881
11121 141590589367
11122 141619148551
11123 141639861661
11124 141665602339
11125 141695711587
11126 141739586581
11127 141777482491
11128 141813711817
11129 141865151941
11130 141881838193
11131 141920879431
11132 141921469441
11133 141924189577
11134 141971577191
11135 141972618331
11136 142024401751
11137 142029892621
11138 142086945661
11139 142131767653
11140 142164480001
11141 142172759089
11142 142186219181
11143 142226530051
11144 142276591021
11145 142388483933
11146 142410449281
11147 142414201729
11148 142434454681
11149 142463468531
11150 142478730733
11151 142484015389
11152 142488779137
11153 142554103171
11154 142643778581
11155 142672297633
11156 142744732729
11157 142757303851
11158 142762171501
11159 142780987201
11160 142792935781
11161 142821501061
11162 142868634133
11163 142873722181
11164 142879040641
11165 142923340051
11166 142924047337
11167 142936010881
11168 142940992861
11169 142985801773
11170 143034399901
11171 143055725731
11172 143057244181
11173 143111835751
11174 143117640451
11175 143193768587
11176 143211893933
11177 143240915269
11178 143261712133
11179 143271788353
11180 143293181701
11181 143319948337
11182 143336626489
11183 143339139967
11184 143354984293
11185 143356435501
11186 143361861553
11187 143361939001
11188 143403527497
11189 143424562321
11190 143441437871
11191 143444839501
11192 143485971479
11193 143547970567
11194 143575059431
11195 143608067461
11196 143612634601
11197 143647486501
11198 143690523481
11199 143717290861
11200 143743075741
11201 143753731021
11202 143774799169
11203 143786160131
11204 143812928533
11205 143820193859
11206 143857592173
11207 143884307953
11208 143931687719
11209 143972041357
11210 144000766387
11211 144011108221
11212 144079726033
11213 144140843449
11214 144147778339
11215 144167840833
11216 144219545317
11217 144279523021
11218 144281843737
11219 144308220887
11220 144330077761
11221 144534615283
11222 144540984001
11223 144556851671
11224 144562700833
11225 144590929201
11226 144602216533
11227 144643193731
11228 144670815451
11229 144697050163
11230 144698530129
11231 144705899911
11232 144709069093
11233 144744365011
11234 144802578541
11235 144803779489
11236 144850569649
11237 144851884409
11238 144908998127
11239 144914398903
11240 144927499231
11241 144986099941
11242 144998394841
11243 145029330181
11244 145056420433
11245 145149378031
11246 145203263591
11247 145207857889
11248 145218191581
11249 145254311929
11250 145264032763
11251 145278742591
11252 145284187241
11253 145401111703
11254 145413683731
11255 145442103481
11256 145485126487
11257 145488002221
11258 145506214811
11259 145520496661
11260 145613297251
11261 145642684501
11262 145691232787
11263 145742585941
11264 145743395491
11265 145754261893
11266 145793404819
11267 145831600951
11268 145833211891
11269 145850725591
11270 145920825073
11271 145952917921
11272 146010039073
11273 146026884151
11274 146054422099
11275 146084085001
11276 146092556611
11277 146128568977
11278 146172881653
11279 146309271109
11280 146309414131
11281 146347945651
11282 146354013391
11283 146374651123
11284 146449531801
11285 146457769511
11286 146469015703
11287 146482579531
11288 146514148801
11289 146553780271
11290 146555172037
11291 146555841979
11292 146566489873
11293 146567668087
11294 146634493393
11295 146656514401
11296 146690777251
11297 146802875521
11298 146863704781
11299 146910998431
11300 146980384321
11301 147005952913
11302 147014086031
11303 147077780279
11304 147093471097
11305 147132239491
11306 147134575351
11307 147184320403
11308 147252180151
11309 147255843421
11310 147260197891
11311 147260645809
11312 147413653381
11313 147447867799
11314 147502333067
11315 147523256371
11316 147527663851
11317 147564250423
11318 147578755169
11319 147594779641
11320 147596972821
11321 147621210133
11322 147651356143
11323 147656040529
11324 147779969611
11325 147782080181
11326 147785846779
11327 147833727571
11328 147860880133
11329 147899662441
11330 147901367503
11331 147909321811
11332 147914420851
11333 147929639311
11334 147955439791
11335 147971416399
11336 147979696231
11337 147989716991
11338 148107372013
11339 148120517203
11340 148265508427
11341 148352325529
11342 148358577403
11343 148410874891
11344 148439311903
11345 148456069903
11346 148463485579
11347 148483439551
11348 148565985481
11349 148573306381
11350 148600530541
11351 148601719813
11352 148610731501
11353 148612753651
11354 148752993203
11355 148753220807
11356 148754976217
11357 148781382751
11358 148793245789
11359 148815923281
11360 148832677771
11361 148841001097
11362 148842182513
11363 148849228153
11364 148856705551
11365 148923622217
11366 148924775161
11367 148942230769
11368 148948243091
11369 148962091393
11370 149012151391
11371 149130899911
11372 149165972047
11373 149202194077
11374 149243408063
11375 149255444341
11376 149262000751
11377 149273513947
11378 149321424781
11379 149337666997
11380 149364833017
11381 149380446337
11382 149394467587
11383 149453011717
11384 149455425001
11385 149486487499
11386 149596856221
11387 149611439881
11388 149616333791
11389 149656931899
11390 149689388201
11391 149735497927
11392 149748757901
11393 149780545129
11394 149807274541
11395 149838198901
11396 149852667331
11397 149876937037
11398 149912920369
11399 149913971461
11400 149926377313
11401 149927688901
11402 150044189101
11403 150066931177
11404 150101966197
11405 150180025711
11406 150183656317
11407 150234464329
11408 150259166251
11409 150304044619
11410 150313844227
11411 150325687591
11412 150401047441
11413 150426942751
11414 150442138159
11415 150459014161
11416 150464645491
11417 150467198071
11418 150477828181
11419 150487449991
11420 150606330241
11421 150638277553
11422 150651332191
11423 150675536551
11424 150703316611
11425 150703818931
11426 150765914987
11427 150768847571
11428 150770884181
11429 150782662801
11430 150786546769
11431 150802491907
11432 150833645659
11433 150852556999
11434 150867873721
11435 150884202349
11436 150888415627
11437 150926850961
11438 150931992331
11439 150944809447
11440 150955323049
11441 150975288341
11442 150984613561
11443 151004524681
11444 151026774961
11445 151085692651
11446 151097779981
11447 151099301809
11448 151103460511
11449 151107110677
11450 151149641653
11451 151187336411
11452 151231737667
11453 151235365261
11454 151260020489
11455 151314631903
11456 151317372043
11457 151354344961
11458 151391484217
11459 151458075001
11460 151467533251
11461 151469360407
11462 151527798661
11463 151553886247
11464 151563653971
11465 151567921147
11466 151630723213
11467 151657589143
11468 151666909661
11469 151681228801
11470 151717642649
11471 151725745733
11472 151729643341
11473 151754423941
11474 151867465549
11475 151871211997
11476 151900820371
11477 151957273271
11478 151978762027
11479 152033103623
11480 152065665577
11481 152069830001
11482 152083127041
11483 152096313821
11484 152147736511
11485 152175526417
11486 152175864457
11487 152222665999
11488 152313500431
11489 152325220237
11490 152398197901
11491 152419165627
11492 152419699279
11493 152419831051
11494 152454816487
11495 152520144629
11496 152566807123
11497 152586426913
11498 152589425701
11499 152624533771
11500 152691163153
11501 152735716033
11502 152764298311
11503 152786798413
11504 152803709431
11505 152880923557
11506 152949563017
11507 152962859017
11508 152968171091
11509 152968866541
11510 152972244577
11511 153000876139
11512 153035100013
11513 153036199639
11514 153049241419
11515 153133998421
11516 153166051183
11517 153283310071
11518 153289303813
11519 153347783621
11520 153364775929
11521 153441518941
11522 153520455169
11523 153563791949
11524 153614406331
11525 153628963009
11526 153708339097
11527 153753203137
11528 153782765491
11529 153784357651
11530 153787519789
11531 153859927021
11532 153934216021
11533 153973506787
11534 154009622677
11535 154013708941
11536 154014424201
11537 154042355981
11538 154063679641
11539 154066617253
11540 154080006001
11541 154091240893
11542 154168112207
11543 154227489319
11544 154241416603
11545 154291133701
11546 154314251209
11547 154315627201
11548 154341341617
11549 154389010651
11550 154429649281
11551 154583104301
11552 154630684891
11553 154654791391
11554 154657662013
11555 154677122419
11556 154743191041
11557 154779351871
11558 154785328897
11559 154788806797
11560 154798441471
11561 154818578881
11562 154824658561
11563 154871428141
11564 154877836051
11565 154926995257
11566 155004109723
11567 155141376133
11568 155159060761
11569 155214950911
11570 155218056313
11571 155222475931
11572 155231442241
11573 155287362259
11574 155395265761
11575 155440897991
11576 155493516553
11577 155498816903
11578 155545446673
11579 155550978133
11580 155554107913
11581 155627607589
11582 155646957979
11583 155670500281
11584 155697519517
11585 155698686349
11586 155701027931
11587 155720146051
11588 155763618193
11589 155781838777
11590 155783001271
11591 155802875419
11592 155819174527
11593 155823485131
11594 155853227251
11595 155854499741
11596 155874565351
11597 155884855751
11598 155976993901
11599 156216376807
11600 156254531203
11601 156275225371
11602 156315368771
11603 156323890231
11604 156332698177
11605 156349458973
11606 156424197731
11607 156503513827
11608 156533461723
11609 156572701921
11610 156623255527
11611 156633825847
11612 156677923729
11613 156706047037
11614 156713051377
11615 156738914639
11616 156747186553
11617 156777679213
11618 156814483321
11619 156873372881
11620 156905362321
11621 156940506691
11622 156952010857
11623 156986947867
11624 157003792381
11625 157115466481
11626 157121266417
11627 157139219161
11628 157144499191
11629 157159490239
11630 157183667629
11631 157201333147
11632 157231939561
11633 157245014743
11634 157247225029
11635 157395859831
11636 157404690649
11637 157406819191
11638 157415202253
11639 157415667191
11640 157490206321
11641 157493338633
11642 157496550661
11643 157496816881
11644 157499842501
11645 157504557121
11646 157615339681
11647 157743243001
11648 157747033057
11649 157785004427
11650 157851020041
11651 157893105941
11652 157992814321
11653 158017356001
11654 158037679141
11655 158040375697
11656 158065052809
11657 158080421557
11658 158109482611
11659 158177119567
11660 158189393641
11661 158203968751
11662 158267083349
11663 158300971141
11664 158356729423
11665 158391706441
11666 158438248333
11667 158474680033
11668 158502349783
11669 158614227001
11670 158618088929
11671 158738092111
11672 158778678907
11673 158811891659
11674 158852119357
11675 158857680829
11676 158956321969
11677 158979803221
11678 159004666081
11679 159056614081
11680 159091558673
11681 159112231741
11682 159167258281
11683 159181120597
11684 159198396251
11685 159211743121
11686 159231329359
11687 159277924051
11688 159306533413
11689 159442574413
11690 159447254401
11691 159455609821
11692 159466001239
11693 159483258481
11694 159509737969
11695 159511458481
11696 159582840913
11697 159583692241
11698 159597527851
11699 159615156553
11700 159725561077
11701 159759763333
11702 159798525421
11703 159808432001
11704 159826167071
11705 159849670259
11706 159882062887
11707 159925292321
11708 159982561051
11709 159997800007
11710 160035580357
11711 160072258141
11712 160101153853
11713 160101976231
11714 160115829121
11715 160140293167
11716 160154889163
11717 160237492111
11718 160261255769
11719 160274484151
11720 160287428251
11721 160306893217
11722 160337923201
11723 160368850429
11724 160384902499
11725 160412126491
11726 160466762017
11727 160492602961
11728 160504347361
11729 160523984611
11730 160586551841
11731 160595696953
11732 160626433151
11733 160643306431
11734 160661588429
11735 160683816181
11736 160721574751
11737 160724898181
11738 160727233969
11739 160778254751
11740 160811967421
11741 160923614713
11742 160933861111
11743 161019169471
11744 161057394961
11745 161086014389
11746 161109249541
11747 161150797277
11748 161207423609
11749 161236459609
11750 161271160129
11751 161276283719
11752 161318234117
11753 161334503201
11754 161400633703
11755 161490396997
11756 161513202313
11757 161531570803
11758 161545050409
11759 161567424847
11760 161577053947
11761 161594049431
11762 161627383153
11763 161698820113
11764 161704843057
11765 161788805713
11766 161881022497
11767 161893586821
11768 161905441771
11769 161915674621
11770 161922437281
11771 161977226581
11772 162002322721
11773 162023490847
11774 162034071571
11775 162078518909
11776 162125229163
11777 162143199991
11778 162159445267
11779 162253030367
11780 162257124793
11781 162285578401
11782 162303351877
11783 162315278789
11784 162346377001
11785 162395041051
11786 162403035649
11787 162433554121
11788 162457413967
11789 162465599671
11790 162485157451
11791 162495895561
11792 162499085491
11793 162546166639
11794 162551356801
11795 162580985251
11796 162615678721
11797 162627962131
11798 162682196689
11799 162759222121
11800 162770425021
11801 162792965683
11802 162802260721
11803 162822361811
11804 162833749993
11805 162930009061
11806 162964261351
11807 162971214841
11808 162977266723
11809 163025735797
11810 163063772371
11811 163066509061
11812 163083665083
11813 163092308371
11814 163143383311
11815 163204128181
11816 163210962997
11817 163249331701
11818 163279871551
11819 163298047873
11820 163375305967
11821 163444171411
11822 163446209161
11823 163481531467
11824 163491482701
11825 163499366809
11826 163506354211
11827 163519650001
11828 163525442081
11829 163540248821
11830 163550604001
11831 163576623547
11832 163635989617
11833 163663725961
11834 163680367471
11835 163699910981
11836 163704167593
11837 163732191437
11838 163736458909
11839 163754995717
11840 163760718421
11841 163771379311
11842 163836863977
11843 163849477111
11844 163851098617
11845 163876693753
11846 163896274639
11847 163905677713
11848 163906902661
11849 163958485241
11850 164008368217
11851 164027057041
11852 164028822541
11853 164062235431
11854 164091355501
11855 164142599941
11856 164219765401
11857 164249649367
11858 164280510379
11859 164316731087
11860 164342285857
11861 164372719603
11862 164391236507
11863 164451257059
11864 164481377251
11865 164593455463
11866 164672500999
11867 164673768151
11868 164684636191
11869 164797926889
11870 164835557261
11871 164843210053
11872 164881518601
11873 164888127427
11874 164908417969
11875 164938507823
11876 165129310081
11877 165196768111
11878 165208306051
11879 165213661537
11880 165252026449
11881 165282814621
11882 165283155181
11883 165312548389
11884 165346562701
11885 165366932767
11886 165393790297
11887 165420951841
11888 165456334261
11889 165460595653
11890 165472397119
11891 165501185851
11892 165504305611
11893 165530224879
11894 165543426133
11895 165543443101
11896 165556023151
11897 165576629731
11898 165591986743
11899 165672056089
11900 165728409967
11901 165769373383
11902 165942381781
11903 165949962949
11904 165976165477
11905 166140488039
11906 166172377771
11907 166195714591
11908 166213516921
11909 166239586561
11910 166260711631
11911 166261212391
11912 166263466357
11913 166270337953
11914 166303844281
11915 166306694579
11916 166354056013
11917 166424054317
11918 166426511473
11919 166429401013
11920 166516075153
11921 166522784851
11922 166550259079
11923 166608629527
11924 166610677381
11925 166614353761
11926 166711243609
11927 166720867891
11928 166732614091
11929 166822841281
11930 166894048513
11931 166900783141
11932 166911342721
11933 166927720051
11934 166954722859
11935 167000532931
11936 167013689041
11937 167017435903
11938 167144631733
11939 167197860001
11940 167240348641
11941 167259489409
11942 167343630469
11943 167405609491
11944 167423628109
11945 167446250029
11946 167469263857
11947 167478804733
11948 167509671331
11949 167511984697
11950 167557626391
11951 167622376573
11952 167641314179
11953 167652584191
11954 167655521161
11955 167668999921
11956 167673174913
11957 167716146931
11958 167770293181
11959 167820992123
11960 167871590461
11961 167899404421
11962 167915679469
11963 167920266403
11964 167925485773
11965 167953117201
11966 167954290417
11967 167969034349
11968 168013453921
11969 168028939027
11970 168037388161
11971 168090138133
11972 168126670609
11973 168131357011
11974 168145949089
11975 168148866841
11976 168184630351
11977 168232251001
11978 168247273321
11979 168254234371
11980 168323852791
11981 168397463473
11982 168405536701
11983 168523643929
11984 168536157739
11985 168545343661
11986 168554004637
11987 168559845871
11988 168567827539
11989 168571154077
11990 168602470471
11991 168616407403
11992 168684128257
11993 168686483527
11994 168700511761
11995 168710151997
11996 168722204257
11997 168778616221
11998 168803995159
11999 168830574961
12000 168909191701
12001 168958554157
12002 168961076611
12003 169041987721
12004 169062358411
12005 169139071729
12006 169224741841
12007 169322192887
12008 169341375361
12009 169369857091
12010 169370784133
12011 169443720871
12012 169454626993
12013 169495944011
12014 169530641281
12015 169614390961
12016 169622905651
12017 169733554321
12018 169812471709
12019 169865699137
12020 169873781699
12021 169892970241
12022 169897041001
12023 169912657279
12024 169925718601
12025 169961760721
12026 170011130683
12027 170013087091
12028 170021440513
12029 170082990703
12030 170167959571
12031 170177081887
12032 170227437949
12033 170237000251
12034 170244689599
12035 170304435841
12036 170404138007
12037 170439276001
12038 170440557211
12039 170441620903
12040 170450282581
12041 170493349951
12042 170571823153
12043 170577882151
12044 170589313049
12045 170652642751
12046 170661140893
12047 170690618503
12048 170723585341
12049 170772577891
12050 170811584389
12051 170834918437
12052 170838035593
12053 170903280241
12054 170956176751
12055 170965205083
12056 171140058181
12057 171189730021
12058 171223048261
12059 171346572097
12060 171379351259
12061 171400020409
12062 171433348777
12063 171468298981
12064 171480006721
12065 171491152051
12066 171501057599
12067 171541866511
12068 171549108001
12069 171605131561
12070 171609749767
12071 171679429249
12072 171693500683
12073 171705638413
12074 171771952621
12075 171802959277
12076 171806157001
12077 171816676777
12078 171849265501
12079 171852250291
12080 171939085891
12081 171957728251
12082 171990802513
12083 172024232641
12084 172088888261
12085 172113632461
12086 172119072133
12087 172121574913
12088 172162963087
12089 172245466711
12090 172254932137
12091 172293201809
12092 172306094941
12093 172318470673
12094 172377336853
12095 172465702333
12096 172482035041
12097 172495903213
12098 172571491597
12099 172597142251
12100 172597806811
12101 172614846097
12102 172618273591
12103 172653688351
12104 172667366401
12105 172676161681
12106 172705167181
12107 172720496999
12108 172797133411
12109 172809600133
12110 172824910777
12111 172830989431
12112 172868614777
12113 172870294213
12114 172993443481
12115 173019352321
12116 173022792337
12117 173032371289
12118 173035846597
12119 173050168141
12120 173094725563
12121 173133707041
12122 173136503677
12123 173169563071
12124 173207279701
12125 173217748211
12126 173327250097
12127 173355306853
12128 173370436741
12129 173372340961
12130 173405270039
12131 173406290881
12132 173464192441
12133 173522595973
12134 173571684001
12135 173592093841
12136 173623709923
12137 173632722889
12138 173653461697
12139 173671375681
12140 173686908581
12141 173721348289
12142 173739996499
12143 173752019401
12144 173754352001
12145 173754690139
12146 173781038341
12147 173784923381
12148 173816643331
12149 173859661387
12150 173887714249
12151 173969331541
12152 173970826093
12153 174046165021
12154 174095728003
12155 174098919601
12156 174107410027
12157 174194803333
12158 174288975439
12159 174320654047
12160 174354881221
12161 174394353631
12162 174396748181
12163 174446463361
12164 174452980621
12165 174460968067
12166 174471219541
12167 174498553633
12168 174526095343
12169 174541397101
12170 174589825411
12171 174598133249
12172 174654750463
12173 174724368001
12174 174726944443
12175 174774146257
12176 174808174357
12177 174825088981
12178 174836492011
12179 174858104269
12180 174897553447
12181 174904138861
12182 174919551913
12183 174943602553
12184 174985584541
12185 175028579461
12186 175038765301
12187 175045272361
12188 175065389647
12189 175093079701
12190 175116472969
12191 175119937771
12192 175191945601
12193 175193780207
12194 175231548673
12195 175255939297
12196 175265207017
12197 175265409259
12198 175301848861
12199 175315434589
12200 175341819097
12201 175381888501
12202 175403591101
12203 175444746751
12204 175465105219
12205 175533391879
12206 175541304223
12207 175570149889
12208 175585898503
12209 175743163429
12210 175749493501
12211 175773843451
12212 175807444789
12213 175826956147
12214 175887904271
12215 175928708341
12216 175937427793
12217 175967874967
12218 175977676033
12219 176021274133
12220 176049872051
12221 176099265091
12222 176196870721
12223 176266716293
12224 176301102529
12225 176346659647
12226 176372822341
12227 176405170261
12228 176434233031
12229 176511567403
12230 176632214533
12231 176636250451
12232 176741060341
12233 176828855209
12234 176889653821
12235 176923081511
12236 176948083201
12237 176954095651
12238 176962430851
12239 176981798533
12240 177067746181
12241 177101999911
12242 177104234581
12243 177126574837
12244 177197529403
12245 177268311853
12246 177282435331
12247 177365850289
12248 177376954873
12249 177419884201
12250 177477616333
12251 177548247901
12252 177670813339
12253 177746660197
12254 177794728651
12255 177797280403
12256 177811592311
12257 177819222961
12258 177857270533
12259 177990660541
12260 178047821953
12261 178084971907
12262 178095230479
12263 178097951431
12264 178113151657
12265 178129128973
12266 178152057721
12267 178178363287
12268 178208705321
12269 178209453241
12270 178234902913
12271 178296281461
12272 178357168279
12273 178375702051
12274 178384540951
12275 178388407891
12276 178395503833
12277 178446539377
12278 178538362501
12279 178550219101
12280 178585290703
12281 178621517381
12282 178665936661
12283 178694505991
12284 178730896177
12285 178800505003
12286 178810283233
12287 178811421121
12288 178822784533
12289 178838582413
12290 178863219011
12291 178916494087
12292 178969528541
12293 178969919327
12294 179001093907
12295 179102735461
12296 179136940591
12297 179141686901
12298 179192318527
12299 179259796561
12300 179310810961
12301 179330325719
12302 179337110191
12303 179448947071
12304 179473875601
12305 179476852411
12306 179510545681
12307 179543140241
12308 179555774413
12309 179584202401
12310 179634065941
12311 179661750157
12312 179691055129
12313 179794800571
12314 179803706941
12315 179807837023
12316 179812947019
12317 179826689791
12318 179828141041
12319 179844847051
12320 179896666951
12321 179984727001
12322 180041314073
12323 180104324401
12324 180146399501
12325 180163097353
12326 180191866219
12327 180216965341
12328 180267131221
12329 180364829023
12330 180397964839
12331 180443668501
12332 180526885003
12333 180569937241
12334 180596152801
12335 180619341211
12336 180637959301
12337 180639440507
12338 180660425479
12339 180714664661
12340 180727162309
12341 180734069341
12342 180790513021
12343 180800989111
12344 180810836317
12345 180821511919
12346 180858232567
12347 180889362853
12348 180896106061
12349 180970350943
12350 180989909731
12351 181162033729
12352 181165681201
12353 181188895609
12354 181202317619
12355 181221554251
12356 181247858923
12357 181258525537
12358 181371954331
12359 181416998101
12360 181439272081
12361 181449965633
12362 181566562183
12363 181567086751
12364 181623383339
12365 181715026651
12366 181715379049
12367 181733764741
12368 181795052599
12369 181804596013
12370 181862184547
12371 181906833331
12372 181919190601
12373 181947723781
12374 181958267977
12375 182054128261
12376 182106237853
12377 182125081861
12378 182139467641
12379 182196105841
12380 182204687699
12381 182296109701
12382 182309361457
12383 182319524731
12384 182322974719
12385 182346913711
12386 182373309637
12387 182395108633
12388 182417912279
12389 182447038159
12390 182473629751
12391 182500541221
12392 182638445809
12393 182677467673
12394 182733555841
12395 182747757061
12396 182798709427
12397 182835773173
12398 182858130457
12399 182929725191
12400 182943722719
12401 183038775571
12402 183067105321
12403 183082002307
12404 183085733161
12405 183137136997
12406 183219311701
12407 183229332931
12408 183269565901
12409 183402954901
12410 183413388211
12411 183437100941
12412 183461059999
12413 183473482501
12414 183475909621
12415 183528380701
12416 183537394531
12417 183592762307
12418 183600055601
12419 183606775591
12420 183619370719
12421 183640725703
12422 183655472911
12423 183659760649
12424 183688094521
12425 183690208703
12426 183710189651
12427 183728005471
12428 183729875551
12429 183743853841
12430 183762186301
12431 183780403321
12432 183792794329
12433 183799585859
12434 183800754451
12435 183831033931
12436 183960464059
12437 184011185707
12438 184057603627
12439 184116595951
12440 184174066831
12441 184251603901
12442 184358607049
12443 184377932491
12444 184383049951
12445 184404288349
12446 184441566403
12447 184491375139
12448 184494035881
12449 184556238637
12450 184595087863
12451 184600256317
12452 184615118983
12453 184658162831
12454 184661292763
12455 184674865411
12456 184715416033
12457 184739631221
12458 184747801591
12459 184759173289
12460 184769625151
12461 184794081631
12462 184929862129
12463 184983500833
12464 185012641981
12465 185013047179
12466 185157446161
12467 185179010221
12468 185194753369
12469 185197425733
12470 185228153119
12471 185295511207
12472 185324960251
12473 185420985751
12474 185505391021
12475 185511195257
12476 185544298297
12477 185577287563
12478 185664128833
12479 185668031251
12480 185765525527
12481 185800306201
12482 185805793993
12483 185821702291
12484 185833718533
12485 185845950907
12486 185865641893
12487 185898840901
12488 185902104403
12489 185919917089
12490 185925121471
12491 185954891809
12492 185959140863
12493 185964837427
12494 186063876517
12495 186085569511
12496 186129933553
12497 186190729057
12498 186190885057
12499 186202683811
12500 186227771089
12501 186292560059
12502 186346114081
12503 186346207447
12504 186352502581
12505 186420332737
12506 186436019827
12507 186448865107
12508 186529994509
12509 186546383939
12510 186552510847
12511 186561225703
12512 186585183181
12513 186598389613
12514 186634533403
12515 186694866181
12516 186703722211
12517 186731569459
12518 186777517627
12519 186790449421
12520 186802678441
12521 186832994581
12522 186842747521
12523 186856248101
12524 186899072293
12525 186901786321
12526 186944749001
12527 186964596253
12528 186975279217
12529 186999272461
12530 187008229693
12531 187052662261
12532 187054437571
12533 187088716543
12534 187171933411
12535 187184643241
12536 187185310111
12537 187185938701
12538 187216107541
12539 187245200221
12540 187278936721
12541 187289981089
12542 187327680931
12543 187333086271
12544 187386679477
12545 187403492251
12546 187420517441
12547 187423402781
12548 187571637367
12549 187580027647
12550 187587761797
12551 187650652201
12552 187656352831
12553 187679981221
12554 187707463441
12555 187713943873
12556 187733180179
12557 187767305701
12558 187768529041
12559 187790160911
12560 187837323181
12561 187855670413
12562 187894623151
12563 187909881937
12564 187949636893
12565 187975357501
12566 187993323253
12567 188013914041
12568 188113788787
12569 188161582561
12570 188185459573
12571 188230822651
12572 188291972221
12573 188314883461
12574 188322816991
12575 188329350763
12576 188339314411
12577 188387508457
12578 188485738939
12579 188522882101
12580 188537710159
12581 188575531957
12582 188585714167
12583 188613274513
12584 188664193009
12585 188713486981
12586 188746748161
12587 188780892301
12588 188974366741
12589 189043793401
12590 189088711261
12591 189111121201
12592 189150889201
12593 189177884893
12594 189191449801
12595 189232546541
12596 189234266413
12597 189239108683
12598 189298692659
12599 189307830331
12600 189330502201
12601 189334713349
12602 189379341901
12603 189438994297
12604 189446558701
12605 189460037449
12606 189490985461
12607 189529037501
12608 189627542677
12609 189662443309
12610 189706453333
12611 189769702471
12612 189798004711
12613 189862013881
12614 189874858051
12615 189903674449
12616 189925863749
12617 190006864561
12618 190056512761
12619 190126455163
12620 190152268921
12621 190170237403
12622 190182150029
12623 190238603017
12624 190266659617
12625 190335370111
12626 190343049877
12627 190373609791
12628 190374478139
12629 190377510931
12630 190405300711
12631 190557194059
12632 190656859699
12633 190666401481
12634 190713249247
12635 190744475923
12636 190768945501
12637 190769420161
12638 190816148251
12639 190904929417
12640 190986205763
12641 190991528527
12642 190992665179
12643 191013829579
12644 191033046307
12645 191091222043
12646 191101059001
12647 191156873797
12648 191176835851
12649 191202776857
12650 191212194181
12651 191225053489
12652 191243070463
12653 191306981521
12654 191319659467
12655 191389010201
12656 191421164101
12657 191430384133
12658 191494355743
12659 191612304133
12660 191653239403
12661 191749833901
12662 191786063701
12663 191830765459
12664 191881548217
12665 191932826801
12666 191965401631
12667 192002193307
12668 192014541577
12669 192064720273
12670 192067498633
12671 192080701009
12672 192151111153
12673 192151462231
12674 192240797407
12675 192255565057
12676 192258817921
12677 192300143041
12678 192346227487
12679 192354512689
12680 192377716789
12681 192400433011
12682 192471436177
12683 192491566651
12684 192514080481
12685 192626444089
12686 192635979691
12687 192649998241
12688 192717882001
12689 192828883591
12690 192903412411
12691 192988588801
12692 193012703909
12693 193015982101
12694 193056187823
12695 193071326141
12696 193090193729
12697 193092719051
12698 193095979723
12699 193114796131
12700 193119812797
12701 193121148013
12702 193154947273
12703 193156465987
12704 193194865051
12705 193211071831
12706 193212997651
12707 193254933961
12708 193275371251
12709 193386642781
12710 193400433991
12711 193403126953
12712 193428177823
12713 193477919251
12714 193516665731
12715 193585634659
12716 193587023521
12717 193591160401
12718 193600037467
12719 193605133921
12720 193609980961
12721 193675925059
12722 193691198413
12723 193710235687
12724 193794774031
12725 193821816781
12726 193833243451
12727 193866658483
12728 193904382491
12729 193928251951
12730 193948327891
12731 193995390749
12732 194025433061
12733 194065663021
12734 194086733777
12735 194196967681
12736 194357457601
12737 194360688601
12738 194373346303
12739 194467446739
12740 194483593219
12741 194544110903
12742 194606540683
12743 194647218547
12744 194668907203
12745 194712065137
12746 194739135121
12747 194761872727
12748 194775768721
12749 194824538893
12750 194877839791
12751 194965637497
12752 195102778513
12753 195118435711
12754 195129578593
12755 195156289927
12756 195165813797
12757 195230838391
12758 195236986463
12759 195320892457
12760 195323139481
12761 195407278873
12762 195424889251
12763 195553673281
12764 195592392139
12765 195593916013
12766 195630079721
12767 195636391877
12768 195689280277
12769 195743463997
12770 195807046597
12771 195818119771
12772 195832691281
12773 195846026759
12774 195846741421
12775 195851308591
12776 195857102341
12777 195949432963
12778 195956915771
12779 195962341807
12780 196040940481
12781 196055570521
12782 196063330321
12783 196080592681
12784 196096333333
12785 196124427269
12786 196147831771
12787 196243624981
12788 196254414721
12789 196272113311
12790 196401533473
12791 196414988941
12792 196419842503
12793 196422964081
12794 196424019901
12795 196483868701
12796 196500760051
12797 196515859201
12798 196519544677
12799 196570383679
12800 196616167243
12801 196648686859
12802 196664967791
12803 196697609021
12804 196701954499
12805 196791110251
12806 196836398461
12807 196948011829
12808 197004664147
12809 197019965377
12810 197026960241
12811 197057439001
12812 197167822741
12813 197380074127
12814 197454444641
12815 197461423009
12816 197563304791
12817 197628273361
12818 197695663201
12819 197719582741
12820 197729413561
12821 197793069541
12822 197816411521
12823 197858237281
12824 197883675991
12825 197972612839
12826 197997603121
12827 198067549441
12828 198163067411
12829 198204186623
12830 198231765031
12831 198261989551
12832 198263186551
12833 198309473891
12834 198334620031
12835 198382279729
12836 198387982543
12837 198488380231
12838 198606514081
12839 198629165101
12840 198643129309
12841 198643507921
12842 198645769891
12843 198649021993
12844 198653949859
12845 198658735783
12846 198702122221
12847 198719462803
12848 198761026771
12849 198769353481
12850 198788348851
12851 198790194521
12852 198885018601
12853 199018351351
12854 199020837121
12855 199049165713
12856 199052943301
12857 199134082801
12858 199134217351
12859 199148649481
12860 199166466643
12861 199186027327
12862 199186253621
12863 199199807041
12864 199354477261
12865 199383599521
12866 199568364517
12867 199584538039
12868 199595614501
12869 199631804527
12870 199650881761
12871 199658454301
12872 199721933881
12873 199776153151
12874 199823800921
12875 199851776281
12876 199856194609
12877 199901284969
12878 199988217421
12879 200003448409
12880 200048634259
12881 200132088001
12882 200140409503
12883 200183872363
12884 200202531751
12885 200260948777
12886 200269950571
12887 200355549811
12888 200381994139
12889 200394337771
12890 200399833297
12891 200431379557
12892 200440981441
12893 200442047833
12894 200476815751
12895 200531666791
12896 200579685331
12897 200626066441
12898 200765931913
12899 200769676831
12900 200780057479
12901 200839494871
12902 200874352981
12903 200970681337
12904 201041922061
12905 201131843767
12906 201164920321
12907 201174750379
12908 201188799901
12909 201241781149
12910 201293218457
12911 201326005357
12912 201343448521
12913 201363238873
12914 201377139811
12915 201378286831
12916 201390844591
12917 201412216141
12918 201423714493
12919 201448385911
12920 201450261121
12921 201481499413
12922 201524562091
12923 201587211547
12924 201590794681
12925 201630746521
12926 201632901241
12927 201648150211
12928 201793138717
12929 201881687281
12930 201898510111
12931 201905658991
12932 201924332251
12933 201932505361
12934 202024200151
12935 202044411061
12936 202173376213
12937 202300121651
12938 202340808001
12939 202369315333
12940 202461101701
12941 202500970057
12942 202501500001
12943 202539430801
12944 202592540611
12945 202646032681
12946 202676572801
12947 202720026601
12948 202745562209
12949 202758586831
12950 202826000833
12951 202848971491
12952 202905020861
12953 202929788359
12954 202940883031
12955 202962327049
12956 202963543213
12957 202977357967
12958 203021048161
12959 203065851941
12960 203152605889
12961 203174544751
12962 203243395741
12963 203252211787
12964 203328178519
12965 203364235981
12966 203380241371
12967 203394325249
12968 203409354331
12969 203441817547
12970 203574859321
12971 203579740801
12972 203628761719
12973 203667555281
12974 203707353191
12975 203750992513
12976 203850722113
12977 203858972521
12978 203902410601
12979 203910814801
12980 203933587861
12981 203959173001
12982 203960269273
12983 204000408511
12984 204085522513
12985 204190004983
12986 204190580509
12987 204194969497
12988 204214327781
12989 204219220609
12990 204254584067
12991 204257217841
12992 204276494971
12993 204311308451
12994 204318888049
12995 204356773531
12996 204380215201
12997 204422733901
12998 204458044897
12999 204461810929
13000 204475968271
13001 204492305053
13002 204525766147
13003 204558407149
13004 204568065703
13005 204706250731
13006 204755405713
13007 204781042789
13008 204789591091
13009 204817698541
13010 204845795629
13011 204910260661
13012 204972719491
13013 204975137683
13014 204985305523
13015 205063182013
13016 205069353301
13017 205264496251
13018 205273182451
13019 205533371809
13020 205568913311
13021 205582426897
13022 205644067903
13023 205688874689
13024 205756310299
13025 205772528161
13026 205800502681
13027 205813410571
13028 205830306067
13029 205860733051
13030 205866659569
13031 205932737671
13032 205961812187
13033 205967418931
13034 206011655701
13035 206057597833
13036 206067604051
13037 206090667091
13038 206111939617
13039 206163335251
13040 206163815911
13041 206195685301
13042 206207360173
13043 206223400321
13044 206276974417
13045 206279830171
13046 206284946419
13047 206332961719
13048 206477190011
13049 206483616901
13050 206508341401
13051 206517216481
13052 206525430343
13053 206635812961
13054 206653668901
13055 206671139699
13056 206700509963
13057 206727467761
13058 206742476761
13059 206743558789
13060 206758976119
13061 206795542051
13062 206797210271
13063 206825672659
13064 206837935009
13065 206855546113
13066 206918298133
13067 206964572959
13068 207017216881
13069 207069598741
13070 207077450977
13071 207094353901
13072 207132041161
13073 207170660971
13074 207193611817
13075 207275192671
13076 207387632791
13077 207450596543
13078 207489679057
13079 207608327617
13080 207630491017
13081 207671613571
13082 207677516971
13083 207704284129
13084 207714145381
13085 207743975839
13086 207789067531
13087 207807981061
13088 207879405271
13089 207979466341
13090 208016480341
13091 208036688203
13092 208061385601
13093 208101721591
13094 208101974161
13095 208272224161
13096 208329276619
13097 208330929271
13098 208471750741
13099 208572032521
13100 208578872503
13101 208594373851
13102 208630420021
13103 208857913139
13104 208864702369
13105 208868422951
13106 208975705849
13107 209035121189
13108 209051797051
13109 209074225033
13110 209135513233
13111 209188780337
13112 209305602157
13113 209340194351
13114 209352973831
13115 209358842239
13116 209409003541
13117 209442595507
13118 209475178111
13119 209498270869
13120 209503520521
13121 209542798081
13122 209612104021
13123 209613588661
13124 209617917673
13125 209645367211
13126 209688670621
13127 209697280447
13128 209712728461
13129 209726310421
13130 209760867541
13131 209820732031
13132 209862380701
13133 209866034701
13134 209920885021
13135 209938447891
13136 209982754081
13137 209991853891
13138 209997674503
13139 210003614701
13140 210104584801
13141 210136467091
13142 210138038191
13143 210183101839
13144 210199658551
13145 210246139951
13146 210259622791
13147 210263098501
13148 210342032161
13149 210494916607
13150 210495566491
13151 210534701551
13152 210671885377
13153 210679240021
13154 210687001981
13155 210726469957
13156 210756790621
13157 210778038901
13158 210785839769
13159 210803390533
13160 210832740721
13161 210884272639
13162 210892364269
13163 210968113201
13164 211052871517
13165 211121482051
13166 211178160451
13167 211183380253
13168 211215815137
13169 211243145023
13170 211276034881
13171 211297186081
13172 211443138901
13173 211473576001
13174 211511055601
13175 211560990481
13176 211567799503
13177 211623902281
13178 211696071511
13179 211765696633
13180 211776273361
13181 211782764047
13182 211784312431
13183 211795708519
13184 211831332151
13185 211840801801
13186 211846795903
13187 211854172891
13188 211892624371
13189 211905995471
13190 211939692889
13191 211952530651
13192 212020285489
13193 212152689421
13194 212171935951
13195 212207130997
13196 212215750657
13197 212254664623
13198 212288974273
13199 212289118381
13200 212304177541
13201 212334340961
13202 212340720901
13203 212354815753
13204 212406788431
13205 212420823803
13206 212472137503
13207 212477337073
13208 212487782851
13209 212553767449
13210 212577613267
13211 212616149569
13212 212652283421
13213 212665926061
13214 212689227181
13215 212758120261
13216 212765254771
13217 212777088781
13218 212841468451
13219 212857893907
13220 212905909189
13221 212934406843
13222 212969715001
13223 213004853249
13224 213036508411
13225 213051826261
13226 213058004233
13227 213096630871
13228 213140811931
13229 213161077711
13230 213240071101
13231 213367545847
13232 213402511873
13233 213470855341
13234 213478420387
13235 213479959153
13236 213503633971
13237 213504211201
13238 213513807601
13239 213694570237
13240 213751368923
13241 213782679343
13242 213828252373
13243 213857135059
13244 213871850501
13245 213944407951
13246 214133749831
13247 214139157877
13248 214169416801
13249 214191264181
13250 214223933023
13251 214231883651
13252 214322787011
13253 214365434431
13254 214395308353
13255 214407632539
13256 214418052881
13257 214486683751
13258 214499663071
13259 214507142137
13260 214523916823
13261 214526582731
13262 214543511251
13263 214561602559
13264 214589453521
13265 214775203501
13266 214817080897
13267 214880132017
13268 214880440141
13269 214899241789
13270 214919819791
13271 214969606151
13272 214973875211
13273 214990873511
13274 215004533977
13275 215032975291
13276 215049209521
13277 215075749153
13278 215128675261
13279 215136001459
13280 215143245727
13281 215158411009
13282 215167006781
13283 215242117273
13284 215260313773
13285 215273725633
13286 215316811979
13287 215333515021
13288 215350747063
13289 215351447851
13290 215397072559
13291 215463682969
13292 215476288021
13293 215539584121
13294 215558606441
13295 215659153621
13296 215669293141
13297 215712974401
13298 215738802109
13299 215772202429
13300 215804448133
13301 215858038327
13302 215965135387
13303 216007307891
13304 216089324881
13305 216147909511
13306 216175672081
13307 216189952441
13308 216221622121
13309 216242666209
13310 216291665041
13311 216377719561
13312 216385941091
13313 216394251091
13314 216408600601
13315 216701364601
13316 216722689633
13317 216757618153
13318 216801031951
13319 216847499221
13320 216885193181
13321 216899043661
13322 216912602971
13323 216968138017
13324 217020362623
13325 217033425703
13326 217050294913
13327 217062909631
13328 217134044593
13329 217138070557
13330 217142837293
13331 217151804827
13332 217194794821
13333 217207393651
13334 217208892001
13335 217254851551
13336 217284124063
13337 217307754623
13338 217321758337
13339 217409655421
13340 217484304481
13341 217498422553
13342 217549321993
13343 217587021121
13344 217593131911
13345 217622313889
13346 217663272097
13347 217823335129
13348 217846554241
13349 217978886971
13350 217983188503
13351 218063627497
13352 218105111797
13353 218141298541
13354 218162902301
13355 218183451949
13356 218215348801
13357 218218582541
13358 218310748171
13359 218326840993
13360 218465190481
13361 218517157981
13362 218657865427
13363 218667479131
13364 218673063181
13365 218759404033
13366 218909875651
13367 219005591533
13368 219006358033
13369 219010398751
13370 219046571461
13371 219139361299
13372 219157877371
13373 219292399969
13374 219342414127
13375 219419304217
13376 219450162181
13377 219488628217
13378 219561466393
13379 219650263003
13380 219792285821
13381 219910765619
13382 219939244801
13383 220025534671
13384 220053483541
13385 220144244011
13386 220254000931
13387 220290154921
13388 220347528361
13389 220366965937
13390 220439475589
13391 220476800017
13392 220552399201
13393 220564264681
13394 220572612217
13395 220614197311
13396 220643574023
13397 220701388771
13398 220728450601
13399 220741253461
13400 220765940137
13401 220819998829
13402 220828982617
13403 220845390781
13404 220859917081
13405 220864248001
13406 220962840073
13407 221028070561
13408 221101765873
13409 221108514901
13410 221109571369
13411 221156459389
13412 221188604449
13413 221259822031
13414 221333787751
13415 221483392903
13416 221503650673
13417 221510406913
13418 221525659891
13419 221535537931
13420 221698289359
13421 221699585431
13422 221736247651
13423 221751115177
13424 221807850751
13425 221900829313
13426 221954353921
13427 222039767701
13428 222042091807
13429 222043264909
13430 222047811481
13431 222242778253
13432 222266780011
13433 222300906719
13434 222340658779
13435 222366542353
13436 222378805351
13437 222407969617
13438 222420086533
13439 222434558839
13440 222468567553
13441 222498388447
13442 222518120533
13443 222576951301
13444 222612699151
13445 222624995377
13446 222662869801
13447 222666846211
13448 222686453449
13449 222690789751
13450 222724743421
13451 222739077961
13452 222739578541
13453 222799350439
13454 222819970987
13455 222851076001
13456 222915874933
13457 223019111551
13458 223138037761
13459 223138828219
13460 223141254673
13461 223148905561
13462 223213776571
13463 223364833873
13464 223408659193
13465 223508831239
13466 223533971119
13467 223543483297
13468 223589122849
13469 223599590359
13470 223666885711
13471 223694185807
13472 223822170001
13473 223847502187
13474 223847809781
13475 223950014443
13476 223982248951
13477 224007846913
13478 224030571781
13479 224052929101
13480 224083048051
13481 224091913231
13482 224124635881
13483 224128621081
13484 224138426737
13485 224156821879
13486 224184416941
13487 224339505697
13488 224377960459
13489 224390223679
13490 224458071599
13491 224495672803
13492 224625239191
13493 224636278829
13494 224665456681
13495 224756824267
13496 224802235429
13497 224815329631
13498 224850503503
13499 224901161941
13500 225018006709
13501 225151490143
13502 225166392301
13503 225193084777
13504 225199013029
13505 225212176507
13506 225306754261
13507 225347345411
13508 225365554849
13509 225394446427
13510 225415241407
13511 225487903213
13512 225570255577
13513 225613358851
13514 225616370653
13515 225625193977
13516 225631700461
13517 225663826513
13518 225699761701
13519 225835063651
13520 225901541017
13521 225906422491
13522 225989075911
13523 226004536423
13524 226007627023
13525 226013271541
13526 226018175137
13527 226076906021
13528 226101188587
13529 226143920521
13530 226196387761
13531 226283985793
13532 226312821901
13533 226333667449
13534 226368183361
13535 226475808337
13536 226526561111
13537 226664761753
13538 226696875091
13539 226811353861
13540 226852291207
13541 226858873567
13542 226880809081
13543 226932969673
13544 226933173013
13545 226946447809
13546 226956224881
13547 227015149747
13548 227030408641
13549 227043425281
13550 227103424627
13551 227135804017
13552 227229268891
13553 227438956711
13554 227474680951
13555 227573217901
13556 227593376011
13557 227617348969
13558 227685234451
13559 227797312753
13560 227856026413
13561 227884292407
13562 227974371769
13563 227982997441
13564 227983513831
13565 228053086081
13566 228196044133
13567 228199240151
13568 228218395861
13569 228299998021
13570 228319208561
13571 228340317871
13572 228352636873
13573 228384088661
13574 228432252241
13575 228568068613
13576 228588724033
13577 228614520341
13578 228729844981
13579 228734221801
13580 228767333401
13581 228787058791
13582 228788204023
13583 228795570391
13584 228810751471
13585 228870017209
13586 228985499707
13587 229127998753
13588 229138770097
13589 229227655117
13590 229239139141
13591 229261903669
13592 229268088061
13593 229345229521
13594 229404785581
13595 229472375749
13596 229472787421
13597 229537102009
13598 229542046039
13599 229544486893
13600 229544529481
13601 229545276043
13602 229578727951
13603 229593035521
13604 229822473931
13605 229838822119
13606 229852981087
13607 229872578293
13608 229926165679
13609 229932521911
13610 229980220861
13611 230000360041
13612 230013905131
13613 230127865831
13614 230150779811
13615 230165744243
13616 230172909299
13617 230176714771
13618 230294773801
13619 230341730491
13620 230400159193
13621 230426817191
13622 230439686413
13623 230506665601
13624 230606727121
13625 230616614713
13626 230670529867
13627 230689290751
13628 230722546753
13629 230812340137
13630 230826476371
13631 230853615001
13632 230856866257
13633 230861144251
13634 230879054953
13635 230896827547
13636 230950847161
13637 230951742451
13638 230975927537
13639 231069812821
13640 231187420171
13641 231345906301
13642 231392027791
13643 231448169317
13644 231499590697
13645 231549508639
13646 231679672033
13647 231775887991
13648 231781918201
13649 231801469849
13650 231839768161
13651 231866611831
13652 231986679181
13653 231997705969
13654 232006195601
13655 232053103531
13656 232098762151
13657 232108098793
13658 232113672379
13659 232170141061
13660 232304924431
13661 232364610271
13662 232410909361
13663 232412044453
13664 232418354023
13665 232452590977
13666 232460923969
13667 232487731061
13668 232504147801
13669 232628752189
13670 232768332961
13671 232791477781
13672 232838736421
13673 232907390059
13674 232928788753
13675 232990764481
13676 233062180063
13677 233117715601
13678 233129684549
13679 233132563333
13680 233133794209
13681 233136493471
13682 233219904961
13683 233232209117
13684 233264703313
13685 233272845361
13686 233359092019
13687 233379559213
13688 233420405653
13689 233461402903
13690 233547303529
13691 233562976921
13692 233620683661
13693 233632788913
13694 233694993949
13695 233723870551
13696 233735088133
13697 233735117761
13698 233784152741
13699 233784434353
13700 233815760047
13701 233835636721
13702 233837808499
13703 233860970149
13704 233908118341
13705 233963180179
13706 234011113381
13707 234048496711
13708 234054161281
13709 234081746659
13710 234098492689
13711 234137193067
13712 234163080469
13713 234311749201
13714 234364253203
13715 234446416903
13716 234449080321
13717 234496447417
13718 234526555381
13719 234573084013
13720 234586128241
13721 234590321197
13722 234599341051
13723 234632830979
13724 234676551871
13725 234683079409
13726 234692792641
13727 234731653381
13728 234894148591
13729 234954599179
13730 234974079451
13731 235076904721
13732 235081952731
13733 235144003333
13734 235168274251
13735 235322030521
13736 235402222411
13737 235449041153
13738 235502725537
13739 235550618371
13740 235598220703
13741 235607856661
13742 235622933101
13743 235820616461
13744 235890425941
13745 235995544639
13746 236026752391
13747 236054063521
13748 236154351071
13749 236164989061
13750 236175181003
13751 236197435241
13752 236211406201
13753 236300370307
13754 236338671421
13755 236397233821
13756 236397854101
13757 236463050251
13758 236480357741
13759 236499136513
13760 236554063201
13761 236628807031
13762 236648737417
13763 236793276721
13764 236901503611
13765 236916133939
13766 236937279097
13767 236951923363
13768 237077557039
13769 237182426911
13770 237195948097
13771 237211894921
13772 237246376753
13773 237329980807
13774 237369197147
13775 237422455453
13776 237454585129
13777 237472851661
13778 237506858359
13779 237616214581
13780 237648585379
13781 237693179989
13782 237744274447
13783 237761322571
13784 237802699261
13785 237984673921
13786 237993078403
13787 238113621331
13788 238188545893
13789 238201736771
13790 238229201239
13791 238232905621
13792 238286371471
13793 238343503951
13794 238380391621
13795 238688478433
13796 238714415461
13797 238725432661
13798 238735090327
13799 238802497501
13800 238807590079
13801 238817939963
13802 239034235441
13803 239036827429
13804 239042357201
13805 239044288933
13806 239063545951
13807 239071840591
13808 239123078251
13809 239125558081
13810 239239960723
13811 239302959391
13812 239323835323
13813 239329868441
13814 239411413441
13815 239428934389
13816 239488931221
13817 239545615271
13818 239548717633
13819 239566120081
13820 239578668011
13821 239613435631
13822 239651947189
13823 239657022617
13824 239691887293
13825 239709918601
13826 239733650251
13827 239838227269
13828 239845735729
13829 239872869601
13830 239881409077
13831 239919667201
13832 239934687211
13833 240050701171
13834 240077233873
13835 240118730881
13836 240173032681
13837 240174345451
13838 240174376129
13839 240213828097
13840 240299125069
13841 240376240441
13842 240407425441
13843 240416688331
13844 240438464197
13845 240463156321
13846 240542447323
13847 240553719011
13848 240574509001
13849 240619548973
13850 240626793637
13851 240633084511
13852 240715507297
13853 240872072521
13854 240884113403
13855 240934306087
13856 240950948437
13857 240980317321
13858 240999515191
13859 241027238497
13860 241049504611
13861 241083513841
13862 241152614081
13863 241173056251
13864 241257849661
13865 241380409549
13866 241399456591
13867 241429463263
13868 241452791917
13869 241467773851
13870 241575953809
13871 241638672133
13872 241784995609
13873 241950808243
13874 241954800721
13875 242040482209
13876 242128045079
13877 242150583403
13878 242189795233
13879 242216065051
13880 242235533377
13881 242241443731
13882 242250805891
13883 242279548751
13884 242311556233
13885 242364206423
13886 242520042031
13887 242534014273
13888 242538643441
13889 242568313903
13890 242581770103
13891 242615737729
13892 242630555239
13893 242744889253
13894 242798309599
13895 242800810717
13896 242807988217
13897 242849403343
13898 242896026799
13899 242907909301
13900 242963753341
13901 242970292351
13902 243024432779
13903 243051548851
13904 243059873291
13905 243114829351
13906 243137461459
13907 243140964301
13908 243413669773
13909 243424625383
13910 243451775641
13911 243471831481
13912 243505569211
13913 243526710631
13914 243550435231
13915 243590731031
13916 243623382751
13917 243747690733
13918 243810580369
13919 243848590831
13920 243867720589
13921 243989793433
13922 244100277541
13923 244115420977
13924 244175744431
13925 244178251549
13926 244239265909
13927 244306086571
13928 244306951279
13929 244326713203
13930 244347516163
13931 244393825411
13932 244398251917
13933 244410604903
13934 244425217037
13935 244433738401
13936 244446249301
13937 244555995751
13938 244599746581
13939 244662811573
13940 244681899311
13941 244694535119
13942 244705581667
13943 244899182053
13944 244970876021
13945 244980904981
13946 244981449991
13947 244982937361
13948 244985424599
13949 245144037601
13950 245180702227
13951 245201598289
13952 245218257631
13953 245255964241
13954 245258365537
13955 245291853691
13956 245314360523
13957 245320348051
13958 245429631959
13959 245442214951
13960 245469735271
13961 245645661367
13962 245690662969
13963 245800834439
13964 245820406879
13965 245845615217
13966 246032535601
13967 246038090167
13968 246156139951
13969 246169048861
13970 246183040517
13971 246216954901
13972 246251970343
13973 246321967501
13974 246395952721
13975 246418172227
13976 246423549121
13977 246452380561
13978 246512499721
13979 246515430481
13980 246590426881
13981 246603002069
13982 246605264611
13983 246622126141
13984 246648752551
13985 246661101793
13986 246712245781
13987 246765418903
13988 246887390881
13989 246924650941
13990 246940140691
13991 246958317451
13992 246960685997
13993 246980736133
13994 247001521231
13995 247019175181
13996 247133229751
13997 247187217509
13998 247187366533
13999 247262993323
14000 247264625161
14001 247336222631
14002 247402809541
14003 247499919811
14004 247574264851
14005 247693613203
14006 247728057601
14007 247794976171
14008 247857147661
14009 247859919761
14010 247866426121
14011 247921709041
14012 247928933909
14013 247945488451
14014 247948863397
14015 247952650261
14016 248006280341
14017 248083692121
14018 248149005451
14019 248156947853
14020 248220195721
14021 248320614001
14022 248344385941
14023 248347956361
14024 248369758003
14025 248472047251
14026 248482062511
14027 248581242253
14028 248665437551
14029 248771637589
14030 248777062871
14031 248791796521
14032 248809746331
14033 248864716861
14034 248869782451
14035 248990568919
14036 249015009751
14037 249095173867
14038 249111421057
14039 249124922899
14040 249132716929
14041 249255339601
14042 249401363401
14043 249470458903
14044 249525475387
14045 249567789121
14046 249644826721
14047 249680972353
14048 249681768001
14049 249717329947
14050 249773738281
14051 249852745741
14052 249869065141
14053 249926595283
14054 249928041733
14055 249962325931
14056 249992029141
14057 250025109751
14058 250099658401
14059 250119992071
14060 250154363521
14061 250220148949
14062 250242658849
14063 250251755371
14064 250304025511
14065 250348846651
14066 250411586881
14067 250438228153
14068 250439056561
14069 250476500971
14070 250487870579
14071 250512862753
14072 250531120153
14073 250551839953
14074 250599559831
14075 250675543891
14076 250676748481
14077 250751180411
14078 250758701779
14079 250770806131
14080 250818432985
14081 250842471151
14082 250859023381
14083 251067269461
14084 251079115411
14085 251179486643
14086 251260462861
14087 251296189453
14088 251355966517
14089 251369212681
14090 251389202269
14091 251408612101
14092 251415071431
14093 251432855731
14094 251508915703
14095 251534366227
14096 251670183889
14097 251738018551
14098 251948004733
14099 251950622419
14100 251970828611
14101 252005552191
14102 252112105129
14103 252197877409
14104 252200920297
14105 252207289531
14106 252224103361
14107 252261025039
14108 252263084977
14109 252292523311
14110 252329725873
14111 252466172713
14112 252466414201
14113 252489781627
14114 252505670761
14115 252534593083
14116 252535368961
14117 252557899981
14118 252611087821
14119 252730476001
14120 252733650121
14121 252736609861
14122 252796229011
14123 252806221399
14124 252853705963
14125 252889562971
14126 252957868921
14127 253008189253
14128 253086719467
14129 253114002901
14130 253342076653
14131 253481903251
14132 253501389433
14133 253555643053
14134 253806204559
14135 253818216469
14136 253838435761
14137 254071802077
14138 254098329211
14139 254138041273
14140 254165516221
14141 254186582833
14142 254407391383
14143 254413625437
14144 254421680197
14145 254437547113
14146 254509503931
14147 254510826431
14148 254513403341
14149 254518763329
14150 254539341253
14151 254584528651
14152 254614547431
14153 254617439341
14154 254620672021
14155 254674246681
14156 254694092641
14157 254810965699
14158 254882294437
14159 254892700261
14160 254908805713
14161 254924953201
14162 254941912891
14163 254988213131
14164 255090743857
14165 255159322529
14166 255204053917
14167 255263510287
14168 255301433011
14169 255357506251
14170 255364535339
14171 255407133559
14172 255470150413
14173 255483379451
14174 255518201737
14175 255622065859
14176 255737399453
14177 255757977229
14178 255768227023
14179 255787154737
14180 255793734379
14181 255800365003
14182 255810413377
14183 255838722133
14184 255880543153
14185 255895519051
14186 256040295691
14187 256049014951
14188 256099961983
14189 256104170593
14190 256132004299
14191 256186430551
14192 256251509029
14193 256290847237
14194 256447000387
14195 256501925909
14196 256533140713
14197 256563776701
14198 256600052881
14199 256645259401
14200 256676112929
14201 256693170631
14202 256698282481
14203 256708271461
14204 256712133373
14205 256744523071
14206 256908872161
14207 256918749031
14208 256923204931
14209 256931549101
14210 256955830741
14211 256985350903
14212 256990404763
14213 257038603141
14214 257056800227
14215 257136398641
14216 257143721473
14217 257151036781
14218 257212454401
14219 257300520751
14220 257406325151
14221 257416501861
14222 257430736711
14223 257450208013
14224 257485363021
14225 257502689161
14226 257567626931
14227 257603467969
14228 257630981653
14229 257663410957
14230 257689772551
14231 257817481153
14232 257935078081
14233 257947994371
14234 258044160013
14235 258209627831
14236 258248989951
14237 258254610901
14238 258450572287
14239 258507835723
14240 258525766511
14241 258527812537
14242 258565939633
14243 258622522003
14244 258647844661
14245 258737953633
14246 258738904789
14247 258841073317
14248 258934280359
14249 258959755693
14250 258991746199
14251 259109776381
14252 259147960361
14253 259285007671
14254 259334309431
14255 259343371057
14256 259410764911
14257 259468989751
14258 259528404961
14259 259546232401
14260 259552560103
14261 259570591549
14262 259571683309
14263 259585456001
14264 259633429147
14265 259679749141
14266 259699907821
14267 259751051533
14268 259810619281
14269 259832185003
14270 259913082577
14271 259938277523
14272 260004427201
14273 260049849049
14274 260056100323
14275 260073511273
14276 260274810989
14277 260325499141
14278 260354795341
14279 260381113091
14280 260463847627
14281 260578145761
14282 260693432833
14283 260739891899
14284 260853706177
14285 260871285403
14286 260918902861
14287 260927538901
14288 260939570251
14289 260998789939
14290 261004630193
14291 261037480411
14292 261123254443
14293 261233178757
14294 261235135801
14295 261325583369
14296 261561008281
14297 261588350389
14298 261596600929
14299 261600572341
14300 261656788051
14301 261706388347
14302 261706681633
14303 261721422271
14304 261817701601
14305 261901903339
14306 261983208481
14307 261987152321
14308 262006103587
14309 262173076903
14310 262242982499
14311 262249237381
14312 262360047277
14313 262384531501
14314 262393529159
14315 262414347397
14316 262475593669
14317 262477108441
14318 262490832241
14319 262501905691
14320 262528568161
14321 262600602241
14322 262677304891
14323 262694700703
14324 262757672641
14325 262815869377
14326 262856846617
14327 262897494703
14328 262990949747
14329 263029321171
14330 263040875401
14331 263153529493
14332 263293372501
14333 263381200597
14334 263438746201
14335 263511425311
14336 263833007221
14337 263852122249
14338 263864689849
14339 263881668469
14340 263886271949
14341 263891864419
14342 264024579349
14343 264029995843
14344 264128467807
14345 264149828191
14346 264157579691
14347 264179947501
14348 264186069643
14349 264265526023
14350 264393602251
14351 264420060601
14352 264457370161
14353 264609882181
14354 264629216251
14355 264632462641
14356 264638900131
14357 264662469629
14358 264671242393
14359 264720129187
14360 264839065369
14361 264867298681
14362 264883786049
14363 264943590211
14364 264949345231
14365 264958554451
14366 265020327001
14367 265033027627
14368 265048860077
14369 265182830993
14370 265196971621
14371 265215282151
14372 265413594161
14373 265414817641
14374 265424297989
14375 265432339261
14376 265456250731
14377 265602560011
14378 265603033801
14379 265640822023
14380 265677855211
14381 265696058401
14382 265698321601
14383 265764646921
14384 265774595329
14385 265783725001
14386 265824025351
14387 265827610579
14388 265992851251
14389 266003109433
14390 266048097901
14391 266055822859
14392 266127188161
14393 266225326291
14394 266245146133
14395 266299285429
14396 266354468227
14397 266400420661
14398 266403981061
14399 266429442109
14400 266520140921
14401 266569115671
14402 266589613441
14403 266654286271
14404 266660007769
14405 266690907451
14406 266717239381
14407 266745406699
14408 266752871389
14409 266778577159
14410 266806386001
14411 266814014041
14412 266848925851
14413 266858138251
14414 266883145063
14415 266937257401
14416 266940741671
14417 266954830931
14418 266991248161
14419 267003515989
14420 267119658877
14421 267171236191
14422 267219609931
14423 267252099841
14424 267263474941
14425 267307343551
14426 267457660177
14427 267516487373
14428 267524675713
14429 267580513201
14430 267592538179
14431 267604937947
14432 267614524621
14433 267632131873
14434 267664207309
14435 267674670449
14436 267708192727
14437 267853053331
14438 267918047249
14439 267950250173
14440 268023257563
14441 268063598221
14442 268105534819
14443 268173196141
14444 268554715003
14445 268653692471
14446 268702532407
14447 268818744811
14448 268843762111
14449 268877418431
14450 268889608417
14451 268896973021
14452 268958713759
14453 268988779207
14454 269119214101
14455 269119238821
14456 269191259551
14457 269241126391
14458 269305253137
14459 269338548943
14460 269378626861
14461 269380251661
14462 269453576701
14463 269512759651
14464 269549422453
14465 269557729849
14466 269567847719
14467 269598919927
14468 269799929939
14469 269865209329
14470 269960634659
14471 270047383831
14472 270129525859
14473 270130815841
14474 270157704391
14475 270179618239
14476 270272368741
14477 270393241637
14478 270422391331
14479 270439094641
14480 270484363579
14481 270491936041
14482 270500872333
14483 270580544401
14484 270607758961
14485 270638581351
14486 270646884091
14487 270709535471
14488 270741270361
14489 270786796271
14490 270840903169
14491 270918417799
14492 270974400299
14493 271025094913
14494 271064448481
14495 271136393221
14496 271137125377
14497 271162142281
14498 271191268693
14499 271193516911
14500 271265083381
14501 271271440987
14502 271274823409
14503 271357251401
14504 271367397841
14505 271376337403
14506 271388845201
14507 271393063247
14508 271464758527
14509 271605054157
14510 271615086361
14511 271665009001
14512 271718159521
14513 271744352749
14514 271796698951
14515 271800852571
14516 271874110411
14517 271888420409
14518 271947478111
14519 271983020401
14520 271984599121
14521 271999981921
14522 272019983437
14523 272023906177
14524 272057856211
14525 272090771773
14526 272143688191
14527 272191512631
14528 272215339111
14529 272342767321
14530 272351135701
14531 272410403803
14532 272436108601
14533 272447722207
14534 272458370581
14535 272476275469
14536 272677487041
14537 272733003601
14538 272740931341
14539 272747400041
14540 272826242881
14541 272837360161
14542 272846140981
14543 272935938133
14544 272976442201
14545 273062167561
14546 273136431121
14547 273141444473
14548 273150410413
14549 273246834037
14550 273305254021
14551 273319501681
14552 273381850897
14553 273426831991
14554 273454276267
14555 273648002101
14556 273827760067
14557 273870573061
14558 273918831889
14559 273946440181
14560 274013093593
14561 274015291861
14562 274020136633
14563 274113666061
14564 274135407991
14565 274166983333
14566 274371491311
14567 274394260027
14568 274400238331
14569 274478181169
14570 274528403329
14571 274553100691
14572 274565615977
14573 274581214603
14574 274646365687
14575 274679015473
14576 274763507761
14577 274764736891
14578 274869425107
14579 274905913351
14580 274967135227
14581 275119896871
14582 275144855563
14583 275145228013
14584 275179630057
14585 275206295041
14586 275215047577
14587 275235879251
14588 275248441201
14589 275256906211
14590 275296888351
14591 275324666653
14592 275327931817
14593 275341138081
14594 275349181537
14595 275403266461
14596 275450028481
14597 275523848191
14598 275538119347
14599 275559123841
14600 275583533041
14601 275616038323
14602 275700980101
14603 275712651523
14604 275714519767
14605 275757158641
14606 275781987451
14607 275814642403
14608 275900652787
14609 275979986281
14610 276056631577
14611 276153425551
14612 276256596013
14613 276608992843
14614 276679843021
14615 276703467283
14616 276733382239
14617 276774863401
14618 276813120013
14619 276831141361
14620 276848080321
14621 276849870307
14622 276864941377
14623 276878652289
14624 277005458029
14625 277008035713
14626 277023845323
14627 277105937149
14628 277193230861
14629 277201884779
14630 277225598959
14631 277262876017
14632 277299460909
14633 277362315781
14634 277367269303
14635 277382982061
14636 277587914941
14637 277608066667
14638 277685380171
14639 277687978327
14640 277714329253
14641 277716000817
14642 277716294901
14643 277779521167
14644 277868351503
14645 277964686561
14646 277972598251
14647 278024428837
14648 278042601691
14649 278069077441
14650 278332774061
14651 278342938963
14652 278363789729
14653 278365819861
14654 278368528387
14655 278459359567
14656 278477097757
14657 278602847251
14658 278634876511
14659 278648844241
14660 278671708141
14661 278745724531
14662 278763644503
14663 278813523773
14664 278829232109
14665 278875473031
14666 278977001521
14667 278985273841
14668 279015399989
14669 279066843697
14670 279116481541
14671 279128916791
14672 279178115191
14673 279241856353
14674 279286084711
14675 279287243509
14676 279316962601
14677 279382796893
14678 279440402617
14679 279471159727
14680 279507831301
14681 279657997051
14682 279668900881
14683 279695467369
14684 279742993489
14685 279862959349
14686 279878832241
14687 280083629701
14688 280112210251
14689 280146647551
14690 280150072417
14691 280193638741
14692 280382041171
14693 280474189381
14694 280545812821
14695 280590519673
14696 280590920371
14697 280603580419
14698 280869694351
14699 280898265181
14700 280948471651
14701 281210324449
14702 281290404697
14703 281334027511
14704 281341024297
14705 281367632701
14706 281378192863
14707 281485174141
14708 281486688121
14709 281510471659
14710 281528144101
14711 281528972029
14712 281624624461
14713 281638258903
14714 281704317481
14715 281866078237
14716 281867478671
14717 281869610881
14718 281906207111
14719 281967757633
14720 281995622257
14721 282016646731
14722 282019877551
14723 282089175061
14724 282139111801
14725 282199577221
14726 282270276611
14727 282293152351
14728 282299724523
14729 282319002631
14730 282350449333
14731 282365865673
14732 282385274851
14733 282435241861
14734 282437280913
14735 282441323953
14736 282449238787
14737 282464630533
14738 282470914963
14739 282486954031
14740 282497897161
14741 282510347809
14742 282526904857
14743 282549778513
14744 282640783591
14745 282689824501
14746 282720040903
14747 282765650689
14748 282791297851
14749 282900539503
14750 282972755071
14751 283010570911
14752 283111893217
14753 283189457071
14754 283271625451
14755 283278351553
14756 283279774051
14757 283330783867
14758 283367865041
14759 283379139361
14760 283388185081
14761 283454716609
14762 283480836721
14763 283494606121
14764 283497218803
14765 283505629501
14766 283576636579
14767 283595922637
14768 283663368773
14769 283746450529
14770 283747475461
14771 283901344523
14772 283913572801
14773 284026441249
14774 284036846161
14775 284111157961
14776 284200225739
14777 284231948569
14778 284256777221
14779 284273324113
14780 284340445471
14781 284345778049
14782 284352518101
14783 284380045177
14784 284394452291
14785 284426738821
14786 284444588429
14787 284460544031
14788 284478489907
14789 284499073633
14790 284546981071
14791 284630892251
14792 284749326089
14793 284763281167
14794 284769475789
14795 284830223371
14796 284837667791
14797 284930278813
14798 284939504107
14799 285001518457
14800 285004054297
14801 285110050471
14802 285111973801
14803 285143616913
14804 285159465001
14805 285188600341
14806 285214087489
14807 285243765643
14808 285258776953
14809 285290355841
14810 285386664961
14811 285399976709
14812 285420665971
14813 285503234941
14814 285514213069
14815 285554603881
14816 285557382031
14817 285575922451
14818 285614849089
14819 285661830919
14820 285664339027
14821 285714462541
14822 285931567297
14823 285956628151
14824 285959678131
14825 285979088963
14826 286016655427
14827 286077584909
14828 286113833251
14829 286153921153
14830 286206533341
14831 286219103717
14832 286323613093
14833 286389845563
14834 286430407303
14835 286477624621
14836 286520145913
14837 286586620651
14838 286590125251
14839 286648653727
14840 286820342353
14841 286946275801
14842 286979448601
14843 287137156921
14844 287283632351
14845 287289702031
14846 287356959541
14847 287383788407
14848 287392209061
14849 287407053253
14850 287451153541
14851 287453460001
14852 287468338501
14853 287593697701
14854 287625638119
14855 287735997781
14856 287740070593
14857 287767161109
14858 287782950649
14859 287814839071
14860 287866365751
14861 287902707553
14862 287941931521
14863 287947947541
14864 287977007389
14865 288179610319
14866 288187385221
14867 288280753063
14868 288342281503
14869 288361553401
14870 288372968731
14871 288374745541
14872 288377043319
14873 288391752811
14874 288459290653
14875 288475195181
14876 288497789101
14877 288499684801
14878 288599081629
14879 288622024871
14880 288715819153
14881 288751112497
14882 288846564989
14883 288859291909
14884 288871064371
14885 288880438933
14886 288907550011
14887 288942692941
14888 288960279151
14889 288963549811
14890 289079748883
14891 289094677579
14892 289107275341
14893 289146165751
14894 289167330869
14895 289198254451
14896 289208644453
14897 289234276171
14898 289239682861
14899 289267573057
14900 289272533131
14901 289299916153
14902 289547573773
14903 289647552331
14904 289664725501
14905 289760317411
14906 289775367649
14907 289829220799
14908 289851911059
14909 289931418043
14910 290165021501
14911 290168985163
14912 290237713153
14913 290251995463
14914 290301451039
14915 290326189213
14916 290350575703
14917 290354932741
14918 290376994051
14919 290396806057
14920 290399383453
14921 290526958801
14922 290541299221
14923 290620998487
14924 290785439647
14925 290832339223
14926 290876261773
14927 290882961337
14928 290901778273
14929 290991040003
14930 291039000751
14931 291064280851
14932 291162250891
14933 291227835187
14934 291279214549
14935 291284058691
14936 291347351767
14937 291421034941
14938 291495436849
14939 291527357941
14940 291617728933
14941 291619482001
14942 291644849497
14943 291832057801
14944 291834186379
14945 291876532091
14946 291879706861
14947 291911331601
14948 291951375787
14949 291955938581
14950 292051890373
14951 292108964311
14952 292131286921
14953 292142413499
14954 292296935113
14955 292319083351
14956 292366129051
14957 292550930323
14958 292583230957
14959 292643892571
14960 292698462607
14961 292705249051
14962 292831552177
14963 292850421481
14964 292861935911
14965 292874989681
14966 292876257301
14967 292905835393
14968 292993281761
14969 293019926113
14970 293110152661
14971 293121339361
14972 293123770501
14973 293193915301
14974 293257175941
14975 293287552141
14976 293292210961
14977 293312365501
14978 293368543801
14979 293388238573
14980 293394469231
14981 293572542781
14982 293639307421
14983 293651908903
14984 293660265361
14985 293732450897
14986 293743681051
14987 293750513047
14988 293759252401
14989 293799337861
14990 293894238331
14991 293921101351
14992 293968630597
14993 294087648553
14994 294170949841
14995 294182504533
14996 294192716497
14997 294196763491
14998 294388072903
14999 294408384481
15000 294521984641
15001 294530764387
15002 294664372003
15003 294686416837
15004 294699416659
15005 294727773619
15006 294731181361
15007 294751405061
15008 294758461937
15009 294765213781
15010 294772359151
15011 294792063541
15012 294795165391
15013 294826641751
15014 294888603721
15015 294954622957
15016 295014536911
15017 295036791589
15018 295041814351
15019 295089233671
15020 295143597451
15021 295156852849
15022 295198917751
15023 295199250001
15024 295242198439
15025 295261989553
15026 295320648211
15027 295321617697
15028 295374302449
15029 295393370131
15030 295445622193
15031 295465036651
15032 295483763233
15033 295485398443
15034 295541950801
15035 295545735181
15036 295554531121
15037 295573091797
15038 295607769601
15039 295802463067
15040 295855925653
15041 295878360979
15042 295952025361
15043 296028749521
15044 296085551581
15045 296136054631
15046 296137280599
15047 296184936391
15048 296336582731
15049 296471084869
15050 296491196431
15051 296592289639
15052 296628018719
15053 296719867949
15054 296860937311
15055 296879430403
15056 296922352159
15057 297024185251
15058 297109208467
15059 297163250413
15060 297171270523
15061 297188786809
15062 297189609649
15063 297194438341
15064 297249413203
15065 297254080399
15066 297277171201
15067 297316702967
15068 297360452971
15069 297382976353
15070 297418319479
15071 297461068391
15072 297540037801
15073 297564457711
15074 297619675471
15075 297642340087
15076 297709680451
15077 297720023041
15078 297732153601
15079 297804975703
15080 297961950601
15081 298066498291
15082 298072577713
15083 298074207001
15084 298084293361
15085 298135548001
15086 298141382533
15087 298288765111
15088 298314491833
15089 298410707269
15090 298417350229
15091 298447178941
15092 298462710913
15093 298564684813
15094 298566689149
15095 298640442673
15096 298645266097
15097 298910339101
15098 298938818401
15099 299058438043
15100 299064109177
15101 299130672119
15102 299155487551
15103 299186252569
15104 299209131541
15105 299391066133
15106 299455474237
15107 299502010081
15108 299579066461
15109 299595668089
15110 299707068259
15111 299743982407
15112 299820718837
15113 299918485441
15114 300008648479
15115 300139759459
15116 300144681541
15117 300285917317
15118 300286118749
15119 300359875003
15120 300399483751
15121 300442851791
15122 300493785637
15123 300531868579
15124 300565017817
15125 300572854147
15126 300578529241
15127 300615447493
15128 300787875581
15129 300832101901
15130 300928039189
15131 300954639763
15132 301011672151
15133 301036398211
15134 301253333551
15135 301259908531
15136 301271284273
15137 301332197371
15138 301334430403
15139 301342272617
15140 301348809721
15141 301407180751
15142 301418650513
15143 301441891921
15144 301547675521
15145 301571610881
15146 301753121701
15147 301786674751
15148 301811518871
15149 301914230941
15150 301966798981
15151 301986469591
15152 301988247241
15153 302052174661
15154 302081024341
15155 302104378801
15156 302133282001
15157 302195773681
15158 302196343681
15159 302286684421
15160 302359293493
15161 302395920521
15162 302423830021
15163 302448098371
15164 302455031023
15165 302472030871
15166 302640931477
15167 302674968721
15168 302743129291
15169 302802152161
15170 302950589401
15171 302988666143
15172 303059266381
15173 303107033503
15174 303135108013
15175 303145922251
15176 303215525551
15177 303242277691
15178 303244185749
15179 303281996221
15180 303321964501
15181 303398756833
15182 303404526541
15183 303421675987
15184 303525209101
15185 303597692641
15186 303613728133
15187 303617943301
15188 303628219261
15189 303636390247
15190 303693298351
15191 303697562059
15192 303700733251
15193 303714778537
15194 303743687833
15195 303770942383
15196 303806806801
15197 303818408407
15198 303866961553
15199 303872734981
15200 303883012621
15201 303900037633
15202 303957793231
15203 303997211701
15204 304010438911
15205 304183729721
15206 304214016913
15207 304228200557
15208 304287318721
15209 304413780193
15210 304520079151
15211 304534047637
15212 304557206689
15213 304564344913
15214 304647546043
15215 304675324141
15216 304678701721
15217 304678718191
15218 304740957553
15219 304754187109
15220 304772399011
15221 304811373457
15222 304812686179
15223 304836556441
15224 304919529433
15225 304929631507
15226 304955200243
15227 304959803851
15228 304978112161
15229 305017171391
15230 305079880951
15231 305131287007
15232 305157060451
15233 305162613559
15234 305188432201
15235 305214029641
15236 305297730277
15237 305301231289
15238 305322525901
15239 305334786331
15240 305391469633
15241 305440418161
15242 305529104017
15243 305632724101
15244 305667196801
15245 305738735941
15246 306032533249
15247 306042342241
15248 306103826359
15249 306108841591
15250 306120669121
15251 306122999491
15252 306190965697
15253 306216902071
15254 306216996919
15255 306403443301
15256 306473854259
15257 306476431991
15258 306521681101
15259 306528233623
15260 306595738261
15261 306676407181
15262 306679721531
15263 306694888501
15264 306701324287
15265 306726499801
15266 306734592553
15267 306758744321
15268 306762439183
15269 306811218001
15270 306816362497
15271 306913368521
15272 307001632033
15273 307028195251
15274 307059216133
15275 307109694781
15276 307148475191
15277 307221694081
15278 307243431811
15279 307271555923
15280 307354926691
15281 307370689741
15282 307450980299
15283 307520083333
15284 307533743527
15285 307586139001
15286 307651561537
15287 307768373641
15288 307853867353
15289 307898437291
15290 308025848461
15291 308133634651
15292 308146386761
15293 308260973809
15294 308281269781
15295 308342940571
15296 308396804329
15297 308438365591
15298 308469902821
15299 308479434121
15300 308552557613
15301 308608999651
15302 308630574001
15303 308630598901
15304 308752324057
15305 308825725643
15306 308843879401
15307 308862256277
15308 308996491861
15309 309122922193
15310 309135840133
15311 309136122901
15312 309284865731
15313 309453279367
15314 309482624533
15315 309717440101
15316 309732892801
15317 309788838301
15318 309839381083
15319 309859529491
15320 309947020111
15321 310053081757
15322 310089137221
15323 310102729921
15324 310130398711
15325 310221027271
15326 310228112851
15327 310268335411
15328 310330359277
15329 310343963203
15330 310348542241
15331 310383076501
15332 310466878021
15333 310512562081
15334 310533073003
15335 310556663341
15336 310620998111
15337 310626458869
15338 310746839107
15339 310855329511
15340 311003367091
15341 311059769011
15342 311087999293
15343 311132647651
15344 311137398643
15345 311142609653
15346 311162195999
15347 311162382337
15348 311172537727
15349 311344523953
15350 311360412661
15351 311429712439
15352 311517909451
15353 311541439771
15354 311556357487
15355 311615522443
15356 311649993271
15357 311823065251
15358 311860735477
15359 311879304481
15360 311883708329
15361 311960769121
15362 311987225551
15363 312019585741
15364 312084492787
15365 312087744271
15366 312123869371
15367 312151366171
15368 312167851777
15369 312212104049
15370 312219132481
15371 312239229121
15372 312336086263
15373 312363619543
15374 312425624083
15375 312431503753
15376 312446310751
15377 312496232533
15378 312504757951
15379 312542709781
15380 312547389971
15381 312641754751
15382 312645548881
15383 312677530513
15384 312730956091
15385 312759427753
15386 312784730497
15387 312808232101
15388 312841872091
15389 312854342653
15390 312876598231
15391 313003979137
15392 313182122401
15393 313237405261
15394 313254760921
15395 313272732943
15396 313302520171
15397 313339426687
15398 313354962367
15399 313369498441
15400 313380653041
15401 313417746487
15402 313492945627
15403 313577667901
15404 313638520651
15405 313690692631
15406 313698780649
15407 313740762457
15408 313749562381
15409 313765551793
15410 313922547329
15411 313980463031
15412 314021369309
15413 314108568901
15414 314151392281
15415 314155559797
15416 314164640791
15417 314194891141
15418 314208075481
15419 314241494533
15420 314316809137
15421 314351852257
15422 314362711801
15423 314401396051
15424 314455378513
15425 314522078641
15426 314592462077
15427 314619665551
15428 314689021111
15429 314719055239
15430 314895576829
15431 314976453553
15432 314987618821
15433 315193819951
15434 315232752781
15435 315274556521
15436 315288798301
15437 315295351801
15438 315338120731
15439 315355997977
15440 315509225851
15441 315512767201
15442 315594071101
15443 315692559157
15444 315734798963
15445 315905078161
15446 315962312077
15447 316079862463
15448 316099623001
15449 316105669909
15450 316118892161
15451 316189631101
15452 316259110441
15453 316358336449
15454 316381228811
15455 316423147951
15456 316435883251
15457 316540428679
15458 316576070533
15459 316582157041
15460 316601253151
15461 316626889177
15462 316668145231
15463 316711983251
15464 316726264207
15465 316727954563
15466 316748105281
15467 316748974051
15468 316923626683
15469 316935801001
15470 316997211781
15471 317025328309
15472 317066046541
15473 317120763961
15474 317335054849
15475 317360266471
15476 317370329641
15477 317455876891
15478 317494390711
15479 317547723439
15480 317551501711
15481 317638879741
15482 317650877827
15483 317666270503
15484 317676305941
15485 317793651979
15486 317808923521
15487 317829917791
15488 317869368049
15489 317969300617
15490 318097675351
15491 318221278651
15492 318239018953
15493 318251723057
15494 318269146861
15495 318332672533
15496 318461681281
15497 318596591809
15498 318602329819
15499 318735725821
15500 318822787603
15501 318921428851
15502 318984937237
15503 319064087791
15504 319163766307
15505 319183077347
15506 319202053777
15507 319213820521
15508 319294638433
15509 319318783759
15510 319353671737
15511 319361890651
15512 319406052673
15513 319435917637
15514 319444564273
15515 319453442101
15516 319569489961
15517 319619801119
15518 319658890951
15519 319681018717
15520 319789844251
15521 319793233411
15522 319823916193
15523 319847974657
15524 319862768831
15525 319909047319
15526 319953808549
15527 320050141561
15528 320050199701
15529 320072133151
15530 320081501671
15531 320109711301
15532 320214291841
15533 320308080457
15534 320334775351
15535 320474976121
15536 320490864601
15537 320506120777
15538 320525234569
15539 320542229503
15540 320549307541
15541 320579325907
15542 320601395377
15543 320667831553
15544 320734191671
15545 320764589501
15546 320920532203
15547 321018740641
15548 321023845297
15549 321035938651
15550 321047344801
15551 321088997701
15552 321138210331
15553 321143579401
15554 321165123361
15555 321203182381
15556 321213681751
15557 321215151403
15558 321273016021
15559 321302322343
15560 321309282517
15561 321327981217
15562 321335793193
15563 321353818801
15564 321388962133
15565 321515871181
15566 321562000657
15567 321573261223
15568 321588465661
15569 321694035851
15570 321699835549
15571 321805993477
15572 321827422811
15573 321866332549
15574 321888778903
15575 321977996621
15576 322062111451
15577 322063632593
15578 322103070451
15579 322161011171
15580 322193597521
15581 322216563871
15582 322271717689
15583 322275560641
15584 322353476173
15585 322460807657
15586 322612644413
15587 322645021229
15588 322693666021
15589 322910673097
15590 322982696977
15591 322987572139
15592 323065220941
15593 323082708931
15594 323194460887
15595 323245703821
15596 323332706761
15597 323396680141
15598 323488901539
15599 323653167181
15600 323676164393
15601 323711350093
15602 323817316903
15603 324033782101
15604 324213701761
15605 324221429377
15606 324226015063
15607 324316937773
15608 324319680271
15609 324321422797
15610 324333547511
15611 324422368051
15612 324493762321
15613 324503937451
15614 324601942009
15615 324618438763
15616 324622010903
15617 324868260991
15618 324898406059
15619 324959199671
15620 324989339131
15621 325073955403
15622 325177867771
15623 325203453319
15624 325250257921
15625 325389018389
15626 325430866279
15627 325467781789
15628 325529374381
15629 325592295751
15630 325684804957
15631 325703187253
15632 325729458757
15633 325906589119
15634 325922250337
15635 326012836993
15636 326016635803
15637 326046329281
15638 326084644741
15639 326173434649
15640 326188363117
15641 326403149951
15642 326459648269
15643 326517673597
15644 326616195553
15645 326623928203
15646 326684321713
15647 326711829943
15648 326821016671
15649 326902779451
15650 326921355841
15651 327015908941
15652 327027652993
15653 327041434513
15654 327060522253
15655 327072537793
15656 327091581991
15657 327336054281
15658 327458127097
15659 327551053393
15660 327565493929
15661 327599230579
15662 327612995803
15663 327857411701
15664 327894133741
15665 327906088501
15666 327958557961
15667 327983178403
15668 328079292193
15669 328130329913
15670 328156195771
15671 328160050033
15672 328238292253
15673 328271718991
15674 328295586337
15675 328331979601
15676 328351501843
15677 328478639273
15678 328498488181
15679 328636836769
15680 328704554861
15681 328724872831
15682 328735962133
15683 328811929951
15684 328817885623
15685 328839008851
15686 328891073887
15687 328897891477
15688 328926599821
15689 328973102723
15690 329007195577
15691 329071375931
15692 329157561049
15693 329224471633
15694 329331685231
15695 329344008001
15696 329403964501
15697 329618004211
15698 329625147601
15699 329717825641
15700 329770900999
15701 329773389331
15702 329835004981
15703 329836217899
15704 329851993201
15705 329861629261
15706 330003469511
15707 330018410401
15708 330079741657
15709 330087220849
15710 330100708961
15711 330265914217
15712 330290627941
15713 330385296061
15714 330391126129
15715 330393066901
15716 330397216921
15717 330495475591
15718 330569785951
15719 330622927741
15720 330628942663
15721 330748363531
15722 330784048393
15723 330949618651
15724 330954174253
15725 331000001329
15726 331011894721
15727 331051917061
15728 331100895263
15729 331111547971
15730 331150818013
15731 331154273911
15732 331180393363
15733 331222290313
15734 331243286533
15735 331255743187
15736 331339895077
15737 331356720259
15738 331379945401
15739 331529661739
15740 331630652449
15741 331715365309
15742 331802123077
15743 331882302403
15744 332009410501
15745 332122094089
15746 332166495943
15747 332253917551
15748 332321966737
15749 332368698901
15750 332379428401
15751 332428448281
15752 332443818029
15753 332480687527
15754 332481074329
15755 332491188331
15756 332493363161
15757 332579718157
15758 332651412851
15759 332694257041
15760 332707032919
15761 332711698801
15762 332803322021
15763 332835987793
15764 332846618317
15765 332865575767
15766 332872159621
15767 332958600703
15768 333017537731
15769 333064320247
15770 333146708137
15771 333330785257
15772 333332833331
15773 333384119377
15774 333476905103
15775 333483326833
15776 333485370487
15777 333507693751
15778 333524752927
15779 333561188371
15780 333619540213
15781 333778299031
15782 333866203831
15783 333909758701
15784 333915448021
15785 333969502903
15786 334000333333
15787 334156369513
15788 334202088109
15789 334222965649
15790 334226485321
15791 334228433431
15792 334263276313
15793 334296813883
15794 334408280977
15795 334430278879
15796 334465597261
15797 334533466921
15798 334538972461
15799 334540012489
15800 334584819313
15801 334664580451
15802 334685450401
15803 334795314671
15804 334917956809
15805 335060786521
15806 335069937721
15807 335118539669
15808 335153121031
15809 335227766707
15810 335238202177
15811 335269716949
15812 335395178581
15813 335404848169
15814 335460153121
15815 335480430301
15816 335509504903
15817 335532722251
15818 335533074157
15819 335536834579
15820 335558606561
15821 335612183759
15822 335713539745
15823 335722609153
15824 335771134999
15825 335820738541
15826 335833898461
15827 335905777373
15828 335909788717
15829 336023153281
15830 336076103701
15831 336120601351
15832 336200327191
15833 336261385351
15834 336321079859
15835 336617633791
15836 336650629267
15837 336661340737
15838 336663701489
15839 336665932201
15840 336675266287
15841 336690128503
15842 336862100119
15843 336937691221
15844 337016573233
15845 337044099671
15846 337103836651
15847 337135749991
15848 337150566061
15849 337159031821
15850 337159751861
15851 337172794201
15852 337279144753
15853 337351311937
15854 337365723349
15855 337399497991
15856 337429071253
15857 337459470109
15858 337476545599
15859 337490547571
15860 337512935593
15861 337563697771
15862 337637873711
15863 337681015471
15864 337686043501
15865 337712892001
15866 337853097091
15867 337865794561
15868 337871362141
15869 337933040161
15870 337935883033
15871 338099746141
15872 338267518903
15873 338448387817
15874 338498631181
15875 338501208901
15876 338592582721
15877 338597963401
15878 338615082931
15879 338734003213
15880 338752548877
15881 338764379329
15882 338800125691
15883 338810598253
15884 338826399157
15885 338909924401
15886 338958786403
15887 338975175881
15888 339065998657
15889 339108809579
15890 339218925787
15891 339314810689
15892 339331363541
15893 339451395313
15894 339453369053
15895 339472756171
15896 339479976529
15897 339493859821
15898 339495551641
15899 339500262421
15900 339551863003
15901 339621378181
15902 339687804331
15903 339701536189
15904 339712684117
15905 339848595703
15906 339883968341
15907 339935503051
15908 339945877441
15909 339970051111
15910 339984855061
15911 340008005251
15912 340096598161
15913 340103883001
15914 340125285517
15915 340126608709
15916 340130488081
15917 340165253431
15918 340265614111
15919 340314356251
15920 340330914181
15921 340541476003
15922 340561282951
15923 340627472641
15924 340631230843
15925 340635343201
15926 340641677377
15927 340641892163
15928 340810120897
15929 340818825691
15930 340837390081
15931 340994734081
15932 341027579257
15933 341118126361
15934 341142157207
15935 341209544251
15936 341279029183
15937 341367840133
15938 341370008851
15939 341466796453
15940 341542326913
15941 341665617151
15942 341793847873
15943 341818197841
15944 341875551751
15945 341899583581
15946 341989172611
15947 341990808751
15948 342033966691
15949 342119283361
15950 342154904461
15951 342221459329
15952 342320536991
15953 342356196601
15954 342406015751
15955 342441526027
15956 342449490241
15957 342452163931
15958 342507849601
15959 342535473649
15960 342563594413
15961 342576448831
15962 342614505983
15963 342647494309
15964 342698993531
15965 342714182851
15966 342805925921
15967 342830450047
15968 343114558333
15969 343154895931
15970 343220623903
15971 343291603901
15972 343301514401
15973 343304490943
15974 343304918839
15975 343346806129
15976 343411120207
15977 343416230011
15978 343449525277
15979 343511572951
15980 343539089791
15981 343586564029
15982 343615387699
15983 343661226691
15984 343667156527
15985 343791518071
15986 343860816469
15987 344004395351
15988 344228434873
15989 344241290389
15990 344242486351
15991 344246456737
15992 344308919281
15993 344337347461
15994 344396190431
15995 344493034021
15996 344594020051
15997 344614029961
15998 344733503311
15999 344796133709
16000 344832424021
16001 344841776329
16002 344890893233
16003 344926688401
16004 344928761797
16005 344971855621
16006 344975610601
16007 345008424301
16008 345163970089
16009 345196040029
16010 345201620801
16011 345215884861
16012 345273474313
16013 345347498761
16014 345431787709
16015 345531091951
16016 345538016953
16017 345562385281
16018 345618480247
16019 345640832461
16020 345657263251
16021 345668033677
16022 345768740591
16023 345777222701
16024 345967568857
16025 346009955713
16026 346020861713
16027 346120528051
16028 346139134111
16029 346160103241
16030 346163884687
16031 346239371311
16032 346358024461
16033 346360477681
16034 346509394003
16035 346642726501
16036 346671588031
16037 346683049861
16038 346709217403
16039 346740963031
16040 346782256153
16041 346809150703
16042 346813472461
16043 346854402133
16044 346913198413
16045 347000470381
16046 347051714293
16047 347090429171
16048 347147919889
16049 347202166523
16050 347239027981
16051 347412043213
16052 347418465811
16053 347428159021
16054 347439061621
16055 347548245073
16056 347589248533
16057 347637955559
16058 347665041571
16059 347680987201
16060 347689184671
16061 347717762641
16062 347937381023
16063 347938496641
16064 347947802467
16065 348035642831
16066 348080839877
16067 348091840801
16068 348098364979
16069 348154969447
16070 348159637897
16071 348164493671
16072 348193444501
16073 348202214533
16074 348286386817
16075 348354677269
16076 348389365699
16077 348581439361
16078 348643165291
16079 348670260481
16080 348775338871
16081 348779464321
16082 348792414001
16083 348837081499
16084 348883137001
16085 348991275331
16086 349027501681
16087 349033511389
16088 349088317741
16089 349098290413
16090 349224024601
16091 349233213061
16092 349311649501
16093 349334830153
16094 349366320409
16095 349385050873
16096 349479822721
16097 349562959453
16098 349582025701
16099 349584420641
16100 349594297921
16101 349603545773
16102 349604960641
16103 349607651791
16104 349643977363
16105 349667261857
16106 349705068431
16107 349730292913
16108 349743671059
16109 349795958401
16110 349823400991
16111 350014619503
16112 350108318017
16113 350130266851
16114 350148988841
16115 350194946203
16116 350200715803
16117 350205284563
16118 350221487621
16119 350225051201
16120 350281092481
16121 350282479747
16122 350475288013
16123 350506290421
16124 350524354069
16125 350524664299
16126 350604712261
16127 350623269361
16128 350640246961
16129 350659683307
16130 350731803787
16131 350772647551
16132 350821571257
16133 350860953991
16134 351025689389
16135 351041127841
16136 351093523507
16137 351131890033
16138 351145127941
16139 351147605771
16140 351200357371
16141 351304386509
16142 351442814479
16143 351460392031
16144 351474094261
16145 351595504261
16146 351653073661
16147 351655512931
16148 351661819501
16149 351678716383
16150 351738138667
16151 351758676461
16152 351856373887
16153 351861273601
16154 351885586177
16155 351964076311
16156 352016085943
16157 352088815079
16158 352195858687
16159 352213493941
16160 352261310347
16161 352368031493
16162 352509000031
16163 352538670871
16164 352598589949
16165 352690870681
16166 352729459993
16167 352741412431
16168 352741525921
16169 352766532511
16170 352804875109
16171 352810098031
16172 352876169441
16173 352886150017
16174 352897400041
16175 352974388471
16176 352982743987
16177 353048743213
16178 353165709601
16179 353193975751
16180 353494726073
16181 353502606343
16182 353534356729
16183 353595086491
16184 353858721811
16185 353880045451
16186 354051241831
16187 354132733051
16188 354143176003
16189 354207740251
16190 354208226191
16191 354244555069
16192 354312244441
16193 354409108129
16194 354426009211
16195 354487697467
16196 354642430559
16197 354692388929
16198 354729170071
16199 354864744877
16200 354918939413
16201 354934867981
16202 354978218071
16203 354990050531
16204 355042400833
16205 355049122501
16206 355058289577
16207 355173035221
16208 355314742231
16209 355336018753
16210 355400509249
16211 355406036311
16212 355485480673
16213 355586137201
16214 355642353379
16215 355690421759
16216 355757598817
16217 355808700901
16218 355822094377
16219 355833649291
16220 355848714869
16221 355983609871
16222 356008884463
16223 356170250479
16224 356181945419
16225 356211831187
16226 356238196121
16227 356249614381
16228 356376379591
16229 356456510551
16230 356647870261
16231 356892585463
16232 356895477091
16233 357054304237
16234 357143434201
16235 357160382407
16236 357342293701
16237 357371149061
16238 357564921031
16239 357680482891
16240 357730131529
16241 357847245001
16242 357889725703
16243 358083110533
16244 358326697213
16245 358437000367
16246 358469284321
16247 358528733869
16248 358536526151
16249 358600750003
16250 358665595201
16251 358789364137
16252 358923840419
16253 358985935969
16254 359109751057
16255 359257289983
16256 359315556517
16257 359316634951
16258 359334813601
16259 359353548919
16260 359378356501
16261 359427329189
16262 359442461281
16263 359454838051
16264 359489058517
16265 359499675191
16266 359542141093
16267 359775280531
16268 359805285841
16269 359823141721
16270 359825047591
16271 359893136641
16272 359895990007
16273 359920279603
16274 359936421901
16275 359979562801
16276 360001604197
16277 360193425127
16278 360274229281
16279 360304350001
16280 360350835211
16281 360462803161
16282 360463499089
16283 360531042397
16284 360543415681
16285 360663550651
16286 360681542821
16287 360715706389
16288 360755093791
16289 360787448941
16290 360814435759
16291 360859536001
16292 360999403861
16293 361023510511
16294 361177895261
16295 361210693069
16296 361239848251
16297 361302528913
16298 361351849981
16299 361399657807
16300 361478810491
16301 361586581441
16302 361609558597
16303 361617528163
16304 361760389129
16305 361796809057
16306 361841196289
16307 361851346481
16308 361874510677
16309 361887469123
16310 361894301929
16311 361918831033
16312 361953018241
16313 361970772013
16314 362005721797
16315 362139847939
16316 362156399281
16317 362202217697
16318 362244400381
16319 362272426673
16320 362399421781
16321 362410239361
16322 362411778151
16323 362422505041
16324 362449922651
16325 362454763987
16326 362458464061
16327 362463153977
16328 362479277833
16329 362490352981
16330 362497014967
16331 362562796597
16332 362611193257
16333 362624677381
16334 362677282003
16335 362742704101
16336 362801799361
16337 362810191321
16338 362834557831
16339 362840364881
16340 362843894407
16341 362889406153
16342 362922759739
16343 362926476013
16344 362983244749
16345 362988476467
16346 362994989821
16347 363022115713
16348 363041768857
16349 363055525381
16350 363123462001
16351 363142129921
16352 363208165543
16353 363213432913
16354 363238849277
16355 363334626541
16356 363341894653
16357 363376034821
16358 363397857301
16359 363464734051
16360 363468031243
16361 363480429241
16362 363515816791
16363 363545888737
16364 363608252911
16365 363674811163
16366 363778846369
16367 363805802461
16368 363827222533
16369 363836098751
16370 363871771979
16371 363934839241
16372 364005527131
16373 364028321879
16374 364071395227
16375 364110858569
16376 364122644449
16377 364233071047
16378 364291060711
16379 364314346003
16380 364376129671
16381 364574485921
16382 364592105473
16383 364613808817
16384 364692781441
16385 364727068567
16386 364751757151
16387 364984571161
16388 364998245851
16389 365254143571
16390 365309188249
16391 365417543789
16392 365439448441
16393 365492784271
16394 365683776121
16395 365728576789
16396 365750089993
16397 365771772367
16398 365807548801
16399 365813903269
16400 365884682071
16401 365914684591
16402 365919609463
16403 366025164751
16404 366069959113
16405 366218260921
16406 366283688851
16407 366376774051
16408 366386781619
16409 366437767321
16410 366441778751
16411 366451672861
16412 366605379271
16413 366631107247
16414 366635553571
16415 366821905969
16416 366826281901
16417 366881330047
16418 367053136003
16419 367067797039
16420 367082393701
16421 367375762931
16422 367390747151
16423 367417169461
16424 367450609351
16425 367513893157
16426 367517509591
16427 367544475229
16428 367556759813
16429 367580384011
16430 367592694571
16431 367646974399
16432 367675865519
16433 367699135267
16434 367806581731
16435 367826960791
16436 367837112491
16437 367884352513
16438 367900393087
16439 367921402507
16440 367986892201
16441 368047734391
16442 368103750431
16443 368180806231
16444 368188303393
16445 368295300181
16446 368337901501
16447 368339214361
16448 368367211351
16449 368448093757
16450 368481433321
16451 368532871939
16452 368748198101
16453 368756553211
16454 368783749153
16455 368806466491
16456 368902848151
16457 368946734833
16458 368976037711
16459 368982813421
16460 369130672501
16461 369144938449
16462 369165856753
16463 369171455407
16464 369180683917
16465 369305269087
16466 369307458721
16467 369320255947
16468 369332796301
16469 369386359651
16470 369393185617
16471 369448779013
16472 369454663951
16473 369758793511
16474 369784090171
16475 369786783601
16476 369816319687
16477 369945215473
16478 369955383097
16479 370028106631
16480 370028334157
16481 370042568281
16482 370064848837
16483 370258952311
16484 370394437381
16485 370471277233
16486 370526761049
16487 370538368513
16488 370574332321
16489 370579169011
16490 370583497561
16491 370623910801
16492 370634598937
16493 370694759299
16494 370731982193
16495 370816561369
16496 370896034969
16497 370914438907
16498 370932654991
16499 370948851901
16500 370957695061
16501 371046108439
16502 371078647003
16503 371085525271
16504 371104021963
16505 371112781777
16506 371154110809
16507 371164381381
16508 371185594501
16509 371319485731
16510 371449050001
16511 371473605361
16512 371519845003
16513 371545806061
16514 371618139253
16515 371731244737
16516 371744644861
16517 371792598571
16518 371884332151
16519 371910031201
16520 371918354347
16521 371932956301
16522 372055529143
16523 372060091633
16524 372123143731
16525 372189365857
16526 372195702451
16527 372236654791
16528 372279093013
16529 372346589623
16530 372347823403
16531 372379824961
16532 372415504609
16533 372490529041
16534 372499843063
16535 372609219097
16536 372758521051
16537 372773167111
16538 372790618903
16539 372862803779
16540 372871510831
16541 372896866621
16542 372904059191
16543 372926094193
16544 372992457121
16545 373021934521
16546 373128701167
16547 373149759533
16548 373259531677
16549 373259664091
16550 373301876971
16551 373307752501
16552 373366538437
16553 373429180763
16554 373485458893
16555 373487798503
16556 373542266989
16557 373658814421
16558 373828002661
16559 373841906329
16560 373963966567
16561 373976449391
16562 373981018951
16563 373996815193
16564 374016743689
16565 374115643831
16566 374151346561
16567 374272112701
16568 374338731691
16569 374361546709
16570 374390649181
16571 374398136641
16572 374458499771
16573 374513220649
16574 374575869991
16575 374588926501
16576 374611850491
16577 374684056501
16578 374735609879
16579 374767521889
16580 374808283537
16581 374819473663
16582 374839348201
16583 374907693889
16584 374941195903
16585 375037750949
16586 375065904151
16587 375298467697
16588 375365188657
16589 375431716243
16590 375452998069
16591 375481748071
16592 375488349787
16593 375529282669
16594 375651351601
16595 375793782211
16596 375795052951
16597 375833949211
16598 375847059391
16599 375956703601
16600 376064316631
16601 376082530121
16602 376102136089
16603 376105945951
16604 376121611759
16605 376178699783
16606 376190244769
16607 376204339681
16608 376243862413
16609 376302454357
16610 376322413801
16611 376421106001
16612 376437067819
16613 376633559101
16614 376655122957
16615 376695105601
16616 376700688001
16617 376772784721
16618 376786604449
16619 376839018571
16620 376863684811
16621 376905825301
16622 376934312773
16623 377043214771
16624 377219023031
16625 377231353379
16626 377314263061
16627 377360537833
16628 377367684361
16629 377374227661
16630 377410048723
16631 377421246901
16632 377424719101
16633 377489869301
16634 377518344479
16635 377609400001
16636 377758530421
16637 377764401901
16638 377781859537
16639 377812345633
16640 377835594571
16641 377955272701
16642 377967055951
16643 377984630341
16644 377994533113
16645 378265099057
16646 378269663833
16647 378438607381
16648 378467381899
16649 378573793991
16650 378592394209
16651 378614731601
16652 378758150821
16653 378855179587
16654 378983933191
16655 379013934007
16656 379050629719
16657 379105916491
16658 379182166651
16659 379192909231
16660 379296652771
16661 379372446901
16662 379379367331
16663 379589608531
16664 379620482641
16665 379743917701
16666 379772506513
16667 379974136189
16668 380007945997
16669 380035728019
16670 380070779941
16671 380140890097
16672 380161707121
16673 380240521651
16674 380343307051
16675 380380136401
16676 380460665467
16677 380500866373
16678 380898216217
16679 380956641061
16680 381023906581
16681 381237446351
16682 381340854181
16683 381395190097
16684 381410805781
16685 381497459851
16686 381553464001
16687 381566110517
16688 381697939351
16689 381698567771
16690 381760567117
16691 381814546513
16692 381900183767
16693 381970042387
16694 382031738461
16695 382046722793
16696 382055483941
16697 382111343519
16698 382180393729
16699 382262214409
16700 382263504589
16701 382342272973
16702 382693196791
16703 382693480937
16704 382944981827
16705 382947913591
16706 382961839321
16707 382998464221
16708 383090933701
16709 383092000153
16710 383106610741
16711 383145153667
16712 383220199657
16713 383373004057
16714 383418028519
16715 383502219787
16716 383510119021
16717 383540522473
16718 383594711671
16719 383655122621
16720 383675191651
16721 383679566011
16722 383773414753
16723 383789438731
16724 383847010471
16725 383896966909
16726 384017209717
16727 384099195373
16728 384122227945
16729 384123885151
16730 384124691557
16731 384222476971
16732 384229269397
16733 384377304901
16734 384404464153
16735 384594408001
16736 384607322287
16737 384657824101
16738 384669472069
16739 384671614741
16740 384707015551
16741 384746718049
16742 384805859021
16743 384836695717
16744 384857035111
16745 384978841501
16746 384991999837
16747 385027698371
16748 385048896941
16749 385129504033
16750 385216167481
16751 385222584913
16752 385392473309
16753 385589334601
16754 385599553921
16755 385605544843
16756 385609863383
16757 385618696037
16758 385672667441
16759 385698130561
16760 385728883669
16761 385746686989
16762 385752383761
16763 385761798661
16764 385813083421
16765 385825273123
16766 385828010371
16767 385929943297
16768 386031710551
16769 386037074503
16770 386045854741
16771 386100959281
16772 386130019969
16773 386132601457
16774 386161205401
16775 386432870587
16776 386460353689
16777 386499415171
16778 386556700897
16779 386597770087
16780 386746258519
16781 386781980509
16782 386855276671
16783 386881460827
16784 386938865581
16785 386954958781
16786 387040862251
16787 387055107079
16788 387073394329
16789 387096876013
16790 387103874039
16791 387105075811
16792 387190421011
16793 387245363473
16794 387334047889
16795 387421951489
16796 387431210503
16797 387519456133
16798 387537774289
16799 387554622001
16800 387587959201
16801 387609149299
16802 387622505651
16803 387641388721
16804 387932873827
16805 387951511921
16806 387958491091
16807 388090712413
16808 388157351761
16809 388299115387
16810 388350353143
16811 388355525521
16812 388412467969
16813 388480251349
16814 388492992361
16815 388503723901
16816 388612282661
16817 388621357633
16818 388645867261
16819 388718539903
16820 388721364337
16821 388903740997
16822 388963341901
16823 389095354579
16824 389101816531
16825 389107631467
16826 389179589569
16827 389183455249
16828 389185619131
16829 389206674001
16830 389233687501
16831 389267178319
16832 389270480737
16833 389286840781
16834 389341905301
16835 389390083721
16836 389530537681
16837 389610805501
16838 389859481597
16839 389860422361
16840 390033043291
16841 390076281271
16842 390154068067
16843 390201677251
16844 390214787359
16845 390235104541
16846 390340215613
16847 390587627431
16848 390755611351
16849 390771978097
16850 390791694151
16851 390811412447
16852 390811414841
16853 390840791083
16854 390858298801
16855 390904909819
16856 390923684803
16857 391026863719
16858 391054626271
16859 391092112909
16860 391162490461
16861 391179131461
16862 391520040773
16863 391614491251
16864 391666929391
16865 391702304251
16866 391826920591
16867 391891232449
16868 391912720013
16869 391913391059
16870 391944940141
16871 391964366503
16872 392074000501
16873 392081459551
16874 392084118103
16875 392102500681
16876 392141692801
16877 392191899667
16878 392220613171
16879 392229227851
16880 392244030823
16881 392361970813
16882 392527547339
16883 392655177923
16884 392655280753
16885 392770871167
16886 392781121111
16887 392821047631
16888 392830919857
16889 392847442177
16890 392847737833
16891 392899903831
16892 392910702031
16893 392914700377
16894 392940462421
16895 392946859351
16896 392966020651
16897 393008115781
16898 393031413301
16899 393070777789
16900 393113189281
16901 393141151651
16902 393165441061
16903 393187167253
16904 393219111529
16905 393322192957
16906 393417190861
16907 393474535651
16908 393484408301
16909 393526636651
16910 393623401469
16911 393713000227
16912 393730957447
16913 393740838343
16914 393775723213
16915 393943346273
16916 393944344873
16917 393953103461
16918 393958520209
16919 393985439371
16920 394006976551
16921 394082496277
16922 394117354417
16923 394133592821
16924 394134418861
16925 394139934101
16926 394146949913
16927 394219806247
16928 394233108121
16929 394263701281
16930 394273332001
16931 394603737751
16932 394752998611
16933 394846440211
16934 394921012267
16935 394967674369
16936 395106421013
16937 395268896377
16938 395334679741
16939 395417611651
16940 395507859013
16941 395591832001
16942 395660898613
16943 395705145361
16944 395836852897
16945 396236402761
16946 396315330181
16947 396342331027
16948 396387488593
16949 396434009623
16950 396509120251
16951 396569882413
16952 396607137841
16953 396718839469
16954 396845614171
16955 396956737633
16956 397016684569
16957 397030132531
16958 397040031991
16959 397059457411
16960 397121677261
16961 397126973911
16962 397157615461
16963 397182906451
16964 397257151051
16965 397269965713
16966 397285919581
16967 397345407661
16968 397369632421
16969 397380330271
16970 397385563417
16971 397469426257
16972 397527253957
16973 397620502471
16974 397671175051
16975 397691977513
16976 397961459323
16977 397966682599
16978 398012427451
16979 398121734011
16980 398149298821
16981 398214876001
16982 398253610081
16983 398364777091
16984 398393915401
16985 398398520833
16986 398406430801
16987 398414072227
16988 398414251379
16989 398418162841
16990 398515416583
16991 398525832253
16992 398570263537
16993 398812322221
16994 398833540093
16995 398965497571
16996 398971048799
16997 399010166671
16998 399096358417
16999 399181130317
17000 399215609101
17001 399236629849
17002 399305634913
17003 399334330207
17004 399385261969
17005 399405288241
17006 399430636027
17007 399435595861
17008 399522721357
17009 399614682601
17010 399711500833
17011 399792498041
17012 399865999087
17013 399881320721
17014 399908634133
17015 399915173503
17016 400053303001
17017 400071781789
17018 400114208149
17019 400188128203
17020 400211090891
17021 400447516801
17022 400489861591
17023 400529336401
17024 400546591831
17025 400602558637
17026 400632560521
17027 400758812021
17028 400868654257
17029 400974611689
17030 401011183007
17031 401013478741
17032 401066361697
17033 401079683161
17034 401230163701
17035 401259350101
17036 401265089149
17037 401297964289
17038 401516798593
17039 401607840961
17040 401693510761
17041 401738144257
17042 401772158503
17043 401785243213
17044 401829936901
17045 401840350201
17046 401908071511
17047 401958857251
17048 402045485143
17049 402087878611
17050 402146208133
17051 402162682951
17052 402172303537
17053 402295228141
17054 402301538461
17055 402331343077
17056 402347978449
17057 402366695851
17058 402443478721
17059 402469912357
17060 402573777841
17061 402639599251
17062 402753050671
17063 402754115761
17064 402796176791
17065 402847904317
17066 402858859621
17067 402899779027
17068 402971844439
17069 403022897293
17070 403086908929
17071 403235520781
17072 403260573409
17073 403295911531
17074 403344229681
17075 403497654913
17076 403560665311
17077 403565532067
17078 403633305901
17079 403738550431
17080 403784511607
17081 403906765321
17082 403920021691
17083 404029923571
17084 404069268013
17085 404108659831
17086 404166101947
17087 404308655389
17088 404370364267
17089 404389994627
17090 404421783341
17091 404653892369
17092 404668214161
17093 404699213251
17094 404757120127
17095 404832786289
17096 404915498149
17097 404975908933
17098 405018191371
17099 405046648859
17100 405050122153
17101 405099911233
17102 405239660443
17103 405357829003
17104 405358763473
17105 405390526789
17106 405439595861
17107 405456616273
17108 405470531467
17109 405503999821
17110 405520926427
17111 405580363651
17112 405670463059
17113 405700513111
17114 405771372991
17115 405876427081
17116 405880921681
17117 405994847917
17118 406110411991
17119 406157371351
17120 406288713421
17121 406381335637
17122 406383251041
17123 406386276589
17124 406400913073
17125 406456631827
17126 406469950561
17127 406638492541
17128 406642205773
17129 406685354851
17130 406765770349
17131 406808558443
17132 406853296579
17133 406875754297
17134 406888404007
17135 406926034453
17136 406950786019
17137 406972335661
17138 406982252293
17139 407057312707
17140 407128883179
17141 407202283931
17142 407225455261
17143 407283687751
17144 407504190601
17145 407543330431
17146 407556044971
17147 407706531751
17148 407763127201
17149 407794991969
17150 407979839041
17151 408053575909
17152 408061926607
17153 408113191769
17154 408147020569
17155 408150252271
17156 408171890953
17157 408212293939
17158 408262373851
17159 408318612931
17160 408327028409
17161 408345811451
17162 408487520251
17163 408630613333
17164 408886791661
17165 408971953531
17166 409077370573
17167 409417361137
17168 409420164913
17169 409482514351
17170 409522353571
17171 409558853911
17172 409572458443
17173 409596251677
17174 409690875637
17175 409757147377
17176 409888556551
17177 409910042263
17178 409930263991
17179 409959666037
17180 410100797131
17181 410122536073
17182 410137630939
17183 410396380153
17184 410400087613
17185 410467312921
17186 410617468673
17187 410641344631
17188 410685342343
17189 410781871501
17190 410799743383
17191 410873513473
17192 410895581671
17193 411195024181
17194 411202698061
17195 411256058797
17196 411452850511
17197 411471214069
17198 411581430499
17199 411597060499
17200 411619840831
17201 411733796291
17202 411749693167
17203 411953744971
17204 412062675391
17205 412096754351
17206 412132834111
17207 412304990959
17208 412520340403
17209 412580209231
17210 412659792049
17211 412665085171
17212 412669500601
17213 412674226807
17214 412783838209
17215 412815871339
17216 412880645431
17217 412941027493
17218 413006305897
17219 413033161447
17220 413080314679
17221 413082657067
17222 413157487969
17223 413177425651
17224 413275145471
17225 413288725033
17226 413317056511
17227 413370963631
17228 413416424257
17229 413456659267
17230 413571648379
17231 413603537041
17232 413647264099
17233 413650626247
17234 413692616119
17235 413770559959
17236 413774770753
17237 413860863431
17238 413889444481
17239 413918212151
17240 414225871921
17241 414339142561
17242 414346397617
17243 414417190417
17244 414426115297
17245 414437978497
17246 414449147617
17247 414462787831
17248 414487647001
17249 414591016621
17250 414706156351
17251 414711850351
17252 414767235007
17253 414818754901
17254 414921783403
17255 414927522241
17256 414956485081
17257 414997707151
17258 415086530581
17259 415091134657
17260 415239000679
17261 415262995001
17262 415283902837
17263 415433795701
17264 415639701751
17265 415681338623
17266 415860462139
17267 416097571627
17268 416175632731
17269 416192036833
17270 416225680291
17271 416235007379
17272 416335345141
17273 416348963581
17274 416399585113
17275 416427763111
17276 416577480299
17277 416650756231
17278 416788922401
17279 416890331089
17280 416937286351
17281 416953655317
17282 416978153531
17283 417023222807
17284 417035459681
17285 417071466001
17286 417099590821
17287 417287019601
17288 417318746833
17289 417416832691
17290 417430596013
17291 417459037231
17292 417462893227
17293 417481825411
17294 417529530307
17295 417677452679
17296 417715559059
17297 417737038861
17298 417891328021
17299 417903921751
17300 417968257807
17301 418022685401
17302 418037765461
17303 418103859689
17304 418185667513
17305 418185761311
17306 418199042581
17307 418245207931
17308 418327411573
17309 418361022061
17310 418464900541
17311 418526724893
17312 418526827951
17313 418569807349
17314 418843394071
17315 418857913633
17316 418864280407
17317 418888964863
17318 419002006231
17319 419095031041
17320 419130243751
17321 419140445701
17322 419253522581
17323 419281041061
17324 419409612421
17325 419546075521
17326 419552463799
17327 419633418289
17328 419682637687
17329 419719443001
17330 419732726533
17331 419752080817
17332 419965504003
17333 420043663873
17334 420137967871
17335 420209577457
17336 420219095081
17337 420295086553
17338 420562053217
17339 420579809641
17340 420665675743
17341 420675497113
17342 420677734801
17343 420747870271
17344 420821745521
17345 420878089633
17346 420949267363
17347 420960369061
17348 420988647637
17349 421034899501
17350 421186510861
17351 421320055531
17352 421328614523
17353 421399379767
17354 421422655501
17355 421439954629
17356 421445493793
17357 421556857877
17358 421591915999
17359 421605054721
17360 421616331571
17361 421620038533
17362 421638104231
17363 421688386201
17364 421811229841
17365 421838614231
17366 421849336789
17367 421957955711
17368 422004918391
17369 422028526537
17370 422081566831
17371 422090747821
17372 422147019551
17373 422160048133
17374 422206125997
17375 422210894291
17376 422227573633
17377 422230151521
17378 422235977401
17379 422241664501
17380 422241683191
17381 422319644251
17382 422429369617
17383 422669895301
17384 422714855071
17385 422732577307
17386 422739641581
17387 422796409537
17388 422821904137
17389 422889609301
17390 422935456249
17391 422957193121
17392 422975219171
17393 423131094961
17394 423283751353
17395 423376333333
17396 423483375181
17397 423528975073
17398 423587616481
17399 423660971581
17400 423661380481
17401 423678783559
17402 423740973751
17403 423773441603
17404 423918838459
17405 423983123209
17406 424180459207
17407 424254795661
17408 424380100033
17409 424629691531
17410 424680764639
17411 424686290579
17412 424750300003
17413 424797544033
17414 424859357017
17415 424872373567
17416 424897833011
17417 424903480597
17418 424919359243
17419 424951187851
17420 425061823231
17421 425080372699
17422 425091876121
17423 425125832191
17424 425131472641
17425 425175144271
17426 425190504181
17427 425217600757
17428 425229079637
17429 425541568789
17430 425703792403
17431 425773892281
17432 425792377891
17433 425834239177
17434 425853839251
17435 425945745331
17436 425995844401
17437 426036638827
17438 426047804821
17439 426219295321
17440 426247215643
17441 426390833101
17442 426469489447
17443 426479079391
17444 426640514497
17445 426678739651
17446 426680670763
17447 426734167861
17448 426845035081
17449 426951670531
17450 426981358981
17451 427085724301
17452 427222091341
17453 427226940001
17454 427397332597
17455 427399724251
17456 427498423321
17457 427513610947
17458 427558963177
17459 427602422437
17460 427731031201
17461 427731055207
17462 427810187503
17463 427870759681
17464 427887890821
17465 427969828963
17466 428055963791
17467 428060802709
17468 428096821721
17469 428120035561
17470 428170509757
17471 428251610971
17472 428258970133
17473 428286747073
17474 428289484591
17475 428320332001
17476 428366054989
17477 428394998533
17478 428430621361
17479 428446366267
17480 428449415941
17481 428498662411
17482 428645347921
17483 428861402653
17484 428927083087
17485 428981948011
17486 429087612601
17487 429125335241
17488 429143220703
17489 429165455491
17490 429276638071
17491 429333994051
17492 429451882921
17493 429463156951
17494 429537534121
17495 429742039807
17496 429911676019
17497 429996586951
17498 430007605471
17499 430026523741
17500 430061206681
17501 430118964241
17502 430250596777
17503 430257389707
17504 430281268867
17505 430290060269
17506 430467888943
17507 430513218937
17508 430756735753
17509 430783836451
17510 430805305351
17511 430805857067
17512 430821383143
17513 430823764801
17514 430829490127
17515 430845845401
17516 430884918091
17517 430903090831
17518 430908439261
17519 430910919559
17520 431109025981
17521 431182968913
17522 431229929521
17523 431383952371
17524 431398508329
17525 431441200009
17526 431477688511
17527 431515770211
17528 431552220607
17529 431582517841
17530 431592500503
17531 431619400057
17532 431670354337
17533 431693918569
17534 431761025767
17535 431776138393
17536 431980299745
17537 432073240561
17538 432118148221
17539 432187009561
17540 432226390051
17541 432240201901
17542 432270397651
17543 432339802021
17544 432390337991
17545 432431221381
17546 432472225921
17547 432539143213
17548 432548306401
17549 432570088189
17550 432636150781
17551 432674422937
17552 432730440451
17553 432850341601
17554 432872588611
17555 432981421291
17556 433025798297
17557 433102520077
17558 433103491393
17559 433133048521
17560 433154343007
17561 433215806593
17562 433301523761
17563 433303208069
17564 433526637787
17565 433582963969
17566 433634202583
17567 433792751023
17568 433812337051
17569 433818522481
17570 433936479901
17571 433960189261
17572 433982618401
17573 434031648763
17574 434169890281
17575 434229335191
17576 434336976391
17577 434495964961
17578 434551892041
17579 434558789281
17580 434619847531
17581 434623130971
17582 434641671403
17583 434664600067
17584 434884903129
17585 434894462341
17586 434943659503
17587 435018304033
17588 435034045363
17589 435060751007
17590 435098045077
17591 435124737451
17592 435143258359
17593 435165125981
17594 435251839441
17595 435327464563
17596 435391459903
17597 435464237281
17598 435612267577
17599 435761068681
17600 435803710423
17601 436036018177
17602 436077456697
17603 436085455177
17604 436141533199
17605 436209289561
17606 436244761331
17607 436305816013
17608 436337112961
17609 436339116349
17610 436352618791
17611 436354837777
17612 436432599451
17613 436454983441
17614 436585789261
17615 436617231931
17616 436688248921
17617 436850565823
17618 436897729423
17619 436982889253
17620 436983012091
17621 437095202671
17622 437178764111
17623 437226947119
17624 437256984851
17625 437273660851
17626 437283148901
17627 437593004941
17628 437608349077
17629 437657069263
17630 437667473161
17631 437750608261
17632 437767858249
17633 437789070937
17634 437819178271
17635 437942491903
17636 437959881721
17637 438013150381
17638 438072570343
17639 438185880481
17640 438354379873
17641 438383413333
17642 438439598227
17643 438445794359
17644 438510674179
17645 438559493527
17646 438805648243
17647 438807211837
17648 438819319951
17649 439078421101
17650 439106536657
17651 439312830367
17652 439397707981
17653 439445475811
17654 439544557901
17655 439579288279
17656 439598831401
17657 439614632101
17658 439727017501
17659 439777538227
17660 439860921791
17661 439874259199
17662 440079954289
17663 440097066011
17664 440203099571
17665 440298983797
17666 440329041181
17667 440394909061
17668 440422565311
17669 440431569451
17670 440444980211
17671 440478385153
17672 440591661181
17673 440605389577
17674 440610342661
17675 440674177607
17676 440686921949
17677 440976161081
17678 440999183741
17679 441079157539
17680 441172448641
17681 441227731543
17682 441278112133
17683 441317747539
17684 441449373401
17685 441467974561
17686 441498774151
17687 441499051141
17688 441527158207
17689 441576911521
17690 441626619751
17691 441648621151
17692 441652588961
17693 441656914453
17694 441699608347
17695 441754313797
17696 441809635051
17697 441988063771
17698 441990135451
17699 441990685481
17700 441991885501
17701 442012569631
17702 442014586861
17703 442079694253
17704 442112515151
17705 442186061017
17706 442240516801
17707 442268884511
17708 442413941537
17709 442443934291
17710 442537256893
17711 442570247281
17712 442581407899
17713 442641835291
17714 442667536411
17715 442804487789
17716 442829445529
17717 442835053361
17718 442851812521
17719 442899088453
17720 442901570413
17721 442910926951
17722 442950335521
17723 442979047681
17724 443019568609
17725 443049666029
17726 443213203333
17727 443241570643
17728 443265262903
17729 443282095813
17730 443303613253
17731 443373520483
17732 443381715671
17733 443419199137
17734 443439590833
17735 443652222551
17736 443652285931
17737 443694717091
17738 443742174751
17739 443782392913
17740 443861176151
17741 443976153001
17742 444305322781
17743 444320870533
17744 444405297121
17745 444518970673
17746 444550941479
17747 444563282887
17748 444587978413
17749 444593982799
17750 444705750739
17751 444742578239
17752 444825853291
17753 444850062763
17754 444854622781
17755 444942524399
17756 444980907127
17757 444990215669
17758 445092089413
17759 445120574401
17760 445153630219
17761 445245155471
17762 445309991551
17763 445324009411
17764 445324323991
17765 445365772867
17766 445366336081
17767 445657135529
17768 445664611253
17769 445709899099
17770 445743060979
17771 445823706109
17772 445860275851
17773 446048353741
17774 446060431981
17775 446111968513
17776 446112527863
17777 446212826641
17778 446345230501
17779 446371103719
17780 446393495833
17781 446419754191
17782 446462615471
17783 446640241631
17784 446774651929
17785 447000322501
17786 447001708849
17787 447179476501
17788 447287618161
17789 447318477061
17790 447330232333
17791 447353968447
17792 447556325041
17793 447814155637
17794 447862344697
17795 447916425601
17796 448000695451
17797 448086552481
17798 448137357253
17799 448171094881
17800 448229879371
17801 448297618333
17802 448322011201
17803 448399147279
17804 448427435821
17805 448482373483
17806 448556156371
17807 448619688553
17808 448713157457
17809 448722022321
17810 448722908209
17811 448784115781
17812 448788748591
17813 448925565313
17814 449038761601
17815 449043878533
17816 449149533901
17817 449308548001
17818 449353526291
17819 449378210821
17820 449498945983
17821 449623098521
17822 449654806591
17823 449655062911
17824 449893883521
17825 449960677471
17826 449984569409
17827 450118034651
17828 450192748801
17829 450220229959
17830 450260659181
17831 450266918683
17832 450352178401
17833 450406298161
17834 450413636899
17835 450468328537
17836 450493325801
17837 450526354393
17838 450535208701
17839 450622292551
17840 450694518457
17841 450754100281
17842 450763788967
17843 450787943341
17844 450821905843
17845 450890496631
17846 450892440967
17847 450927135031
17848 451138318289
17849 451205786287
17850 451213928551
17851 451350925741
17852 451426954843
17853 451667704153
17854 451685154961
17855 451777623181
17856 452099186551
17857 452139381193
17858 452176717631
17859 452248289011
17860 452360390551
17861 452543835511
17862 452559865321
17863 452628701821
17864 452705404051
17865 452845813751
17866 452860715287
17867 452890177561
17868 452904471577
17869 452946745441
17870 453106595551
17871 453121193449
17872 453206741653
17873 453263866903
17874 453269040391
17875 453290041621
17876 453410374099
17877 453414351703
17878 453594339547
17879 453693531089
17880 453701708461
17881 453720998503
17882 453859770811
17883 453926782891
17884 453943345591
17885 453956916013
17886 454071926533
17887 454288739851
17888 454352725019
17889 454386437569
17890 454468533577
17891 454474715983
17892 454520800693
17893 454556070541
17894 454793217583
17895 454841944651
17896 454864104001
17897 454874835169
17898 454875012451
17899 455045943409
17900 455231167471
17901 455232312487
17902 455334765029
17903 455377558741
17904 455448401041
17905 455453882941
17906 455454227593
17907 455617220977
17908 455792499751
17909 455919904513
17910 455997652273
17911 455999364367
17912 456027098413
17913 456105923047
17914 456197215781
17915 456247645741
17916 456336199619
17917 456410086201
17918 456413662909
17919 456420250513
17920 456429061771
17921 456481812739
17922 456737486899
17923 456741069877
17924 456772378957
17925 456821188741
17926 456867578971
17927 456895148041
17928 456977026273
17929 456989797351
17930 456998987701
17931 457294532311
17932 457328961253
17933 457354267819
17934 457453568161
17935 457554956251
17936 457741724917
17937 457776954413
17938 457926653251
17939 457945721221
17940 458017476841
17941 458070658141
17942 458179152763
17943 458216604301
17944 458253440989
17945 458304121441
17946 458393533753
17947 458401084303
17948 458417213101
17949 458470952101
17950 458480548681
17951 458504524081
17952 458505794629
17953 458619786991
17954 458803910611
17955 458807274151
17956 458881201663
17957 458926096513
17958 459015273553
17959 459015649981
17960 459065738941
17961 459105837061
17962 459147593851
17963 459247549771
17964 459364089001
17965 459399238801
17966 459420915661
17967 459465054049
17968 459513028423
17969 459644394301
17970 459740788627
17971 459814831561
17972 459879798421
17973 460023100279
17974 460114338133
17975 460143220909
17976 460198089781
17977 460269435361
17978 460296166289
17979 460312325401
17980 460374129179
17981 460382587039
17982 460435392145
17983 460490452003
17984 460508556481
17985 460712923681
17986 460821847901
17987 460848460411
17988 460901566141
17989 460938854251
17990 460979579089
17991 460979592847
17992 461107963801
17993 461134071811
17994 461219328103
17995 461284614199
17996 461299379221
17997 461515835041
17998 461526273127
17999 461598213889
18000 461607617983
18001 461609998981
18002 461650243969
18003 461712291091
18004 461739790471
18005 461792694061
18006 461848543993
18007 461892471301
18008 462047671681
18009 462048779557
18010 462048880141
18011 462069384001
18012 462131522833
18013 462141041731
18014 462217830271
18015 462255707861
18016 462275642743
18017 462382021279
18018 462416541793
18019 462569472091
18020 462630768503
18021 462688454251
18022 462700948951
18023 462707711899
18024 462761923861
18025 462800868193
18026 462832435339
18027 462849213971
18028 462956919661
18029 462983986321
18030 463050581311
18031 463119872491
18032 463132143343
18033 463266566461
18034 463450419493
18035 463566594877
18036 463623163477
18037 463630569121
18038 463644429931
18039 463697759641
18040 463712703697
18041 463789691551
18042 463974889951
18043 463987196263
18044 464067371503
18045 464127040021
18046 464210953751
18047 464219016571
18048 464226164641
18049 464287051339
18050 464340003931
18051 464380427413
18052 464400095041
18053 464479454251
18054 464529917503
18055 464566100833
18056 464754923807
18057 464758863661
18058 464821583899
18059 464822802841
18060 464882801521
18061 464924818321
18062 464980103771
18063 465097573693
18064 465145865557
18065 465319431001
18066 465349428307
18067 465468493393
18068 465521918401
18069 465630205969
18070 465758662601
18071 465861588319
18072 466052748307
18073 466127469811
18074 466150300201
18075 466343125837
18076 466418739749
18077 466439066983
18078 466445956069
18079 466475126671
18080 466500926161
18081 466676217697
18082 466703556721
18083 466896855169
18084 467006967829
18085 467056970087
18086 467161375591
18087 467210197501
18088 467272790437
18089 467385366673
18090 467388946081
18091 467439804001
18092 467467313041
18093 467469338887
18094 467503392929
18095 467542082503
18096 467613543889
18097 467616025021
18098 467652324151
18099 467670889879
18100 467724495239
18101 467859786301
18102 467938785901
18103 468029576251
18104 468190434709
18105 468202896757
18106 468293822851
18107 468318735193
18108 468428350349
18109 468524696311
18110 468635975809
18111 468754646533
18112 468785425873
18113 468874951021
18114 468950069113
18115 468960810653
18116 469067954977
18117 469240924249
18118 469290984691
18119 469403686711
18120 469508959063
18121 469518453263
18122 469555238027
18123 469569072001
18124 469602890923
18125 469606127563
18126 469621639189
18127 469626606541
18128 469750881601
18129 469859060521
18130 470043589207
18131 470151189689
18132 470162101051
18133 470183384773
18134 470238921829
18135 470276307079
18136 470332015297
18137 470356439719
18138 470466412921
18139 470529207901
18140 470580009253
18141 470703689191
18142 470729940283
18143 470731298311
18144 470819687581
18145 470866871591
18146 470892088627
18147 471056911981
18148 471311426701
18149 471527295607
18150 471578695727
18151 471578697451
18152 471690675541
18153 471702994387
18154 471756397447
18155 471773841641
18156 471812618413
18157 471841696141
18158 471842482321
18159 471853581301
18160 471947433361
18161 471947657221
18162 472104573001
18163 472120286041
18164 472131030439
18165 472168882321
18166 472250559047
18167 472311813403
18168 472453399991
18169 472488218359
18170 472518978181
18171 472547553301
18172 472672291801
18173 472688603731
18174 472859981101
18175 472988510191
18176 473057670259
18177 473204328433
18178 473236449571
18179 473253424201
18180 473292756553
18181 473329707491
18182 473348442367
18183 473476865809
18184 473483305861
18185 473495614901
18186 473503583093
18187 473505120463
18188 473588500897
18189 473591434471
18190 473631166351
18191 473646948097
18192 473689051111
18193 473750146153
18194 473750780773
18195 473754479069
18196 473909230759
18197 473910997141
18198 473958262373
18199 473983107841
18200 474006086413
18201 474066111823
18202 474069035081
18203 474108906097
18204 474120771517
18205 474143904979
18206 474175290751
18207 474235867591
18208 474274332491
18209 474280650689
18210 474283069291
18211 474335008981
18212 474481396019
18213 474548279941
18214 474559236577
18215 474584119049
18216 474587694631
18217 474652072021
18218 474685596809
18219 474721860523
18220 474757300711
18221 474764220703
18222 474812076169
18223 474902673017
18224 474938425369
18225 474951590401
18226 475020251333
18227 475091688151
18228 475167955681
18229 475178866363
18230 475191358951
18231 475229492299
18232 475295629177
18233 475423560541
18234 475509953327
18235 475519321201
18236 475528401979
18237 475547968897
18238 475786145269
18239 475791680251
18240 475916313241
18241 475954132663
18242 475954497973
18243 475955781199
18244 475957681291
18245 475961193667
18246 475978048207
18247 476023145021
18248 476025860161
18249 476102531623
18250 476331240769
18251 476495105077
18252 476666405101
18253 476669816963
18254 476730718831
18255 476754154003
18256 476814709837
18257 476916890773
18258 477124680151
18259 477309048301
18260 477389230501
18261 477418284401
18262 477493177771
18263 477493391341
18264 477637968601
18265 477678769237
18266 477897570289
18267 477912629351
18268 477963147601
18269 478265569633
18270 478266549451
18271 478267672843
18272 478267896913
18273 478324335061
18274 478324675303
18275 478364570581
18276 478450825777
18277 478469449261
18278 478527647641
18279 478703828131
18280 478771235851
18281 478918429909
18282 478922043889
18283 479077087231
18284 479203466491
18285 479301092587
18286 479348768581
18287 479374120297
18288 479447097949
18289 479524503739
18290 479538073559
18291 479857500781
18292 479903072641
18293 479996038369
18294 480079114429
18295 480117685477
18296 480200472247
18297 480214286569
18298 480230388971
18299 480379255931
18300 480382284691
18301 480541032553
18302 480559562981
18303 480596432389
18304 480612895057
18305 480706815331
18306 480798692557
18307 480843464401
18308 480907828273
18309 480972376141
18310 481023486821
18311 481217288203
18312 481247367299
18313 481267777259
18314 481399474177
18315 481431546961
18316 481585438951
18317 481613186251
18318 481652967421
18319 481765839751
18320 481848617881
18321 481865356261
18322 482173254361
18323 482224333501
18324 482226576133
18325 482269505171
18326 482277391903
18327 482415314449
18328 482446364107
18329 482514489419
18330 482698715281
18331 482706946783
18332 482837438197
18333 482890427911
18334 483051937051
18335 483127222199
18336 483228471793
18337 483395172079
18338 483416342641
18339 483432076123
18340 483507350929
18341 483598260991
18342 483610129897
18343 483658060213
18344 483780908977
18345 483799888027
18346 483810391351
18347 483834320551
18348 483875590801
18349 483916599139
18350 483978113641
18351 484156193701
18352 484192060507
18353 484210380539
18354 484357534319
18355 484370905373
18356 484441621441
18357 484542190289
18358 484568324401
18359 484660041601
18360 484700915521
18361 484738894069
18362 484849735813
18363 484894984751
18364 484929840301
18365 485052491161
18366 485089680421
18367 485147139781
18368 485190382403
18369 485377235459
18370 485383050421
18371 485508031321
18372 485575870501
18373 485615729831
18374 485701216003
18375 485704890439
18376 485843152411
18377 485913879523
18378 485967769561
18379 485983590913
18380 486035280637
18381 486092754991
18382 486139384207
18383 486203416681
18384 486275258251
18385 486319665313
18386 486410115991
18387 486518373343
18388 486529470703
18389 486551472367
18390 486754244731
18391 486823951501
18392 486987473281
18393 486999420793
18394 487069715533
18395 487097749261
18396 487128793399
18397 487152898471
18398 487299747841
18399 487344316177
18400 487452101491
18401 487494495541
18402 487536157153
18403 487555325227
18404 487560447701
18405 487700255173
18406 487702804843
18407 487723078933
18408 487971380887
18409 488015478677
18410 488029391611
18411 488093430961
18412 488117979703
18413 488137004581
18414 488188770607
18415 488282960791
18416 488322738289
18417 488424125179
18418 488459884931
18419 488512583011
18420 488644398607
18421 488723124583
18422 488794915621
18423 488872422109
18424 488891642251
18425 488914580233
18426 489018824911
18427 489103794037
18428 489169514527
18429 489197852863
18430 489232106551
18431 489324853333
18432 489330679441
18433 489350814571
18434 489464332309
18435 489574606813
18436 489623860681
18437 489693515557
18438 489717463159
18439 489923515747
18440 489983256001
18441 489995816309
18442 490021704433
18443 490181014439
18444 490256451301
18445 490324763503
18446 490439371969
18447 490456231651
18448 490605578413
18449 490723611283
18450 490818471937
18451 490883439061
18452 490906159789
18453 491052028801
18454 491060480041
18455 491140427233
18456 491206491751
18457 491297315851
18458 491317383391
18459 491394846403
18460 491448362437
18461 491524453603
18462 491567108551
18463 491614602671
18464 491700542059
18465 491855671147
18466 492083031061
18467 492096658321
18468 492241125839
18469 492254169881
18470 492283567187
18471 492312031831
18472 492319368553
18473 492351119791
18474 492630614251
18475 492655091347
18476 492919977217
18477 492942580903
18478 492966411211
18479 493025044609
18480 493164021169
18481 493258310533
18482 493314780817
18483 493365708457
18484 493721956219
18485 493741955071
18486 493760538097
18487 493800834871
18488 493812633061
18489 493819475185
18490 494015515003
18491 494082132301
18492 494091168013
18493 494110943371
18494 494360500381
18495 494362232443
18496 494442433171
18497 494486238193
18498 494538141259
18499 494602615459
18500 494606028421
18501 494620883191
18502 494649286111
18503 494733761761
18504 494744586877
18505 494803969411
18506 494837608123
18507 494997963157
18508 495049453669
18509 495056129437
18510 495057605953
18511 495173906651
18512 495185147551
18513 495207580603
18514 495270756121
18515 495339392939
18516 495347761213
18517 495352350811
18518 495510048601
18519 495514782911
18520 495746584453
18521 495784105561
18522 495821644267
18523 495845838151
18524 495853726033
18525 495972016651
18526 496044538061
18527 496113748561
18528 496130084269
18529 496159850629
18530 496219700341
18531 496290229741
18532 496334812177
18533 496368119341
18534 496498887883
18535 496523870137
18536 496553114557
18537 496655554561
18538 496750787209
18539 496768670581
18540 496773386587
18541 496785937891
18542 496786679371
18543 496799994601
18544 496809779771
18545 496822147981
18546 496908329347
18547 496961708563
18548 497033713801
18549 497145209767
18550 497328012793
18551 497336986513
18552 497407527943
18553 497450210797
18554 497523098161
18555 497537297329
18556 497576443951
18557 497669280001
18558 497676087907
18559 497754847423
18560 497817553411
18561 497902487473
18562 498077379721
18563 498079348003
18564 498121829551
18565 498134104081
18566 498282976621
18567 498338051521
18568 498378816253
18569 498436888951
18570 498516556819
18571 498535944187
18572 498614039821
18573 498666787921
18574 498674178133
18575 498681675361
18576 498786696193
18577 498869433061
18578 498872861489
18579 499181834971
18580 499256363449
18581 499273503643
18582 499277818199
18583 499287203809
18584 499384993561
18585 499392808201
18586 499433660461
18587 499552725961
18588 499609956113
18589 499643800111
18590 499652991289
18591 499679444419
18592 499721277721
18593 499770276391
18594 499791412891
18595 499828397311
18596 499879661491
18597 499889336311
18598 500212817677
18599 500213522791
18600 500216500033
18601 500221629601
18602 500257589021
18603 500292629611
18604 500317261441
18605 500333555611
18606 500340721537
18607 500389657921
18608 500505856273
18609 500602815211
18610 500607956951
18611 500646207601
18612 500777439553
18613 500861871091
18614 500878357601
18615 500951776033
18616 500967057229
18617 501011478787
18618 501018017653
18619 501048716221
18620 501051729751
18621 501086407781
18622 501115788461
18623 501135138541
18624 501174188551
18625 501239005369
18626 501601764511
18627 501734573287
18628 501823158931
18629 501911147953
18630 501940151677
18631 501990664997
18632 502024298161
18633 502059597943
18634 502177287169
18635 502228332157
18636 502230000001
18637 502244012161
18638 502305818951
18639 502318621619
18640 502344859801
18641 502360827121
18642 502381233979
18643 502446732061
18644 502458846679
18645 502460519653
18646 502495226117
18647 502548641323
18648 502556549461
18649 502644137113
18650 502644960133
18651 502664611051
18652 502813839361
18653 502857571231
18654 502916175623
18655 502970402251
18656 503013421633
18657 503064902749
18658 503083890631
18659 503085565867
18660 503085936421
18661 503107881421
18662 503169285581
18663 503188888861
18664 503244094051
18665 503278857901
18666 503387217271
18667 503392023751
18668 503406457921
18669 503414007409
18670 503429271649
18671 503544243361
18672 503640638821
18673 503691743521
18674 503692444711
18675 503754990751
18676 503801945791
18677 503857115731
18678 503926554847
18679 503951822893
18680 504142055449
18681 504197488081
18682 504338704651
18683 504547465351
18684 504806044609
18685 504840446701
18686 504983518079
18687 505026067591
18688 505062373009
18689 505130380987
18690 505136500639
18691 505139414011
18692 505209315241
18693 505224208897
18694 505251414397
18695 505259452297
18696 505359688051
18697 505387937251
18698 505433876641
18699 505471552363
18700 505593125461
18701 505653390703
18702 505663340461
18703 505702558297
18704 505757216251
18705 506030385349
18706 506060892763
18707 506315545121
18708 506325105007
18709 506413938421
18710 506571901021
18711 506626052671
18712 506672270413
18713 506720256901
18714 506740070401
18715 506769219067
18716 506779440133
18717 506817381311
18718 506866557793
18719 506885040091
18720 506997156691
18721 507051216751
18722 507071346211
18723 507073030417
18724 507124264039
18725 507152518393
18726 507199723213
18727 507350277367
18728 507428808331
18729 507446884891
18730 507586057903
18731 507602477101
18732 507618803371
18733 507773048509
18734 507924049351
18735 507927649681
18736 507950523263
18737 507966225823
18738 507983874061
18739 508085837429
18740 508091699371
18741 508217886721
18742 508405680961
18743 508408557751
18744 508421880073
18745 508529569771
18746 508547384479
18747 508615834501
18748 508650596191
18749 508845890897
18750 508857380831
18751 509245287361
18752 509320627741
18753 509321735497
18754 509370069001
18755 509406003427
18756 509499875809
18757 509594624533
18758 509632676279
18759 509649416101
18760 509786522099
18761 509851061903
18762 509863524941
18763 510031583539
18764 510052439999
18765 510085048357
18766 510247673941
18767 510268647937
18768 510272928271
18769 510395375221
18770 510398427841
18771 510500378431
18772 510504079177
18773 510516221491
18774 510674844991
18775 510706709563
18776 510833327401
18777 510855793003
18778 511003160977
18779 511097494909
18780 511135468201
18781 511490084137
18782 511498039471
18783 511594238881
18784 511657137757
18785 511712491261
18786 511802337511
18787 511813852801
18788 511977046591
18789 512002821241
18790 512071047209
18791 512083530361
18792 512159477743
18793 512166626371
18794 512189862031
18795 512275938301
18796 512341176817
18797 512427351281
18798 512443894663
18799 512519648461
18800 512571679489
18801 512668163701
18802 512783058901
18803 512883386611
18804 512985666097
18805 513034172603
18806 513066317089
18807 513179768377
18808 513192137791
18809 513284587003
18810 513285712801
18811 513311467829
18812 513325714411
18813 513378847081
18814 513402697627
18815 513423206077
18816 513465330457
18817 513576510011
18818 513610778017
18819 513673728571
18820 513773462581
18821 513846920581
18822 513849695563
18823 513868354651
18824 513872776891
18825 513892703791
18826 513906518533
18827 513983570167
18828 514022735689
18829 514133115539
18830 514160695981
18831 514236983563
18832 514257080737
18833 514338707041
18834 514403766451
18835 514428148033
18836 514484702353
18837 514561756561
18838 514597676821
18839 514599152497
18840 514687036249
18841 514774315711
18842 514829861281
18843 514835502001
18844 514873876357
18845 514895010673
18846 514956575953
18847 515009704021
18848 515014093081
18849 515099844401
18850 515178131689
18851 515196917621
18852 515216377441
18853 515282786449
18854 515303739521
18855 515314074851
18856 515397244321
18857 515411521111
18858 515426022487
18859 515438048813
18860 515774929951
18861 515785623061
18862 515799413083
18863 515812796101
18864 515938533391
18865 516017656699
18866 516238760137
18867 516284039077
18868 516353010181
18869 516452605579
18870 516478872457
18871 516617699761
18872 516627898571
18873 516632725753
18874 516687947521
18875 516745689601
18876 516890169233
18877 516908569171
18878 516948545923
18879 516973670071
18880 516979843841
18881 517085311381
18882 517166907181
18883 517207047391
18884 517243662253
18885 517281073921
18886 517303747837
18887 517304689903
18888 517358230321
18889 517424935483
18890 517479652181
18891 517501742941
18892 517572690337
18893 517590208981
18894 517643773441
18895 517659484393
18896 517680236209
18897 517874449489
18898 517976698627
18899 518092171489
18900 518138211853
18901 518225195857
18902 518236578133
18903 518263351093
18904 518291511427
18905 518362567651
18906 518385494521
18907 518485205473
18908 518512068871
18909 518535537409
18910 518563138879
18911 518568223213
18912 518625585199
18913 518648209003
18914 518712704959
18915 518800960507
18916 518944582927
18917 518953797253
18918 519009938353
18919 519025584013
18920 519440997197
18921 519452635981
18922 519491137411
18923 519495516919
18924 519565243753
18925 519612107701
18926 519719970631
18927 519795543457
18928 519869092531
18929 520026896161
18930 520071885793
18931 520242210821
18932 520252810501
18933 520293025669
18934 520307349661
18935 520378224463
18936 520380653953
18937 520587517141
18938 520658500321
18939 520663820293
18940 520899654419
18941 520941128347
18942 520985951641
18943 521055313381
18944 521181192241
18945 521242104827
18946 521293434901
18947 521644665961
18948 521646854653
18949 521687783971
18950 521689217317
18951 521736897547
18952 521809832273
18953 522000520801
18954 522153221311
18955 522184888919
18956 522202163341
18957 522313386409
18958 522560427247
18959 522591071311
18960 522625943407
18961 522910090531
18962 522994007071
18963 523011231271
18964 523032816151
18965 523067068531
18966 523188907201
18967 523212435341
18968 523302863203
18969 523412477197
18970 523546858501
18971 523560247297
18972 523754658127
18973 523791773101
18974 523851005737
18975 523971713281
18976 524078709793
18977 524110895431
18978 524229334561
18979 524308455001
18980 524344697137
18981 524421679063
18982 524521128979
18983 524587185379
18984 524673070741
18985 524690448133
18986 524728195351
18987 524774597689
18988 524824869073
18989 524874329321
18990 524877914513
18991 524902251001
18992 524931362821
18993 524987319001
18994 524999344861
18995 525045171961
18996 525264816451
18997 525424596289
18998 525473097661
18999 525506111677
19000 525730834231
19001 525828066301
19002 525894633139
19003 525946741891
19004 525989376919
19005 525996205711
19006 526079400523
19007 526113583381
19008 526136765701
19009 526253358403
19010 526284377893
19011 526344736019
19012 526351304543
19013 526390718743
19014 526502200153
19015 526513737601
19016 526578023821
19017 526657856287
19018 526659700141
19019 526714436779
19020 526916062081
19021 526992199891
19022 527057853229
19023 527090840011
19024 527199790267
19025 527241131257
19026 527255934577
19027 527390186789
19028 527432880281
19029 527484478123
19030 527519713969
19031 527625489763
19032 527774579641
19033 527842450297
19034 527903410321
19035 527909867311
19036 527917258261
19037 527924255671
19038 527932539649
19039 528089864017
19040 528168994861
19041 528176100427
19042 528294234511
19043 528330586967
19044 528390120851
19045 528442409501
19046 528496347151
19047 528500369341
19048 528590314561
19049 528645951181
19050 528702662881
19051 528708089071
19052 528900790669
19053 528929554561
19054 529012985029
19055 529020286807
19056 529099457833
19057 529165655401
19058 529213862663
19059 529269364279
19060 529282488043
19061 529301288881
19062 529310666977
19063 529459088203
19064 529598438767
19065 529706086003
19066 529743960901
19067 529782004027
19068 529916079421
19069 530019876121
19070 530041722211
19071 530046164899
19072 530147455751
19073 530151170431
19074 530165698861
19075 530243288807
19076 530260610881
19077 530305731541
19078 530324940811
19079 530347626301
19080 530393579101
19081 530457983299
19082 530525124013
19083 530596993889
19084 530597335321
19085 530609919361
19086 530618055967
19087 530774320009
19088 530813145799
19089 530879761723
19090 531023415841
19091 531051575437
19092 531214019911
19093 531275866201
19094 531325221461
19095 531350077441
19096 531433795747
19097 531518744629
19098 531631773667
19099 531689522519
19100 531741736139
19101 531837163801
19102 531855748309
19103 531932824237
19104 531963067231
19105 532033872967
19106 532162242037
19107 532179232003
19108 532200815857
19109 532382700991
19110 532398015953
19111 532427003071
19112 532432196353
19113 532437026339
19114 532456848631
19115 532489994359
19116 532562082541
19117 532638169471
19118 532663239221
19119 532699147831
19120 532791191941
19121 532912568581
19122 532942914901
19123 533049806521
19124 533223123229
19125 533256848281
19126 533272848781
19127 533337434653
19128 533368949851
19129 533384230993
19130 533433584251
19131 533517711013
19132 533538836821
19133 533579106061
19134 533595815131
19135 533654276689
19136 533664135001
19137 533670885457
19138 533686012417
19139 533701853701
19140 533761405849
19141 533826224611
19142 533872747387
19143 534218240533
19144 534261125971
19145 534372700123
19146 534387957013
19147 534419501821
19148 534446137633
19149 534464158201
19150 534599808751
19151 534636657241
19152 534749127553
19153 534785649031
19154 534917473763
19155 535038897541
19156 535043659861
19157 535070427139
19158 535160929051
19159 535176834193
19160 535351598167
19161 535389104251
19162 535470797321
19163 535551954211
19164 535566899401
19165 535654060801
19166 535728064789
19167 535996872031
19168 536031346369
19169 536042778133
19170 536347170133
19171 536350011469
19172 536353000501
19173 536441180419
19174 536553299449
19175 536560295941
19176 536606629183
19177 536626496251
19178 536628045001
19179 536744870371
19180 536769736903
19181 536769853201
19182 536827726051
19183 536918948191
19184 536949055777
19185 537091400347
19186 537094878961
19187 537250256401
19188 537262130521
19189 537304871251
19190 537354266221
19191 537396116401
19192 537459403951
19193 537554416681
19194 537706856251
19195 537727536361
19196 537792154063
19197 537794496121
19198 537937222369
19199 538007625121
19200 538072899841
19201 538128411031
19202 538131577013
19203 538154614801
19204 538181597209
19205 538242995179
19206 538266826501
19207 538296588079
19208 538377069523
19209 538531782631
19210 538632205777
19211 538814751091
19212 538827259609
19213 538874147101
19214 538875281773
19215 538908615547
19216 539038200013
19217 539162309953
19218 539219584441
19219 539234374771
19220 539256487981
19221 539288907301
19222 539330263271
19223 539373475591
19224 539375818547
19225 539392482799
19226 539419641751
19227 539473953547
19228 539535008821
19229 539713082329
19230 539716929493
19231 539720412661
19232 539770428553
19233 539858912041
19234 539881837321
19235 539919998281
19236 539978385379
19237 539979362119
19238 540023700259
19239 540043313021
19240 540245042443
19241 540303942757
19242 540313962241
19243 540319106953
19244 540408691873
19245 540426984371
19246 540443380171
19247 540526040581
19248 540535032461
19249 540586618081
19250 540590258671
19251 540619123717
19252 540779381017
19253 540845133841
19254 540978934103
19255 541211943721
19256 541227599723
19257 541284446641
19258 541304990623
19259 541321560001
19260 541338730927
19261 541350031921
19262 541404929071
19263 541480240177
19264 541733911931
19265 541736175553
19266 541767343987
19267 541787217481
19268 541800064513
19269 541892811511
19270 541913387137
19271 541986341161
19272 541993679939
19273 542143563751
19274 542147034133
19275 542247115177
19276 542267461633
19277 542337423961
19278 542391242401
19279 542458586269
19280 542523776401
19281 542580337699
19282 542605304497
19283 542760970753
19284 543037944731
19285 543141362851
19286 543229562611
19287 543244939829
19288 543254578903
19289 543264315553
19290 543310749781
19291 543355295911
19292 543418511297
19293 543503843747
19294 543504773503
19295 543542307661
19296 543602502661
19297 543618161893
19298 543789826633
19299 543811055563
19300 544032402751
19301 544046674393
19302 544058190751
19303 544061701633
19304 544113905581
19305 544209798541
19306 544466101141
19307 544497044471
19308 544561381729
19309 544648551001
19310 544699998361
19311 544731559651
19312 544819240153
19313 544945058893
19314 545004207811
19315 545009067541
19316 545121399187
19317 545180314933
19318 545345530921
19319 545368888681
19320 545383069003
19321 545445734653
19322 545475027241
19323 545497376509
19324 545508403903
19325 545513636167
19326 545620442251
19327 545672630533
19328 545784191371
19329 545826649087
19330 545871574639
19331 545884495003
19332 545988228169
19333 546022727011
19334 546029937289
19335 546038085209
19336 546055604671
19337 546055954291
19338 546058550971
19339 546060161557
19340 546075341743
19341 546121940491
19342 546129032737
19343 546173284171
19344 546348519181
19345 546355772113
19346 546501792253
19347 546610206211
19348 546662160631
19349 546710075311
19350 546720123727
19351 546748586413
19352 546763274881
19353 546812838289
19354 546815572931
19355 546897047797
19356 547047345109
19357 547085458459
19358 547117930861
19359 547131289927
19360 547247642827
19361 547292545759
19362 547337065969
19363 547490606491
19364 547608888661
19365 548018125903
19366 548346645073
19367 548431032169
19368 548503527331
19369 548708163841
19370 548718957697
19371 548831394481
19372 548837343619
19373 548993935951
19374 549036975901
19375 549092267137
19376 549167492773
19377 549221132851
19378 549284243257
19379 549310890901
19380 549323255497
19381 549459216043
19382 549460173817
19383 549623460499
19384 549678302983
19385 549708873191
19386 549726852151
19387 549809651903
19388 549866444221
19389 549900389377
19390 549918429061
19391 549978050161
19392 550000401193
19393 550175100301
19394 550238063369
19395 550238901031
19396 550239422851
19397 550304895691
19398 550306963403
19399 550423846883
19400 550430132261
19401 550551095209
19402 550587249577
19403 550622541151
19404 550634346991
19405 550722235879
19406 550774253401
19407 550814032141
19408 551109624913
19409 551275621381
19410 551345789737
19411 551401050751
19412 551423484109
19413 551429953621
19414 551450675707
19415 551492271233
19416 551516207131
19417 551665070821
19418 551769560581
19419 551784785311
19420 551824796461
19421 551890898987
19422 551999324507
19423 552070880371
19424 552071922697
19425 552152113633
19426 552174484681
19427 552218456623
19428 552221531677
19429 552230707159
19430 552244719911
19431 552250023131
19432 552274823011
19433 552386159821
19434 552537236899
19435 552646109161
19436 552686451781
19437 552769707211
19438 552810788687
19439 552886208851
19440 552914792569
19441 553010739929
19442 553080096697
19443 553080129031
19444 553138180297
19445 553177051957
19446 553206112171
19447 553207485419
19448 553285677781
19449 553378750981
19450 553438238341
19451 553646303491
19452 553665284281
19453 553713187501
19454 553719163141
19455 553802144743
19456 553894327681
19457 553980231991
19458 554027782813
19459 554077312501
19460 554344801921
19461 554414285713
19462 554546839631
19463 554560581637
19464 554566385143
19465 554659482469
19466 554666706577
19467 554673246161
19468 554722024951
19469 554745457711
19470 554772569521
19471 554806894321
19472 554921505667
19473 555036409729
19474 555066552097
19475 555229481171
19476 555286377449
19477 555308281259
19478 555397510693
19479 555479144161
19480 555481154821
19481 555687407287
19482 555819492799
19483 555866487937
19484 555871939981
19485 555889691701
19486 555979266847
19487 555983304319
19488 555998859571
19489 556025942323
19490 556086571273
19491 556167395701
19492 556228487431
19493 556301098687
19494 556304753023
19495 556452218827
19496 556542893521
19497 556632248941
19498 556667270479
19499 557164622393
19500 557208063613
19501 557290834453
19502 557306590699
19503 557347347871
19504 557347887721
19505 557380943209
19506 557412429601
19507 557481383131
19508 557496796501
19509 557558874133
19510 557650169569
19511 557818474303
19512 558022743001
19513 558089257771
19514 558211043821
19515 558307953721
19516 558353377741
19517 558362679751
19518 558393433669
19519 558400542071
19520 558764098777
19521 558805325527
19522 558887094349
19523 558905662477
19524 558910316251
19525 558973153051
19526 559136178217
19527 559156178257
19528 559372249297
19529 559398071233
19530 559476897503
19531 559733768533
19532 559780040867
19533 559827072901
19534 559831339999
19535 559837903411
19536 559918547371
19537 559969924621
19538 560268739981
19539 560270714701
19540 560273669113
19541 560284540381
19542 560305716673
19543 560397842707
19544 560551484431
19545 560563065217
19546 560589349633
19547 560701990081
19548 560783113171
19549 560805630391
19550 560885065861
19551 560920162177
19552 560924211167
19553 560970238501
19554 561080110897
19555 561097098901
19556 561192536341
19557 561291641983
19558 561421504087
19559 561447207091
19560 561457594381
19561 561518906131
19562 561548277907
19563 561561453097
19564 561632797441
19565 561643789673
19566 561665286001
19567 561863680057
19568 561923784241
19569 561926736001
19570 562250863981
19571 562272683281
19572 562473928021
19573 562583894701
19574 562597586123
19575 562681942133
19576 562785733141
19577 562824356401
19578 563003616517
19579 563041030051
19580 563045743187
19581 563084060881
19582 563086754387
19583 563099493181
19584 563151884461
19585 563197417903
19586 563275008913
19587 563280521941
19588 563351661517
19589 563378400901
19590 563606807051
19591 563629466401
19592 563634685637
19593 563669609221
19594 563861513251
19595 563942799001
19596 564001829821
19597 564019925353
19598 564032917951
19599 564098471551
19600 564144606511
19601 564144731401
19602 564177123247
19603 564191805451
19604 564308542981
19605 564542681671
19606 564555645457
19607 564566951593
19608 564607927741
19609 564734738171
19610 564754755001
19611 564855313439
19612 565173198253
19613 565212025561
19614 565217777413
19615 565237684051
19616 565275267901
19617 565295339251
19618 565382764549
19619 565454796193
19620 565634426401
19621 565640629387
19622 565714269229
19623 565721930971
19624 565891282531
19625 565939880941
19626 565967800201
19627 565973643493
19628 566000577031
19629 566017356451
19630 566032944709
19631 566034141919
19632 566066620153
19633 566123735563
19634 566144180911
19635 566373102649
19636 566378876881
19637 566434611877
19638 566529120847
19639 566532725761
19640 566549833921
19641 566691479641
19642 566822068121
19643 566846674291
19644 566904436009
19645 567042260933
19646 567053423821
19647 567192672901
19648 567480594349
19649 567716395633
19650 567942991621
19651 567993290851
19652 568073003851
19653 568247752801
19654 568366029617
19655 568410430501
19656 568458283009
19657 568475682133
19658 568481025001
19659 568533566611
19660 568536574399
19661 568650738283
19662 568696332151
19663 568726778857
19664 568850226781
19665 568851849301
19666 568874449501
19667 568964788921
19668 568996360417
19669 569090869651
19670 569131069807
19671 569287592173
19672 569396321503
19673 569661451561
19674 569703714581
19675 569825194177
19676 569829183841
19677 569838821521
19678 570113390449
19679 570119456639
19680 570221045941
19681 570352050703
19682 570518259451
19683 570663131851
19684 570836864431
19685 570891583621
19686 570992993011
19687 571027969649
19688 571168939529
19689 571220774851
19690 571249555003
19691 571338266521
19692 571352302951
19693 571672908901
19694 571715723233
19695 571861938913
19696 572017189213
19697 572029796053
19698 572193500719
19699 572243151439
19700 572273589817
19701 572318060161
19702 572338483669
19703 572417075431
19704 572509190401
19705 572550374251
19706 572727835153
19707 572777327959
19708 572939292817
19709 573048147901
19710 573150702637
19711 573173742781
19712 573303556801
19713 573347872879
19714 573394818637
19715 573526117709
19716 573615726601
19717 573666490651
19718 573812915251
19719 573983072713
19720 573989522881
19721 574043107181
19722 574057465291
19723 574216398491
19724 574288752133
19725 574367509633
19726 574431613471
19727 574439274529
19728 574542576067
19729 574568170901
19730 574588051997
19731 574757903617
19732 574785296801
19733 574824358021
19734 574825100533
19735 575056128007
19736 575176755953
19737 575319794041
19738 575367751489
19739 575474879773
19740 575601684181
19741 575618898403
19742 575683578601
19743 575844022261
19744 575849484271
19745 575865690607
19746 575894965651
19747 575906297851
19748 575959872781
19749 575962328749
19750 575968567441
19751 576019392919
19752 576043867981
19753 576082897501
19754 576087230551
19755 576357285481
19756 576405016669
19757 576439230511
19758 576478346383
19759 576560826973
19760 576643277563
19761 576653631247
19762 576668868751
19763 576730681171
19764 576739611001
19765 576780052231
19766 576810326401
19767 576881387911
19768 576912528739
19769 576914845291
19770 576986876911
19771 577035028021
19772 577131412801
19773 577165138351
19774 577199683243
19775 577255246921
19776 577397087191
19777 577398205609
19778 577518824161
19779 577525818601
19780 577541978413
19781 577574425261
19782 577634147371
19783 577694076901
19784 577742808439
19785 577948031821
19786 578018511781
19787 578082983611
19788 578217162307
19789 578254721419
19790 578314694017
19791 578390456953
19792 578480805631
19793 578545344721
19794 578558252971
19795 578619539473
19796 578659835191
19797 578677726819
19798 578782425937
19799 578804719897
19800 578901274591
19801 579085807921
19802 579111998089
19803 579186498001
19804 579281890651
19805 579357037351
19806 579403400581
19807 579514221931
19808 579527341933
19809 579671216281
19810 579680982121
19811 579772271431
19812 579856788631
19813 580076673661
19814 580094349479
19815 580094707729
19816 580096170721
19817 580109137189
19818 580122256771
19819 580155638401
19820 580233285091
19821 580238703211
19822 580280202001
19823 580289260951
19824 580407764221
19825 580417962001
19826 580418544331
19827 580535382269
19828 580558091851
19829 580627223711
19830 580883394241
19831 580884308857
19832 580954375261
19833 580956843127
19834 580988574433
19835 581032798831
19836 581145011221
19837 581400226009
19838 581401568611
19839 581595131951
19840 581613367499
19841 581656826389
19842 581702532337
19843 581785030111
19844 581907065053
19845 582109869001
19846 582139560073
19847 582147127537
19848 582341775301
19849 582408871201
19850 582439244869
19851 582439644001
19852 582556639111
19853 582567735751
19854 582568662817
19855 582814353547
19856 582841631041
19857 582862344013
19858 582877447549
19859 582914585761
19860 582968722933
19861 583062696901
19862 583064262551
19863 583076055097
19864 583131427609
19865 583195993381
19866 583274104243
19867 583299482401
19868 583318659817
19869 583321366501
19870 583412123881
19871 583453655137
19872 583673238217
19873 583862768191
19874 583960528009
19875 584005932343
19876 584109461461
19877 584181495577
19878 584199320413
19879 584254722133
19880 584328293891
19881 584502286187
19882 584515551241
19883 584537265703
19884 584616061957
19885 584649312001
19886 584694543151
19887 584694871021
19888 584768001751
19889 584875169449
19890 585049344133
19891 585082336411
19892 585210826621
19893 585281993887
19894 585319637719
19895 585377820241
19896 585430954501
19897 585486824017
19898 585506229001
19899 585518965039
19900 585912711517
19901 585928961179
19902 585946937501
19903 585963011791
19904 585966097109
19905 586186232941
19906 586239726461
19907 586338882991
19908 586582511941
19909 586597671301
19910 586656081001
19911 586667438683
19912 586679702701
19913 586760346901
19914 586783683487
19915 586836666253
19916 586877824391
19917 586879707049
19918 586987767361
19919 587031091111
19920 587252568751
19921 587260011691
19922 587377008241
19923 587464551953
19924 587663089393
19925 587889569611
19926 588124259929
19927 588239797741
19928 588271535531
19929 588454259251
19930 588472989301
19931 588591361681
19932 588650647381
19933 588728900971
19934 588734779609
19935 588771439219
19936 588775762147
19937 588807884941
19938 589005411587
19939 589190083333
19940 589265259313
19941 589270858321
19942 589328360167
19943 589387973861
19944 589400292583
19945 589542383083
19946 589589035801
19947 589992010609
19948 589999403503
19949 590046428989
19950 590051706301
19951 590057510869
19952 590103690751
19953 590194911457
19954 590228132023
19955 590393292061
19956 590437437049
19957 590591392031
19958 590842645633
19959 590846380849
19960 590892329611
19961 590941159381
19962 590965285219
19963 591020664389
19964 591090138721
19965 591173166403
19966 591382277861
19967 591460263631
19968 591466547137
19969 591514531063
19970 591521669461
19971 591564679903
19972 591603838381
19973 591647634271
19974 591745488133
19975 591797233243
19976 591843875911
19977 592005725789
19978 592050558553
19979 592109522413
19980 592345706881
19981 592475075869
19982 592548926401
19983 592555370401
19984 592761180013
19985 592770133777
19986 592801203541
19987 592827480001
19988 592934372119
19989 593047479691
19990 593184936961
19991 593193924901
19992 593224114501
19993 593293840273
19994 593379928639
19995 593425285741
19996 593658892891
19997 593720844289
19998 593741515261
19999 593745745633
20000 593764433359
20001 593785704403
20002 593851588177
20003 593863725781
20004 593888180257
20005 593897581531
20006 593939321639
20007 593975049301
20008 594126173929
20009 594187930513
20010 594196333501
20011 594368790733
20012 594427300091
20013 594588337399
20014 594705338581
20015 594847993211
20016 594867364033
20017 594954565687
20018 594957709711
20019 594982178569
20020 595034726749
20021 595099699741
20022 595117550101
20023 595126003291
20024 595198869931
20025 595244892049
20026 595275900451
20027 595348381633
20028 595428570133
20029 595444050673
20030 595450460629
20031 595575558913
20032 595631824111
20033 595656505243
20034 595730747341
20035 595756689761
20036 595775085571
20037 596051807053
20038 596100881611
20039 596141913403
20040 596144853937
20041 596236766797
20042 596254106449
20043 596281819327
20044 596299159891
20045 596321355727
20046 596453809321
20047 596455459861
20048 596470498021
20049 596523748591
20050 596633160523
20051 596858031001
20052 596898039871
20053 596999663761
20054 597026510221
20055 597033251011
20056 597071912851
20057 597095197921
20058 597122287417
20059 597177421441
20060 597262540051
20061 597299993401
20062 597362971129
20063 597584115703
20064 597608956247
20065 597850683589
20066 597871609567
20067 597971781773
20068 598029300961
20069 598060402609
20070 598108984903
20071 598351083283
20072 598469462989
20073 598611623041
20074 598690738951
20075 598748934691
20076 598799326951
20077 598807898849
20078 599038107313
20079 599162081281
20080 599173656971
20081 599178334471
20082 599247723721
20083 599374503001
20084 599454609751
20085 599551237543
20086 599576054221
20087 599600171611
20088 599677560091
20089 599816110501
20090 600078380563
20091 600272711287
20092 600395800621
20093 600435780179
20094 600644530153
20095 600750178891
20096 600761338633
20097 600855571801
20098 600969485321
20099 601013483197
20100 601091303737
20101 601094047429
20102 601467541021
20103 601544386381
20104 601545151243
20105 601565529001
20106 601664642389
20107 601729903937
20108 601750232623
20109 601864159681
20110 601979041441
20111 602012339281
20112 602024152153
20113 602046757891
20114 602143938619
20115 602158194991
20116 602177851351
20117 602231145643
20118 602248359169
20119 602481507349
20120 602503277533
20121 602533579411
20122 602578695359
20123 602623240777
20124 602629689943
20125 602658624709
20126 602672838739
20127 602680653037
20128 602695356061
20129 602736093181
20130 602788315999
20131 602843175703
20132 602964837889
20133 603014481721
20134 603022752301
20135 603039343453
20136 603054092521
20137 603067613779
20138 603202528891
20139 603204794233
20140 603264831751
20141 603276718789
20142 603312389803
20143 603544591801
20144 603657712351
20145 603685085401
20146 603786887887
20147 603794084851
20148 603797658133
20149 603798728551
20150 603851745943
20151 603891355693
20152 603915392449
20153 604154115641
20154 604170772313
20155 604200510409
20156 604245411383
20157 604282272133
20158 604322091829
20159 604325248489
20160 604572416551
20161 604582850881
20162 604697693287
20163 605074116001
20164 605075113897
20165 605169605713
20166 605375936569
20167 605413794133
20168 605490343177
20169 605590786783
20170 605613405403
20171 605692988539
20172 605735595473
20173 605746266211
20174 605770503313
20175 605860512391
20176 605868861791
20177 605914621619
20178 605970289181
20179 605995721101
20180 606030021061
20181 606085980193
20182 606130681669
20183 606150217891
20184 606311279179
20185 606410598397
20186 606420262369
20187 606502938511
20188 606549553081
20189 606577877461
20190 606691843951
20191 606786223891
20192 606830181059
20193 606858506413
20194 606942663757
20195 606992855701
20196 607014954451
20197 607093457851
20198 607103992681
20199 607227138139
20200 607501800001
20201 607579911541
20202 607610171461
20203 607665778201
20204 607733273821
20205 607746286861
20206 607838094779
20207 607891568101
20208 607966477471
20209 608071251673
20210 608073700807
20211 608088069091
20212 608145295501
20213 608217917581
20214 608343384013
20215 608425552261
20216 608449786561
20217 608490403333
20218 608506949233
20219 608681232811
20220 608702643361
20221 608752492351
20222 608802441787
20223 608813640991
20224 608838746413
20225 608992112581
20226 609209040277
20227 609210039439
20228 609621468457
20229 609735953971
20230 609766670353
20231 609771920161
20232 609773765149
20233 609923313127
20234 609979453903
20235 609984041599
20236 610042145689
20237 610067806921
20238 610116611719
20239 610195107523
20240 610249228373
20241 610314257041
20242 610327498069
20243 610443439453
20244 610580534851
20245 610677995173
20246 610685984743
20247 610708653253
20248 610774317217
20249 610852725433
20250 610953242353
20251 611002937317
20252 611063118577
20253 611066783251
20254 611080049341
20255 611148612121
20256 611205903929
20257 611249768533
20258 611279057971
20259 611314028401
20260 611358985513
20261 611486021251
20262 611512671109
20263 611520297149
20264 611593194211
20265 611833658941
20266 611836454503
20267 611907243481
20268 611997493381
20269 612063516013
20270 612122767493
20271 612140182603
20272 612144109171
20273 612168035041
20274 612276078727
20275 612361054421
20276 612385318729
20277 612551116691
20278 612833937481
20279 612945661651
20280 612999416971
20281 613119012391
20282 613173318913
20283 613280763001
20284 613455271087
20285 613516411513
20286 613539337673
20287 613862986549
20288 613976914981
20289 614050079473
20290 614117472487
20291 614325442261
20292 614396314153
20293 614483728069
20294 614487648061
20295 614514345901
20296 614524391551
20297 614612583649
20298 614652873121
20299 614768602069
20300 614809348159
20301 614899390429
20302 614900240197
20303 615186038377
20304 615242297971
20305 615267994069
20306 615287296801
20307 615532293811
20308 615649137409
20309 615769733251
20310 615890914357
20311 615911260141
20312 615943927513
20313 616019908123
20314 616326310013
20315 616398032251
20316 616431339019
20317 616451842801
20318 616462574569
20319 616568718121
20320 617068689049
20321 617077176409
20322 617131058851
20323 617145223843
20324 617307572773
20325 617342419387
20326 617382278371
20327 617451849631
20328 617540222413
20329 617567102881
20330 617580319429
20331 617789729201
20332 617876305601
20333 617928305149
20334 618130836481
20335 618198054211
20336 618220795033
20337 618239881531
20338 618270717247
20339 618273586921
20340 618296472071
20341 618309215371
20342 618331164793
20343 618379390201
20344 618409237249
20345 618574861351
20346 618617724961
20347 618624942433
20348 618731235361
20349 618749064751
20350 618790847377
20351 618872429599
20352 618980149657
20353 619063804801
20354 619074965111
20355 619081221091
20356 619098364171
20357 619175833933
20358 619201370857
20359 619202524471
20360 619358122681
20361 619362883201
20362 619386506671
20363 619478047189
20364 619577729977
20365 619625739097
20366 619764079141
20367 619800275251
20368 619821358561
20369 619823087731
20370 619871839291
20371 619951477681
20372 619952006279
20373 620028859621
20374 620047811683
20375 620090029729
20376 620213688151
20377 620254614871
20378 620322550777
20379 620357341297
20380 620361542503
20381 620367855301
20382 620415638989
20383 620498465947
20384 620536276951
20385 620545673323
20386 620604020191
20387 620628901903
20388 620645195971
20389 620659834579
20390 620744302501
20391 621144625501
20392 621212681321
20393 621277377841
20394 621441822301
20395 621579014713
20396 621602216449
20397 621673560481
20398 621762505141
20399 621765152947
20400 621788706397
20401 621822698611
20402 621841308229
20403 621852539041
20404 621952459441
20405 622087519987
20406 622235481121
20407 622258235029
20408 622284067861
20409 622400497291
20410 622406619661
20411 622562449489
20412 622639601231
20413 622674469957
20414 622703738011
20415 622848106739
20416 622854114373
20417 622876994911
20418 622930942531
20419 623037728503
20420 623041322413
20421 623045981321
20422 623060804341
20423 623070215419
20424 623130454339
20425 623163330679
20426 623277973319
20427 623342083981
20428 623366557939
20429 623439653203
20430 623477223503
20431 623484510589
20432 623513634763
20433 623627427991
20434 623680870231
20435 623727508363
20436 623765983501
20437 623847102481
20438 623908729153
20439 624041719489
20440 624111674473
20441 624179085529
20442 624275166703
20443 624296802901
20444 624467624617
20445 624612649961
20446 624620948851
20447 624665643601
20448 624807166591
20449 624914685539
20450 624954733021
20451 624991496827
20452 625015198081
20453 625020403261
20454 625057821103
20455 625075482151
20456 625231951561
20457 625365417151
20458 625451220703
20459 625748190271
20460 625812770629
20461 625896400981
20462 625914910129
20463 626027955541
20464 626135645521
20465 626153952601
20466 626159804761
20467 626216465881
20468 626393525899
20469 626437173097
20470 626440692673
20471 626688328681
20472 626748401203
20473 626787074971
20474 626883435487
20475 626926708669
20476 626937879761
20477 627103988089
20478 627246125171
20479 627253364431
20480 627276499051
20481 627457771219
20482 627725437093
20483 627741811573
20484 627799309691
20485 627811928291
20486 627856048951
20487 628218597551
20488 628318910917
20489 628371040051
20490 628431254533
20491 628434286651
20492 628542186451
20493 628865611111
20494 628892880097
20495 628911732167
20496 628928549281
20497 628977869101
20498 629255360533
20499 629327551009
20500 629332448851
20501 629343638389
20502 629436736321
20503 629505280189
20504 629521327843
20505 629550359437
20506 629645659471
20507 629848113259
20508 629888074003
20509 629974265551
20510 629974913611
20511 630039185821
20512 630069601921
20513 630126242479
20514 630148857697
20515 630207589051
20516 630212573281
20517 630325946017
20518 630363810311
20519 630575095873
20520 630608521087
20521 630791086801
20522 630840825239
20523 630954621553
20524 631027211263
20525 631070646383
20526 631329571751
20527 631392763009
20528 631448658361
20529 631450646353
20530 631566922981
20531 631637382457
20532 631699425397
20533 631882118521
20534 631892189623
20535 632007741671
20536 632017937071
20537 632120390371
20538 632207805113
20539 632341775071
20540 632412763363
20541 632466567097
20542 632584708003
20543 632864215129
20544 632905542001
20545 632906216083
20546 632917298707
20547 632986709101
20548 633135892033
20549 633146959771
20550 633258526297
20551 633288533641
20552 633354657769
20553 633455259277
20554 633461434849
20555 633679660741
20556 633823175929
20557 633908161351
20558 633946527061
20559 633964216573
20560 633979625221
20561 633989546143
20562 634554949861
20563 634595557597
20564 634614683419
20565 634692594541
20566 634719121471
20567 634844791813
20568 634878287893
20569 634958741161
20570 634969400963
20571 634988850031
20572 635039222533
20573 635053517281
20574 635080760351
20575 635110204061
20576 635175496099
20577 635178895651
20578 635246477581
20579 635263055749
20580 635351635651
20581 635443472981
20582 635450733289
20583 635506735051
20584 635564332751
20585 635595602167
20586 635619064033
20587 635727358081
20588 635771945881
20589 635775848821
20590 635855336551
20591 635865665401
20592 636059184931
20593 636176590201
20594 636225751543
20595 636238384921
20596 636500049359
20597 636542968213
20598 636738210181
20599 637009897291
20600 637027488913
20601 637054995727
20602 637073837581
20603 637127890261
20604 637137564571
20605 637156993651
20606 637196127901
20607 637561564291
20608 637580602651
20609 637597667653
20610 637868280769
20611 637868944549
20612 637998232591
20613 638041716311
20614 638085256153
20615 638117917477
20616 638280552193
20617 638286225607
20618 638349889231
20619 638377429717
20620 638401975903
20621 638554657771
20622 638701548931
20623 638747426521
20624 638822810293
20625 638826207031
20626 638863749341
20627 638895581581
20628 638917340491
20629 639137255641
20630 639163342327
20631 639190552951
20632 639289748611
20633 639312767083
20634 639325583041
20635 639380726681
20636 639386126563
20637 639586038901
20638 639626983777
20639 639677929339
20640 639711004681
20641 639722135053
20642 639850887521
20643 639912154681
20644 639991320323
20645 640015580161
20646 640017423343
20647 640031784193
20648 640088650657
20649 640291117057
20650 640470723001
20651 640593574171
20652 640776635467
20653 640876068659
20654 640930337851
20655 641065243393
20656 641082507781
20657 641098557109
20658 641219980831
20659 641248936021
20660 641256101611
20661 641387913769
20662 641425825327
20663 641463229009
20664 641469845833
20665 641498618881
20666 641626265677
20667 641668478519
20668 641687589091
20669 641855140561
20670 641860770241
20671 642014784133
20672 642046423663
20673 642050009719
20674 642114711061
20675 642204277903
20676 642430200721
20677 642497208181
20678 642507079369
20679 642538711543
20680 642668799511
20681 642808194517
20682 642971548081
20683 642997220587
20684 643098720493
20685 643106909551
20686 643130784451
20687 643142057329
20688 643230858463
20689 643409518753
20690 643417455601
20691 643507922441
20692 643561805503
20693 643588441057
20694 643672764607
20695 643680891001
20696 643816574941
20697 643832493991
20698 643973470003
20699 644063396971
20700 644177808451
20701 644409336691
20702 644542165987
20703 644631867331
20704 644704229467
20705 644835290581
20706 644836806451
20707 644971617751
20708 645001117333
20709 645104304001
20710 645120059347
20711 645141890251
20712 645152634019
20713 645281157121
20714 645289658413
20715 645308777431
20716 645335169139
20717 645349872133
20718 645433923691
20719 645502339441
20720 645503397281
20721 645666922921
20722 645690856777
20723 645769362151
20724 645800684497
20725 645881475403
20726 646128938071
20727 646225142413
20728 646319882111
20729 646340999149
20730 646459161079
20731 646590964531
20732 646597400881
20733 646597833751
20734 646636677697
20735 646690036609
20736 646739115859
20737 646740998641
20738 646751581867
20739 646768294453
20740 646786372303
20741 646844043847
20742 646851697417
20743 646938226573
20744 646978847353
20745 646987060861
20746 647072008381
20747 647082237691
20748 647096765317
20749 647273370871
20750 647572256563
20751 647595260863
20752 647607583921
20753 647629864201
20754 647689574533
20755 647715922201
20756 647748976309
20757 647875630081
20758 647890963501
20759 647900913073
20760 647905722751
20761 647990371477
20762 648011647039
20763 648024163333
20764 648060888151
20765 648090002701
20766 648595359001
20767 648692119219
20768 648693545473
20769 648751184797
20770 648885472003
20771 648924211981
20772 648924876559
20773 649009838749
20774 649070756947
20775 649180286947
20776 649447129633
20777 649539548197
20778 649541815651
20779 649542106921
20780 649837918687
20781 649912424947
20782 649926305953
20783 649956935233
20784 650023146181
20785 650059178413
20786 650110375501
20787 650238144401
20788 650259985321
20789 650376907183
20790 650605384621
20791 650687218081
20792 650716874641
20793 650963487791
20794 651019079041
20795 651089123731
20796 651246215401
20797 651363023791
20798 651562585417
20799 651580315627
20800 651619580977
20801 651721320631
20802 651811944337
20803 651881303401
20804 651895072921
20805 651912443521
20806 652038459073
20807 652233025711
20808 652283551789
20809 652336926841
20810 652553263801
20811 652855934503
20812 652875456157
20813 652968643681
20814 653064417721
20815 653313752281
20816 653529284101
20817 653653847887
20818 653692726051
20819 653720084461
20820 653743364311
20821 653810587123
20822 654029671921
20823 654094552357
20824 654222733837
20825 654238354321
20826 654277350091
20827 654321354569
20828 654322748221
20829 654333410347
20830 654357851461
20831 654426222211
20832 654471949291
20833 654655350529
20834 654777043903
20835 654914374003
20836 654943042339
20837 655110766171
20838 655120396153
20839 655445880013
20840 655539136897
20841 655625819521
20842 655691962381
20843 655699433071
20844 655711172551
20845 655911475759
20846 655931341963
20847 656082261253
20848 656089952851
20849 656122923601
20850 656268662221
20851 656440087081
20852 656614686961
20853 656853120991
20854 656873893777
20855 656879856601
20856 656910250597
20857 656931928753
20858 657040635991
20859 657178310251
20860 657185781853
20861 657190685653
20862 657307860397
20863 657371396953
20864 657374718001
20865 657413309983
20866 657434817271
20867 657578924239
20868 657716539507
20869 657828226189
20870 657829160731
20871 657832251781
20872 657893515819
20873 658043731591
20874 658090667401
20875 658118241901
20876 658328197141
20877 658338081301
20878 658371810181
20879 658397953597
20880 658405649089
20881 658464453373
20882 658514307553
20883 658541808889
20884 658592240311
20885 658635247849
20886 658765403713
20887 658775022211
20888 658781313301
20889 658805807251
20890 658920496513
20891 658925261101
20892 659012823061
20893 659029462043
20894 659079814711
20895 659096079661
20896 659167756267
20897 659426592709
20898 659443339559
20899 659538821519
20900 659572885639
20901 659731913963
20902 659747713501
20903 659776480507
20904 659839548409
20905 659874402541
20906 659878954333
20907 659937299407
20908 660064498831
20909 660080285551
20910 660148625251
20911 660224636191
20912 660333226151
20913 660357449197
20914 660707260951
20915 660719881961
20916 660903938581
20917 660958219693
20918 661123383841
20919 661209620131
20920 661265982301
20921 661485886021
20922 661519181471
20923 661681079011
20924 661692373981
20925 661742501417
20926 661997642791
20927 662102837551
20928 662241096091
20929 662299194577
20930 662306315467
20931 662952987397
20932 663115736341
20933 663162938677
20934 663221993041
20935 663339354133
20936 663438300013
20937 663533148601
20938 663595200703
20939 663751866061
20940 663953015899
20941 663971285479
20942 664037656831
20943 664185091417
20944 664235836897
20945 664286603203
20946 664347844621
20947 664424926903
20948 664562743879
20949 664568958481
20950 664632439453
20951 664662911041
20952 664688646343
20953 664861873573
20954 664934470741
20955 664970486797
20956 664975269901
20957 664984265227
20958 665365909951
20959 665424246059
20960 665456216611
20961 665657881901
20962 665681963689
20963 665819204389
20964 665883184489
20965 666002250241
20966 666113635531
20967 666212926139
20968 666321283951
20969 666373026433
20970 666562490917
20971 666605183161
20972 666612352531
20973 666718254931
20974 666755138953
20975 666762369257
20976 666777049489
20977 666807545251
20978 666863681219
20979 667083534391
20980 667087733131
20981 667255854721
20982 667284732739
20983 667289521201
20984 667295815031
20985 667612645057
20986 667721280691
20987 667754608951
20988 667859961511
20989 667876398061
20990 667955179867
20991 667985778181
20992 668038638463
20993 668044990243
20994 668075768377
20995 668355554161
20996 668432923867
20997 668448856151
20998 668513716601
20999 668747859751
21000 668762718079
21001 668869035553
21002 669012050701
21003 669017976751
21004 669054062827
21005 669073175401
21006 669084191257
21007 669094855201
21008 669224929873
21009 669318456673
21010 669328924687
21011 669334406341
21012 669344747653
21013 669561073921
21014 669567565811
21015 669710124361
21016 669729170107
21017 669845029069
21018 669969682903
21019 669974040641
21020 669981610601
21021 670066921261
21022 670139778433
21023 670175623531
21024 670208452633
21025 670265324821
21026 670296226381
21027 670301991217
21028 670447082911
21029 670529556841
21030 670551017761
21031 670590442129
21032 670602782131
21033 670616317801
21034 670685978881
21035 670761537733
21036 670861578301
21037 670936279957
21038 670969278289
21039 670994653897
21040 671314711861
21041 671948711461
21042 671956145821
21043 671986236221
21044 672017844961
21045 672188241121
21046 672199427971
21047 672331137661
21048 672410545909
21049 672415741099
21050 672428060791
21051 672525923851
21052 672558861089
21053 672559857451
21054 672583677391
21055 672598323841
21056 672692683951
21057 672720574681
21058 672843382633
21059 672934329169
21060 673062047173
21061 673179965581
21062 673183144531
21063 673456747429
21064 673474709071
21065 673483908241
21066 673507885373
21067 673542625537
21068 673584359761
21069 673662084289
21070 673874377051
21071 673892583211
21072 673920833083
21073 674072658829
21074 674100363691
21075 674137339849
21076 674242283521
21077 674247500929
21078 674406565627
21079 674460368713
21080 674463353131
21081 674485729501
21082 674511589501
21083 674533575271
21084 674587239817
21085 674599199041
21086 674693906797
21087 674696121211
21088 674917704781
21089 675170613989
21090 675259065601
21091 675314883553
21092 675467739253
21093 675472077611
21094 675634631263
21095 675636301657
21096 675651952981
21097 675997850881
21098 676038187441
21099 676083050521
21100 676267136533
21101 676424676181
21102 676544191597
21103 676789344727
21104 676823098513
21105 676832883511
21106 676886536451
21107 677068390153
21108 677293064533
21109 677313689551
21110 677424992389
21111 677452977109
21112 677478189571
21113 677496736897
21114 677501463031
21115 677618315107
21116 677702497489
21117 677739010357
21118 677869051861
21119 677895512317
21120 677961523171
21121 678101120413
21122 678139180519
21123 678156532201
21124 678260443213
21125 678349262917
21126 678390360337
21127 678428236687
21128 678496831489
21129 678612707959
21130 678707450821
21131 678865891051
21132 678876536383
21133 678926978731
21134 678987307891
21135 678987973171
21136 679000188439
21137 679066958071
21138 679072131841
21139 679350196009
21140 679450044421
21141 679616518591
21142 679685266987
21143 679702932451
21144 679761020251
21145 679980901447
21146 680005686961
21147 680158441591
21148 680260226491
21149 680400203311
21150 680429978509
21151 680449128239
21152 680494248337
21153 680554264879
21154 680696715859
21155 680802287329
21156 680890275011
21157 680964090773
21158 681006645161
21159 681122153251
21160 681126838741
21161 681155311453
21162 681175961351
21163 681226359661
21164 681312832201
21165 681404552533
21166 681480093611
21167 681737413033
21168 681775070131
21169 681794934913
21170 681821458531
21171 681847576481
21172 681852553201
21173 681877077703
21174 681954310927
21175 682039001953
21176 682084009213
21177 682194008581
21178 682221372631
21179 682262678533
21180 682289121457
21181 682317571321
21182 682568848417
21183 682737277249
21184 682782559831
21185 682870638001
21186 682885883131
21187 682922248471
21188 683286314401
21189 683317692751
21190 683395145569
21191 683471255141
21192 683540717567
21193 683570667781
21194 683609973379
21195 683618984401
21196 683677123057
21197 683693803981
21198 683706513967
21199 683822049091
21200 683895799273
21201 683918309881
21202 683920924051
21203 683945729641
21204 684008445931
21205 684043496137
21206 684047498551
21207 684049310341
21208 684066500833
21209 684096477751
21210 684185348761
21211 684189310897
21212 684531820369
21213 684726173617
21214 684774400213
21215 684845159461
21216 684861977971
21217 684920736361
21218 684960465151
21219 685070943019
21220 685238572537
21221 685253599561
21222 685483458157
21223 685588305601
21224 685631739781
21225 685856476801
21226 685918823833
21227 685931167297
21228 685978741081
21229 686020062961
21230 686099826721
21231 686237913937
21232 686299565251
21233 686381841829
21234 686424716251
21235 686427376291
21236 686520373507
21237 686545688399
21238 686601563203
21239 686607946201
21240 686626874779
21241 686764902641
21242 686783571751
21243 686790324529
21244 686798569843
21245 686820139699
21246 686899542541
21247 687077282251
21248 687093823153
21249 687130337471
21250 687223132537
21251 687232328941
21252 687290629609
21253 687308352967
21254 687435414247
21255 687451812097
21256 687455713603
21257 687560069951
21258 687611879551
21259 687747739771
21260 687908727397
21261 688198892389
21262 688403250991
21263 688446667361
21264 688529415421
21265 688559081557
21266 688567255741
21267 688605644911
21268 688626737767
21269 688627142491
21270 688657312253
21271 688698587221
21272 688724291971
21273 688729845277
21274 688899476497
21275 688906846291
21276 688955416931
21277 689015166613
21278 689301779761
21279 689549789809
21280 689561292421
21281 689682114241
21282 689820648571
21283 689844050479
21284 689894542231
21285 689923050001
21286 689953528801
21287 690041037139
21288 690045046079
21289 690107570389
21290 690113707141
21291 690237231391
21292 690273017149
21293 690355339111
21294 690396342721
21295 690502032991
21296 690503156911
21297 690514158907
21298 690685844413
21299 690694869283
21300 690727924981
21301 690753734969
21302 690773744959
21303 690780417601
21304 690820133501
21305 690997297801
21306 691154343601
21307 691189653883
21308 691301780027
21309 691343244289
21310 691589640961
21311 691630891381
21312 691669804739
21313 691913189341
21314 691952967091
21315 691955539003
21316 692001333703
21317 692199598501
21318 692239647667
21319 692377155559
21320 692477859991
21321 692566330387
21322 692658872263
21323 692718353041
21324 692770593421
21325 692877235051
21326 692883710711
21327 692944065703
21328 693007467751
21329 693209396917
21330 693284423977
21331 693571661851
21332 693650974501
21333 693692991001
21334 693775697077
21335 693776984041
21336 693816083767
21337 693828045217
21338 693958444579
21339 693986803333
21340 694000455121
21341 694243583983
21342 694385753491
21343 694561454371
21344 694592953633
21345 694747282399
21346 694793240389
21347 694796802751
21348 694829310337
21349 695017757167
21350 695060025241
21351 695073890743
21352 695103032911
21353 695130050581
21354 695133292141
21355 695137517257
21356 695164640221
21357 695450976013
21358 695517537331
21359 695528676001
21360 695610218509
21361 695618686687
21362 695685810241
21363 695726873923
21364 695910076801
21365 695965812229
21366 696011672731
21367 696088022491
21368 696102394681
21369 696155455711
21370 696259298017
21371 696260204677
21372 696366980011
21373 696480278203
21374 696729360241
21375 696819666427
21376 696834394453
21377 696941745319
21378 697182012887
21379 697233830833
21380 697263158401
21381 697300569547
21382 697352882771
21383 697485182521
21384 697547643157
21385 697571638261
21386 697727166571
21387 697729684321
21388 697811448883
21389 697818062563
21390 697897283203
21391 698012743213
21392 698148576133
21393 698162766811
21394 698234752639
21395 698280881729
21396 698371692047
21397 698374119463
21398 698403713197
21399 698719805911
21400 698724968401
21401 698737059313
21402 698748177403
21403 698769017497
21404 698862948673
21405 698920951951
21406 698958081361
21407 698987295343
21408 699006635359
21409 699074398921
21410 699182650429
21411 699250156831
21412 699283078717
21413 699416282459
21414 699545297713
21415 699652015921
21416 699908344327
21417 699914945101
21418 699997914361
21419 700195887271
21420 700269629281
21421 700274997451
21422 700309496503
21423 700325035957
21424 700348259491
21425 700470594793
21426 700476000823
21427 700610727961
21428 701203191181
21429 701263309421
21430 701280527221
21431 701434059751
21432 701544122683
21433 701631520903
21434 701669716633
21435 701716578067
21436 701730687061
21437 701790180301
21438 701801679349
21439 702395687377
21440 702397729837
21441 702398706661
21442 702496986133
21443 702782518201
21444 702869756629
21445 702896577571
21446 702967737781
21447 702990694057
21448 703116754903
21449 703178844889
21450 703190991049
21451 703331487811
21452 703472446531
21453 703472880661
21454 703516712309
21455 703545169937
21456 703546073569
21457 703708363201
21458 703711809883
21459 703760812723
21460 703781673607
21461 703833151871
21462 703960892587
21463 703994530801
21464 704020654921
21465 704032427251
21466 704065718533
21467 704090455501
21468 704268363181
21469 704289135793
21470 704492073409
21471 704522668699
21472 704522748997
21473 704572192711
21474 704863960681
21475 704950465213
21476 704997428701
21477 705009233857
21478 705032304131
21479 705105542233
21480 705205081169
21481 705218831491
21482 705243907471
21483 705287053333
21484 705316748977
21485 705317426551
21486 705364348261
21487 705550144811
21488 705663419537
21489 706016539567
21490 706076468161
21491 706081968013
21492 706091093167
21493 706160083333
21494 706192492321
21495 706202050871
21496 706387654351
21497 706447367407
21498 706452159073
21499 706473412003
21500 706538317897
21501 707161856941
21502 707240184743
21503 707257087111
21504 707383232533
21505 707430263809
21506 707627989381
21507 707657629141
21508 707807503411
21509 708024316073
21510 708079570111
21511 708299846497
21512 708367428217
21513 708368165201
21514 708414994561
21515 708480792367
21516 708554591629
21517 708577490329
21518 708685007311
21519 708711859441
21520 708829655059
21521 708956474941
21522 709055544913
21523 709102418851
21524 709145021971
21525 709228391551
21526 709276255381
21527 709321615631
21528 709384534721
21529 709389485251
21530 709399674901
21531 709410419677
21532 709443282241
21533 709468771579
21534 709505492737
21535 709537353211
21536 709657407271
21537 709665636961
21538 709685408251
21539 709716150991
21540 709748360077
21541 709814082421
21542 709831388701
21543 709979857823
21544 709981694731
21545 710031263041
21546 710064993511
21547 710077886341
21548 710100970541
21549 710142233557
21550 710224622311
21551 710302674439
21552 710492088547
21553 710529856939
21554 710653575067
21555 710674604977
21556 710675407207
21557 710865939169
21558 711503959753
21559 711513532799
21560 711589363741
21561 711637653427
21562 711668493271
21563 711746796853
21564 711800179721
21565 711831500551
21566 711888774031
21567 711910453801
21568 712054581841
21569 712235185469
21570 712268871841
21571 712289752903
21572 712293633559
21573 712358706733
21574 712361904481
21575 712580078741
21576 712596186751
21577 712614969307
21578 712619212861
21579 712740939541
21580 712823980513
21581 712858211539
21582 713004325853
21583 713044803971
21584 713118270451
21585 713159047189
21586 713226948121
21587 713313844651
21588 713464697611
21589 713557040051
21590 713680571497
21591 713694068011
21592 713764698337
21593 713798212051
21594 713894797351
21595 713961324001
21596 713991298861
21597 713995103399
21598 714007304011
21599 714105765847
21600 714191706031
21601 714195944281
21602 714251437117
21603 714551152411
21604 714586934641
21605 714596626283
21606 714683650141
21607 714699000469
21608 714755698729
21609 715181677651
21610 715201294981
21611 715261675753
21612 715290405691
21613 715360723213
21614 715413367813
21615 715421986351
21616 715462925869
21617 716014869841
21618 716063595061
21619 716133405151
21620 716163933559
21621 716214975409
21622 716348626429
21623 716354629201
21624 716550840721
21625 716638579201
21626 716650459523
21627 716766544033
21628 716769448039
21629 716851649251
21630 717012080401
21631 717071854997
21632 717110186341
21633 717197084119
21634 717268295971
21635 717331298413
21636 717335479321
21637 717364956001
21638 717416351459
21639 717421875731
21640 717599005003
21641 717607635247
21642 717720564553
21643 717743909521
21644 717896301949
21645 717932258489
21646 718015324751
21647 718198915591
21648 718207080751
21649 718210505431
21650 718340599331
21651 718375749643
21652 718479273799
21653 718502469847
21654 718628683501
21655 718791590533
21656 718988227417
21657 718996140901
21658 719000180641
21659 719004055153
21660 719074866151
21661 719283319861
21662 719362690121
21663 719385353017
21664 719443019329
21665 719469097903
21666 719514254401
21667 719624956051
21668 719634284281
21669 719778734341
21670 719793922121
21671 719827804669
21672 719918617331
21673 719998026049
21674 720099345109
21675 720291829561
21676 720394233697
21677 720394798021
21678 720439491241
21679 720551573341
21680 720567206519
21681 720700494361
21682 720765203203
21683 720776984401
21684 720924596641
21685 720985548541
21686 720992207473
21687 721011778241
21688 721290977441
21689 721341122191
21690 721513429321
21691 721538551511
21692 721773938251
21693 721827136363
21694 722136699901
21695 722143578133
21696 722316038599
21697 722334765301
21698 722467460551
21699 722478960391
21700 722699338747
21701 722773352941
21702 722812841941
21703 722864559311
21704 722921489029
21705 723119596453
21706 723180762361
21707 723189480089
21708 723240520201
21709 723364036561
21710 723669935509
21711 723760104061
21712 723933149689
21713 724029222421
21714 724097284387
21715 724198302271
21716 724214222551
21717 724248180511
21718 724278637567
21719 724284453817
21720 724301405213
21721 724562890393
21722 724646286289
21723 724787831501
21724 724795392133
21725 724829192413
21726 724911430657
21727 725104658881
21728 725120146081
21729 725313881563
21730 725338666081
21731 725354116831
21732 725384911981
21733 725428232651
21734 725521422289
21735 725558555107
21736 725570934661
21737 725581219861
21738 725610614551
21739 725643085361
21740 725666271791
21741 725894452193
21742 726075790111
21743 726134812651
21744 726156642691
21745 726157495339
21746 726224210911
21747 726265814059
21748 726277522513
21749 726342495269
21750 726360698281
21751 726395025469
21752 726417202897
21753 726519715741
21754 726557139661
21755 726684442903
21756 726751025551
21757 726765201277
21758 726788825101
21759 726862216417
21760 726886428577
21761 726899969581
21762 726916134961
21763 726944866651
21764 726963131281
21765 727167426649
21766 727195593601
21767 727224830413
21768 727402684507
21769 727420093931
21770 727599840397
21771 727626446119
21772 727631008513
21773 727653255941
21774 727770405421
21775 727797471553
21776 727850491201
21777 727856712013
21778 727971732359
21779 728160794371
21780 728253477109
21781 728307575713
21782 728314301797
21783 728385868981
21784 728392514851
21785 728445136981
21786 728789634637
21787 728859068281
21788 729004098499
21789 729043306309
21790 729073406953
21791 729088299991
21792 729152329831
21793 729234333829
21794 729252705143
21795 729290106031
21796 729343689419
21797 729421133761
21798 729423665209
21799 729596062441
21800 729599890801
21801 729746727121
21802 729747504601
21803 729848303497
21804 729888269491
21805 730007045461
21806 730021526207
21807 730044590311
21808 730125870871
21809 730414168849
21810 730430651809
21811 730450649503
21812 730624709431
21813 730694528461
21814 730780917877
21815 730846926361
21816 730893563341
21817 730984087681
21818 731076967249
21819 731217637981
21820 731286480511
21821 731293288741
21822 731311090241
21823 731637903611
21824 731717156809
21825 731773766011
21826 731953822909
21827 732406406401
21828 732525867067
21829 732588108841
21830 732602083333
21831 732773084707
21832 732874906849
21833 732911175443
21834 733003187281
21835 733017435751
21836 733021383401
21837 733054239457
21838 733180777099
21839 733224429367
21840 733421851537
21841 733501610701
21842 733510228501
21843 733601436121
21844 733643541079
21845 733650370399
21846 733658537641
21847 733717792081
21848 733896077363
21849 734197329469
21850 734207173093
21851 734288622211
21852 734450462407
21853 734451152491
21854 734498965741
21855 734541966637
21856 734546539891
21857 734619164371
21858 734773078657
21859 734827319821
21860 734917752301
21861 735009042421
21862 735075171907
21863 735250799377
21864 735280668139
21865 735425738309
21866 735554900551
21867 735611677921
21868 735627033181
21869 735740665291
21870 735788954401
21871 735885669583
21872 736146570241
21873 736184965033
21874 736189703281
21875 736197077269
21876 736206564881
21877 736208891461
21878 736482263653
21879 736637324113
21880 736700738203
21881 736775510329
21882 736775921459
21883 736786369741
21884 737056333333
21885 737129287441
21886 737272808647
21887 737360967157
21888 737499579457
21889 737519079067
21890 737590849837
21891 737625140611
21892 737642420701
21893 737647835653
21894 737906528869
21895 737964019711
21896 738040502701
21897 738348854651
21898 738390553343
21899 738495280441
21900 738683457871
21901 738717535501
21902 738788006227
21903 738931029301
21904 739310286529
21905 739361369251
21906 739377382561
21907 739480999969
21908 739509746671
21909 739608971401
21910 739831024027
21911 739897393111
21912 740171536471
21913 740391124123
21914 740420771749
21915 740490148441
21916 740602715107
21917 740609610931
21918 740658468421
21919 740684461567
21920 740743232401
21921 740762594821
21922 740821120621
21923 740828804971
21924 740894219801
21925 740942282263
21926 741121883431
21927 741399653107
21928 741483987301
21929 741632288671
21930 741745116907
21931 741790708147
21932 741881186287
21933 741956631799
21934 742026449737
21935 742050261811
21936 742412411401
21937 742608595511
21938 742828667491
21939 742865626189
21940 742933643251
21941 742978781761
21942 742981597147
21943 743087121313
21944 743117860801
21945 743240779291
21946 743328918307
21947 743370429793
21948 743375245051
21949 743396370361
21950 743608230553
21951 743651666413
21952 743732990311
21953 743757862231
21954 743793241549
21955 743832663421
21956 743855389903
21957 743856571261
21958 743857375801
21959 743905595809
21960 744049848481
21961 744119661529
21962 744120905431
21963 744148150903
21964 744710691661
21965 744733845703
21966 744787479151
21967 744801683011
21968 744820971781
21969 744832101001
21970 744890307721
21971 744938453647
21972 744944616697
21973 744956602697
21974 744973254299
21975 745044077377
21976 745109430751
21977 745135992793
21978 745210063459
21979 745264119601
21980 745290469171
21981 745401195937
21982 745600044961
21983 745692775777
21984 745778073943
21985 746343116971
21986 746364416533
21987 746392326313
21988 746418037063
21989 746509642831
21990 746516697163
21991 746623757881
21992 746657243281
21993 746669789009
21994 746752454101
21995 746806908721
21996 746876547691
21997 746912938201
21998 746978863481
21999 747064877281
22000 747084362077
22001 747119683591
22002 747132734041
22003 747178344001
22004 747190635781
22005 747358471399
22006 747653593993
22007 747656266081
22008 747680581567
22009 747963384481
22010 748024024771
22011 748025525089
22012 748169566201
22013 748230960721
22014 748245463543
22015 748275055919
22016 748524677101
22017 748623801901
22018 748694923621
22019 748744546681
22020 748810789651
22021 748863680731
22022 749046526801
22023 749060294533
22024 749150240833
22025 749251412911
22026 749252708401
22027 749403037729
22028 749427935401
22029 749463346031
22030 749725721701
22031 749780016133
22032 749850717271
22033 749868503203
22034 749907141901
22035 750318519259
22036 750340036531
22037 750670154389
22038 750748782151
22039 750782715373
22040 750860246533
22041 750908062081
22042 750926963251
22043 751038318451
22044 751074030631
22045 751074590459
22046 751074947461
22047 751087767421
22048 751198668641
22049 751271118139
22050 751272072379
22051 751310308057
22052 751335269551
22053 751337498413
22054 751382386411
22055 751426193251
22056 751479126997
22057 751490386051
22058 751840377611
22059 752022400771
22060 752022848611
22061 752056853557
22062 752291826541
22063 752858387191
22064 752872750939
22065 752908902079
22066 752934503821
22067 753125611627
22068 753131261461
22069 753145541911
22070 753251451421
22071 753257679001
22072 753474083041
22073 753498709801
22074 753690278251
22075 753708134077
22076 753742595549
22077 753853173487
22078 753877519141
22079 753888740977
22080 753906408823
22081 753943508293
22082 754025539681
22083 754082890991
22084 754247590921
22085 754300546561
22086 754329480161
22087 754401593611
22088 754464447623
22089 754593652513
22090 754675628851
22091 754942716001
22092 754974350329
22093 755214864301
22094 755216367751
22095 755513132741
22096 755871886423
22097 755921131687
22098 756170569153
22099 756424473751
22100 756820890451
22101 756876149251
22102 756909474751
22103 757040431681
22104 757144265809
22105 757157470357
22106 757199018071
22107 757253212777
22108 757472756041
22109 757669988293
22110 757850821531
22111 757869616351
22112 757920760381
22113 757995602449
22114 758038200301
22115 758301783427
22116 758416201003
22117 758467899289
22118 758591172109
22119 758638766701
22120 758752189003
22121 758847205969
22122 758886470371
22123 758929998601
22124 759100240441
22125 759184912531
22126 759235305553
22127 759246479551
22128 759293933941
22129 759451095703
22130 759607027271
22131 759620656033
22132 759700029601
22133 759736716031
22134 759880312777
22135 759946005001
22136 759964346761
22137 760127693077
22138 760206459511
22139 760225053901
22140 760235128201
22141 760330063069
22142 760512479059
22143 760666149073
22144 760726077781
22145 760780539109
22146 760907371141
22147 760999595929
22148 761025237979
22149 761138018143
22150 761161218133
22151 761250481909
22152 761356154527
22153 761359974571
22154 761671103203
22155 761695523737
22156 761896612027
22157 761976407233
22158 761995584901
22159 762018278809
22160 762099373201
22161 762253719151
22162 762350720167
22163 762580064431
22164 762625313137
22165 762655073251
22166 762680669761
22167 762972190441
22168 762985817501
22169 763109359651
22170 763180712419
22171 763287320797
22172 763402909501
22173 763452729301
22174 763642219861
22175 763732447969
22176 763751698051
22177 764212534801
22178 764249622349
22179 764339389003
22180 764368246441
22181 764402020201
22182 764405214269
22183 764517440611
22184 764645091781
22185 764693013389
22186 764742001651
22187 764977897009
22188 765127891681
22189 765172639417
22190 765468380881
22191 765667947523
22192 765725006281
22193 765738816769
22194 765774079621
22195 765788679301
22196 765853618291
22197 765854617249
22198 765857871829
22199 765964320409
22200 765980456641
22201 766075253677
22202 766106700769
22203 766171357651
22204 766189513651
22205 766257429673
22206 766262496001
22207 766319825941
22208 766434070729
22209 766457052013
22210 766699953391
22211 766714560523
22212 766715115403
22213 766792940057
22214 766922442241
22215 766971166783
22216 767055122051
22217 767147039443
22218 767456205721
22219 767526003217
22220 767706828739
22221 767717631661
22222 767906246761
22223 767992590289
22224 768011100301
22225 768082827331
22226 768108158731
22227 768114207451
22228 768156276247
22229 768248505601
22230 768383462701
22231 768424945753
22232 768450094081
22233 768516648301
22234 768543130513
22235 768588278401
22236 768608503849
22237 768659328277
22238 768913711567
22239 768925965781
22240 769160840533
22241 769165603807
22242 769229693821
22243 769331942413
22244 769456912189
22245 769471186513
22246 769620206629
22247 769689957403
22248 769762411741
22249 770055328657
22250 770314416607
22251 770364390661
22252 770376797191
22253 770399322241
22254 770415588097
22255 770420386741
22256 770464359811
22257 770509048753
22258 770515928197
22259 770792522683
22260 770851386307
22261 770898826261
22262 770928023119
22263 771052012873
22264 771094272901
22265 771210870139
22266 771236098381
22267 771314602843
22268 771358384891
22269 771367618267
22270 771437179391
22271 771445785109
22272 771637399237
22273 771761254021
22274 771901421617
22275 771905846251
22276 772029243901
22277 772030767569
22278 772134398069
22279 772134636001
22280 772249414381
22281 772328988469
22282 772594318453
22283 772626600001
22284 772883944981
22285 773061037811
22286 773084883601
22287 773086643437
22288 773118146503
22289 773128482367
22290 773151123919
22291 773189605189
22292 773192756953
22293 773379319483
22294 773477515981
22295 773615015587
22296 773615523199
22297 773734669363
22298 773736324901
22299 773737286071
22300 773982539041
22301 774130497739
22302 774175735681
22303 774356409121
22304 774489673813
22305 774810808489
22306 774840343681
22307 774908735389
22308 774954608581
22309 775059188203
22310 775150425649
22311 775240187767
22312 775355072573
22313 775392741751
22314 775422762043
22315 775424456089
22316 775454824453
22317 775622983969
22318 775658444581
22319 775674722881
22320 775694286061
22321 775702878521
22322 775716592081
22323 775815065479
22324 775864984831
22325 775971772729
22326 776089494307
22327 776121098113
22328 776207599543
22329 776299741561
22330 776437608437
22331 776505625319
22332 776516619121
22333 776640431351
22334 776723467147
22335 776768839561
22336 776890608001
22337 776973935251
22338 776979843697
22339 777007601401
22340 777093039661
22341 777129175597
22342 777325386241
22343 777403852321
22344 777615564013
22345 777794107033
22346 777862702207
22347 777999421571
22348 778138334191
22349 778319806499
22350 778342988809
22351 778672799479
22352 778828753891
22353 778962333781
22354 778983337441
22355 779158157779
22356 779646954319
22357 779758190677
22358 779856943213
22359 779862402757
22360 780039148387
22361 780081480301
22362 780088387879
22363 780094491751
22364 780165075727
22365 780320400133
22366 780391597501
22367 780393842821
22368 780415622101
22369 780682336799
22370 780775218037
22371 780809492179
22372 780826203217
22373 780882761467
22374 781056679261
22375 781074783871
22376 781261475611
22377 781350384781
22378 781362034201
22379 781502998933
22380 781721065997
22381 781915858117
22382 782059016821
22383 782064671413
22384 782127121051
22385 782181832571
22386 782270972191
22387 782441700457
22388 782474110057
22389 782887921741
22390 782967724831
22391 783076866133
22392 783084772009
22393 783090187111
22394 783280697249
22395 783328255291
22396 783340107349
22397 783366872671
22398 783403356781
22399 783459825679
22400 783488487601
22401 783673751953
22402 783702340741
22403 783975236833
22404 783996626689
22405 784563551713
22406 784605470221
22407 784688040541
22408 784698382183
22409 784713467341
22410 784758760393
22411 784761034537
22412 784903107379
22413 784921056313
22414 785163543319
22415 785273138641
22416 785507660101
22417 785531309027
22418 785567720071
22419 785603161009
22420 785671482961
22421 785812197901
22422 785866713901
22423 785898310529
22424 785945110339
22425 786074899501
22426 786281274421
22427 786290917843
22428 786393087481
22429 786463679321
22430 786502776313
22431 786797555281
22432 786821460577
22433 786857429929
22434 787031945101
22435 787075632001
22436 787107433039
22437 787241399293
22438 787377910663
22439 787539482731
22440 787578529571
22441 787659969403
22442 787693969201
22443 787810590703
22444 787866196697
22445 787897076737
22446 787905884581
22447 787916034181
22448 787931098111
22449 788008982413
22450 788142786631
22451 788179657861
22452 788245908631
22453 788279611901
22454 788436490609
22455 788518703701
22456 788661661751
22457 788791772341
22458 788843294479
22459 788922766081
22460 788955108481
22461 788996936701
22462 789014342969
22463 789030659041
22464 789056669017
22465 789171576181
22466 789248419951
22467 789422252293
22468 789505552951
22469 789608833781
22470 789712213333
22471 789769978003
22472 789855171361
22473 789866106481
22474 789963274951
22475 789974772427
22476 790023106237
22477 790078484207
22478 790252177321
22479 790377287701
22480 790381855777
22481 790489070911
22482 790555801051
22483 790592202553
22484 790732792897
22485 790735121497
22486 790738267549
22487 790931685781
22488 790951067521
22489 791127902503
22490 791150105773
22491 791182491661
22492 791345892023
22493 791425968451
22494 791524540621
22495 791543331541
22496 791682200107
22497 791866910701
22498 791896636361
22499 792066137831
22500 792139559221
22501 792156221221
22502 792235336771
22503 792593693641
22504 792678890741
22505 792922124737
22506 792946381883
22507 793212726661
22508 793351377451
22509 793391470987
22510 793465897963
22511 793771650253
22512 793853777281
22513 793858746097
22514 793947259243
22515 793948884661
22516 794171142073
22517 794228557123
22518 794460522241
22519 794793888001
22520 794898083401
22521 794964061417
22522 795588706459
22523 795628114273
22524 795706267201
22525 795762089329
22526 795875577391
22527 795889323263
22528 795913432129
22529 795980324869
22530 796029283891
22531 796116938203
22532 796238079211
22533 796274861471
22534 796276245313
22535 796284833611
22536 796291361263
22537 796291411807
22538 796318644889
22539 796334354131
22540 796460304379
22541 796557064843
22542 796823418751
22543 796850291819
22544 796859597857
22545 797056022071
22546 797138563201
22547 797300701201
22548 797436394921
22549 797480305903
22550 797487945283
22551 797510616211
22552 797615437609
22553 797799833951
22554 797975816947
22555 798142946833
22556 798157172821
22557 798268037071
22558 798449878981
22559 798514804081
22560 798573946171
22561 798577816681
22562 798665979637
22563 798677171839
22564 798814504351
22565 798869952553
22566 798936417091
22567 798949564801
22568 798987534311
22569 799022413573
22570 799027287391
22571 799188746401
22572 799364607361
22573 799439292037
22574 799503451111
22575 799603418503
22576 799622381251
22577 799623897409
22578 799679296153
22579 799785530911
22580 799789422529
22581 799842395969
22582 799862427937
22583 799923077461
22584 799948346929
22585 799997862607
22586 800001650581
22587 800059510381
22588 800078784301
22589 800086718257
22590 800161110547
22591 800269178413
22592 800294024161
22593 800352793501
22594 800368910717
22595 800372020801
22596 800489136511
22597 800510137051
22598 800571780691
22599 800626200553
22600 800700959647
22601 800723853109
22602 800803625273
22603 800804530741
22604 800827847761
22605 800873006369
22606 800964839161
22607 800970694273
22608 801024143221
22609 801068810953
22610 801162822241
22611 801176138551
22612 801279795541
22613 801320395921
22614 801328693681
22615 801341583967
22616 801354973249
22617 801367429201
22618 801374116261
22619 801484465633
22620 801497214937
22621 801565792717
22622 801812008117
22623 801838048261
22624 802180413847
22625 802292288873
22626 802366758341
22627 802367090401
22628 802590187481
22629 802708294807
22630 802793379403
22631 802806205807
22632 802824511171
22633 803177915521
22634 803214264871
22635 803536059889
22636 803710692937
22637 803716621561
22638 803723007047
22639 803757497401
22640 803882757121
22641 803894144051
22642 803957057317
22643 803980757161
22644 804001554931
22645 804107318923
22646 804287741951
22647 804303280177
22648 804503872459
22649 804588778171
22650 804710294851
22651 804735041419
22652 805426070221
22653 805505773621
22654 805515002947
22655 805548869371
22656 805806873271
22657 806005481293
22658 806010145201
22659 806024028041
22660 806198529907
22661 806202276391
22662 806311068421
22663 806348797987
22664 806633558641
22665 806691900701
22666 806983487311
22667 806985870181
22668 807133893133
22669 807211306427
22670 807351781609
22671 807442475341
22672 807544476091
22673 807574033171
22674 807592582207
22675 808124092903
22676 808136854219
22677 808145377801
22678 808178498821
22679 808209053237
22680 808218226021
22681 808246312501
22682 808354511803
22683 808384253041
22684 808544684039
22685 808767193963
22686 808780225861
22687 808821446123
22688 808827970609
22689 808830722701
22690 808908791923
22691 809019287551
22692 809259742801
22693 809352531989
22694 809437049191
22695 809464174201
22696 809507447449
22697 809528236831
22698 809768811811
22699 809855044331
22700 810000575281
22701 810078651721
22702 810420669481
22703 810554545789
22704 810979447141
22705 811109328121
22706 811145968513
22707 811435750453
22708 811453281211
22709 811652982571
22710 811684728961
22711 811739606371
22712 811775702701
22713 811832339683
22714 811869290263
22715 811893138389
22716 811918740481
22717 811932728311
22718 811954938799
22719 812007118441
22720 812052058481
22721 812070760117
22722 812081078251
22723 812197619533
22724 812325054751
22725 812439580681
22726 812444976661
22727 812448862471
22728 812468102239
22729 812519255941
22730 812593273201
22731 812828533201
22732 812866335751
22733 812922638881
22734 813013925459
22735 813058913549
22736 813170311537
22737 813377858641
22738 813397797889
22739 813410131249
22740 813425145061
22741 813488078371
22742 813503059111
22743 813517651501
22744 813620055349
22745 813626451481
22746 813780963469
22747 813855146653
22748 814070370961
22749 814092742517
22750 814105415791
22751 814237936903
22752 814256757487
22753 814258154701
22754 814260337399
22755 814330003177
22756 814544233903
22757 814672045441
22758 814722419701
22759 814746481291
22760 814825321441
22761 814935465577
22762 814993717939
22763 815117576761
22764 815149827341
22765 815235695089
22766 815255363971
22767 815324896747
22768 815526716791
22769 815562460441
22770 815596655959
22771 815642611291
22772 815883244249
22773 815953941991
22774 815988967201
22775 816103454671
22776 816226032001
22777 816310672621
22778 816387168301
22779 816399517501
22780 816430161007
22781 816455831491
22782 816513673501
22783 816522191893
22784 816570110971
22785 816593563897
22786 816639415021
22787 816863929927
22788 816873973471
22789 817043906719
22790 817092738001
22791 817286624839
22792 817317158681
22793 817346253781
22794 817542511307
22795 817564337281
22796 817569997861
22797 817608147427
22798 817629379081
22799 817640447443
22800 817645308019
22801 817663583111
22802 817738499527
22803 817881796819
22804 818040090871
22805 818059604899
22806 818101488511
22807 818109982841
22808 818149047739
22809 818189926453
22810 818217758119
22811 818321979151
22812 818337551701
22813 818341887151
22814 818524058509
22815 818533667251
22816 818550904609
22817 818676025861
22818 818695092601
22819 818768544241
22820 818777220301
22821 819059287741
22822 819082493857
22823 819122011579
22824 819320508001
22825 819321008567
22826 819573771199
22827 819626808001
22828 819660710221
22829 819735945073
22830 819739288369
22831 819930082591
22832 819949073833
22833 820077024853
22834 820144271953
22835 820160619721
22836 820321841809
22837 820333678657
22838 820408224781
22839 820410373693
22840 820523257261
22841 820558465651
22842 820639086301
22843 820682269903
22844 820723072979
22845 820730527541
22846 820910097367
22847 820923139229
22848 820941692539
22849 820949353153
22850 820985933101
22851 821003799769
22852 821050828867
22853 821064287023
22854 821174308111
22855 821304912751
22856 821308755541
22857 821392972093
22858 821481906871
22859 821544676369
22860 821831844961
22861 822097277191
22862 822149202289
22863 822373843831
22864 822427048381
22865 822441367921
22866 822450025357
22867 822460502161
22868 822488345267
22869 822495720151
22870 822799311391
22871 822861705247
22872 822875632489
22873 822876327937
22874 822926881921
22875 822959182711
22876 823117326679
22877 823166524867
22878 823205420173
22879 823285756801
22880 823298077801
22881 823328501761
22882 823435980049
22883 823718625361
22884 823756138999
22885 823801522741
22886 823895945473
22887 823958768461
22888 824065582861
22889 824137518761
22890 824266109701
22891 824320996201
22892 824410651373
22893 824415672851
22894 824422480463
22895 824695682501
22896 824715171451
22897 824869294831
22898 824884118029
22899 824921522713
22900 825039318643
22901 825233062501
22902 825236434837
22903 825345064981
22904 825460205701
22905 825467405491
22906 825594831343
22907 825686389153
22908 825759314641
22909 825891427657
22910 826024100203
22911 826043676011
22912 826264413409
22913 826288334083
22914 826329090133
22915 826565602411
22916 826698901751
22917 826889641021
22918 827035691341
22919 827235218503
22920 827302783243
22921 827306661949
22922 827335610641
22923 827373105901
22924 827384215267
22925 827407852751
22926 827539573477
22927 827561095037
22928 827653986433
22929 827658979201
22930 827666624401
22931 827671091521
22932 827787177863
22933 827805887911
22934 828163787287
22935 828179848981
22936 828201571399
22937 828316407013
22938 828325864031
22939 828423319501
22940 828570746161
22941 828603318229
22942 828632703911
22943 828664661969
22944 828674625241
22945 828711418501
22946 828784786831
22947 829130792029
22948 829334471857
22949 829403423011
22950 829546061653
22951 829703226773
22952 829731552301
22953 829747010791
22954 829802913913
22955 829916432731
22956 829919251093
22957 829978905421
22958 830091021341
22959 830133519841
22960 830171922751
22961 830402728213
22962 830425839571
22963 830568390961
22964 830736653671
22965 830864121361
22966 830908956461
22967 831082855021
22968 831263763331
22969 831321792001
22970 831525697621
22971 831567491647
22972 831637148113
22973 831653266291
22974 832073194171
22975 832076369167
22976 832088672581
22977 832350773017
22978 832365294157
22979 832664987461
22980 832832357557
22981 832892123737
22982 833013995659
22983 833029487551
22984 833163812161
22985 833282293999
22986 833282616223
22987 833317057981
22988 833324084869
22989 833400407857
22990 833660131321
22991 833820038011
22992 833827955221
22993 833833587121
22994 833854150081
22995 833910723601
22996 833926071331
22997 834113263153
22998 834225257251
22999 834335055937
23000 834486001651
23001 834506458543
23002 834577090903
23003 834746291461
23004 834785563039
23005 835085057941
23006 835340683139
23007 835455297601
23008 835531711219
23009 835640248381
23010 835777258471
23011 835804082467
23012 835935723811
23013 835988935741
23014 836214031771
23015 836253117907
23016 836323931857
23017 836354112001
23018 836487173461
23019 836641781119
23020 836661053593
23021 836867872303
23022 836904234403
23023 836915942641
23024 836920729891
23025 836953422997
23026 836995391161
23027 837136161907
23028 837249195089
23029 837305399551
23030 837311953099
23031 837428478811
23032 837506787937
23033 837575030881
23034 837627561403
23035 837741422233
23036 837839492167
23037 837875996497
23038 838186633177
23039 838348882603
23040 838465873771
23041 838595301311
23042 838653252337
23043 838881035821
23044 838883269153
23045 839074549099
23046 839312353153
23047 839357363281
23048 839372463191
23049 839720896891
23050 839785432753
23051 840112191241
23052 840327103531
23053 840354971383
23054 840447850189
23055 840494260009
23056 840612939457
23057 840691594513
23058 841045024819
23059 841074141097
23060 841252694881
23061 841350583267
23062 841408978411
23063 841490401753
23064 841703894533
23065 841807694401
23066 841894592533
23067 841914164197
23068 842166633751
23069 842402791561
23070 842410816573
23071 842638521121
23072 842761866481
23073 842768984557
23074 842793989281
23075 842892324931
23076 842913097801
23077 843054598153
23078 843068762561
23079 843081207181
23080 843100952293
23081 843202428769
23082 843234872761
23083 843620597821
23084 843648076181
23085 843757055191
23086 843811575949
23087 843923370529
23088 843956246197
23089 844013645591
23090 844255738861
23091 844264953547
23092 844410197233
23093 844419649681
23094 844454021797
23095 844553916001
23096 844579791337
23097 844616284741
23098 844644937417
23099 844873211089
23100 844886730781
23101 845041245751
23102 845261882851
23103 845277930037
23104 845427457909
23105 845537900329
23106 845543779081
23107 845686944001
23108 845800821847
23109 845945305141
23110 846016950041
23111 846055658611
23112 846228617701
23113 846254065441
23114 846481832659
23115 846510537797
23116 846528346981
23117 846658288057
23118 846734742019
23119 846762978907
23120 846837861013
23121 846963363709
23122 846972710401
23123 846986886001
23124 847073408641
23125 847136273491
23126 847213397551
23127 847354963501
23128 847369608931
23129 847413523837
23130 847525834711
23131 847525840801
23132 847526172013
23133 847643373649
23134 847836082081
23135 847996161211
23136 848006547571
23137 848018947141
23138 848116141723
23139 848231195839
23140 848344162381
23141 848451994513
23142 848599760317
23143 848732675563
23144 848762910091
23145 848789279161
23146 848845804591
23147 848890718413
23148 849183300001
23149 849185125127
23150 849199841803
23151 849323549929
23152 849531495119
23153 849572967079
23154 849782841571
23155 849896250967
23156 849901914751
23157 850070071537
23158 850117469581
23159 850610082367
23160 850725839231
23161 850786688083
23162 850787235373
23163 850957503001
23164 850958006251
23165 851074977637
23166 851080974031
23167 851171198621
23168 851186794543
23169 851261209261
23170 851402588401
23171 851530117591
23172 851560939699
23173 851564424457
23174 851701800241
23175 851708935681
23176 851717184667
23177 851808776279
23178 851850085327
23179 851985864577
23180 852052951481
23181 852078847069
23182 852142641901
23183 852187971403
23184 852233217697
23185 852233292511
23186 852435898861
23187 852541406861
23188 852831386551
23189 853063489639
23190 853088688013
23191 853196213761
23192 853273732123
23193 853275620359
23194 853366361149
23195 853711783207
23196 853879754131
23197 854071101031
23198 854124983521
23199 854225795503
23200 854246396197
23201 854258655683
23202 854408790913
23203 854413934401
23204 854738364941
23205 854774856253
23206 854777859751
23207 854849892791
23208 854907762061
23209 854923357237
23210 854994945743
23211 855074568973
23212 855109881271
23213 855178044397
23214 855178490599
23215 855281254873
23216 855340769431
23217 855361836001
23218 855402715567
23219 855481050703
23220 855537075073
23221 855638207969
23222 855704953429
23223 855903836401
23224 856030514653
23225 856190395867
23226 856234646191
23227 856277434321
23228 856496925769
23229 856606732909
23230 856609807147
23231 856666552249
23232 856758685273
23233 856815769153
23234 857030006017
23235 857125962001
23236 857134286399
23237 857152978111
23238 857199026413
23239 857210713663
23240 857327414833
23241 857489849221
23242 857628446617
23243 857739858757
23244 857833120321
23245 857963988811
23246 858149794507
23247 858155581351
23248 858163616161
23249 858171467251
23250 858313954963
23251 858386555531
23252 858597289327
23253 858823478521
23254 858840501301
23255 858904063889
23256 858981595513
23257 859017294193
23258 859039233697
23259 859086204439
23260 859146232231
23261 859166663911
23262 859239316987
23263 859245726509
23264 859339981361
23265 859451595949
23266 859456963457
23267 859620566227
23268 859646834821
23269 859666694191
23270 859757997451
23271 859791706489
23272 859803264851
23273 859953655681
23274 860138882689
23275 860140071793
23276 860235577081
23277 860605574401
23278 860795010289
23279 860873403781
23280 860983628203
23281 861248420621
23282 861428441273
23283 861584051161
23284 861674893663
23285 861692382253
23286 861718079851
23287 861745519421
23288 861817386961
23289 861953745199
23290 862159139887
23291 862283357629
23292 862411124213
23293 862449094469
23294 862501293061
23295 862568203771
23296 862704673681
23297 862874287003
23298 862906295947
23299 862927510321
23300 863177280463
23301 863370140641
23302 863586071317
23303 863932898791
23304 863986782751
23305 864278070661
23306 864376531201
23307 864458897881
23308 864583418441
23309 864609212503
23310 864757471801
23311 864893275291
23312 864902959579
23313 864934959851
23314 865235611351
23315 865314881551
23316 865321813333
23317 865328040991
23318 865350888013
23319 865478083471
23320 865577610223
23321 865648303183
23322 865819227421
23323 865837311389
23324 865961184301
23325 866090042731
23326 866229388399
23327 866244914971
23328 866382807811
23329 866489775001
23330 866567837413
23331 866633599339
23332 866857431331
23333 867046722431
23334 867127016701
23335 867140529991
23336 867215551231
23337 867262279591
23338 867264920677
23339 867401985673
23340 867427594177
23341 867432767587
23342 867451939903
23343 867693487093
23344 867705986881
23345 867762074911
23346 867812724001
23347 867863122513
23348 867980380027
23349 868231000513
23350 868254251047
23351 868289854321
23352 868296211351
23353 868344183361
23354 868548889513
23355 868569291001
23356 868728013141
23357 868762636897
23358 869143994461
23359 869167476487
23360 869232978433
23361 869569433287
23362 869656686757
23363 869658137941
23364 869850236501
23365 869860846999
23366 869950250251
23367 869982725503
23368 870010687153
23369 870151336513
23370 870162163333
23371 870223296097
23372 870378493753
23373 870573768121
23374 870696565649
23375 870744879451
23376 870899832379
23377 871059425671
23378 871077636577
23379 871105070551
23380 871326336259
23381 871415358661
23382 871421210251
23383 871500355273
23384 871627063579
23385 871640212669
23386 871768866589
23387 871775922169
23388 871801545931
23389 871914926611
23390 871931333821
23391 872250433987
23392 872260482853
23393 872272828909
23394 872287886671
23395 872542598401
23396 872555572801
23397 872644017871
23398 872684480533
23399 872688589889
23400 872828487361
23401 872937748681
23402 873192773701
23403 873202533391
23404 873368144507
23405 873521715091
23406 873554273461
23407 873947227793
23408 873962343619
23409 874145880001
23410 874216640201
23411 874245022669
23412 874382285713
23413 874588008467
23414 874597821949
23415 874638786451
23416 875088529801
23417 875300732281
23418 875446883807
23419 875452089439
23420 875454481513
23421 875546674001
23422 875604201037
23423 875677179781
23424 875751746497
23425 875927152801
23426 876055509421
23427 876087525583
23428 876103099901
23429 876303267877
23430 876414502939
23431 876469795093
23432 876517175431
23433 876592618357
23434 876611798371
23435 876643576903
23436 876707946241
23437 876937290703
23438 876951750871
23439 877055849953
23440 877072447327
23441 877139139157
23442 877246142977
23443 877315502197
23444 877643883751
23445 877828924087
23446 877911640129
23447 878020848097
23448 878391064741
23449 878549083273
23450 878588962021
23451 878661761671
23452 879016343581
23453 879139989001
23454 879190023601
23455 879202475023
23456 879244842547
23457 879625549291
23458 879918798001
23459 879940908001
23460 880031708671
23461 880202970767
23462 880411769161
23463 880449237221
23464 880504399961
23465 880524614113
23466 881115479947
23467 881213819131
23468 881250380323
23469 881313765571
23470 881369800669
23471 881521822981
23472 881544711559
23473 881700145489
23474 881815240153
23475 881936608681
23476 882049658249
23477 882137213101
23478 882259367713
23479 882348087697
23480 882406042939
23481 882415224811
23482 882477931039
23483 882525636469
23484 882997809289
23485 883093369211
23486 883218184201
23487 883230650569
23488 883295719591
23489 883393320863
23490 883482033937
23491 883577975743
23492 883616951251
23493 883683507139
23494 883699317901
23495 883710724051
23496 883748552611
23497 883757444131
23498 883840300111
23499 883967257801
23500 884248224031
23501 884445619201
23502 884456135039
23503 884479038571
23504 884703913501
23505 884716758311
23506 884895827831
23507 884919077659
23508 884982474307
23509 885047488177
23510 885053518213
23511 885155264533
23512 885157997851
23513 885198066019
23514 885227204159
23515 885281566681
23516 885407805361
23517 885511643941
23518 885546402133
23519 885647756017
23520 885723933403
23521 885740903191
23522 885812913331
23523 886191224491
23524 886228799809
23525 886241003383
23526 886291684741
23527 886302278821
23528 886359705401
23529 886487116621
23530 886494180419
23531 886590548911
23532 886617434887
23533 886695635179
23534 886767026111
23535 886835900161
23536 886838746501
23537 887276319623
23538 887327169121
23539 887353774471
23540 887385906181
23541 887398663951
23542 887401733653
23543 887409825481
23544 887481668503
23545 887547034531
23546 887710288681
23547 887856144061
23548 887896692061
23549 888163110451
23550 888190449049
23551 888216903241
23552 888449505373
23553 888471104221
23554 888558133711
23555 888601134403
23556 888639141043
23557 888683345213
23558 888900108301
23559 888941524381
23560 889117618601
23561 889167904321
23562 889278159667
23563 889472819239
23564 889496240341
23565 889580147461
23566 889774607341
23567 889922546101
23568 889978039021
23569 890048179957
23570 890233619311
23571 890337551581
23572 890626905307
23573 890693001631
23574 890890236361
23575 890890437823
23576 891117783011
23577 891236450413
23578 891296396941
23579 891374927353
23580 891412607821
23581 891469138561
23582 891489838681
23583 891579698881
23584 891736159297
23585 891928548841
23586 891963765703
23587 892100943941
23588 892260312721
23589 892287492181
23590 892407203131
23591 892486098937
23592 892602438001
23593 892685155753
23594 892706474521
23595 892708727527
23596 892710328099
23597 893149943797
23598 893181120817
23599 893342351311
23600 893385871201
23601 893545847041
23602 893612674501
23603 893692569799
23604 893780250133
23605 893831466529
23606 893845177759
23607 893996410561
23608 894001022419
23609 894008148403
23610 894094922183
23611 894283063021
23612 894629057279
23613 894650764993
23614 894722651551
23615 894740810401
23616 895095152183
23617 895140916021
23618 895189235761
23619 895237298413
23620 895507719751
23621 895587798913
23622 895656494011
23623 895739212369
23624 895747156261
23625 895766362921
23626 895870411021
23627 895918350673
23628 895942388017
23629 895971574411
23630 896031364411
23631 896110994833
23632 896167952371
23633 896296304249
23634 896421775393
23635 896454615061
23636 896751672637
23637 896816139217
23638 897328127431
23639 897555761785
23640 897599346211
23641 897637342687
23642 897668796443
23643 898104848791
23644 898210421893
23645 898229701657
23646 898233657553
23647 898248676861
23648 898354763281
23649 898393977361
23650 898415723581
23651 898475097469
23652 898524362977
23653 898547205403
23654 898583474377
23655 898585768081
23656 898615935001
23657 898842708409
23658 898868968003
23659 898946753533
23660 898961850451
23661 899026585939
23662 899114635351
23663 899193023263
23664 899227850203
23665 899244884201
23666 899316914761
23667 899326438141
23668 899341582987
23669 899364141433
23670 899548392247
23671 899555043239
23672 899579403451
23673 899583564601
23674 899675273659
23675 899744709133
23676 899882896681
23677 900046859449
23678 900205998121
23679 900355318021
23680 900376409623
23681 900418218211
23682 900427268053
23683 900502220593
23684 900642636629
23685 900812417977
23686 900903526651
23687 901048539431
23688 901138950757
23689 901251801451
23690 901260425881
23691 901266319537
23692 901502424301
23693 901705419757
23694 901723912093
23695 901819022473
23696 901835588161
23697 901850241013
23698 902033831011
23699 902059303213
23700 902090032861
23701 902570914243
23702 902691896401
23703 902695868951
23704 902751957577
23705 902960491141
23706 902999832919
23707 903024869671
23708 903032820421
23709 903083916989
23710 903089377711
23711 903102102631
23712 903105280331
23713 903108418699
23714 903331125247
23715 903379692403
23716 903384263227
23717 903421786681
23718 903476084113
23719 903513587461
23720 903621656953
23721 903761137681
23722 903794171281
23723 903809094541
23724 903849478561
23725 904037603701
23726 904042900951
23727 904093349659
23728 904184369839
23729 904585978957
23730 904600519681
23731 904602999721
23732 904610803141
23733 904706271451
23734 904785779801
23735 904856071501
23736 904984309939
23737 905091679231
23738 905097725221
23739 905117516461
23740 905128446091
23741 905233217281
23742 905348610631
23743 905768493211
23744 905915475109
23745 905968804303
23746 906218564581
23747 906414656491
23748 906437081089
23749 906477624991
23750 906480050563
23751 906696014491
23752 906747901183
23753 906749424001
23754 906764524073
23755 906770417239
23756 906851831761
23757 906859169371
23758 906960183949
23759 906997158721
23760 907035797191
23761 907203644569
23762 907220257399
23763 907279635373
23764 907407047051
23765 907410862513
23766 907588002133
23767 907617566611
23768 907635766969
23769 907675183451
23770 907865236741
23771 907885040833
23772 907912049419
23773 907944446111
23774 907993317457
23775 908071686241
23776 908201935681
23777 908213903479
23778 908247820033
23779 908251165999
23780 908354097289
23781 908387535361
23782 908597158561
23783 908638798861
23784 908650873153
23785 908657641981
23786 908772573679
23787 908775189103
23788 908796221521
23789 909072485357
23790 909110357299
23791 909142507201
23792 909276694453
23793 909339008339
23794 909434588221
23795 909599047003
23796 909703432061
23797 909734106781
23798 909824323117
23799 909839856241
23800 909877791971
23801 909939790801
23802 909966366703
23803 909977137561
23804 910077014533
23805 910104538267
23806 910192507717
23807 910320315449
23808 910355497801
23809 910599159277
23810 910631583793
23811 910847069551
23812 911112160141
23813 911128243213
23814 911210828401
23815 911212011421
23816 911296550917
23817 911379329671
23818 911625911137
23819 911638066501
23820 911754294751
23821 911770318579
23822 911891507561
23823 911949440533
23824 911970824929
23825 912089508661
23826 912108437573
23827 912126364921
23828 912305454061
23829 912546570781
23830 912599374163
23831 912767537137
23832 912832028461
23833 912911636599
23834 913049890561
23835 913126966049
23836 913257843847
23837 913302579253
23838 913335326641
23839 913351994413
23840 913359227041
23841 913564690219
23842 913595035201
23843 913642417621
23844 913710139081
23845 913759764523
23846 913894540903
23847 913929315181
23848 914234824123
23849 914264600881
23850 914348855071
23851 914506897459
23852 914549514451
23853 914577677443
23854 914594908921
23855 914616696913
23856 914724308191
23857 914747312221
23858 914779059679
23859 914881444489
23860 914906745829
23861 914980180819
23862 914998071151
23863 915072050911
23864 915108079201
23865 915118815997
23866 915182546521
23867 915248268007
23868 915426232033
23869 915583862419
23870 915656775727
23871 915657226849
23872 915690623347
23873 915748116271
23874 915802645447
23875 915831507691
23876 915859921789
23877 915927414841
23878 915944877637
23879 916022068831
23880 916031065951
23881 916040202001
23882 916045162201
23883 916050465329
23884 916287444013
23885 916352545051
23886 916490409589
23887 916669496621
23888 916759652257
23889 916770344101
23890 916821171691
23891 917016164557
23892 917063534489
23893 917108186881
23894 917109614611
23895 917237505061
23896 917447507533
23897 917488430959
23898 917589371551
23899 917612251291
23900 917907151771
23901 917929331699
23902 917993793349
23903 918047037673
23904 918146524123
23905 918226658449
23906 918345620641
23907 918563625097
23908 918636384439
23909 918678638767
23910 918680814577
23911 918735534811
23912 918781207021
23913 918989336581
23914 919065264781
23915 919369661101
23916 919430567749
23917 919447853543
23918 919522370251
23919 919555347461
23920 919564185601
23921 919700336179
23922 919706774533
23923 919887141541
23924 920119226269
23925 920241181091
23926 920284679731
23927 920354329151
23928 920571479101
23929 920747458877
23930 920748194137
23931 920754706031
23932 921077279053
23933 921108695761
23934 921237004027
23935 921487203451
23936 921623760301
23937 921698404903
23938 921792390017
23939 921958084657
23940 921977336011
23941 921980373697
23942 922033784671
23943 922157124169
23944 922336937803
23945 922338226091
23946 922368998513
23947 922422043201
23948 922494081709
23949 922504257371
23950 922701891689
23951 922747806241
23952 922770257491
23953 922875128449
23954 923049709489
23955 923208426631
23956 923302455001
23957 923503514467
23958 923616806809
23959 923789959669
23960 923795990053
23961 923934752551
23962 924057877513
23963 924092032711
23964 924111288271
23965 924253196473
23966 924268901653
23967 924307903213
23968 924437595511
23969 924556525213
23970 924633131731
23971 924666044851
23972 924760274491
23973 924843099049
23974 924853905841
23975 925080012163
23976 925488533581
23977 925661231513
23978 925670584777
23979 925914763159
23980 926104323203
23981 926196316033
23982 926328938959
23983 926369239561
23984 926410895461
23985 926489258309
23986 926552489281
23987 926601781201
23988 926649366001
23989 926740908433
23990 926886735811
23991 927046463281
23992 927094886257
23993 927180476713
23994 927259834411
23995 927337207931
23996 927395330419
23997 927395651701
23998 927613561717
23999 927769219471
24000 927866791171
24001 927876264541
24002 927904442009
24003 927949298251
24004 928015450111
24005 928046019779
24006 928047174211
24007 928075519099
24008 928113294637
24009 928217712661
24010 928227530407
24011 928399334773
24012 928456833301
24013 928571377141
24014 928647364141
24015 928830945421
24016 928848380851
24017 928864038169
24018 928932699427
24019 929499738133
24020 929514622807
24021 929565451981
24022 929647645741
24023 929950406551
24024 930011020093
24025 930057589649
24026 930081713081
24027 930108195253
24028 930117360943
24029 930171617371
24030 930304546441
24031 930361279681
24032 930382691371
24033 930399048001
24034 930506876209
24035 930540458347
24036 930667756141
24037 930698515531
24038 930756363193
24039 930946017301
24040 931074966919
24041 931280429581
24042 931408925917
24043 931532904469
24044 931635363193
24045 931645716161
24046 931665234781
24047 931721598193
24048 931809267451
24049 932008733371
24050 932043159001
24051 932087211931
24052 932161767967
24053 932500614817
24054 932625421477
24055 932728920001
24056 932733831961
24057 932857066081
24058 932921567353
24059 932948442541
24060 933040502551
24061 933060873553
24062 933105725371
24063 933148512217
24064 933239742889
24065 933274338751
24066 933276777049
24067 933278892023
24068 933298574893
24069 933431444821
24070 933794363503
24071 933796890001
24072 933952955713
24073 934286403403
24074 934395576661
24075 934457375611
24076 934673781829
24077 934718232451
24078 934822525033
24079 934827678721
24080 934837636741
24081 934949190319
24082 934975476991
24083 934990017733
24084 934993269829
24085 935099910391
24086 935476835411
24087 935521026133
24088 935591308081
24089 935621545633
24090 935730468091
24091 935789087923
24092 936031106449
24093 936043786501
24094 936373333897
24095 936529251421
24096 936796240051
24097 936825893137
24098 936955035217
24099 937066421773
24100 937247763313
24101 937276354081
24102 937331506957
24103 937429628563
24104 937615057177
24105 937626345889
24106 937649387137
24107 937898656003
24108 937986653321
24109 938058618901
24110 938084393041
24111 938190471091
24112 938192077411
24113 938232804601
24114 938324797801
24115 938556178003
24116 938628758971
24117 938720594503
24118 938723611379
24119 938739461281
24120 938800637347
24121 938854421891
24122 938889097849
24123 939312388523
24124 939429337309
24125 939483805321
24126 939625142653
24127 939747494533
24128 939821942809
24129 939971640859
24130 940049749633
24131 940455973451
24132 940708541917
24133 940737193579
24134 941012031577
24135 941022320239
24136 941283474433
24137 941386605391
24138 941474839537
24139 941550657659
24140 941591002483
24141 941770328221
24142 941903485651
24143 942348965101
24144 942399826831
24145 942399925141
24146 942506148403
24147 942591778231
24148 942615628501
24149 942682311121
24150 942794238751
24151 942810588331
24152 942874499797
24153 942994237921
24154 943033437811
24155 943078888489
24156 943137701773
24157 943139018881
24158 943299840341
24159 943437261607
24160 943495156519
24161 943839088501
24162 944072400671
24163 944105978971
24164 944223266593
24165 944270880841
24166 944327216197
24167 944332397977
24168 944352306451
24169 944468208661
24170 944471359063
24171 944536195777
24172 944551771381
24173 944698046923
24174 944744813713
24175 944894089531
24176 944949733267
24177 945039494123
24178 945213749521
24179 945425597131
24180 945469578721
24181 945474069403
24182 945602501521
24183 945750928609
24184 945788339953
24185 945804126403
24186 945850399751
24187 945878191651
24188 945894994351
24189 945978492691
24190 945989292961
24191 946303360351
24192 946392688921
24193 946579987081
24194 946621598413
24195 946683379501
24196 946697152381
24197 946802402017
24198 946926751051
24199 946975582981
24200 947124930403
24201 947158452001
24202 947237263831
24203 947258162729
24204 947354709313
24205 947358630931
24206 947372683753
24207 947375796511
24208 947421195901
24209 947424336127
24210 947432408851
24211 947439834241
24212 947546006317
24213 947563384921
24214 947691441313
24215 947712260377
24216 947867253481
24217 948045884893
24218 948233960371
24219 948238876243
24220 948259696381
24221 948261505759
24222 948262537801
24223 948531260797
24224 948696050633
24225 948872121211
24226 949074506269
24227 949403743213
24228 949426182277
24229 949467103201
24230 949713015241
24231 949791702529
24232 950022552013
24233 950027585371
24234 950027832287
24235 950031125731
24236 950231653831
24237 950280907369
24238 950382373231
24239 950540803241
24240 950608282931
24241 950683107349
24242 950703474541
24243 950869213141
24244 950980883549
24245 951295086197
24246 951396623893
24247 951460873637
24248 951815998261
24249 951871933261
24250 951885110233
24251 951972144751
24252 952051392911
24253 952096206601
24254 952399406071
24255 952501779211
24256 952574870281
24257 952762268071
24258 952912535947
24259 953159271247
24260 953198091301
24261 953295344821
24262 953378194231
24263 953408244097
24264 953449859737
24265 953649775541
24266 953737350427
24267 953790898751
24268 953904518533
24269 953926228291
24270 953981636851
24271 954058461931
24272 954238548781
24273 954364650361
24274 954411851647
24275 954636682897
24276 954709363243
24277 954737438203
24278 954893874499
24279 954970936921
24280 955066875067
24281 955093884289
24282 955266288817
24283 955268137531
24284 955316148283
24285 955549176913
24286 955560847741
24287 955618177027
24288 955826660233
24289 956291189039
24290 956313382753
24291 956543937049
24292 956694412789
24293 956723166001
24294 956745265939
24295 956761519951
24296 956885121893
24297 956929959679
24298 956986017373
24299 957007656001
24300 957061550831
24301 957407491181
24302 957427074991
24303 957523347397
24304 957560773963
24305 957564411277
24306 957951457093
24307 957959530219
24308 958023259981
24309 958058487949
24310 958285166479
24311 958303499077
24312 958344772303
24313 958373294033
24314 958376403097
24315 958448227589
24316 958454976601
24317 958487116393
24318 958644871021
24319 958746692413
24320 958754510911
24321 958788716377
24322 958846105153
24323 958854214891
24324 958933721887
24325 959038676569
24326 959293147121
24327 959363919991
24328 959471858341
24329 959536028179
24330 959787924217
24331 959834913481
24332 959849519171
24333 959882030101
24334 959883480109
24335 959968008577
24336 960123793861
24337 960154228093
24338 960228493687
24339 960238479439
24340 960271366321
24341 960324404353
24342 960337050649
24343 960585926581
24344 960642754811
24345 960655616821
24346 960758370181
24347 960778705321
24348 960895808879
24349 960908677601
24350 960991856059
24351 961153598287
24352 961372802227
24353 961512701029
24354 961536684907
24355 961704113497
24356 961748012809
24357 961764524137
24358 961809124231
24359 961818223213
24360 961837914133
24361 962010334297
24362 962164088341
24363 962180647291
24364 962245640533
24365 962261020393
24366 962283940801
24367 962310089989
24368 962336905381
24369 962486817121
24370 962713411003
24371 962714349463
24372 962785984711
24373 962856403213
24374 962870476537
24375 962879929903
24376 962934205249
24377 962985250261
24378 963121018861
24379 963229833283
24380 963259962851
24381 963264003109
24382 963275997583
24383 963350214971
24384 963658858691
24385 963674017123
24386 963684417571
24387 963754979461
24388 963903760531
24389 963908467201
24390 964041361411
24391 964406780713
24392 964516086301
24393 964523871481
24394 964579245211
24395 964693813333
24396 964696961593
24397 964778512513
24398 964885800649
24399 965038404013
24400 965053700101
24401 965262725461
24402 965376707371
24403 965480176981
24404 965526673637
24405 965662933141
24406 965823494497
24407 965944774829
24408 965966640127
24409 965974303213
24410 966213331903
24411 966229623649
24412 966299321527
24413 966410493049
24414 966450131501
24415 966531984133
24416 966543976451
24417 966613721221
24418 966621951881
24419 966756295051
24420 966775511989
24421 966825515041
24422 966893105587
24423 967013147017
24424 967014205471
24425 967067037217
24426 967085467321
24427 967138240561
24428 967319944139
24429 967457225851
24430 967534325099
24431 967535143213
24432 967571645617
24433 967738845421
24434 967749094771
24435 967857029107
24436 967898420191
24437 967904565601
24438 967941168001
24439 968064580981
24440 968285545537
24441 968412941779
24442 968507105171
24443 968510911117
24444 968534742061
24445 968555992801
24446 968574725281
24447 968638075681
24448 968894799601
24449 968907667729
24450 968936634821
24451 969017840911
24452 969183056141
24453 969315848551
24454 969338300701
24455 969724028017
24456 969734103001
24457 969970754677
24458 970060701559
24459 970129212383
24460 970650176641
24461 970660628341
24462 970671101041
24463 970704982021
24464 971110662043
24465 971172749431
24466 971254098553
24467 971260018387
24468 971273119213
24469 971342017537
24470 971489168731
24471 971567034439
24472 971592211171
24473 971628791041
24474 971685811951
24475 971833252321
24476 972005580001
24477 972089647013
24478 972179950981
24479 972200159911
24480 972371318701
24481 972672854077
24482 972766693153
24483 973044023657
24484 973227904141
24485 973248194251
24486 973252284971
24487 973265708971
24488 973455802201
24489 973559039797
24490 973615022101
24491 973619350799
24492 973871893801
24493 973922675041
24494 973935511291
24495 973992926201
24496 974053853401
24497 974102997871
24498 974454766561
24499 974456821001
24500 974599190179
24501 974652523961
24502 974682046531
24503 974756676499
24504 974880523501
24505 975119614093
24506 975134939329
24507 975163834243
24508 975394425787
24509 975440499127
24510 975483037201
24511 975572683471
24512 975689882521
24513 975729976951
24514 975904888267
24515 975965394461
24516 975990768481
24517 976101224689
24518 976365110533
24519 976428037891
24520 976465403131
24521 976751509081
24522 976936179301
24523 977099069519
24524 977136994081
24525 977253191279
24526 977457431287
24527 977501393977
24528 977544013913
24529 977624516881
24530 977647020673
24531 977841667531
24532 977983125571
24533 978179679413
24534 978273806467
24535 978361311841
24536 978367046581
24537 978373701271
24538 978595086463
24539 978710372977
24540 978966372691
24541 978969191269
24542 979110291193
24543 979184669653
24544 979216331767
24545 979257222631
24546 979281605713
24547 979287943141
24548 979318550827
24549 979319018341
24550 979486967161
24551 979509593563
24552 979588793143
24553 979736168581
24554 979806109591
24555 979847218561
24556 979912870093
24557 979988727439
24558 980050151683
24559 980086225627
24560 980255102401
24561 980381558413
24562 980449623217
24563 980512660051
24564 980677903297
24565 980681521747
24566 980903317681
24567 981010380013
24568 981215055757
24569 981290836501
24570 981318543211
24571 981328614979
24572 981639034741
24573 981658819159
24574 981768116671
24575 981834228173
24576 982111297207
24577 982179338911
24578 982180649077
24579 982222501321
24580 982275633973
24581 982412476501
24582 982489615291
24583 982528322257
24584 982545627907
24585 982549686091
24586 982698714241
24587 982709915699
24588 982734961711
24589 982814274553
24590 983089874419
24591 983113966501
24592 983152881811
24593 983215731943
24594 983225412181
24595 983578145309
24596 983682753701
24597 983743847353
24598 983793229921
24599 983833887301
24600 983948884381
24601 983955378997
24602 984144873403
24603 984192495709
24604 984236811937
24605 984336591379
24606 984412806499
24607 984810709957
24608 984852090991
24609 984971037943
24610 984979332751
24611 985016775601
24612 985114496623
24613 985115351611
24614 985481333971
24615 985517053093
24616 985735437697
24617 985793962609
24618 985888816669
24619 985974724993
24620 986000433841
24621 986101629301
24622 986148471001
24623 986287714507
24624 986349077221
24625 986471883211
24626 986515404607
24627 986583371377
24628 986655646387
24629 986734916161
24630 986848122811
24631 986862534751
24632 986924689453
24633 986962895767
24634 987177076033
24635 987353035033
24636 987395790397
24637 987448178179
24638 987539964841
24639 987625127347
24640 987767041477
24641 987835785319
24642 987864933277
24643 988222321189
24644 988385582491
24645 988451969977
24646 988474072081
24647 988526968003
24648 988550516353
24649 988654342201
24650 988705835521
24651 988723363321
24652 988724216299
24653 988729453531
24654 988892002129
24655 988960378781
24656 989032723213
24657 989168243311
24658 989199891151
24659 989493624601
24660 989499046537
24661 989545721737
24662 989911032391
24663 990029772289
24664 990143464591
24665 990150948013
24666 990325689757
24667 990403460971
24668 990403702381
24669 990590005417
24670 990675267181
24671 990677556013
24672 990794294533
24673 990969678529
24674 991017259577
24675 991074887713
24676 991158290101
24677 991326493249
24678 991440367231
24679 991534134163
24680 991739227393
24681 991746204181
24682 991765281277
24683 991850552551
24684 991858843861
24685 992039652451
24686 992073458503
24687 992140068043
24688 992161139467
24689 992274573781
24690 992365962031
24691 992380653217
24692 992435383633
24693 992551994387
24694 993320619719
24695 993343950413
24696 993400160377
24697 993437805359
24698 993585652417
24699 993595327003
24700 993595581241
24701 993652560283
24702 993707494201
24703 993806454481
24704 993837772621
24705 993888210241
24706 994219789603
24707 994342622881
24708 994403158981
24709 994404087109
24710 994577869867
24711 994613320093
24712 995060469421
24713 995352815911
24714 995433986821
24715 995498743093
24716 995563047931
24717 995652223567
24718 995770486603
24719 996083156251
24720 996269872951
24721 996274910251
24722 996428170081
24723 996690782413
24724 996701430727
24725 996803106133
24726 996831280843
24727 996867809029
24728 996872542489
24729 996896710153
24730 996899063513
24731 997031384161
24732 997063837993
24733 997128870889
24734 997134561061
24735 997150889503
24736 997215685201
24737 997284013321
24738 997357933331
24739 997375675591
24740 997401411001
24741 997426229759
24742 997436953951
24743 997541909281
24744 997674629869
24745 997790985601
24746 997820182549
24747 997844515081
24748 997964142719
24749 998005891601
24750 998333713861
24751 998440839001
24752 998444463361
24753 998504827147
24754 998558156623
24755 998576116063
24756 998607225331
24757 998626676401
24758 998628124061
24759 998671599157
24760 999103334347
24761 999202925641
24762 999219600889
24763 999226601101
24764 999236382301
24765 999405966763
24766 999637809913
24767 999948630097
