1 25
2 325
3 703
4 2101
5 2353
6 4525
7 11041
8 14089
9 20197
10 29857
11 29891
12 39331
13 49241
14 58825
15 64681
16 76627
17 78937
18 79381
19 87673
20 88399
21 88831
22 102943
23 109061
24 137257
25 144901
26 149171
27 173951
28 178709
29 188191
30 197633
31 219781
32 227767
33 231793
34 245281
35 259093
36 302177
37 314821
38 317251
39 377719
40 383531
41 385003
42 443311
43 481601
44 485357
45 491063
46 491209
47 569059
48 570133
49 587861
50 643801
51 701143
52 710425
53 717473
54 721801
55 727801
56 736291
57 747289
58 753131
59 764941
60 775457
61 840781
62 865373
63 884521
64 931349
65 935713
66 954271
67 1024651
68 1053761
69 1056331
70 1129901
71 1132657
72 1152271
73 1248283
74 1313101
75 1314631
76 1316719
77 1373633
78 1386391
79 1409437
80 1446061
81 1551941
82 1579225
83 1590751
84 1611805
85 1671031
86 1746553
87 1792081
88 1869211
89 1891121
90 1914011
91 1927747
92 1963501
93 2078581
94 2194333
95 2201473
96 2207659
97 2208151
98 2269093
99 2284453
100 2384857
101 2508013
102 2555401
103 2587951
104 2639737
105 2727649
106 2734681
107 2781241
108 2814283
109 2882401
110 3003589
111 3022597
112 3059101
113 3076481
114 3095857
115 3345689
116 3375709
117 3383353
118 3539101
119 3542533
120 3725191
121 3801641
122 3814357
123 3850771
124 4019203
125 4077613
126 4099439
127 4411681
128 4426549
129 4588033
130 4686391
131 4746653
132 4799887
133 4935701
134 4956001
135 5066767
136 5090821
137 5122133
138 5275843
139 5489641
140 5603333
141 5762401
142 5903657
143 5906413
144 6015241
145 6041467
146 6200479
147 6203737
148 6231331
149 6236257
150 6386993
151 6480937
152 6575473
153 6652601
154 6749011
155 6955087
156 6969511
157 7028821
158 7145351
159 7549361
160 7732099
161 7757669
162 7886251
163 8090951
164 8230897
165 8231653
166 8233633
167 8307119
168 8740225
169 8902741
170 9172357
171 9288101
172 9533701
173 9610597
174 9707377
175 9744827
176 9808651
177 9864941
178 10007497
179 10267951
180 10336411
181 10403641
182 10740925
183 10767541
184 10780349
185 10990513
186 11094337
187 11144411
188 11303909
189 11341177
190 11473561
191 11509873
192 12007001
193 12163817
194 12299941
195 12380761
196 12507067
197 12555619
198 12709819
199 12743831
200 12890503
201 13073761
202 13290397
203 13470925
204 13621897
205 13647691
206 13888333
207 14044573
208 14053051
209 14169331
210 14258089
211 14312377
212 14676481
213 14687681
214 14897989
215 14913991
216 14925817
217 15188557
218 15371201
219 15561149
220 16379767
221 16462297
222 16806553
223 16914301
224 16920889
225 17164225
226 17236801
227 17461501
228 17590681
229 17792111
230 17803759
231 17847541
232 17948479
233 18761401
234 18809911
235 18814049
236 19328653
237 19340749
238 19545109
239 19578847
240 19791353
241 19897151
242 20081953
243 20117467
244 20141239
245 20691581
246 20752381
247 21484051
248 21522821
249 21966013
250 21979543
251 22187791
252 22325521
253 22713181
254 22739243
255 23292361
256 23678533
257 24242261
258 24399649
259 24482503
260 24707281
261 24856241
262 25195061
263 25526729
264 25981957
265 26122979
266 26153821
267 26274151
268 26332181
269 26491811
270 27199423
271 27230701
272 27441649
273 27562921
274 28213333
275 28647253
276 30058381
277 30625093
278 30776453
279 31470211
280 31758371
281 31777873
282 32200561
283 32372551
284 32817151
285 33571477
286 34539041
287 34555753
288 34590403
289 34657141
290 35213459
291 35858257
292 35975017
293 36255451
294 36307981
295 36765901
296 37504951
297 37649503
298 37674619
299 37753489
300 37769887
301 38425601
302 38654197
303 38967839
304 39253033
305 39545221
306 39555517
307 40423111
308 40621591
309 40718665
310 41078449
311 41151233
312 41260771
313 41296501
314 42652429
315 43275229
316 43331401
317 44395861
318 45213643
319 45786133
320 46094401
321 46469809
322 46585771
323 46672291
324 46724131
325 47131657
326 47337109
327 47843881
328 48008269
329 48596843
330 48976117
331 49023151
332 49509433
333 49923661
334 49960219
335 50128277
336 50194891
337 50823151
338 50887117
339 50997451
340 51302353
341 52109569
342 53390611
343 53638903
344 54459841
345 54470491
346 54760151
347 55464481
348 55849663
349 55930177
350 56052361
351 56417467
352 57068701
353 57172501
354 57631543
355 58986091
356 59330041
357 59647771
358 59788931
359 59819537
360 60033403
361 60229121
362 60581401
363 60766225
364 61141361
365 62114641
366 62144497
367 62790751
368 62800991
369 63249181
370 64200193
371 64216381
372 64537771
373 66476299
374 67025009
375 67061521
376 67064111
377 67760387
378 67816589
379 67932001
380 68182003
381 68768569
382 69657799
383 69885649
384 71779471
385 73212647
386 73429553
387 73527301
388 73981657
389 74619301
390 75356191
391 75663451
392 76307617
393 76788811
394 77295961
395 77497729
396 77594653
397 78876601
398 79081129
399 79310897
400 79417801
401 80207381
402 80487793
403 80509339
404 80918281
405 81816547
406 81859009
407 81954133
408 82606231
409 83503891
410 84164033
411 84590299
412 85296251
413 85402801
414 85409941
415 86911283
416 87558127
417 88225201
418 88352623
419 88367351
420 88975811
421 89151931
422 89532271
423 90158209
424 90178901
425 90224021
426 92158441
427 92724427
428 93157021
429 94424947
430 94588847
431 94612771
432 94775927
433 94803337
434 94829167
435 95145751
436 95278453
437 95594617
438 96142927
439 97395481
440 98061553
441 98907997
442 98967667
443 99022019
444 99115297
445 99438301
446 99830641
447 100126591
448 100662941
449 101375941
450 102188197
451 102901633
452 103099751
453 103582081
454 104275777
455 104524421
456 107216131
457 107659273
458 107993359
459 107997079
460 108249649
461 108906901
462 109316593
463 109838431
464 110912311
465 110925631
466 111439483
467 111519097
468 111540001
469 112013281
470 113327281
471 113492101
472 113605201
473 114120001
474 115228801
475 115637057
476 116090081
477 116151661
478 116321617
479 117445987
480 117588013
481 118277581
482 118566533
483 119453897
484 121062001
485 121374241
486 121980841
487 122879233
488 123608981
489 123771511
490 124212367
491 124905691
492 125686241
493 127091801
494 127664461
495 128380849
496 128649151
497 129972721
498 130798609
499 132610981
500 133843777
501 134048231
502 134176771
503 134767153
504 134967277
505 135296053
506 135433057
507 135632423
508 135819631
509 135894781
510 136625941
511 137340451
512 137932321
513 138403981
514 138736153
515 139810133
516 141237721
517 142435847
518 143103577
519 143168581
520 143822449
521 144052021
522 144218341
523 145603333
524 145966021
525 148267351
526 148468927
527 149477791
528 149848201
529 150155039
530 150214231
531 152368133
532 153062869
533 153890227
534 154010221
535 154226689
536 154834177
537 154903631
538 155261611
539 156570961
540 157405249
541 157588579
542 159270589
543 160044571
544 160204543
545 160462297
546 160651189
547 160926137
548 163206271
549 163759753
550 164399971
551 164409571
552 165283471
553 166128469
554 166781051
555 166805633
556 169234003
557 169396921
558 169771541
559 170856533
560 171147601
561 171400513
562 172526113
563 172528651
564 173218501
565 174199741
566 174415361
567 174966653
568 175087849
569 175302689
570 176609441
571 176734273
572 178482151
573 180130771
574 181059937
575 182142379
576 182322401
577 183199033
578 183409591
579 184081577
580 186633931
581 187181873
582 187187669
583 187248307
584 188985961
585 192241901
586 192545317
587 193142071
588 194783681
589 195099493
590 197344513
591 198579721
592 200108281
593 200490091
594 201128449
595 202092221
596 202921321
597 203707261
598 203969503
599 206893069
600 207972451
601 208464887
602 209802581
603 209950721
604 210124423
605 210461959
606 211658833
607 212730467
608 216542327
609 217219969
610 217344481
611 217517653
612 218495479
613 218504197
614 218604539
615 219076057
616 220222297
617 220471841
618 221061311
619 221391227
620 221817961
621 222744817
622 223631521
623 223942951
624 226965751
625 227013463
626 227753461
627 228663793
628 228883789
629 230268817
630 230433601
631 232761383
632 234546313
633 234892351
634 236962351
635 237321727
636 238171201
637 238255501
638 239636323
639 240141287
640 240785047
641 240831271
642 241094491
643 242729401
644 243576341
645 244061371
646 244158751
647 245569171
648 246312977
649 246759211
650 247043791
651 247165843
652 247364233
653 247805839
654 249526507
655 249585697
656 250873261
657 253251937
658 254080831
659 255866131
660 257590661
661 258503701
662 259763093
663 260211841
664 264015553
665 264231937
666 265592011
667 266303731
668 267146377
669 267151249
670 267180817
671 268621021
672 270990721
673 274090097
674 276694111
675 277477903
676 277986151
677 278313751
678 279126851
679 279134209
680 280634383
681 281398633
682 281574577
683 282589651
684 282707461
685 284736091
686 284783003
687 285588829
688 286064087
689 286854947
690 288120421
691 288997633
692 292128721
693 296717891
694 296842783
695 298002961
696 298362241
697 299048101
698 299641241
699 300003181
700 304593241
701 304937603
702 305050483
703 306198553
704 306638413
705 306798577
706 307061371
707 307179721
708 308162401
709 309416977
710 309961373
711 312067471
712 312773141
713 313192657
714 314736661
715 315351521
716 316349281
717 319160437
718 319167157
719 320853199
720 323527681
721 324186451
722 324264943
723 324399721
724 326469137
725 328135051
726 328938301
727 329053289
728 329153653
729 329554457
730 330159061
731 330619381
732 332976961
733 337312117
734 339033221
735 339086051
736 339107141
737 339878191
738 342614533
739 345674071
740 346827889
741 348668321
742 348989101
743 351717193
744 351910021
745 352770643
746 355438751
747 359394751
748 359478901
749 359501143
750 359910101
751 360018361
752 360608441
753 361994977
754 363078371
755 364660687
756 366194641
757 367589581
758 368113411
759 368660161
760 369146779
761 369787321
762 371376631
763 371675221
764 371933059
765 372027907
766 378957331
767 379732501
768 379960351
769 389002087
770 389118871
771 389231497
772 390609941
773 392803861
774 397053079
775 397608751
776 397996561
777 402358321
778 403095421
779 403104913
780 405777373
781 406652569
782 407047829
783 409724569
784 410763079
785 411589417
786 413138881
787 414368641
788 414958601
789 415200433
790 415476343
791 416474137
792 417779909
793 418192133
794 418196489
795 418226581
796 424071517
797 424196921
798 425160721
799 425245141
800 427685761
801 427873949
802 428965741
803 429890581
804 430970041
805 435860497
806 437247841
807 438761137
808 441284887
809 441651841
810 444685231
811 445231697
812 445806271
813 447165001
814 449501761
815 450020341
816 452223227
817 452849401
818 452944027
819 458869951
820 460585861
821 461033957
822 464206091
823 466017847
824 468950021
825 468977029
826 469598221
827 469800259
828 470063791
829 470113351
830 471168253
831 471284731
832 471697799
833 473396057
834 474920161
835 475969231
836 477573361
837 481262851
838 482120827
839 482164597
840 482278861
841 483029821
842 487524223
843 490803461
844 491646403
845 492947911
846 492994027
847 495573121
848 495832231
849 501512411
850 501583699
851 501955711
852 502062121
853 502382561
854 505965721
855 507788117
856 507960001
857 511413211
858 512093173
859 512150689
860 515206693
861 515329651
862 516058201
863 516080737
864 516600281
865 517280347
866 517567051
867 518297791
868 518820101
869 524690041
870 525561961
871 527466241
872 527956813
873 527972527
874 528013333
875 529214311
876 529512257
877 530759989
878 534738073
879 535724191
880 538834249
881 539881543
882 542313227
883 542883223
884 543730181
885 544511881
886 547625959
887 551856551
888 552163333
889 553321693
890 554388269
891 554494951
892 557848117
893 558132751
894 559702153
895 560740237
896 561439657
897 561783223
898 562467361
899 563975029
900 564985237
901 567201097
902 568067449
903 568073287
904 570132481
905 570453913
906 571369051
907 576052651
908 576691741
909 578185301
910 579956653
911 581354881
912 583886383
913 583937701
914 584868181
915 584999017
916 585809261
917 586196953
918 586862737
919 588942847
920 589537621
921 589709089
922 590830027
923 591043771
924 591698911
925 593128771
926 597342461
927 598371107
928 599135767
929 603255001
930 604831033
931 606807181
932 608016599
933 608560661
934 610731521
935 611463169
936 611888311
937 612152459
938 613544611
939 615760133
940 616238407
941 616684307
942 618206051
943 618794623
944 619886023
945 620531911
946 623662903
947 629838241
948 631148813
949 633595201
950 633944033
951 635165701
952 638874241
953 643767931
954 644228831
955 649410763
956 651808117
957 652969351
958 656189101
959 659526601
960 659846021
961 660257863
962 661166969
963 662655781
964 665014673
965 666451801
966 667701511
967 668061109
968 669089401
969 674779561
970 677989999
971 679975003
972 681495107
973 681932701
974 682528687
975 683116849
976 684402937
977 685667317
978 687104741
979 687778081
980 689451953
981 689672569
982 691145809
983 693614137
984 693708289
985 694658641
986 696102401
987 697325861
988 697518083
989 701059657
990 701480953
991 702948091
992 703417969
993 704799607
994 705883951
995 706782649
996 710041951
997 710445121
998 710617861
999 714132001
1000 714540181
1001 717915631
1002 721862961
1003 724125323
1004 724769701
1005 727083001
1006 731195011
1007 732616561
1008 733858913
1009 736204211
1010 736602049
1011 741342157
1012 742072783
1013 746331041
1014 746863489
1015 747628267
1016 749496089
1017 750160811
1018 751705597
1019 752163301
1020 756205633
1021 757639387
1022 757997137
1023 758374079
1024 759309121
1025 760125991
1026 761840041
1027 762133751
1028 762184291
1029 765999001
1030 766953881
1031 769041281
1032 772923719
1033 773131927
1034 775417823
1035 775988033
1036 776728661
1037 780470917
1038 787267471
1039 792406931
1040 794399041
1041 795636041
1042 801219889
1043 802497187
1044 803744371
1045 805798631
1046 807115753
1047 807218413
1048 809396603
1049 810219187
1050 811249141
1051 811444987
1052 811489477
1053 815430533
1054 816269033
1055 823199879
1056 823407799
1057 827150263
1058 827835499
1059 830747521
1060 833824181
1061 834121447
1062 834925807
1063 835648711
1064 835938811
1065 836694601
1066 838322599
1067 839460449
1068 842960981
1069 844999117
1070 845338033
1071 849962425
1072 851026261
1073 852503737
1074 857100421
1075 858401161
1076 858687103
1077 861097301
1078 861657343
1079 863984881
1080 863995141
1081 866008153
1082 868088341
1083 872380321
1084 875727191
1085 875729989
1086 876353759
1087 876850801
1088 878779751
1089 878940833
1090 879884833
1091 880923751
1092 886695109
1093 887026687
1094 887838197
1095 888563311
1096 888786757
1097 896161087
1098 897756751
1099 898187011
1100 907514561
1101 910202509
1102 911315087
1103 915056843
1104 916472897
1105 917610763
1106 917730451
1107 920375821
1108 921134551
1109 922845241
1110 924171301
1111 924940801
1112 925112777
1113 925262017
1114 928123841
1115 928616617
1116 928742413
1117 929743249
1118 932098133
1119 932148253
1120 933184801
1121 937450585
1122 937887539
1123 939139111
1124 939369001
1125 940325101
1126 944832533
1127 945567169
1128 946495369
1129 948116731
1130 949962313
1131 950371003
1132 953370133
1133 953469281
1134 955609903
1135 962406901
1136 962505181
1137 962518933
1138 964245001
1139 970155649
1140 970211251
1141 970355431
1142 972471151
1143 973368481
1144 975390343
1145 977317331
1146 977711851
1147 978563041
1148 979745021
1149 980452189
1150 980880317
1151 980957071
1152 984899521
1153 985326301
1154 985946977
1155 987842101
1156 989903729
1157 991609921
1158 991639009
1159 991888951
1160 993040687
1161 993572539
1162 998033401
1163 999410941
1164 1004752181
1165 1007713171
1166 1007717257
1167 1007810833
1168 1009140161
1169 1010060563
1170 1011826747
1171 1022088889
1172 1027731167
1173 1034283421
1174 1036995919
1175 1037560681
1176 1043025601
1177 1052487437
1178 1052494657
1179 1055982313
1180 1061500507
1181 1063091459
1182 1063648837
1183 1064326411
1184 1064519011
1185 1068761027
1186 1071423991
1187 1072025401
1188 1073002361
1189 1074439981
1190 1079035651
1191 1082755477
1192 1083726073
1193 1084444481
1194 1086444001
1195 1088416447
1196 1093394377
1197 1094554151
1198 1095054427
1199 1101870337
1200 1102765243
1201 1103578669
1202 1105148377
1203 1105465601
1204 1106740801
1205 1112103541
1206 1114563007
1207 1124213393
1208 1127152049
1209 1127645821
1210 1127993861
1211 1134300511
1212 1135428031
1213 1136949479
1214 1138471951
1215 1139434453
1216 1143642373
1217 1149819049
1218 1152544537
1219 1153010503
1220 1157445451
1221 1158644807
1222 1159202773
1223 1161531601
1224 1163149331
1225 1168256953
1226 1168366291
1227 1171035251
1228 1178862931
1229 1179103213
1230 1179439511
1231 1180550197
1232 1182385121
1233 1182738811
1234 1189915543
1235 1190759131
1236 1192815779
1237 1195737031
1238 1200387137
1239 1201280851
1240 1206699877
1241 1207438357
1242 1210525009
1243 1213347691
1244 1221044653
1245 1223716033
1246 1229956003
1247 1234125721
1248 1234646533
1249 1235224597
1250 1238737121
1251 1238846407
1252 1243540877
1253 1250700907
1254 1250896849
1255 1252166371
1256 1256440147
1257 1260332137
1258 1260387311
1259 1262139271
1260 1264145401
1261 1276463917
1262 1281110209
1263 1283090293
1264 1285113301
1265 1291412431
1266 1297556023
1267 1301504497
1268 1304060717
1269 1304746483
1270 1307263151
1271 1309382713
1272 1310926129
1273 1311105151
1274 1318126321
1275 1318139341
1276 1321545961
1277 1323600181
1278 1324758401
1279 1327004597
1280 1328898841
1281 1330486021
1282 1335361609
1283 1339796965
1284 1348897591
1285 1349855497
1286 1350350191
1287 1351700911
1288 1352905667
1289 1355206141
1290 1357741339
1291 1357815301
1292 1363701821
1293 1367104639
1294 1373452033
1295 1375551451
1296 1378194217
1297 1381805671
1298 1385188579
1299 1386017011
1300 1392189569
1301 1397917019
1302 1403064881
1303 1408701691
1304 1410521941
1305 1412756801
1306 1414154827
1307 1414892161
1308 1417897909
1309 1420092073
1310 1420300009
1311 1427379017
1312 1427900833
1313 1432548937
1314 1435198381
1315 1440231941
1316 1444441861
1317 1446779881
1318 1449014137
1319 1451287601
1320 1453672481
1321 1455140611
1322 1459032101
1323 1460269201
1324 1464568381
1325 1464942697
1326 1465217911
1327 1474671241
1328 1474904113
1329 1477400767
1330 1477776557
1331 1478636609
1332 1486078903
1333 1487265469
1334 1487387611
1335 1487454109
1336 1488561953
1337 1491832441
1338 1493547413
1339 1496410441
1340 1497221281
1341 1499890141
1342 1502124427
1343 1503899959
1344 1508642701
1345 1518521153
1346 1528102801
1347 1533555271
1348 1535297627
1349 1541746769
1350 1547543161
1351 1549340801
1352 1552891201
1353 1553427457
1354 1555929101
1355 1558595131
1356 1561232611
1357 1569202181
1358 1569843451
1359 1574362441
1360 1574477101
1361 1574537101
1362 1579079503
1363 1579183649
1364 1580591011
1365 1581426541
1366 1585792097
1367 1588074751
1368 1588247851
1369 1588472341
1370 1588894231
1371 1589307919
1372 1590564601
1373 1602908191
1374 1611420697
1375 1613067829
1376 1613759171
1377 1614423661
1378 1617012343
1379 1617921667
1380 1619447741
1381 1625795351
1382 1628692201
1383 1634373241
1384 1637390981
1385 1638294661
1386 1642070431
1387 1642832101
1388 1645859251
1389 1649097649
1390 1649461301
1391 1650682153
1392 1656280033
1393 1663381981
1394 1665152851
1395 1666515061
1396 1671276601
1397 1686311909
1398 1686939511
1399 1687929781
1400 1695295141
1401 1702123201
1402 1702820447
1403 1705344253
1404 1706302153
1405 1706690101
1406 1714149533
1407 1715427451
1408 1718967377
1409 1721465791
1410 1723631747
1411 1724997011
1412 1728988309
1413 1729316359
1414 1731328891
1415 1738190981
1416 1745416837
1417 1746692641
1418 1755895457
1419 1759037383
1420 1760013487
1421 1760706811
1422 1773806413
1423 1776062521
1424 1779544531
1425 1781824801
1426 1782992401
1427 1785394603
1428 1792442737
1429 1800810091
1430 1802131729
1431 1803308057
1432 1805641811
1433 1812373873
1434 1814018389
1435 1815911329
1436 1816026859
1437 1816645093
1438 1820306953
1439 1824980081
1440 1827702101
1441 1834448443
1442 1840843357
1443 1844566201
1444 1846254061
1445 1851176161
1446 1852666901
1447 1853659697
1448 1856637553
1449 1856689453
1450 1859474233
1451 1862260177
1452 1866409861
1453 1868965939
1454 1876243223
1455 1881445763
1456 1884154819
1457 1884669361
1458 1886657137
1459 1893131213
1460 1893427981
1461 1894349101
1462 1897758073
1463 1899525601
1464 1902303721
1465 1908088297
1466 1908612217
1467 1913422591
1468 1914303841
1469 1914852829
1470 1918046629
1471 1926511511
1472 1930945069
1473 1936501561
1474 1937105941
1475 1939808261
1476 1941929137
1477 1944125633
1478 1954290241
1479 1955522521
1480 1957040941
1481 1959274153
1482 1965948013
1483 1967321903
1484 1972522861
1485 1976295241
1486 1976327011
1487 1988071801
1488 1995414121
1489 1999817009
1490 2000949721
1491 2006705611
1492 2015363533
1493 2017316989
1494 2017384769
1495 2018761111
1496 2019612409
1497 2020292737
1498 2023779871
1499 2024321251
1500 2027306107
1501 2034039871
1502 2039214857
1503 2039888131
1504 2045168581
1505 2047155611
1506 2054711381
1507 2055251381
1508 2057555473
1509 2057703649
1510 2058751477
1511 2059739221
1512 2065886411
1513 2067767461
1514 2068700041
1515 2073912961
1516 2074544033
1517 2080995841
1518 2086236181
1519 2086453279
1520 2089285381
1521 2091848221
1522 2095018183
1523 2096692033
1524 2101744837
1525 2104996609
1526 2105429971
1527 2106051313
1528 2106122929
1529 2108568827
1530 2114102593
1531 2131073701
1532 2135637967
1533 2141087051
1534 2141151433
1535 2141340833
1536 2143585621
1537 2143956851
1538 2148788881
1539 2148892903
1540 2149873723
1541 2154843307
1542 2162115649
1543 2168511841
1544 2183757409
1545 2185704553
1546 2185948201
1547 2188080133
1548 2188728341
1549 2192322001
1550 2199210553
1551 2199931651
1552 2200503061
1553 2201347513
1554 2205684973
1555 2208455041
1556 2211276313
1557 2219008177
1558 2224278253
1559 2224487497
1560 2229877441
1561 2231083639
1562 2233655881
1563 2244901681
1564 2248354153
1565 2250530731
1566 2253376133
1567 2254796281
1568 2261259113
1569 2263594717
1570 2270054873
1571 2275099751
1572 2276606503
1573 2280656953
1574 2282392981
1575 2283821761
1576 2284036327
1577 2286360217
1578 2294455411
1579 2317705447
1580 2318848757
1581 2319891307
1582 2320218319
1583 2320942801
1584 2321551751
1585 2325536137
1586 2327680501
1587 2335140161
1588 2336181481
1589 2337863641
1590 2347322167
1591 2347701661
1592 2349294193
1593 2352371251
1594 2355347611
1595 2360225737
1596 2361232477
1597 2373567701
1598 2380603501
1599 2385574201
1600 2387194951
1601 2387525141
1602 2394691601
1603 2398220329
1604 2401493557
1605 2404942541
1606 2411958389
1607 2414673271
1608 2414983169
1609 2415626851
1610 2432864323
1611 2433791593
1612 2437837967
1613 2438326153
1614 2438403661
1615 2444237161
1616 2444736533
1617 2448039497
1618 2455373521
1619 2462440753
1620 2463546361
1621 2463850369
1622 2464177951
1623 2465746081
1624 2469879091
1625 2478066553
1626 2480483669
1627 2484548947
1628 2485230751
1629 2489462641
1630 2490283181
1631 2494984321
1632 2496385963
1633 2497638781
1634 2497738951
1635 2504618047
1636 2513290627
1637 2516136449
1638 2517714091
1639 2518447681
1640 2519186671
1641 2520596233
1642 2520648397
1643 2520852517
1644 2524479661
1645 2525900833
1646 2528423731
1647 2529533233
1648 2533799137
1649 2536737361
1650 2539395281
1651 2540536813
1652 2544804811
1653 2545660981
1654 2547183157
1655 2548527301
1656 2549408401
1657 2551598071
1658 2552735639
1659 2555446177
1660 2555788657
1661 2559035641
1662 2560176001
1663 2560600351
1664 2564594059
1665 2566454311
1666 2570610043
1667 2577345541
1668 2579163931
1669 2579283631
1670 2582799451
1671 2584786387
1672 2586292231
1673 2593382821
1674 2597294701
1675 2598933481
1676 2599641713
1677 2600617361
1678 2600705017
1679 2615518963
1680 2618627563
1681 2623206697
1682 2626287617
1683 2630374741
1684 2630616451
1685 2632460447
1686 2640060337
1687 2641802311
1688 2642697979
1689 2654851387
1690 2659939453
1691 2664940231
1692 2672534563
1693 2676675961
1694 2677890367
1695 2680355861
1696 2681460461
1697 2686816133
1698 2687747119
1699 2689519141
1700 2697374737
1701 2697636061
1702 2699704171
1703 2701920341
1704 2708741251
1705 2709957277
1706 2709988009
1707 2712861271
1708 2713497811
1709 2715365971
1710 2716344661
1711 2723932801
1712 2724762041
1713 2728370677
1714 2732089501
1715 2736564031
1716 2736706729
1717 2737789441
1718 2746021741
1719 2746199233
1720 2752596163
1721 2756877841
1722 2765465221
1723 2766006253
1724 2769194611
1725 2770417651
1726 2780668703
1727 2791053541
1728 2792716291
1729 2800726741
1730 2803142861
1731 2808544523
1732 2813512591
1733 2822521411
1734 2826128971
1735 2827961221
1736 2828557141
1737 2830986511
1738 2834961733
1739 2837697773
1740 2838534337
1741 2840074663
1742 2840871041
1743 2841509269
1744 2851007309
1745 2851693501
1746 2855317747
1747 2855428801
1748 2860044137
1749 2870118421
1750 2870377309
1751 2870502251
1752 2874701701
1753 2892585151
1754 2893350457
1755 2897736661
1756 2898372401
1757 2904875191
1758 2904942097
1759 2910431899
1760 2921484883
1761 2924672731
1762 2931802849
1763 2939594407
1764 2945960033
1765 2948525171
1766 2950968539
1767 2957320351
1768 2960407297
1769 2965708747
1770 2971078637
1771 2975096953
1772 2978011651
1773 2987348113
1774 2989093073
1775 2998890331
1776 3004381901
1777 3008021311
1778 3014101261
1779 3014193001
1780 3019324769
1781 3020779549
1782 3023546527
1783 3025412209
1784 3030210769
1785 3031533569
1786 3035465171
1787 3037937491
1788 3043113901
1789 3044238121
1790 3047241553
1791 3051542971
1792 3055967839
1793 3068534701
1794 3071193217
1795 3075296251
1796 3075527569
1797 3082491259
1798 3086767657
1799 3087345277
1800 3091191013
1801 3092057753
1802 3094584301
1803 3096385717
1804 3099369043
1805 3110830003
1806 3112723351
1807 3117042721
1808 3120056497
1809 3123604381
1810 3140028389
1811 3146902111
1812 3148795021
1813 3153838201
1814 3157579861
1815 3167801617
1816 3172658653
1817 3181425157
1818 3184179601
1819 3184458481
1820 3186805357
1821 3190706923
1822 3190725553
1823 3191591173
1824 3192323681
1825 3197941979
1826 3204013121
1827 3214044961
1828 3215031751
1829 3218552611
1830 3224109701
1831 3227212931
1832 3234128993
1833 3238307941
1834 3239174233
1835 3239620777
1836 3248891101
1837 3249069601
1838 3249704791
1839 3252800401
1840 3254769649
1841 3258372097
1842 3261194581
1843 3271660393
1844 3277104991
1845 3281593591
1846 3283370533
1847 3294265787
1848 3295003951
1849 3296403601
1850 3296716207
1851 3300736111
1852 3302763437
1853 3305708729
1854 3306957593
1855 3311872219
1856 3318036541
1857 3320669437
1858 3324006533
1859 3331452751
1860 3333938287
1861 3337201121
1862 3341846971
1863 3342178531
1864 3342916609
1865 3344045993
1866 3347396669
1867 3348969121
1868 3352026133
1869 3363763231
1870 3373111747
1871 3377412211
1872 3378464209
1873 3380409397
1874 3380706613
1875 3380740301
1876 3390896881
1877 3396782113
1878 3400681051
1879 3401510113
1880 3402758647
1881 3403593901
1882 3407609221
1883 3408601057
1884 3411338491
1885 3413237327
1886 3414223961
1887 3418512127
1888 3423176681
1889 3423262501
1890 3428539507
1891 3429078061
1892 3434453569
1893 3441666181
1894 3445514497
1895 3446334767
1896 3450935503
1897 3454238467
1898 3458216917
1899 3463164703
1900 3463203001
1901 3472200271
1902 3475359707
1903 3480908203
1904 3493069141
1905 3495943153
1906 3507148459
1907 3507533093
1908 3508999651
1909 3509345701
1910 3510577309
1911 3518343973
1912 3518790637
1913 3520909237
1914 3523896529
1915 3529192153
1916 3531987391
1917 3532862791
1918 3536281831
1919 3536776393
1920 3537280361
1921 3548195281
1922 3550412251
1923 3557038871
1924 3567688213
1925 3574087859
1926 3582748921
1927 3583705861
1928 3584622127
1929 3586833253
1930 3588721921
1931 3591407551
1932 3594110081
1933 3594968821
1934 3595817161
1935 3597270517
1936 3597701297
1937 3609494533
1938 3612833281
1939 3631661183
1940 3634594861
1941 3637831753
1942 3638390827
1943 3648424231
1944 3650592667
1945 3661159081
1946 3667422071
1947 3676127431
1948 3682048151
1949 3682571869
1950 3693941527
1951 3702277801
1952 3709724189
1953 3718428121
1954 3723899089
1955 3731194807
1956 3735788489
1957 3754608001
1958 3756134969
1959 3763710721
1960 3776524201
1961 3780837649
1962 3782315881
1963 3782578031
1964 3791815217
1965 3796954081
1966 3797903041
1967 3800893627
1968 3801299251
1969 3817905449
1970 3819989447
1971 3828582421
1972 3832968679
1973 3835537861
1974 3839173001
1975 3853584967
1976 3854830981
1977 3861601129
1978 3862404013
1979 3869046241
1980 3874135651
1981 3874166071
1982 3882346903
1983 3886033537
1984 3889360721
1985 3890619097
1986 3892503691
1987 3895924033
1988 3905876501
1989 3908015821
1990 3909967153
1991 3922539601
1992 3923437501
1993 3927284131
1994 3937088401
1995 3945000281
1996 3947704777
1997 3949984117
1998 3951029161
1999 3951382753
2000 3952283161
2001 3963590359
2002 3967856281
2003 3971247001
2004 3982017601
2005 3986664571
2006 3990545593
2007 3993768169
2008 3996679081
2009 4002510817
2010 4002592133
2011 4005660961
2012 4006361197
2013 4012995841
2014 4024609003
2015 4035028861
2016 4039033153
2017 4045697251
2018 4047411551
2019 4048971301
2020 4050891811
2021 4054017031
2022 4054903763
2023 4059776533
2024 4063162013
2025 4063755697
2026 4075241633
2027 4079665633
2028 4080622201
2029 4086908029
2030 4090856053
2031 4093268521
2032 4093469749
2033 4100964401
2034 4107211873
2035 4118134561
2036 4123276211
2037 4124841673
2038 4126424287
2039 4130694049
2040 4130837677
2041 4131541009
2042 4131660961
2043 4134033793
2044 4141349521
2045 4147919821
2046 4149139501
2047 4154632201
2048 4157008813
2049 4171897651
2050 4176385921
2051 4186561633
2052 4187360341
2053 4187453113
2054 4189361797
2055 4193357629
2056 4200997501
2057 4203269491
2058 4206295433
2059 4207887721
2060 4215766183
2061 4218917653
2062 4229468161
2063 4241343151
2064 4257763999
2065 4270621681
2066 4270840687
2067 4275230917
2068 4288358461
2069 4290243017
2070 4294401301
2071 4295805929
2072 4302347941
2073 4304603521
2074 4307915431
2075 4309921321
2076 4313550821
2077 4321885933
2078 4323812851
2079 4328325011
2080 4333572253
2081 4334333473
2082 4335895873
2083 4336339393
2084 4365376063
2085 4373748101
2086 4378049497
2087 4379735281
2088 4393471853
2089 4394822401
2090 4398848189
2091 4403408461
2092 4403815501
2093 4407304301
2094 4418990479
2095 4422052993
2096 4422197629
2097 4423242097
2098 4428646951
2099 4429051903
2100 4430729617
2101 4439922037
2102 4440895621
2103 4450280707
2104 4454116981
2105 4459598461
2106 4460039263
2107 4463247097
2108 4467925177
2109 4470497621
2110 4470770897
2111 4471107391
2112 4478909401
2113 4483994257
2114 4487588569
2115 4491189247
2116 4491387253
2117 4496131583
2118 4497075703
2119 4498042607
2120 4499451349
2121 4503912533
2122 4512782917
2123 4518062803
2124 4519225201
2125 4533134761
2126 4538108233
2127 4552492193
2128 4563401761
2129 4580537041
2130 4587448867
2131 4587994133
2132 4594269313
2133 4604926885
2134 4607725061
2135 4620224701
2136 4637245141
2137 4639576657
2138 4646036341
2139 4652983301
2140 4664682769
2141 4669140169
2142 4669637351
2143 4672360013
2144 4672936937
2145 4675440001
2146 4681154041
2147 4687710571
2148 4687757281
2149 4690392961
2150 4699523039
2151 4699895677
2152 4701561313
2153 4701929851
2154 4706623963
2155 4706680327
2156 4712305537
2157 4712566597
2158 4716066263
2159 4716371269
2160 4719281551
2161 4722508981
2162 4738011251
2163 4742136001
2164 4751767819
2165 4759123141
2166 4764969721
2167 4772838533
2168 4789945469
2169 4807362821
2170 4809487103
2171 4821584923
2172 4826596741
2173 4828075561
2174 4837918583
2175 4841122063
2176 4842816353
2177 4846316641
2178 4847048053
2179 4849834309
2180 4854597301
2181 4855519621
2182 4856968033
2183 4859971901
2184 4868079701
2185 4874546953
2186 4888306201
2187 4899629737
2188 4907906011
2189 4911441697
2190 4915674689
2191 4918039057
2192 4924116331
2193 4925252593
2194 4944231577
2195 4947891451
2196 4947955651
2197 4949047681
2198 4951872311
2199 4952116237
2200 4956755329
2201 4957839253
2202 4959202501
2203 4965219793
2204 4975401677
2205 4986283121
2206 4995373681
2207 4996906991
2208 4999500829
2209 5010253333
2210 5011090657
2211 5015361781
2212 5026420057
2213 5028759751
2214 5045624341
2215 5048225921
2216 5050329499
2217 5051363881
2218 5052612961
2219 5055042077
2220 5062802273
2221 5065320059
2222 5072840641
2223 5076047341
2224 5088036101
2225 5097430081
2226 5100298589
2227 5101979401
2228 5105943151
2229 5107822981
2230 5108038993
2231 5114922941
2232 5118315581
2233 5128448651
2234 5136208783
2235 5137023553
2236 5138119271
2237 5141017009
2238 5154845107
2239 5158086181
2240 5165497261
2241 5175525727
2242 5179010563
2243 5187085777
2244 5190632501
2245 5199569341
2246 5202153001
2247 5202441217
2248 5203151479
2249 5204334101
2250 5204675701
2251 5208274891
2252 5221194301
2253 5224917469
2254 5226942421
2255 5232901321
2256 5235869633
2257 5236481953
2258 5242504621
2259 5249842967
2260 5251620067
2261 5253284233
2262 5254434901
2263 5266856123
2264 5279775139
2265 5289891517
2266 5293692721
2267 5294148751
2268 5294326831
2269 5307013781
2270 5323792501
2271 5326036633
2272 5332706083
2273 5338519313
2274 5340185551
2275 5341386403
2276 5344109101
2277 5347413569
2278 5348492101
2279 5407642297
2280 5410253333
2281 5415087313
2282 5417703331
2283 5427083201
2284 5432417981
2285 5444826481
2286 5452838627
2287 5457040649
2288 5460810211
2289 5485270333
2290 5493645361
2291 5495477359
2292 5500889941
2293 5509712251
2294 5523053647
2295 5525589901
2296 5526524977
2297 5526708013
2298 5527753687
2299 5531755087
2300 5534950807
2301 5537818301
2302 5542014871
2303 5549214721
2304 5550268481
2305 5565208309
2306 5566021627
2307 5569993993
2308 5570604601
2309 5577105691
2310 5582138647
2311 5589966181
2312 5593676131
2313 5596095737
2314 5598085949
2315 5606217371
2316 5621551561
2317 5639659537
2318 5643213031
2319 5647899601
2320 5648249861
2321 5649579253
2322 5650964701
2323 5657564501
2324 5658047611
2325 5664452249
2326 5666903971
2327 5671216783
2328 5672514877
2329 5676949543
2330 5685180013
2331 5695830001
2332 5696777633
2333 5699101231
2334 5710076731
2335 5715235577
2336 5719953403
2337 5720663071
2338 5722437313
2339 5722667371
2340 5735365651
2341 5739221953
2342 5740144051
2343 5745677911
2344 5746505473
2345 5747456791
2346 5750765701
2347 5755495201
2348 5763032399
2349 5774459303
2350 5776685491
2351 5779171861
2352 5779230451
2353 5789875219
2354 5806174141
2355 5807563651
2356 5813807401
2357 5825187671
2358 5826349699
2359 5833437331
2360 5833570291
2361 5840429141
2362 5843062149
2363 5848556143
2364 5853143381
2365 5853384001
2366 5861342293
2367 5861401057
2368 5861627221
2369 5864607451
2370 5866402081
2371 5869003493
2372 5874965911
2373 5880207041
2374 5886045901
2375 5891888729
2376 5906529721
2377 5912946037
2378 5936122901
2379 5941355527
2380 5945155903
2381 5962418971
2382 5976906041
2383 5986293517
2384 5988735593
2385 5989622101
2386 6001444639
2387 6013767181
2388 6020623337
2389 6025032493
2390 6038730253
2391 6043194893
2392 6059882947
2393 6062996057
2394 6063502141
2395 6064090237
2396 6064924181
2397 6073161649
2398 6075712261
2399 6083006441
2400 6083324017
2401 6091391041
2402 6102263449
2403 6104137027
2404 6114134071
2405 6120578311
2406 6134218201
2407 6135975661
2408 6136552153
2409 6140392381
2410 6140702431
2411 6145988371
2412 6146126981
2413 6149643067
2414 6155540077
2415 6163484401
2416 6177861551
2417 6180002011
2418 6181373197
2419 6197451811
2420 6209341339
2421 6220374703
2422 6223157249
2423 6226176559
2424 6227932537
2425 6228218527
2426 6233636569
2427 6243053489
2428 6247892449
2429 6259190911
2430 6270004561
2431 6271811617
2432 6274776853
2433 6279809647
2434 6282467491
2435 6286191661
2436 6287270761
2437 6288036421
2438 6291987257
2439 6300738901
2440 6301322191
2441 6307549441
2442 6313955171
2443 6315127279
2444 6316758533
2445 6324624013
2446 6327028171
2447 6341497639
2448 6345577159
2449 6347806687
2450 6347978473
2451 6352163371
2452 6359138497
2453 6382731499
2454 6384583333
2455 6399053233
2456 6399520201
2457 6400668613
2458 6403955321
2459 6406668529
2460 6410417569
2461 6415737301
2462 6416127229
2463 6421948037
2464 6423147811
2465 6427447951
2466 6434510413
2467 6434618587
2468 6435448951
2469 6440363971
2470 6450257773
2471 6461059351
2472 6463361719
2473 6463750589
2474 6466416793
2475 6474665633
2476 6487052251
2477 6501606217
2478 6506381701
2479 6510256589
2480 6521153857
2481 6525901873
2482 6529673503
2483 6530293417
2484 6540055061
2485 6543099373
2486 6546808027
2487 6572592133
2488 6574241521
2489 6574348639
2490 6585145673
2491 6588100471
2492 6597284527
2493 6608025601
2494 6614785633
2495 6619630711
2496 6633169453
2497 6638544343
2498 6651246211
2499 6676077241
2500 6676701131
2501 6689586331
2502 6693621481
2503 6693908033
2504 6708933001
2505 6714714241
2506 6721756243
2507 6730159003
2508 6731000641
2509 6734781929
2510 6741172441
2511 6741370021
2512 6759262561
2513 6761549393
2514 6761796553
2515 6762089071
2516 6767672311
2517 6770742049
2518 6774741901
2519 6778424017
2520 6784139657
2521 6794614661
2522 6807033451
2523 6813473633
2524 6823696069
2525 6830642521
2526 6839060581
2527 6844261051
2528 6847769329
2529 6847829633
2530 6849084841
2531 6851681539
2532 6853683523
2533 6860128411
2534 6863348671
2535 6870781633
2536 6873067741
2537 6877476209
2538 6880407619
2539 6883230751
2540 6883298491
2541 6901803763
2542 6903809851
2543 6903810421
2544 6904465693
2545 6906112921
2546 6908380543
2547 6915155941
2548 6920643601
2549 6923930381
2550 6927645341
2551 6928847353
2552 6936341611
2553 6936835417
2554 6940238209
2555 6967599361
2556 6971403457
2557 6974609071
2558 6976599601
2559 6986555101
2560 7000548679
2561 7003408861
2562 7009293883
2563 7011529849
2564 7052870533
2565 7054034261
2566 7059690431
2567 7061369401
2568 7065266041
2569 7079749951
2570 7082180197
2571 7102654021
2572 7105922209
2573 7112115589
2574 7137624313
2575 7143185461
2576 7143397141
2577 7145882171
2578 7148963593
2579 7150826281
2580 7151281507
2581 7151936021
2582 7167068371
2583 7176440221
2584 7179392107
2585 7182530983
2586 7183326817
2587 7210777897
2588 7222326541
2589 7224444541
2590 7239816991
2591 7245111511
2592 7252287001
2593 7254848833
2594 7269466753
2595 7279379941
2596 7291931417
2597 7294056727
2598 7296870311
2599 7297183489
2600 7302047131
2601 7319860073
2602 7323076289
2603 7332459373
2604 7337580251
2605 7339825231
2606 7353115981
2607 7355681551
2608 7359453181
2609 7376403001
2610 7380974833
2611 7387225231
2612 7388081191
2613 7393730033
2614 7427177633
2615 7436719891
2616 7448528431
2617 7449286021
2618 7452108319
2619 7462938337
2620 7468041589
2621 7471470217
2622 7489267633
2623 7506445831
2624 7515207701
2625 7524676751
2626 7524875399
2627 7529335777
2628 7535192941
2629 7535229733
2630 7561627669
2631 7583840767
2632 7594646413
2633 7596506611
2634 7613503921
2635 7624032253
2636 7624528381
2637 7627795237
2638 7630344523
2639 7652850661
2640 7657700233
2641 7657959403
2642 7658476561
2643 7663683187
2644 7666430311
2645 7669844731
2646 7678853327
2647 7681268017
2648 7684567801
2649 7684586383
2650 7685860051
2651 7687547869
2652 7725116491
2653 7737419971
2654 7743339521
2655 7748195071
2656 7756278769
2657 7757484571
2658 7766073961
2659 7766348123
2660 7771770049
2661 7774234471
2662 7776091649
2663 7779431773
2664 7786695841
2665 7791739957
2666 7791834733
2667 7807916143
2668 7817914561
2669 7828498333
2670 7833544657
2671 7846671541
2672 7850491793
2673 7855425007
2674 7860339103
2675 7865139221
2676 7865386453
2677 7870639037
2678 7876685881
2679 7881006673
2680 7900130681
2681 7923382741
2682 7924345111
2683 7927813513
2684 7930630711
2685 7934106133
2686 7939723213
2687 7943310187
2688 7948306241
2689 7991309581
2690 7991602081
2691 8010105553
2692 8025082081
2693 8031468479
2694 8044247681
2695 8044762489
2696 8046524611
2697 8053510051
2698 8062338241
2699 8073359857
2700 8079380129
2701 8102326753
2702 8116892281
2703 8119848691
2704 8128273847
2705 8132504813
2706 8140561003
2707 8144063621
2708 8164934779
2709 8166106673
2710 8172381361
2711 8207827363
2712 8210018251
2713 8212353073
2714 8215111087
2715 8224870103
2716 8234010667
2717 8240391253
2718 8240419657
2719 8245593427
2720 8246000953
2721 8249543191
2722 8253000961
2723 8255456947
2724 8256493657
2725 8259828081
2726 8263271563
2727 8277445471
2728 8279137627
2729 8281955527
2730 8298173227
2731 8325735139
2732 8327936017
2733 8328919061
2734 8329782217
2735 8330007841
2736 8335384381
2737 8335472809
2738 8339298221
2739 8341461181
2740 8350222861
2741 8350412981
2742 8355373861
2743 8373011197
2744 8408013307
2745 8409366841
2746 8411807377
2747 8424532117
2748 8425682203
2749 8437199851
2750 8452382401
2751 8453339497
2752 8492709457
2753 8501808127
2754 8511697261
2755 8512189003
2756 8515486729
2757 8517942397
2758 8520248623
2759 8522069557
2760 8526563501
2761 8531200133
2762 8532386197
2763 8536699543
2764 8540854813
2765 8544250531
2766 8548266121
2767 8551167571
2768 8564623297
2769 8570697493
2770 8571562721
2771 8573565631
2772 8574933403
2773 8595312133
2774 8611693021
2775 8618991571
2776 8619333997
2777 8623198151
2778 8633415169
2779 8634753991
2780 8643923401
2781 8646214741
2782 8652952951
2783 8653481497
2784 8663560849
2785 8670410233
2786 8684810821
2787 8700189481
2788 8705160571
2789 8713465001
2790 8720057851
2791 8735193091
2792 8747458019
2793 8756314351
2794 8788250017
2795 8792418361
2796 8802083333
2797 8814500353
2798 8815102297
2799 8815599701
2800 8818289083
2801 8818694683
2802 8828726381
2803 8834102551
2804 8841126533
2805 8848419511
2806 8863329511
2807 8864999251
2808 8869631131
2809 8874924577
2810 8886173843
2811 8891839651
2812 8894363717
2813 8895792439
2814 8899131781
2815 8905698001
2816 8969249983
2817 9001235881
2818 9012538153
2819 9030158341
2820 9036720703
2821 9037401757
2822 9047241901
2823 9052096789
2824 9069014503
2825 9085378147
2826 9096391201
2827 9104205673
2828 9106371457
2829 9113139443
2830 9117491671
2831 9119403427
2832 9137927341
2833 9158380477
2834 9163407569
2835 9167427991
2836 9171975191
2837 9182442001
2838 9189765901
2839 9195510691
2840 9217336591
2841 9221085941
2842 9226607881
2843 9230643577
2844 9234750451
2845 9236239741
2846 9249558193
2847 9253745537
2848 9261765157
2849 9265250177
2850 9274969621
2851 9302995297
2852 9306576163
2853 9324647357
2854 9328962737
2855 9332717131
2856 9347846197
2857 9351579931
2858 9407035513
2859 9430675801
2860 9455387701
2861 9462073403
2862 9462932431
2863 9482483137
2864 9494798227
2865 9503317657
2866 9507304847
2867 9524593681
2868 9544600157
2869 9565453333
2870 9577033901
2871 9578698651
2872 9584970571
2873 9593125081
2874 9593548903
2875 9599053741
2876 9627783931
2877 9631692041
2878 9640573141
2879 9641604979
2880 9645278143
2881 9650193583
2882 9654914413
2883 9659951491
2884 9684068857
2885 9692017217
2886 9692588089
2887 9702197077
2888 9702408097
2889 9705801169
2890 9709745291
2891 9741077347
2892 9764848897
2893 9774003649
2894 9780561127
2895 9786110797
2896 9792514387
2897 9795853061
2898 9800142017
2899 9808245721
2900 9812317061
2901 9831034531
2902 9839449621
2903 9841681627
2904 9866402101
2905 9878971213
2906 9884552651
2907 9888907001
2908 9895895389
2909 9919670021
2910 9920101297
2911 9925006501
2912 9939824497
2913 9944028151
2914 9950866201
2915 9964760941
2916 9975465067
2917 9991178401
2918 9992521393
2919 10019861041
2920 10020260251
2921 10026594959
2922 10028287081
2923 10070135531
2924 10073731273
2925 10074439813
2926 10082265551
2927 10088444701
2928 10091125651
2929 10105325887
2930 10113264961
2931 10115316811
2932 10130764211
2933 10135152847
2934 10136245771
2935 10144305217
2936 10146442699
2937 10148779171
2938 10149496177
2939 10152491131
2940 10156646323
2941 10163601451
2942 10169272129
2943 10174163101
2944 10174241281
2945 10175581153
2946 10178875489
2947 10193637871
2948 10199366899
2949 10201592143
2950 10220816713
2951 10226828041
2952 10230185351
2953 10232151931
2954 10255097353
2955 10261030861
2956 10264943329
2957 10266273161
2958 10274913907
2959 10279175447
2960 10295912089
2961 10303950721
2962 10306334081
2963 10311003721
2964 10325882701
2965 10339841513
2966 10347383341
2967 10350729733
2968 10352723431
2969 10359182861
2970 10362825971
2971 10374730679
2972 10376371891
2973 10404721153
2974 10416041101
2975 10422166717
2976 10427932747
2977 10453238429
2978 10453645063
2979 10461799951
2980 10476854053
2981 10485196807
2982 10509862381
2983 10512736033
2984 10513301933
2985 10541561941
2986 10563229177
2987 10563732539
2988 10569921799
2989 10597866301
2990 10600195327
2991 10600899271
2992 10605182113
2993 10613619199
2994 10632647593
2995 10635591709
2996 10645770241
2997 10657142413
2998 10664118193
2999 10667928937
3000 10672443181
3001 10676695051
3002 10678901381
3003 10687437307
3004 10692658051
3005 10696741651
3006 10703545561
3007 10708346989
3008 10709864281
3009 10722794413
3010 10727686213
3011 10748345653
3012 10759238533
3013 10760665051
3014 10761184513
3015 10762246951
3016 10773869107
3017 10792110841
3018 10792375903
3019 10795902211
3020 10797398611
3021 10797665581
3022 10800371737
3023 10800474301
3024 10818425899
3025 10829541241
3026 10829780501
3027 10879046077
3028 10880308741
3029 10884247111
3030 10891270501
3031 10892880961
3032 10895663683
3033 10910929261
3034 10914300833
3035 10920813313
3036 10921459321
3037 10928992969
3038 10944551143
3039 10950962993
3040 10962029227
3041 10970393149
3042 10978377301
3043 10982463389
3044 10986466837
3045 11001293551
3046 11003223001
3047 11003457307
3048 11007485857
3049 11008161799
3050 11024611417
3051 11025446251
3052 11028129841
3053 11030808251
3054 11031744967
3055 11048727341
3056 11053219339
3057 11106860311
3058 11109782413
3059 11115628651
3060 11127651253
3061 11149863229
3062 11167868713
3063 11169679627
3064 11175111781
3065 11179568401
3066 11193170143
3067 11205253963
3068 11207066041
3069 11213490307
3070 11219524951
3071 11224208563
3072 11239356871
3073 11247583621
3074 11251324631
3075 11282648653
3076 11285323057
3077 11296130581
3078 11298385771
3079 11331380831
3080 11333228629
3081 11340102269
3082 11340354901
3083 11342362123
3084 11343195907
3085 11346205609
3086 11355951377
3087 11374694381
3088 11410634461
3089 11421613711
3090 11423690281
3091 11426840833
3092 11485444141
3093 11487262951
3094 11488269619
3095 11490222221
3096 11504500921
3097 11532632779
3098 11538274777
3099 11549565221
3100 11551600321
3101 11556349121
3102 11557805041
3103 11563783003
3104 11582144593
3105 11583051373
3106 11588325607
3107 11596655071
3108 11601042421
3109 11628143729
3110 11646132847
3111 11646952591
3112 11664856471
3113 11665667161
3114 11667563497
3115 11670536593
3116 11682755543
3117 11699721307
3118 11700292801
3119 11708502241
3120 11711154457
3121 11715130877
3122 11715748201
3123 11726481163
3124 11736040373
3125 11772525097
3126 11774618201
3127 11777470589
3128 11788374151
3129 11792306107
3130 11825065951
3131 11827342361
3132 11835295273
3133 11858611057
3134 11859714523
3135 11870554321
3136 11871337297
3137 11876669741
3138 11877057473
3139 11881372231
3140 11889917131
3141 11894216491
3142 11895114197
3143 11896924253
3144 11900661697
3145 11944628389
3146 11944680161
3147 11946741071
3148 11951734681
3149 11954310031
3150 11962681537
3151 11977316737
3152 11987646553
3153 12004160941
3154 12006606151
3155 12014730031
3156 12015212653
3157 12018968029
3158 12029259901
3159 12033910747
3160 12039296441
3161 12043303213
3162 12051704083
3163 12065143679
3164 12067215733
3165 12075934501
3166 12080177677
3167 12084232609
3168 12089543821
3169 12094575137
3170 12104668621
3171 12111009923
3172 12111126301
3173 12116641181
3174 12133970509
3175 12154352347
3176 12159780571
3177 12189992707
3178 12220732313
3179 12258943987
3180 12262014901
3181 12265568641
3182 12266401681
3183 12289814167
3184 12297123037
3185 12304861741
3186 12316556071
3187 12317683501
3188 12322702057
3189 12325833931
3190 12330349183
3191 12337298821
3192 12379208623
3193 12382626367
3194 12383536531
3195 12385108121
3196 12388110299
3197 12396783701
3198 12397724641
3199 12453127051
3200 12470748349
3201 12491112001
3202 12497675711
3203 12498231871
3204 12515909209
3205 12528416071
3206 12529493159
3207 12545463547
3208 12546696961
3209 12548820937
3210 12551777317
3211 12555484057
3212 12570820813
3213 12579755653
3214 12579967949
3215 12589120501
3216 12591665461
3217 12594186541
3218 12599838721
3219 12601267541
3220 12602606941
3221 12606757381
3222 12609106231
3223 12634712719
3224 12638146249
3225 12642758551
3226 12673700033
3227 12679942969
3228 12681201079
3229 12683545951
3230 12701026801
3231 12703052227
3232 12705308401
3233 12707617651
3234 12728659681
3235 12758867083
3236 12765292849
3237 12776676049
3238 12777365371
3239 12782414503
3240 12797181013
3241 12809756761
3242 12819972181
3243 12830407543
3244 12846774799
3245 12854008681
3246 12861073669
3247 12895389781
3248 12917992001
3249 12919766113
3250 12925490329
3251 12930490891
3252 12957521671
3253 12969114931
3254 13001013001
3255 13009287601
3256 13016253121
3257 13020657469
3258 13025395813
3259 13030757449
3260 13038960901
3261 13041042991
3262 13063861357
3263 13078576897
3264 13089913201
3265 13090172353
3266 13105063813
3267 13106396461
3268 13112777665
3269 13122176033
3270 13123016173
3271 13147202251
3272 13158295781
3273 13167421721
3274 13173817117
3275 13191328021
3276 13208120771
3277 13215510001
3278 13221083761
3279 13224574729
3280 13226242093
3281 13227942421
3282 13244004817
3283 13260345001
3284 13282697611
3285 13285116821
3286 13293643213
3287 13304358601
3288 13312929001
3289 13340529113
3290 13346771377
3291 13359829393
3292 13386506671
3293 13422824641
3294 13429714843
3295 13450099027
3296 13459285799
3297 13473839341
3298 13500578983
3299 13515899491
3300 13535286451
3301 13542110429
3302 13547074003
3303 13555337363
3304 13571991841
3305 13581209251
3306 13589356747
3307 13589531887
3308 13595155001
3309 13606214329
3310 13626346369
3311 13634089813
3312 13639740571
3313 13642463971
3314 13647158533
3315 13649586721
3316 13652106049
3317 13664276641
3318 13678166503
3319 13711153681
3320 13714377601
3321 13723854301
3322 13730043643
3323 13741419697
3324 13746470501
3325 13766393761
3326 13773182977
3327 13789701301
3328 13801050901
3329 13801942001
3330 13803821593
3331 13823438401
3332 13839388201
3333 13874170171
3334 13874457661
3335 13880233057
3336 13881091771
3337 13884449833
3338 13889465567
3339 13890788321
3340 13918654219
3341 13921590559
3342 13927681771
3343 13940179657
3344 13942685017
3345 13946852971
3346 13946918833
3347 13948315501
3348 13951275757
3349 13952947051
3350 13963026307
3351 13963460941
3352 13964634133
3353 13978046501
3354 13979693051
3355 13980538961
3356 13988347759
3357 13989659377
3358 13993440949
3359 13993478269
3360 13999041541
3361 14018096671
3362 14025184993
3363 14031726481
3364 14051566267
3365 14053982963
3366 14059940101
3367 14093762383
3368 14093836147
3369 14098785793
3370 14105595607
3371 14106061813
3372 14116340333
3373 14122291987
3374 14125923433
3375 14126986633
3376 14130344131
3377 14142656951
3378 14154620131
3379 14167131941
3380 14188964653
3381 14194685107
3382 14205028531
3383 14228554159
3384 14229423253
3385 14233638721
3386 14233946357
3387 14242074001
3388 14242333951
3389 14243597371
3390 14249472773
3391 14252656133
3392 14289809689
3393 14301590591
3394 14301867859
3395 14302780351
3396 14306629801
3397 14310613333
3398 14329518139
3399 14335989709
3400 14338483787
3401 14374502081
3402 14379657823
3403 14394656197
3404 14407893347
3405 14413341721
3406 14417771201
3407 14422720033
3408 14428082561
3409 14436868181
3410 14447193601
3411 14460186133
3412 14466773119
3413 14470998151
3414 14475186181
3415 14477203201
3416 14485451977
3417 14486286049
3418 14489338501
3419 14499938071
3420 14520543787
3421 14530607101
3422 14552877379
3423 14573271283
3424 14578939009
3425 14582286811
3426 14583971593
3427 14592820201
3428 14604821281
3429 14618039563
3430 14619350377
3431 14624797127
3432 14669688727
3433 14684189473
3434 14689105201
3435 14689842901
3436 14697163693
3437 14700262501
3438 14711452141
3439 14729715703
3440 14737560223
3441 14745736727
3442 14753703511
3443 14772184121
3444 14787408637
3445 14800421749
3446 14812503763
3447 14815873981
3448 14823174217
3449 14846236441
3450 14847349681
3451 14876899507
3452 14890806451
3453 14892425633
3454 14892845683
3455 14902573121
3456 14919812911
3457 14921561953
3458 14935314649
3459 14941192663
3460 14941978171
3461 14945641013
3462 14948857361
3463 14952704101
3464 14955642253
3465 14969174221
3466 14983363597
3467 15007899043
3468 15016969381
3469 15046586731
3470 15069342427
3471 15074579911
3472 15088190041
3473 15104545633
3474 15123648403
3475 15138164887
3476 15145552171
3477 15174310537
3478 15199509151
3479 15214050697
3480 15221511001
3481 15230102609
3482 15249680447
3483 15268473977
3484 15277890581
3485 15294739825
3486 15304620871
3487 15326765821
3488 15330136963
3489 15337894021
3490 15343633561
3491 15349457561
3492 15351154981
3493 15351672961
3494 15354379811
3495 15358296691
3496 15358675879
3497 15360147301
3498 15361600321
3499 15400300393
3500 15404823979
3501 15411051811
3502 15411730291
3503 15413207501
3504 15430012291
3505 15442373731
3506 15444903889
3507 15459878417
3508 15474624481
3509 15492319259
3510 15495208241
3511 15499399841
3512 15509186761
3513 15527165053
3514 15531222367
3515 15541788907
3516 15550278481
3517 15565250821
3518 15566384653
3519 15567111257
3520 15583266469
3521 15595398901
3522 15596130691
3523 15617594521
3524 15626872801
3525 15628766561
3526 15635392631
3527 15639077161
3528 15651953623
3529 15664977901
3530 15676086533
3531 15676101547
3532 15704725121
3533 15712318681
3534 15715642493
3535 15760580599
3536 15768886849
3537 15771146401
3538 15772610449
3539 15785823041
3540 15809322211
3541 15842149657
3542 15851740393
3543 15900579641
3544 15905560747
3545 15912624097
3546 15916689629
3547 15924209351
3548 15931478641
3549 15936339581
3550 15937819453
3551 15937934731
3552 15938912809
3553 15946146133
3554 15951051313
3555 15959300479
3556 15962221321
3557 15969221071
3558 16002874637
3559 16026117577
3560 16047038201
3561 16048282321
3562 16101339211
3563 16108409633
3564 16116138811
3565 16123163701
3566 16157879263
3567 16170210241
3568 16191631081
3569 16194081961
3570 16205036401
3571 16211605411
3572 16212662341
3573 16224963817
3574 16258361101
3575 16273833071
3576 16297616611
3577 16306922479
3578 16307286451
3579 16343144821
3580 16346795477
3581 16347729049
3582 16358521957
3583 16370945431
3584 16376086289
3585 16394310631
3586 16396636621
3587 16411609909
3588 16413999421
3589 16427132821
3590 16442311159
3591 16494333157
3592 16495371901
3593 16506263971
3594 16512854593
3595 16516571593
3596 16528074391
3597 16553908031
3598 16560111481
3599 16584336163
3600 16625897527
3601 16640290507
3602 16646406209
3603 16653602561
3604 16662985201
3605 16675659001
3606 16699165237
3607 16704501997
3608 16729860841
3609 16738087969
3610 16742300261
3611 16746742273
3612 16753192711
3613 16759338359
3614 16780779709
3615 16794396481
3616 16798538089
3617 16798886021
3618 16815207403
3619 16826670631
3620 16830211399
3621 16845826177
3622 16879069783
3623 16901604331
3624 16905467503
3625 16924730699
3626 16925747581
3627 16926434929
3628 16950083333
3629 16956438017
3630 16971676961
3631 16977031597
3632 16992002101
3633 17023918231
3634 17040403333
3635 17044764661
3636 17052003151
3637 17058814081
3638 17063587297
3639 17082450703
3640 17086477501
3641 17091020213
3642 17093712791
3643 17094632041
3644 17108235673
3645 17109733801
3646 17142390541
3647 17143071989
3648 17158234741
3649 17160958753
3650 17172092107
3651 17186997151
3652 17194114981
3653 17215792903
3654 17222546557
3655 17259903907
3656 17282658403
3657 17282923351
3658 17341005067
3659 17342143061
3660 17344444153
3661 17347683151
3662 17352202859
3663 17369312563
3664 17373199873
3665 17385527311
3666 17390784841
3667 17411045521
3668 17425169831
3669 17426990533
3670 17452515389
3671 17469381533
3672 17475044329
3673 17476483267
3674 17478157901
3675 17481928843
3676 17501682349
3677 17503557751
3678 17524376531
3679 17525385767
3680 17535681901
3681 17544830707
3682 17567712109
3683 17573733383
3684 17589901621
3685 17591908951
3686 17605604941
3687 17644654561
3688 17647136033
3689 17662033453
3690 17673456907
3691 17674969537
3692 17675290153
3693 17681205781
3694 17697836771
3695 17703794573
3696 17708006801
3697 17709693761
3698 17730240721
3699 17742573001
3700 17751951001
3701 17786968417
3702 17797473541
3703 17801222419
3704 17801952449
3705 17804041921
3706 17804128051
3707 17887433873
3708 17899131709
3709 17906476519
3710 17917654393
3711 17928585137
3712 17931543841
3713 17933996869
3714 17934555851
3715 17936384341
3716 17937700691
3717 17949376901
3718 17969993539
3719 17982072431
3720 17984180441
3721 17991848029
3722 17992570753
3723 18040891201
3724 18046367501
3725 18058447471
3726 18065987281
3727 18067874189
3728 18074903681
3729 18086431841
3730 18099719191
3731 18103878031
3732 18106798501
3733 18108600743
3734 18111279421
3735 18147696841
3736 18153039007
3737 18176769451
3738 18183870703
3739 18189007201
3740 18201619297
3741 18217000279
3742 18236818559
3743 18266771953
3744 18271036961
3745 18304226953
3746 18328752991
3747 18335163001
3748 18341341061
3749 18352227601
3750 18360481231
3751 18360582829
3752 18365319853
3753 18376809179
3754 18376932883
3755 18392764951
3756 18397463587
3757 18427680253
3758 18427831579
3759 18451153967
3760 18495163877
3761 18505908961
3762 18551724193
3763 18554007061
3764 18561916621
3765 18566025409
3766 18566623217
3767 18596501839
3768 18621229537
3769 18650003227
3770 18678067321
3771 18690467041
3772 18700522921
3773 18735349951
3774 18754908097
3775 18758445421
3776 18759968893
3777 18764305561
3778 18775816417
3779 18781836391
3780 18807533369
3781 18809755903
3782 18825460501
3783 18836489701
3784 18854317021
3785 18860045101
3786 18867746977
3787 18875351251
3788 18913551721
3789 18921238519
3790 18944992531
3791 18954945091
3792 18960363847
3793 19020770497
3794 19039496303
3795 19044601003
3796 19074000511
3797 19087353433
3798 19126129357
3799 19171284133
3800 19177578281
3801 19203624721
3802 19207197283
3803 19214321393
3804 19244336801
3805 19248902857
3806 19280212379
3807 19305492277
3808 19306025971
3809 19313055917
3810 19318823161
3811 19320235507
3812 19324287487
3813 19356964117
3814 19367429761
3815 19389393227
3816 19393063699
3817 19411382047
3818 19427127877
3819 19431936833
3820 19458754781
3821 19460736649
3822 19471035767
3823 19483177429
3824 19483342457
3825 19490369621
3826 19508431417
3827 19510380577
3828 19511389409
3829 19538989303
3830 19551812299
3831 19604835451
3832 19608290101
3833 19612842901
3834 19624576931
3835 19632812033
3836 19638243571
3837 19645085111
3838 19656983503
3839 19664860181
3840 19676349361
3841 19680002051
3842 19722570041
3843 19727802307
3844 19746555221
3845 19761496357
3846 19763205001
3847 19763752829
3848 19766985941
3849 19767005441
3850 19786117391
3851 19817892823
3852 19817952001
3853 19820503921
3854 19890560321
3855 19918681411
3856 19933144267
3857 19938699337
3858 19949308849
3859 19953000139
3860 19965405193
3861 19968195997
3862 19977899761
3863 19984303081
3864 20027866321
3865 20042648033
3866 20057051701
3867 20057060143
3868 20062615063
3869 20071606501
3870 20074710067
3871 20077247527
3872 20079391861
3873 20094016543
3874 20107422073
3875 20146044277
3876 20146182937
3877 20146502419
3878 20153193601
3879 20161144459
3880 20169039481
3881 20172827137
3882 20185129729
3883 20194159501
3884 20197899727
3885 20207767841
3886 20219039581
3887 20225181601
3888 20233196791
3889 20246582539
3890 20256055381
3891 20285499103
3892 20285936971
3893 20289741781
3894 20307175001
3895 20311526111
3896 20318429773
3897 20320518989
3898 20323162133
3899 20334094537
3900 20367665431
3901 20368213447
3902 20377338781
3903 20394223741
3904 20395532851
3905 20396647351
3906 20398180657
3907 20408930263
3908 20409292201
3909 20426451091
3910 20431401953
3911 20439681971
3912 20481564421
3913 20491280461
3914 20503342861
3915 20504643433
3916 20512445801
3917 20514164497
3918 20531104133
3919 20542327471
3920 20568333829
3921 20580378391
3922 20603343223
3923 20618559151
3924 20621487751
3925 20621985283
3926 20623530881
3927 20625914497
3928 20646327791
3929 20648899657
3930 20649489031
3931 20659935871
3932 20675380721
3933 20689312141
3934 20698219781
3935 20705197633
3936 20724597991
3937 20747218451
3938 20755125847
3939 20755959823
3940 20769629581
3941 20798515081
3942 20807191481
3943 20830203577
3944 20851977889
3945 20867897077
3946 20889169003
3947 20910766423
3948 20932664101
3949 20952900487
3950 20952949447
3951 20955823297
3952 20961410947
3953 20982694657
3954 21009709813
3955 21024830641
3956 21025616251
3957 21040396561
3958 21076293551
3959 21092488451
3960 21101479561
3961 21134950451
3962 21147503653
3963 21158503213
3964 21173660929
3965 21184923769
3966 21218740831
3967 21261247681
3968 21288407311
3969 21307403041
3970 21325642213
3971 21325877281
3972 21326217571
3973 21335210353
3974 21374771729
3975 21388500407
3976 21391358041
3977 21465748151
3978 21491265881
3979 21515221081
3980 21517527061
3981 21522666673
3982 21532672547
3983 21540908033
3984 21558886501
3985 21569401657
3986 21574837327
3987 21589103551
3988 21601435501
3989 21601848871
3990 21623857201
3991 21653807939
3992 21658003333
3993 21663459721
3994 21669942661
3995 21698496541
3996 21713488987
3997 21717583721
3998 21719222533
3999 21725949307
4000 21733565491
4001 21767864779
4002 21783595681
4003 21819107731
4004 21821690801
4005 21823978177
4006 21824803423
4007 21829634821
4008 21840941377
4009 21863348473
4010 21863412481
4011 21869290523
4012 21887993077
4013 21943790233
4014 21963043759
4015 21970984129
4016 21980803739
4017 21986776099
4018 21987359551
4019 21997669621
4020 22006285771
4021 22011407773
4022 22031884711
4023 22057875703
4024 22062137791
4025 22068078787
4026 22069439281
4027 22106890261
4028 22115143051
4029 22115200801
4030 22130255473
4031 22133595329
4032 22140762827
4033 22159622131
4034 22183873237
4035 22193504341
4036 22194860141
4037 22221767861
4038 22224398351
4039 22231182751
4040 22233978901
4041 22250124577
4042 22270203649
4043 22291956457
4044 22300413913
4045 22305571291
4046 22329240343
4047 22331180393
4048 22331188783
4049 22388069761
4050 22398526081
4051 22399565501
4052 22435180093
4053 22448015731
4054 22466847313
4055 22502713399
4056 22505004901
4057 22510495927
4058 22511838721
4059 22540009801
4060 22543626769
4061 22564845703
4062 22579737601
4063 22590345403
4064 22601288737
4065 22617727969
4066 22622603641
4067 22666933543
4068 22674066913
4069 22681355201
4070 22687103741
4071 22692641329
4072 22750777981
4073 22761564841
4074 22769246503
4075 22810632209
4076 22819740397
4077 22826217331
4078 22839028621
4079 22842322273
4080 22847315341
4081 22853799781
4082 22857014833
4083 22872189369
4084 22899354031
4085 22909008641
4086 22928291011
4087 22932441289
4088 22948853203
4089 22950183703
4090 22952760139
4091 22954359611
4092 22958528741
4093 22972028993
4094 22979044369
4095 22980651541
4096 23002059631
4097 23007560941
4098 23011280401
4099 23028926897
4100 23032410881
4101 23032691107
4102 23043486601
4103 23060564881
4104 23074220801
4105 23079681883
4106 23096326661
4107 23116555771
4108 23131581397
4109 23133952601
4110 23135370553
4111 23139857113
4112 23147235541
4113 23158980391
4114 23169232981
4115 23180986967
4116 23199092569
4117 23214111691
4118 23238556951
4119 23255694001
4120 23258429501
4121 23282705881
4122 23283253333
4123 23293640833
4124 23343609031
4125 23350469209
4126 23354827807
4127 23360698237
4128 23362032403
4129 23365579771
4130 23373466201
4131 23386834129
4132 23415502951
4133 23422243987
4134 23434717771
4135 23435071801
4136 23440616071
4137 23444254601
4138 23449337941
4139 23457188371
4140 23475327751
4141 23479831597
4142 23484038681
4143 23508787541
4144 23522716387
4145 23530162237
4146 23548503001
4147 23562188821
4148 23577883051
4149 23627912533
4150 23631038713
4151 23639384341
4152 23653132781
4153 23683666751
4154 23686707661
4155 23707055737
4156 23712550891
4157 23729234761
4158 23741394373
4159 23749298141
4160 23751028771
4161 23757967171
4162 23802399181
4163 23816786401
4164 23849771401
4165 23863947103
4166 23884194133
4167 23884579183
4168 23906561351
4169 23932442861
4170 23943073793
4171 23948578789
4172 23951324629
4173 23979420631
4174 23993561947
4175 23996634463
4176 23999630521
4177 23999947021
4178 24075530461
4179 24081220351
4180 24089202733
4181 24100263937
4182 24102044801
4183 24107139253
4184 24151953871
4185 24159483631
4186 24164948161
4187 24171514553
4188 24173855561
4189 24175662967
4190 24183482233
4191 24202326979
4192 24226773169
4193 24232458863
4194 24255020833
4195 24288260851
4196 24289889101
4197 24305760341
4198 24306834457
4199 24311080501
4200 24328448321
4201 24335031631
4202 24367839931
4203 24368448133
4204 24370974301
4205 24392551501
4206 24421942273
4207 24424617839
4208 24435118009
4209 24464319167
4210 24482751121
4211 24507678001
4212 24509971891
4213 24532753831
4214 24558363631
4215 24589692103
4216 24596096533
4217 24597065503
4218 24624297721
4219 24629731237
4220 24631678081
4221 24642915751
4222 24647262067
4223 24659517247
4224 24675424861
4225 24693323689
4226 24700915807
4227 24727297747
4228 24728203361
4229 24741243719
4230 24746034601
4231 24769803601
4232 24776406901
4233 24781441813
4234 24792066133
4235 24792539701
4236 24797031661
4237 24797459413
4238 24805308751
4239 24810386113
4240 24834794051
4241 24842254579
4242 24850649587
4243 24896185117
4244 24906157459
4245 24911134333
4246 24935215033
4247 24936239791
4248 24949710719
4249 24974550001
4250 24984943153
4251 25011772171
4252 25019101567
4253 25022243143
4254 25047178861
4255 25050882313
4256 25053391777
4257 25077054871
4258 25087896577
4259 25090770721
4260 25102169089
4261 25126591081
4262 25137640531
4263 25142194981
4264 25157177161
4265 25169938201
4266 25182014551
4267 25183039681
4268 25186788551
4269 25220831497
4270 25227183521
4271 25239954671
4272 25241043259
4273 25264552321
4274 25318679101
4275 25375203001
4276 25375811581
4277 25390620733
4278 25411905901
4279 25419975701
4280 25428685231
4281 25434402001
4282 25437652501
4283 25467821341
4284 25472559001
4285 25481203231
4286 25483229591
4287 25494030769
4288 25516086149
4289 25528108321
4290 25564013749
4291 25565766101
4292 25574027779
4293 25580460161
4294 25599120007
4295 25679186167
4296 25680714721
4297 25712825113
4298 25721073421
4299 25733772373
4300 25739063239
4301 25780910761
4302 25789140833
4303 25796596531
4304 25801342183
4305 25808455951
4306 25832605987
4307 25834065643
4308 25842794077
4309 25847033089
4310 25877556253
4311 25896599899
4312 25899400621
4313 25916518273
4314 25972386337
4315 25980839659
4316 25983684721
4317 26003280451
4318 26003900677
4319 26006023891
4320 26016948917
4321 26027869897
4322 26031140101
4323 26050825921
4324 26058092131
4325 26076172277
4326 26081294467
4327 26110123903
4328 26115034609
4329 26141222017
4330 26153924161
4331 26155341577
4332 26155558801
4333 26159800031
4334 26196461167
4335 26241915871
4336 26255663281
4337 26309351041
4338 26317195591
4339 26333818351
4340 26373840193
4341 26379551971
4342 26384736673
4343 26398849753
4344 26411956481
4345 26417170781
4346 26421580327
4347 26428659713
4348 26441752951
4349 26453873471
4350 26455818439
4351 26490519199
4352 26498224901
4353 26523209077
4354 26544729751
4355 26563773601
4356 26577114323
4357 26625614401
4358 26627630401
4359 26632025143
4360 26634697753
4361 26640189787
4362 26666988211
4363 26678370451
4364 26683104673
4365 26691931501
4366 26696652553
4367 26700524233
4368 26706144901
4369 26752883191
4370 26837488829
4371 26845004233
4372 26848993621
4373 26850509251
4374 26854464491
4375 26859211681
4376 26862667021
4377 26866355833
4378 26878044997
4379 26903068741
4380 26904885551
4381 26914225339
4382 26928088393
4383 26933878399
4384 26985815897
4385 27000580771
4386 27001033291
4387 27059640301
4388 27070340221
4389 27071928913
4390 27075278539
4391 27080580487
4392 27090202133
4393 27092737159
4394 27107633983
4395 27110791061
4396 27126501751
4397 27147688213
4398 27172084297
4399 27203774137
4400 27218596403
4401 27223783841
4402 27229669559
4403 27233167823
4404 27244726651
4405 27273446251
4406 27278026129
4407 27303759577
4408 27338216641
4409 27343944581
4410 27353229931
4411 27361800731
4412 27364606501
4413 27381420727
4414 27386167817
4415 27389945881
4416 27425585111
4417 27430398451
4418 27448948333
4419 27488486741
4420 27521747191
4421 27532569481
4422 27543901267
4423 27547091281
4424 27550242613
4425 27586396459
4426 27593698231
4427 27600586129
4428 27614132701
4429 27618172837
4430 27626014153
4431 27630984061
4432 27658542361
4433 27662824729
4434 27663760027
4435 27680215837
4436 27688627969
4437 27691844797
4438 27697053067
4439 27699268717
4440 27701324869
4441 27703948273
4442 27707942263
4443 27709347751
4444 27736735261
4445 27748599013
4446 27752192761
4447 27776306653
4448 27788440681
4449 27810517633
4450 27852343213
4451 27885106003
4452 27899338657
4453 27913980641
4454 27917309071
4455 27928938025
4456 27932504161
4457 27955424593
4458 27974267861
4459 27997878151
4460 28022321953
4461 28031274601
4462 28054217221
4463 28059861859
4464 28067549941
4465 28070421031
4466 28080648961
4467 28092189511
4468 28099472491
4469 28121291381
4470 28147429949
4471 28180798421
4472 28184797117
4473 28193395063
4474 28219952251
4475 28303667269
4476 28306102441
4477 28313058601
4478 28323628693
4479 28326875501
4480 28340082961
4481 28355420017
4482 28361407621
4483 28389972943
4484 28409777551
4485 28410403061
4486 28446881009
4487 28466399089
4488 28500736513
4489 28524990341
4490 28529329921
4491 28535212891
4492 28547376751
4493 28552153523
4494 28587625201
4495 28601478361
4496 28619466751
4497 28643539961
4498 28659266299
4499 28664271371
4500 28672024669
4501 28673798791
4502 28677309781
4503 28680829633
4504 28751026481
4505 28769335453
4506 28777073869
4507 28794510649
4508 28831032001
4509 28847928191
4510 28886463649
4511 28924847281
4512 28933469839
4513 28939717249
4514 28963019317
4515 28997457841
4516 29020146091
4517 29051616133
4518 29078782721
4519 29110426567
4520 29125257481
4521 29159223211
4522 29162356651
4523 29178107681
4524 29203727257
4525 29228367541
4526 29257875991
4527 29282866901
4528 29289327451
4529 29321442547
4530 29349959941
4531 29356453237
4532 29373426253
4533 29390256127
4534 29405376001
4535 29411249311
4536 29416150301
4537 29416465541
4538 29446940797
4539 29450993441
4540 29454921541
4541 29459438797
4542 29464019713
4543 29466841561
4544 29480214571
4545 29490592407
4546 29514705481
4547 29515125191
4548 29550181249
4549 29552549797
4550 29583396091
4551 29600784721
4552 29606052421
4553 29624491177
4554 29685245041
4555 29744272021
4556 29769200353
4557 29769832891
4558 29773246231
4559 29774545201
4560 29781963433
4561 29823954049
4562 29834012641
4563 29838157537
4564 29840381143
4565 29860214401
4566 29873529137
4567 29875480447
4568 29885102941
4569 29892936817
4570 29944333561
4571 29987392753
4572 29993749987
4573 30060380351
4574 30110488717
4575 30120643081
4576 30133860023
4577 30142213921
4578 30151672013
4579 30172821031
4580 30179700671
4581 30219559273
4582 30222013117
4583 30234607957
4584 30244014187
4585 30287213419
4586 30307182341
4587 30317438161
4588 30324441053
4589 30328202777
4590 30351026791
4591 30395920571
4592 30400231753
4593 30431816641
4594 30459731251
4595 30483138241
4596 30485758213
4597 30549126211
4598 30552773123
4599 30575018251
4600 30612255101
4601 30626160241
4602 30640837231
4603 30681631009
4604 30685243051
4605 30687240091
4606 30688303361
4607 30693300121
4608 30703068871
4609 30713796101
4610 30729937699
4611 30733966201
4612 30775365139
4613 30778397477
4614 30813440533
4615 30823625071
4616 30854582981
4617 30876320161
4618 30888045361
4619 30889119643
4620 30892541633
4621 30899364121
4622 30907156001
4623 30923424001
4624 30926647201
4625 30960324649
4626 30973987171
4627 30989113387
4628 31042045721
4629 31042107601
4630 31058839771
4631 31059306373
4632 31072814371
4633 31079237309
4634 31082270353
4635 31096479961
4636 31097087711
4637 31097302231
4638 31108535461
4639 31185105499
4640 31211988341
4641 31213319887
4642 31235570761
4643 31254174361
4644 31265754451
4645 31300076039
4646 31313266471
4647 31323210881
4648 31357802653
4649 31360083301
4650 31406927791
4651 31425260689
4652 31469848783
4653 31498868521
4654 31517102437
4655 31536587603
4656 31549917701
4657 31566096641
4658 31586846741
4659 31597934677
4660 31603039021
4661 31609522001
4662 31614996421
4663 31626576361
4664 31682040391
4665 31684152587
4666 31699349021
4667 31708772257
4668 31733877631
4669 31737480811
4670 31759334209
4671 31761450703
4672 31815914131
4673 31817519497
4674 31863367691
4675 31867394653
4676 31870554409
4677 31886769737
4678 31888604611
4679 31890241489
4680 31901149129
4681 31913686417
4682 31925396533
4683 32004226057
4684 32011313879
4685 32109412067
4686 32125986901
4687 32126585203
4688 32176723321
4689 32184377633
4690 32187013021
4691 32241217201
4692 32244505273
4693 32286463171
4694 32302830127
4695 32334243397
4696 32355825067
4697 32371561171
4698 32416292047
4699 32422709551
4700 32442864637
4701 32475784391
4702 32479160033
4703 32503710079
4704 32562250519
4705 32567986153
4706 32577088133
4707 32585976791
4708 32590508501
4709 32591992897
4710 32592491641
4711 32599868401
4712 32604747841
4713 32624599841
4714 32632888733
4715 32633743213
4716 32657594971
4717 32659310503
4718 32669130691
4719 32675265703
4720 32699811511
4721 32795645167
4722 32797361153
4723 32811608971
4724 32820067729
4725 32833175761
4726 32839515073
4727 32841648841
4728 32887843117
4729 32921592481
4730 32938265429
4731 32947973101
4732 32958951481
4733 32966063209
4734 33012841577
4735 33013539901
4736 33046677847
4737 33055023997
4738 33060602527
4739 33073364689
4740 33086695951
4741 33108708151
4742 33111676291
4743 33166564237
4744 33180775993
4745 33183869441
4746 33195837907
4747 33207853141
4748 33208124041
4749 33217705177
4750 33222639241
4751 33222768401
4752 33228793417
4753 33234279331
4754 33247410841
4755 33248456641
4756 33257124317
4757 33263373817
4758 33275262619
4759 33278592341
4760 33290447851
4761 33307038521
4762 33325372033
4763 33330070507
4764 33336276733
4765 33340382461
4766 33341843201
4767 33346736851
4768 33369131953
4769 33377083741
4770 33436189249
4771 33471950051
4772 33485878981
4773 33527818787
4774 33536723023
4775 33539225851
4776 33549610501
4777 33550034113
4778 33573798761
4779 33586488253
4780 33592617577
4781 33678596449
4782 33686518741
4783 33693703213
4784 33697710001
4785 33709419001
4786 33712872931
4787 33717240721
4788 33721655491
4789 33724951751
4790 33757763203
4791 33763142533
4792 33766880057
4793 33776173663
4794 33782712211
4795 33789625417
4796 33807796849
4797 33811255507
4798 33814864651
4799 33900770821
4800 33919287641
4801 33924105073
4802 33939283379
4803 33957162331
4804 33968876033
4805 33973446943
4806 33992040391
4807 33997237147
4808 34035740551
4809 34039708201
4810 34046348821
4811 34081110337
4812 34123560661
4813 34155839299
4814 34156377221
4815 34161510517
4816 34237886509
4817 34264684801
4818 34267541377
4819 34333619933
4820 34339670891
4821 34345835551
4822 34356506909
4823 34365271021
4824 34375413931
4825 34405829011
4826 34419784387
4827 34423641487
4828 34453518751
4829 34457106361
4830 34470963833
4831 34482275857
4832 34485026131
4833 34492674133
4834 34558584607
4835 34563906161
4836 34569920533
4837 34570704547
4838 34613363233
4839 34620823189
4840 34652884069
4841 34658307217
4842 34669051217
4843 34673050133
4844 34679931763
4845 34693283809
4846 34716861251
4847 34762912003
4848 34791594881
4849 34802441551
4850 34810434881
4851 34816723021
4852 34833101851
4853 34837804033
4854 34852876489
4855 34857354121
4856 34857765101
4857 34862558347
4858 34864150801
4859 34866561661
4860 34876134721
4861 34879441999
4862 34890067981
4863 34895786689
4864 34927641451
4865 34997340379
4866 35048917639
4867 35076530053
4868 35089242553
4869 35149655971
4870 35158403809
4871 35163108611
4872 35184293773
4873 35190585541
4874 35207957989
4875 35246776951
4876 35287006861
4877 35302894903
4878 35353818391
4879 35369842033
4880 35386450621
4881 35394527243
4882 35417824261
4883 35420373847
4884 35420513311
4885 35436244537
4886 35483884801
4887 35500503001
4888 35508628861
4889 35521818949
4890 35522659537
4891 35548844761
4892 35567066861
4893 35586657773
4894 35634188521
4895 35634789913
4896 35643937339
4897 35679804551
4898 35710175621
4899 35729272811
4900 35734678253
4901 35782809973
4902 35834374993
4903 35859664891
4904 35859739693
4905 35867570257
4906 35883672007
4907 35898953861
4908 35901682741
4909 35903929267
4910 35943122629
4911 35949643423
4912 35951480581
4913 35953149781
4914 35965320847
4915 35974243537
4916 35997472961
4917 36005190187
4918 36034288033
4919 36040166779
4920 36042249149
4921 36065862451
4922 36100368641
4923 36107246449
4924 36145449103
4925 36185832013
4926 36203772931
4927 36255499253
4928 36257130253
4929 36258342061
4930 36276888511
4931 36278035273
4932 36280181401
4933 36283430317
4934 36327470537
4935 36342259633
4936 36389415241
4937 36436919581
4938 36461400751
4939 36465301783
4940 36476329753
4941 36502522781
4942 36503833921
4943 36563893831
4944 36568020497
4945 36584169007
4946 36586609201
4947 36596168251
4948 36703564453
4949 36726326731
4950 36755576573
4951 36813767479
4952 36818220667
4953 36832230847
4954 36876082951
4955 36896283433
4956 36907520833
4957 36914176133
4958 36936018631
4959 36956858401
4960 36957217249
4961 36963101743
4962 37011582301
4963 37025937451
4964 37036090967
4965 37045776223
4966 37090832689
4967 37115570983
4968 37123212527
4969 37158083909
4970 37187354761
4971 37194680671
4972 37206883351
4973 37214333153
4974 37234422677
4975 37242153943
4976 37245251521
4977 37265848159
4978 37334049271
4979 37334134657
4980 37385905129
4981 37428436033
4982 37437989401
4983 37439454313
4984 37454811643
4985 37459668247
4986 37463906143
4987 37486735001
4988 37490062091
4989 37502170001
4990 37532432701
4991 37538705891
4992 37544442673
4993 37566676951
4994 37613634241
4995 37637502541
4996 37651592287
4997 37652006701
4998 37701023621
4999 37702351163
5000 37768683401
5001 37801983521
5002 37835477611
5003 37864678801
5004 37886740571
5005 37897057801
5006 37897509421
5007 37912358051
5008 37920683557
5009 37922797441
5010 37926625573
5011 37927621747
5012 37941063497
5013 37953282823
5014 37954374691
5015 37969347877
5016 37984957837
5017 38000458673
5018 38007903151
5019 38066058577
5020 38066863927
5021 38074806193
5022 38121748471
5023 38164628503
5024 38195960041
5025 38264153203
5026 38293607381
5027 38306807701
5028 38334576961
5029 38337220351
5030 38363069053
5031 38368650007
5032 38394540997
5033 38396101153
5034 38410400701
5035 38451323681
5036 38464012151
5037 38467025929
5038 38467391341
5039 38474168903
5040 38485440307
5041 38537783131
5042 38589156299
5043 38600380711
5044 38602052431
5045 38622137971
5046 38653537861
5047 38655339227
5048 38697454973
5049 38746694533
5050 38803993621
5051 38832890923
5052 38839485701
5053 38841002383
5054 38847440069
5055 38848443649
5056 38856787201
5057 38872404031
5058 38893698001
5059 38897986051
5060 38920056001
5061 38934706159
5062 38941009201
5063 38951528533
5064 39049154611
5065 39059136013
5066 39064709951
5067 39068844697
5068 39096769301
5069 39118377271
5070 39119307301
5071 39166387201
5072 39197470693
5073 39270422647
5074 39276148423
5075 39283248493
5076 39358491253
5077 39389025079
5078 39401097121
5079 39408483137
5080 39417703501
5081 39434850703
5082 39463973011
5083 39510534361
5084 39545796751
5085 39546140761
5086 39546997277
5087 39579895981
5088 39619910593
5089 39632060833
5090 39632094881
5091 39634070561
5092 39661161541
5093 39685978081
5094 39688009453
5095 39694465801
5096 39696765617
5097 39715314491
5098 39756329801
5099 39768215041
5100 39779028101
5101 39787865191
5102 39801140101
5103 39802637401
5104 39802684849
5105 39806427403
5106 39830602561
5107 39844849591
5108 39850971409
5109 39857167729
5110 39865842073
5111 39869017651
5112 39898070677
5113 39902809081
5114 39909790363
5115 39926316893
5116 39936521071
5117 39941503687
5118 39965765689
5119 39970751731
5120 39975272377
5121 40098999667
5122 40122514513
5123 40139545609
5124 40158047431
5125 40183946497
5126 40199145001
5127 40199425561
5128 40203774811
5129 40222300411
5130 40241313361
5131 40262863807
5132 40278136441
5133 40284544861
5134 40289931079
5135 40336894783
5136 40401769591
5137 40419192547
5138 40435281253
5139 40452317981
5140 40456088767
5141 40480798357
5142 40628322181
5143 40631126803
5144 40664586187
5145 40678937209
5146 40683452077
5147 40684070417
5148 40697043839
5149 40708056601
5150 40712347103
5151 40784469727
5152 40802889007
5153 40815178097
5154 40835803213
5155 40837912501
5156 40839163093
5157 40867039357
5158 40881126007
5159 40881484337
5160 40898375233
5161 40923097307
5162 40934007091
5163 40939599751
5164 40978477843
5165 41010618421
5166 41028819301
5167 41034679003
5168 41037221513
5169 41054963797
5170 41110694881
5171 41127439501
5172 41127523453
5173 41127550201
5174 41137698401
5175 41155282873
5176 41223460741
5177 41223971953
5178 41237199433
5179 41243156501
5180 41243381077
5181 41252947513
5182 41314945121
5183 41318083153
5184 41318686501
5185 41374112033
5186 41385680351
5187 41386570259
5188 41431910521
5189 41450178001
5190 41510090623
5191 41543982433
5192 41571514601
5193 41571583523
5194 41578704133
5195 41592497977
5196 41594596297
5197 41610787921
5198 41614249771
5199 41666337019
5200 41670457921
5201 41673200507
5202 41690879731
5203 41696453107
5204 41707774153
5205 41709544867
5206 41767103141
5207 41790895477
5208 41799895057
5209 41819773717
5210 41820354577
5211 41871450631
5212 41908504177
5213 41969909983
5214 41977391509
5215 41994075943
5216 42016906051
5217 42033084193
5218 42034148417
5219 42084932599
5220 42089884453
5221 42144199813
5222 42170325121
5223 42195872347
5224 42215268481
5225 42227890769
5226 42255027137
5227 42256775857
5228 42259062061
5229 42267606193
5230 42271124941
5231 42277623361
5232 42307467931
5233 42309407401
5234 42313223143
5235 42409465183
5236 42418128817
5237 42419225521
5238 42422452801
5239 42422800513
5240 42456856231
5241 42486233725
5242 42487648243
5243 42502345181
5244 42512247577
5245 42530896087
5246 42539219251
5247 42565948111
5248 42606373441
5249 42611004829
5250 42621661351
5251 42626990701
5252 42633044821
5253 42638278231
5254 42650504801
5255 42656440661
5256 42684686041
5257 42689655583
5258 42694845751
5259 42761015461
5260 42763225261
5261 42774254401
5262 42783302701
5263 42831065341
5264 42834742471
5265 42835438171
5266 42846567781
5267 42859332253
5268 42869700001
5269 42874545869
5270 42877047277
5271 42878794351
5272 42966472693
5273 42984748801
5274 42985147381
5275 42988402999
5276 43000550741
5277 43006458769
5278 43017638437
5279 43031241901
5280 43071710137
5281 43078736611
5282 43103560099
5283 43113446293
5284 43167319693
5285 43178882581
5286 43190992963
5287 43222929751
5288 43223252843
5289 43257864217
5290 43277837329
5291 43281886033
5292 43282892353
5293 43299623503
5294 43305556397
5295 43310465801
5296 43331346847
5297 43345442221
5298 43362752287
5299 43374778819
5300 43392236383
5301 43398328471
5302 43406547271
5303 43444486429
5304 43448066371
5305 43473311137
5306 43480237033
5307 43512337513
5308 43522383061
5309 43562678021
5310 43625702177
5311 43632551551
5312 43649545237
5313 43656445951
5314 43664606861
5315 43677441001
5316 43690394609
5317 43690702609
5318 43690768463
5319 43696627153
5320 43720377721
5321 43720818541
5322 43770564001
5323 43784865721
5324 43785651541
5325 43813467301
5326 43831245739
5327 43832133001
5328 43834875389
5329 43873806173
5330 43892913007
5331 43944023341
5332 43956101641
5333 43971413333
5334 43973175403
5335 43986068729
5336 43996970827
5337 44000344513
5338 44008172851
5339 44010199997
5340 44012101141
5341 44044378003
5342 44057555389
5343 44087127211
5344 44122767391
5345 44132538049
5346 44172128261
5347 44257691521
5348 44332055513
5349 44334433001
5350 44375262541
5351 44386436033
5352 44429613691
5353 44462067301
5354 44486051471
5355 44499976189
5356 44519040931
5357 44548049197
5358 44557852357
5359 44562510721
5360 44587237567
5361 44601262421
5362 44622912193
5363 44630362897
5364 44634808513
5365 44657871859
5366 44659808341
5367 44691516073
5368 44716782043
5369 44716996351
5370 44718027901
5371 44726023651
5372 44746944397
5373 44778145501
5374 44819788807
5375 44838293261
5376 44844478981
5377 44845882183
5378 44849338981
5379 44861854753
5380 44888504341
5381 44896623949
5382 44914392317
5383 44949448669
5384 44955159481
5385 45029480449
5386 45036161197
5387 45042763201
5388 45089714741
5389 45115069801
5390 45137991151
5391 45197286661
5392 45202796497
5393 45204321961
5394 45207134083
5395 45209209249
5396 45220918627
5397 45264396409
5398 45268565621
5399 45269167441
5400 45281378647
5401 45343101511
5402 45350554621
5403 45372517763
5404 45400582741
5405 45418547101
5406 45464000051
5407 45513438101
5408 45528130301
5409 45545694391
5410 45604787329
5411 45627549001
5412 45634115071
5413 45640547077
5414 45661810681
5415 45666348097
5416 45680939081
5417 45686099521
5418 45692564867
5419 45696708121
5420 45698439263
5421 45728080201
5422 45732122881
5423 45735972409
5424 45757552751
5425 45780105281
5426 45810919729
5427 45821738881
5428 45850781341
5429 45854150341
5430 45871099951
5431 45924864133
5432 45934047253
5433 45937119841
5434 45952234903
5435 46025880581
5436 46042649041
5437 46112457931
5438 46188354031
5439 46189001953
5440 46191519811
5441 46218184561
5442 46226756801
5443 46232453191
5444 46262563201
5445 46420494823
5446 46450465601
5447 46454056531
5448 46493311411
5449 46514394301
5450 46515325471
5451 46520127067
5452 46604659921
5453 46613059351
5454 46644674581
5455 46647777353
5456 46662740833
5457 46671457351
5458 46691106601
5459 46704473713
5460 46717299521
5461 46727754809
5462 46764565121
5463 46768830473
5464 46792584301
5465 46797921553
5466 46838390617
5467 46872287617
5468 46883183887
5469 46903465057
5470 46914766519
5471 46918947601
5472 46923253501
5473 46946724683
5474 46968737461
5475 46986035713
5476 47011566649
5477 47029631821
5478 47079535231
5479 47091278527
5480 47114030657
5481 47115899557
5482 47128297393
5483 47140682101
5484 47211396811
5485 47221297201
5486 47282374801
5487 47288694883
5488 47308887361
5489 47321397691
5490 47326932221
5491 47350075301
5492 47356731361
5493 47373008131
5494 47412898909
5495 47436450751
5496 47468790227
5497 47479377529
5498 47547745057
5499 47554384849
5500 47599780181
5501 47609699411
5502 47625052861
5503 47629787761
5504 47677804021
5505 47680799563
5506 47731856209
5507 47761728061
5508 47761982101
5509 47774105401
5510 47785573133
5511 47789179903
5512 47868865661
5513 47872248341
5514 47904664879
5515 47913760637
5516 47919891559
5517 47955871133
5518 47973865633
5519 47995073977
5520 48059796241
5521 48078513253
5522 48090967471
5523 48095927821
5524 48123653203
5525 48137292451
5526 48153440611
5527 48161095921
5528 48186132229
5529 48200768821
5530 48205590751
5531 48225265369
5532 48265902001
5533 48305634301
5534 48339597853
5535 48343549801
5536 48355662151
5537 48395089669
5538 48422520841
5539 48496886621
5540 48498982547
5541 48505254247
5542 48530807191
5543 48543868801
5544 48575142533
5545 48616808897
5546 48626066701
5547 48635716501
5548 48639296021
5549 48663746581
5550 48670953053
5551 48671388641
5552 48699238771
5553 48713266211
5554 48749973673
5555 48751124131
5556 48758272193
5557 48769861141
5558 48781152397
5559 48804336641
5560 48832010501
5561 48833593903
5562 48883293817
5563 48900211777
5564 48911685421
5565 48934902061
5566 48942304133
5567 48943692001
5568 48967361717
5569 48968009101
5570 48996346177
5571 49003632133
5572 49018145149
5573 49021066441
5574 49040203111
5575 49133577553
5576 49157798509
5577 49192456321
5578 49209990673
5579 49229514067
5580 49240571641
5581 49261348369
5582 49286887981
5583 49298482339
5584 49333645441
5585 49370278151
5586 49417771651
5587 49459125721
5588 49483308421
5589 49515678241
5590 49526640193
5591 49573203451
5592 49583859547
5593 49584709651
5594 49592603041
5595 49597853581
5596 49624313203
5597 49677834667
5598 49768447891
5599 49788740737
5600 49798682077
5601 49822703869
5602 49848371821
5603 49895675887
5604 49898278369
5605 49935981763
5606 49938586561
5607 49992649939
5608 50010260137
5609 50049063641
5610 50052987487
5611 50053828441
5612 50067848791
5613 50071408831
5614 50102968651
5615 50135368471
5616 50154987403
5617 50156039389
5618 50303498261
5619 50352657829
5620 50478146413
5621 50508551969
5622 50510377633
5623 50513237867
5624 50578481539
5625 50586103717
5626 50590554361
5627 50618529361
5628 50650813963
5629 50652065801
5630 50661742141
5631 50679784513
5632 50688591361
5633 50710473451
5634 50735943289
5635 50758870541
5636 50762417777
5637 50818357525
5638 50820007837
5639 50831332777
5640 50872407217
5641 50922217963
5642 50967890167
5643 51005694871
5644 51010518659
5645 51020532067
5646 51032539231
5647 51066780931
5648 51085605451
5649 51111715663
5650 51112601101
5651 51121775251
5652 51183372101
5653 51185785099
5654 51186934163
5655 51193405051
5656 51211985623
5657 51312317701
5658 51328560601
5659 51329636821
5660 51332364901
5661 51360596761
5662 51428574541
5663 51436355851
5664 51471148961
5665 51538252537
5666 51570020741
5667 51584208283
5668 51588093679
5669 51596480629
5670 51605145601
5671 51650291681
5672 51706044253
5673 51708343873
5674 51736770289
5675 51753943627
5676 51755315509
5677 51823065257
5678 51842413361
5679 51888117877
5680 51893372329
5681 51911635201
5682 51954376553
5683 52032382781
5684 52042216451
5685 52115673613
5686 52146363403
5687 52173960841
5688 52212603799
5689 52215037057
5690 52216851761
5691 52251350321
5692 52265701441
5693 52267266199
5694 52347010847
5695 52394603977
5696 52430289871
5697 52529140141
5698 52570123517
5699 52584929671
5700 52631062381
5701 52661892721
5702 52663691809
5703 52672879087
5704 52703109421
5705 52724813969
5706 52726109801
5707 52783157701
5708 52808448001
5709 52878007801
5710 52901630491
5711 52959990331
5712 52983846469
5713 52995735941
5714 53001208891
5715 53015013101
5716 53038127971
5717 53040508177
5718 53065489753
5719 53093071201
5720 53101170571
5721 53128951261
5722 53201867461
5723 53216420671
5724 53227252801
5725 53252381989
5726 53289548201
5727 53314837409
5728 53319625607
5729 53339495653
5730 53364653341
5731 53378765023
5732 53409634819
5733 53412006751
5734 53414621501
5735 53437402621
5736 53457112171
5737 53468452871
5738 53483062603
5739 53491479341
5740 53506960753
5741 53508163411
5742 53528650081
5743 53572046221
5744 53595007831
5745 53599106107
5746 53671905101
5747 53721070349
5748 53747110561
5749 53752613881
5750 53756748161
5751 53757884293
5752 53793093061
5753 53799052231
5754 53801355623
5755 53811027271
5756 53888341537
5757 53889167431
5758 53898470803
5759 53901953029
5760 53910049831
5761 53917204771
5762 53945288251
5763 54005303381
5764 54006874111
5765 54023771141
5766 54035106133
5767 54041293129
5768 54077293297
5769 54083336179
5770 54086782753
5771 54123364681
5772 54159785441
5773 54184638511
5774 54204903061
5775 54272141641
5776 54298967311
5777 54325004467
5778 54374088917
5779 54381751621
5780 54450023821
5781 54457057621
5782 54538433041
5783 54538700449
5784 54573212233
5785 54618722551
5786 54627221251
5787 54661675741
5788 54668513791
5789 54759270997
5790 54807479821
5791 54811637761
5792 54864174377
5793 54890944111
5794 54898014653
5795 54902394601
5796 54909603877
5797 55001646421
5798 55048993057
5799 55085941081
5800 55109525329
5801 55129763431
5802 55140923581
5803 55165631041
5804 55172386081
5805 55206710681
5806 55237279429
5807 55254914947
5808 55287524791
5809 55377794441
5810 55381331251
5811 55522821461
5812 55528600051
5813 55528947631
5814 55550135507
5815 55611895721
5816 55612348801
5817 55782694241
5818 55803365641
5819 55809233371
5820 55814830849
5821 55831794881
5822 55832953807
5823 55880380081
5824 55890569737
5825 55892863133
5826 55930804577
5827 55968762781
5828 56005853221
5829 56070494281
5830 56108337739
5831 56155195021
5832 56206842121
5833 56207760641
5834 56249805977
5835 56254868461
5836 56287186409
5837 56309867461
5838 56321640649
5839 56347942141
5840 56358118321
5841 56361403001
5842 56365948277
5843 56421343213
5844 56428345711
5845 56440993883
5846 56502010153
5847 56511392701
5848 56513236501
5849 56538913201
5850 56614092071
5851 56708170201
5852 56717686411
5853 56718791641
5854 56738932993
5855 56751291829
5856 56752648811
5857 56771526241
5858 56840073751
5859 56892418753
5860 56921517283
5861 57039245873
5862 57075759691
5863 57087922477
5864 57103691833
5865 57131108521
5866 57167881261
5867 57171890759
5868 57181121311
5869 57182588191
5870 57192113021
5871 57201905801
5872 57211702801
5873 57213015553
5874 57294449857
5875 57298656871
5876 57320566921
5877 57331445761
5878 57378762673
5879 57439324181
5880 57468283489
5881 57473949037
5882 57482078413
5883 57587439911
5884 57591043891
5885 57610477633
5886 57615911767
5887 57620775997
5888 57642085561
5889 57643798081
5890 57644781011
5891 57689365441
5892 57708695881
5893 57730377641
5894 57737877311
5895 57771921817
5896 57807045787
5897 57894162481
5898 57897927721
5899 57933867421
5900 57942842011
5901 57952423021
5902 57958353839
5903 57999961937
5904 58003108153
5905 58003982359
5906 58084251751
5907 58156278181
5908 58187965513
5909 58190354801
5910 58233705559
5911 58249136261
5912 58318723621
5913 58366242901
5914 58382246449
5915 58391426003
5916 58438355977
5917 58441577923
5918 58468049641
5919 58526367901
5920 58545042139
5921 58566742697
5922 58587072937
5923 58591000861
5924 58642743199
5925 58669522463
5926 58700370187
5927 58711688641
5928 58727913113
5929 58770203857
5930 58783394413
5931 58788800533
5932 58800687107
5933 58801541401
5934 58801671953
5935 58810855559
5936 58813623247
5937 58833192601
5938 58844933281
5939 58852457821
5940 58870192609
5941 58873044511
5942 58915749257
5943 58947403369
5944 58960269061
5945 58996703611
5946 59010830869
5947 59011753309
5948 59070781657
5949 59104350271
5950 59144857507
5951 59148904543
5952 59230854919
5953 59299245241
5954 59310071383
5955 59337301651
5956 59390986651
5957 59449767301
5958 59464431757
5959 59485096217
5960 59496450133
5961 59567425163
5962 59591763883
5963 59614716001
5964 59656457233
5965 59677408961
5966 59681611201
5967 59707868273
5968 59717699581
5969 59719006777
5970 59722776521
5971 59765880319
5972 59826297151
5973 59829080851
5974 59856785561
5975 59893525721
5976 59905865251
5977 59915382101
5978 59936318839
5979 59952629353
5980 59986978501
5981 59989833751
5982 60019206089
5983 60025612501
5984 60035184553
5985 60058314161
5986 60080185579
5987 60092258627
5988 60143069827
5989 60173216231
5990 60175828627
5991 60183693361
5992 60204674251
5993 60252360079
5994 60265487431
5995 60273052003
5996 60361704671
5997 60405577261
5998 60405946087
5999 60447433741
6000 60523516873
6001 60524862553
6002 60610053869
6003 60625553633
6004 60634686907
6005 60645268153
6006 60663461293
6007 60675417601
6008 60682207601
6009 60699218581
6010 60700556281
6011 60705229891
6012 60740113429
6013 60757326193
6014 60791821273
6015 60818864903
6016 60855998131
6017 60856066133
6018 60904731691
6019 60948369721
6020 61025331403
6021 61040716801
6022 61054507993
6023 61085780207
6024 61089206413
6025 61157634049
6026 61180544701
6027 61184742391
6028 61193435689
6029 61199190361
6030 61235596577
6031 61243525171
6032 61244006479
6033 61251573181
6034 61273428973
6035 61279629979
6036 61281753557
6037 61298134453
6038 61380733751
6039 61393296067
6040 61413161587
6041 61441480081
6042 61480530721
6043 61555047709
6044 61567810397
6045 61576790881
6046 61594721281
6047 61595961571
6048 61606106563
6049 61613663203
6050 61617083617
6051 61626577027
6052 61644417409
6053 61648902631
6054 61680541231
6055 61717796731
6056 61740101503
6057 61744323961
6058 61794904081
6059 61804347991
6060 61825662137
6061 61842835333
6062 61847488081
6063 61854270571
6064 61883998667
6065 61887312521
6066 61892397137
6067 61924205347
6068 61933912657
6069 62009360137
6070 62013782657
6071 62058330133
6072 62064219001
6073 62080122673
6074 62080869313
6075 62086360771
6076 62126596981
6077 62173053697
6078 62183554777
6079 62216863061
6080 62230093901
6081 62247150703
6082 62352083333
6083 62356382593
6084 62375931251
6085 62384073571
6086 62396749183
6087 62414356573
6088 62446748071
6089 62451645059
6090 62468220439
6091 62471503501
6092 62501062501
6093 62508800173
6094 62515579253
6095 62529818807
6096 62538129127
6097 62554526159
6098 62577086251
6099 62605998461
6100 62642704321
6101 62659450933
6102 62670706561
6103 62677385821
6104 62721117761
6105 62730837751
6106 62743156901
6107 62747771131
6108 62757005329
6109 62857577221
6110 62858465083
6111 62899601623
6112 62953319899
6113 62976438533
6114 62982258263
6115 62992416761
6116 63008853673
6117 63126950671
6118 63129531781
6119 63147413863
6120 63187714801
6121 63216256951
6122 63234683569
6123 63248556001
6124 63260155681
6125 63280622521
6126 63280924897
6127 63281925001
6128 63291959369
6129 63369224101
6130 63395593003
6131 63415337861
6132 63461186461
6133 63520062341
6134 63521147891
6135 63525300833
6136 63537524821
6137 63574592131
6138 63610862503
6139 63640422103
6140 63655425049
6141 63701129773
6142 63770555293
6143 63904677901
6144 63922992533
6145 63934971517
6146 63943707691
6147 63951307813
6148 63959143411
6149 63969677389
6150 64008269137
6151 64017364181
6152 64028312713
6153 64043057569
6154 64110686641
6155 64123252849
6156 64141450081
6157 64158455791
6158 64158697261
6159 64176844481
6160 64237295431
6161 64268260471
6162 64305981163
6163 64342445273
6164 64443531263
6165 64472454061
6166 64567194689
6167 64576093753
6168 64584870373
6169 64669682491
6170 64751832157
6171 64757046881
6172 64803274201
6173 64803601409
6174 64844017471
6175 64850313221
6176 64862488643
6177 64897811089
6178 64907213993
6179 64978202521
6180 64980684001
6181 65013725701
6182 65021820931
6183 65028292561
6184 65046100477
6185 65096738743
6186 65103847201
6187 65137292977
6188 65188287991
6189 65199996889
6190 65209814881
6191 65328610051
6192 65380004743
6193 65418168691
6194 65421649441
6195 65431905611
6196 65469573791
6197 65499643841
6198 65547949447
6199 65580817303
6200 65589633089
6201 65671645789
6202 65673786553
6203 65728158889
6204 65779273393
6205 65779986161
6206 65805485089
6207 65830572361
6208 65862291757
6209 65883210667
6210 65937599443
6211 65978128973
6212 65988700241
6213 66014017501
6214 66064966801
6215 66066250973
6216 66113394187
6217 66122079791
6218 66142195351
6219 66148303561
6220 66180589177
6221 66189739471
6222 66200996929
6223 66205791241
6224 66219362371
6225 66233212379
6226 66286616131
6227 66292637393
6228 66322374259
6229 66324982921
6230 66335168551
6231 66358864133
6232 66383369389
6233 66400057153
6234 66430116943
6235 66514077631
6236 66584077141
6237 66618887653
6238 66655536097
6239 66671734411
6240 66672506323
6241 66675842551
6242 66690619777
6243 66691855441
6244 66703556503
6245 66711292481
6246 66763464961
6247 66774722503
6248 66786416173
6249 66812869657
6250 66833058601
6251 66871151887
6252 66883399091
6253 66893315821
6254 66895126651
6255 66934034501
6256 66963304711
6257 66972393053
6258 66976020833
6259 67022996431
6260 67044445471
6261 67056007033
6262 67056368921
6263 67056772171
6264 67110160349
6265 67160827141
6266 67162251899
6267 67167538903
6268 67176804769
6269 67289389501
6270 67309676191
6271 67326849451
6272 67336882621
6273 67343582503
6274 67348532161
6275 67366802353
6276 67444911901
6277 67445745571
6278 67516193089
6279 67536720343
6280 67548883417
6281 67578839803
6282 67581296917
6283 67591936729
6284 67610432887
6285 67617651221
6286 67622053591
6287 67671967501
6288 67696360903
6289 67727503399
6290 67768822837
6291 67770823651
6292 67779346801
6293 67817652821
6294 67850299441
6295 67853970031
6296 67890399571
6297 67916200769
6298 67926986947
6299 67983029731
6300 68010549521
6301 68039007037
6302 68045910643
6303 68056939567
6304 68069937601
6305 68082374791
6306 68123700311
6307 68124477851
6308 68129770411
6309 68179061681
6310 68182851241
6311 68184524801
6312 68191798951
6313 68204805271
6314 68253173551
6315 68261430001
6316 68274621361
6317 68284180577
6318 68284894681
6319 68289318241
6320 68310675529
6321 68310990617
6322 68316122813
6323 68356974001
6324 68410547921
6325 68554700761
6326 68555042161
6327 68587755497
6328 68618636689
6329 68637371833
6330 68644759801
6331 68671481299
6332 68689163201
6333 68692611401
6334 68692692851
6335 68705758109
6336 68712412987
6337 68792368189
6338 68806439201
6339 68813332531
6340 68866296517
6341 68913203591
6342 68924976121
6343 68961059749
6344 68980107809
6345 69059494193
6346 69115938811
6347 69127802801
6348 69138097183
6349 69170438251
6350 69175136801
6351 69188594887
6352 69202198181
6353 69205950703
6354 69208253897
6355 69215003911
6356 69272865523
6357 69345773569
6358 69348613951
6359 69441491461
6360 69445824533
6361 69496955221
6362 69505839551
6363 69520886891
6364 69538441849
6365 69593256587
6366 69620359681
6367 69632670829
6368 69643146581
6369 69702965641
6370 69710110499
6371 69731173537
6372 69732764641
6373 69773175349
6374 69832384903
6375 69888884339
6376 69907017181
6377 69923489579
6378 69928973353
6379 69966806641
6380 69994934461
6381 70024551943
6382 70043459977
6383 70055627329
6384 70087378063
6385 70090243903
6386 70155092233
6387 70176175183
6388 70181070961
6389 70214161501
6390 70215635351
6391 70257182071
6392 70268852809
6393 70271712001
6394 70273210177
6395 70282626511
6396 70316767369
6397 70356887119
6398 70371834037
6399 70400773279
6400 70412875051
6401 70481209633
6402 70490045347
6403 70519506917
6404 70526185577
6405 70549649731
6406 70567511459
6407 70589298529
6408 70603188193
6409 70603557481
6410 70610922841
6411 70630027729
6412 70650968851
6413 70651337539
6414 70656369473
6415 70675157401
6416 70696084231
6417 70784184013
6418 70819518001
6419 70836702301
6420 70914604177
6421 70982413837
6422 70998631331
6423 70999089817
6424 71004429029
6425 71024522633
6426 71025048277
6427 71056458607
6428 71080958749
6429 71132578351
6430 71136599683
6431 71139376261
6432 71187171277
6433 71191841249
6434 71197831981
6435 71227842187
6436 71230175017
6437 71238889231
6438 71242328497
6439 71251171297
6440 71279081311
6441 71283343861
6442 71283894571
6443 71382655681
6444 71397152833
6445 71408897717
6446 71437197281
6447 71467651553
6448 71468903017
6449 71522326063
6450 71543950157
6451 71578663921
6452 71599990339
6453 71627523241
6454 71645388827
6455 71679749917
6456 71718975511
6457 71722651681
6458 71756126857
6459 71774026759
6460 71820831601
6461 71833197061
6462 71834782489
6463 71846797229
6464 71877261901
6465 71895312133
6466 71915756753
6467 71919278771
6468 71920274791
6469 71942102251
6470 71946143153
6471 71956628641
6472 71988727981
6473 72012998003
6474 72058331809
6475 72077480021
6476 72144706537
6477 72197190287
6478 72297086207
6479 72299277667
6480 72300097549
6481 72329883823
6482 72344914459
6483 72438435073
6484 72468615941
6485 72476706457
6486 72552160909
6487 72565314697
6488 72614023561
6489 72634771567
6490 72636951691
6491 72654703213
6492 72746732917
6493 72758262601
6494 72759449951
6495 72772130993
6496 72795371041
6497 72892301653
6498 72916165657
6499 72992899501
6500 73094147449
6501 73095430801
6502 73117513129
6503 73182238823
6504 73205554507
6505 73268325173
6506 73296111877
6507 73337133241
6508 73363989511
6509 73371259309
6510 73376354479
6511 73379199601
6512 73409135573
6513 73409408161
6514 73492720177
6515 73526318407
6516 73608453991
6517 73615994497
6518 73682790931
6519 73691210251
6520 73708669009
6521 73782722353
6522 73819269217
6523 73865880113
6524 73883977931
6525 73888379347
6526 74013968359
6527 74027102957
6528 74039780323
6529 74041063321
6530 74042931331
6531 74058682837
6532 74070703741
6533 74100899993
6534 74136789329
6535 74166987511
6536 74189445571
6537 74191907791
6538 74221061461
6539 74226414247
6540 74228295403
6541 74264074921
6542 74277696901
6543 74297069309
6544 74307018241
6545 74310278197
6546 74340674101
6547 74342716003
6548 74359744201
6549 74361241361
6550 74362859131
6551 74367741761
6552 74389998013
6553 74406840349
6554 74414089571
6555 74448462691
6556 74485544981
6557 74491652467
6558 74529682501
6559 74531825729
6560 74541544043
6561 74558202533
6562 74638782401
6563 74654151391
6564 74667377233
6565 74669260051
6566 74689172713
6567 74710646921
6568 74723398247
6569 74757606659
6570 74790657817
6571 74838232849
6572 74883152261
6573 74892367243
6574 74898242767
6575 74906875891
6576 74945016565
6577 74963305231
6578 74977936793
6579 74987949587
6580 74998550377
6581 75039069337
6582 75048346433
6583 75090317179
6584 75119701229
6585 75140503201
6586 75164575501
6587 75192113077
6588 75193784959
6589 75219233251
6590 75290752681
6591 75301222193
6592 75312235861
6593 75337085869
6594 75369637729
6595 75418022443
6596 75461067991
6597 75461972249
6598 75475746217
6599 75522444337
6600 75556599581
6601 75602575693
6602 75607616177
6603 75623713309
6604 75649866553
6605 75654860821
6606 75676644361
6607 75682642681
6608 75712040581
6609 75712495997
6610 75715853333
6611 75748929673
6612 75759947647
6613 75770430451
6614 75877179827
6615 75966624397
6616 75971045503
6617 76111107073
6618 76161946513
6619 76195795033
6620 76250631733
6621 76266018181
6622 76281350867
6623 76311986071
6624 76326218833
6625 76344055261
6626 76441784161
6627 76448906731
6628 76485454333
6629 76491964061
6630 76492573151
6631 76515904319
6632 76572328981
6633 76579104367
6634 76594435921
6635 76692329737
6636 76754039077
6637 76771331731
6638 76777717591
6639 76779003799
6640 76793970247
6641 76804400063
6642 76836515617
6643 76903284481
6644 76918852531
6645 76932423301
6646 76936886629
6647 76945440139
6648 76958716213
6649 76988204879
6650 76998386077
6651 77002698307
6652 77024430253
6653 77070285541
6654 77114112013
6655 77117108251
6656 77140203463
6657 77155142191
6658 77164031501
6659 77185268441
6660 77234150897
6661 77240766241
6662 77263163671
6663 77264058901
6664 77272256881
6665 77370038441
6666 77402288233
6667 77406733681
6668 77417793151
6669 77483246611
6670 77548195481
6671 77601151759
6672 77611088017
6673 77616022969
6674 77618656501
6675 77628381811
6676 77644493191
6677 77645155729
6678 77654099279
6679 77669004421
6680 77676752651
6681 77678490781
6682 77730803333
6683 77734227691
6684 77744325121
6685 77794140097
6686 77794208101
6687 77797435609
6688 77802549241
6689 77807745751
6690 77839101623
6691 77901052231
6692 77916829901
6693 77948152741
6694 77960645911
6695 78042708001
6696 78051250201
6697 78055650821
6698 78218328581
6699 78272567449
6700 78284154563
6701 78314716537
6702 78345449821
6703 78363620479
6704 78376881997
6705 78386012041
6706 78386615393
6707 78403348801
6708 78410767447
6709 78461431129
6710 78479890471
6711 78483310501
6712 78496731721
6713 78502446223
6714 78513413101
6715 78571414307
6716 78621569729
6717 78635044559
6718 78645191941
6719 78646374901
6720 78658400521
6721 78662949067
6722 78671004721
6723 78673448101
6724 78779689453
6725 78796243241
6726 78884617141
6727 78971111389
6728 79040918881
6729 79059053851
6730 79065628189
6731 79113847231
6732 79148031817
6733 79190575157
6734 79232848003
6735 79250473157
6736 79252287409
6737 79278403201
6738 79345741229
6739 79357007143
6740 79369142353
6741 79396366849
6742 79456542761
6743 79530178201
6744 79581498181
6745 79638336121
6746 79648350811
6747 79688633119
6748 79766786017
6749 79786172449
6750 79796973481
6751 79871897467
6752 79931466341
6753 79935795031
6754 79937446711
6755 79953194137
6756 79986929227
6757 80020372433
6758 80035066051
6759 80041766869
6760 80106786769
6761 80141693831
6762 80227252841
6763 80238611461
6764 80243064241
6765 80307314081
6766 80324100497
6767 80325337597
6768 80330518801
6769 80387362189
6770 80396776309
6771 80438200273
6772 80486399251
6773 80518621051
6774 80533475167
6775 80543646151
6776 80594454529
6777 80637927281
6778 80650982413
6779 80663946931
6780 80759968087
6781 80863952833
6782 80884509067
6783 80889855467
6784 81011790427
6785 81035240221
6786 81066137881
6787 81086411761
6788 81101129257
6789 81116500123
6790 81177052717
6791 81177614281
6792 81186743431
6793 81328459423
6794 81335094781
6795 81353251279
6796 81355324051
6797 81365918311
6798 81387307009
6799 81392380691
6800 81416682691
6801 81427894109
6802 81489368143
6803 81496277437
6804 81590830903
6805 81635623543
6806 81657936301
6807 81701456761
6808 81759181177
6809 81779479471
6810 81794552491
6811 81845585389
6812 81862924123
6813 81887099221
6814 81893136781
6815 81918223213
6816 81979391861
6817 81991246769
6818 82018448929
6819 82128812851
6820 82134788051
6821 82135521451
6822 82182266251
6823 82236820681
6824 82245709421
6825 82269424777
6826 82286697529
6827 82292876681
6828 82342777981
6829 82347802153
6830 82355549761
6831 82412287357
6832 82489791973
6833 82555158533
6834 82575266857
6835 82577270273
6836 82603166857
6837 82660522127
6838 82673297029
6839 82688585281
6840 82704540073
6841 82705339501
6842 82728179899
6843 82746135919
6844 82748006329
6845 82758375703
6846 82808343307
6847 82839949291
6848 82913248459
6849 82953772903
6850 82980354521
6851 82989458119
6852 82994003821
6853 82995074737
6854 83036886481
6855 83106105223
6856 83128085881
6857 83146320841
6858 83159187931
6859 83182555513
6860 83203800373
6861 83229632281
6862 83268352637
6863 83288372707
6864 83309335061
6865 83314276321
6866 83316295441
6867 83396037911
6868 83462693581
6869 83463020083
6870 83469641777
6871 83509426261
6872 83582659651
6873 83599111993
6874 83654202061
6875 83874294193
6876 83950386241
6877 83964141577
6878 83969061619
6879 83988106063
6880 84118467439
6881 84149785903
6882 84190073311
6883 84190694491
6884 84240157427
6885 84312839521
6886 84324270031
6887 84439280941
6888 84466048591
6889 84492293131
6890 84498127099
6891 84508303153
6892 84516332041
6893 84526969759
6894 84544431217
6895 84545182411
6896 84602505313
6897 84614626027
6898 84748112191
6899 84763647847
6900 84799791001
6901 84848955283
6902 84880995571
6903 84884485141
6904 84997560341
6905 85019034941
6906 85033316677
6907 85103495641
6908 85103693471
6909 85289001571
6910 85312762079
6911 85346170993
6912 85384740929
6913 85384958541
6914 85387127401
6915 85426806529
6916 85466523277
6917 85478869607
6918 85511095883
6919 85514902903
6920 85533391777
6921 85533497747
6922 85554609031
6923 85597016977
6924 85654714289
6925 85702605697
6926 85704842701
6927 85741577767
6928 85749606811
6929 85778153651
6930 85780135333
6931 85798010161
6932 85856722513
6933 85899182401
6934 85920773177
6935 85955638121
6936 85989249347
6937 86004824123
6938 86046721867
6939 86104978513
6940 86159627149
6941 86223320107
6942 86249190541
6943 86264763941
6944 86282982661
6945 86343645889
6946 86346110561
6947 86357645191
6948 86403349117
6949 86460614881
6950 86528562041
6951 86556643489
6952 86556855887
6953 86618041093
6954 86654267647
6955 86660390881
6956 86669784371
6957 86717463841
6958 86725170643
6959 86729157451
6960 86782299521
6961 86790832213
6962 86974418077
6963 86996278783
6964 87016356233
6965 87020201971
6966 87078492181
6967 87189641549
6968 87273456013
6969 87281462831
6970 87293494513
6971 87309524089
6972 87332307301
6973 87334227541
6974 87360854533
6975 87382089733
6976 87405681871
6977 87434658979
6978 87511498903
6979 87576001633
6980 87602040913
6981 87611933503
6982 87722478091
6983 87723356311
6984 87761248147
6985 87768035191
6986 87794430751
6987 87856797881
6988 87878120401
6989 87910270381
6990 87921426071
6991 87965134591
6992 88070356067
6993 88202453333
6994 88281288721
6995 88306502131
6996 88309480981
6997 88327100941
6998 88383961247
6999 88392254653
7000 88399033777
7001 88406808571
7002 88462499077
7003 88465460981
7004 88528512013
7005 88528535371
7006 88576088791
7007 88650576701
7008 88728210001
7009 88882344631
7010 88958252701
7011 88960586177
7012 88967512129
7013 88986515437
7014 89030457433
7015 89073690679
7016 89073918991
7017 89124321313
7018 89180192329
7019 89227576831
7020 89308483447
7021 89319250651
7022 89371129651
7023 89381492483
7024 89414381521
7025 89435035999
7026 89502117083
7027 89528946103
7028 89532174421
7029 89564982817
7030 89580124801
7031 89587132517
7032 89652940651
7033 89654154493
7034 89668290421
7035 89758069111
7036 89771701801
7037 89774615213
7038 89795379871
7039 89813305837
7040 89948115181
7041 90044032051
7042 90175862113
7043 90222117617
7044 90222975599
7045 90229269953
7046 90250524097
7047 90296586451
7048 90311972351
7049 90314767201
7050 90367439761
7051 90382411841
7052 90398063071
7053 90528271681
7054 90540447601
7055 90587088013
7056 90590451031
7057 90590819041
7058 90662473277
7059 90683371631
7060 90683767921
7061 90740517001
7062 90811910701
7063 90827613017
7064 90832387741
7065 90882705079
7066 90908057633
7067 90942580357
7068 90962452723
7069 90971974297
7070 90984361807
7071 91004635933
7072 91011491653
7073 91052924257
7074 91102430981
7075 91111702501
7076 91142370551
7077 91186382849
7078 91277546749
7079 91295254069
7080 91313507851
7081 91372733729
7082 91432001317
7083 91478973997
7084 91506909313
7085 91531058851
7086 91635929419
7087 91642999111
7088 91743360481
7089 91765566547
7090 91780216831
7091 91794571111
7092 91843531363
7093 91858513069
7094 91904318227
7095 91904891569
7096 91915115527
7097 91922325373
7098 91934320561
7099 91940700697
7100 91976742281
7101 91988845057
7102 91992022753
7103 92029039831
7104 92215478951
7105 92249510641
7106 92271641281
7107 92304502291
7108 92380393121
7109 92398101097
7110 92460793303
7111 92528140849
7112 92566010231
7113 92601631061
7114 92691925561
7115 92760214471
7116 92769008641
7117 92817578701
7118 92842414183
7119 92879226331
7120 92890027057
7121 92908169113
7122 92921566501
7123 92969153551
7124 92987669539
7125 93014064361
7126 93096543307
7127 93115950689
7128 93163555609
7129 93167514133
7130 93178088033
7131 93224540503
7132 93237363409
7133 93252928297
7134 93265830193
7135 93275524553
7136 93304131577
7137 93325107517
7138 93354568231
7139 93463810133
7140 93499365961
7141 93512226991
7142 93532671541
7143 93542290087
7144 93608217553
7145 93674006227
7146 93682099681
7147 93686449369
7148 93725449849
7149 93788015813
7150 93796556071
7151 93809047081
7152 93828891589
7153 93830552311
7154 93899361403
7155 93946291541
7156 93964406551
7157 93994903213
7158 94004108227
7159 94072120511
7160 94129621321
7161 94169971171
7162 94203436111
7163 94213416907
7164 94247311507
7165 94274155531
7166 94287431701
7167 94300536331
7168 94306579201
7169 94324183633
7170 94333401901
7171 94336339969
7172 94363899127
7173 94534868431
7174 94602712753
7175 94628813203
7176 94650838241
7177 94722449839
7178 94745609071
7179 94818635077
7180 94828563461
7181 94833681601
7182 94853679617
7183 94876585981
7184 94885114843
7185 94918627981
7186 94958750881
7187 95001446513
7188 95017867309
7189 95035540601
7190 95037586001
7191 95051482819
7192 95089127407
7193 95096667961
7194 95125941065
7195 95155502017
7196 95161679621
7197 95204627389
7198 95261289601
7199 95276393479
7200 95282285473
7201 95371568911
7202 95385388447
7203 95401837777
7204 95455185911
7205 95482030001
7206 95508066721
7207 95560612057
7208 95626005109
7209 95632291591
7210 95660175529
7211 95663816581
7212 95666335801
7213 95701733989
7214 95702031253
7215 95720190721
7216 95738930431
7217 95747052733
7218 95884091741
7219 95896824193
7220 95967327611
7221 95976378577
7222 96024626251
7223 96061508173
7224 96072618101
7225 96185637901
7226 96245552521
7227 96320477863
7228 96323112313
7229 96356810929
7230 96382094579
7231 96435356581
7232 96463849123
7233 96483724453
7234 96518834921
7235 96543268667
7236 96554415961
7237 96592931353
7238 96609994651
7239 96619208011
7240 96649638667
7241 96665186971
7242 96689472133
7243 96739069591
7244 96805117501
7245 96823084177
7246 96911943731
7247 96963703877
7248 96995209609
7249 96998143747
7250 96998649217
7251 97033778909
7252 97056029071
7253 97126001113
7254 97155175657
7255 97169997427
7256 97186086131
7257 97214703211
7258 97226551813
7259 97294208761
7260 97300718857
7261 97340325937
7262 97342449163
7263 97342649909
7264 97344198331
7265 97358379691
7266 97466942393
7267 97477706899
7268 97504580963
7269 97583488469
7270 97594241851
7271 97635230113
7272 97638066901
7273 97646190881
7274 97672172033
7275 97690194307
7276 97694799679
7277 97750100659
7278 97771083301
7279 97812013309
7280 97822318609
7281 97884480539
7282 97934196671
7283 97975342583
7284 97976138353
7285 97990363411
7286 98006880847
7287 98045611301
7288 98095780931
7289 98116550533
7290 98124081017
7291 98133628657
7292 98153382097
7293 98160069079
7294 98175811651
7295 98207807851
7296 98260462957
7297 98271106751
7298 98318408203
7299 98370623521
7300 98468714107
7301 98485699577
7302 98566845001
7303 98582662641
7304 98609795201
7305 98669475367
7306 98682161789
7307 98712332237
7308 98784374291
7309 98807805301
7310 98885805929
7311 98916647761
7312 98934842287
7313 98938585621
7314 98962322551
7315 98999116201
7316 99041504813
7317 99058723051
7318 99060600809
7319 99128269633
7320 99181577587
7321 99191069461
7322 99214091201
7323 99265673119
7324 99267871951
7325 99290897941
7326 99308097307
7327 99317063537
7328 99329021611
7329 99360323981
7330 99376900687
7331 99426757357
7332 99437805391
7333 99440202991
7334 99514739221
7335 99693483499
7336 99695979631
7337 99719113561
7338 99744356161
7339 99844019237
7340 99983499529
7341 100013964079
7342 100023178483
7343 100024387849
7344 100095241291
7345 100115042897
7346 100123254533
7347 100238978641
7348 100242789791
7349 100250444821
7350 100305491347
7351 100338158957
7352 100369727011
7353 100387181611
7354 100394014141
7355 100409176897
7356 100410173761
7357 100419425633
7358 100516567621
7359 100619858503
7360 100633160281
7361 100659023467
7362 100722501343
7363 100736229637
7364 100747060151
7365 100815000833
7366 100831142689
7367 100862234881
7368 100932043213
7369 100963170641
7370 100988124301
7371 100989535501
7372 101015696711
7373 101015703419
7374 101079458713
7375 101263129159
7376 101278050121
7377 101293485607
7378 101318854517
7379 101321855461
7380 101336143273
7381 101468949157
7382 101485495651
7383 101528812633
7384 101541433897
7385 101601858821
7386 101650285153
7387 101660396041
7388 101671614883
7389 101699372503
7390 101714516801
7391 101726056717
7392 101741033633
7393 101791396801
7394 101805529351
7395 102027685561
7396 102029016457
7397 102041521471
7398 102049396717
7399 102078563203
7400 102097191457
7401 102116521081
7402 102142188931
7403 102181432081
7404 102230759341
7405 102277945001
7406 102293465401
7407 102322701253
7408 102379277821
7409 102408378679
7410 102446078407
7411 102469474951
7412 102478254341
7413 102538073177
7414 102590482991
7415 102590700101
7416 102613690873
7417 102618783401
7418 102621609313
7419 102658522231
7420 102696677857
7421 102703051153
7422 102727354531
7423 102835251203
7424 102855388681
7425 102931966931
7426 102955142137
7427 102971061761
7428 102999424537
7429 103018691707
7430 103030624313
7431 103067761231
7432 103077311401
7433 103099015037
7434 103155673237
7435 103193653333
7436 103209513983
7437 103234331591
7438 103267575031
7439 103365095681
7440 103369751801
7441 103387758541
7442 103391506037
7443 103463033771
7444 103510438747
7445 103551112081
7446 103592513837
7447 103646844391
7448 103681955101
7449 103784644477
7450 103792215073
7451 103844965489
7452 103875387877
7453 103902607621
7454 103907074133
7455 103918334917
7456 103957740253
7457 103991152921
7458 104070030121
7459 104097455323
7460 104126581861
7461 104225900689
7462 104245223101
7463 104352651551
7464 104379490351
7465 104410438273
7466 104460351421
7467 104482483351
7468 104494661281
7469 104511966337
7470 104520191903
7471 104530857601
7472 104665581901
7473 104807409367
7474 104860201951
7475 104865429551
7476 104988448973
7477 105004526051
7478 105044759227
7479 105067727563
7480 105115944121
7481 105116791201
7482 105131827991
7483 105161640877
7484 105250603481
7485 105284305211
7486 105346696591
7487 105409319329
7488 105423824971
7489 105463457791
7490 105476250133
7491 105534057331
7492 105545852897
7493 105612890041
7494 105616288009
7495 105622556033
7496 105657322961
7497 105735529789
7498 105808477321
7499 105828153001
7500 105852123001
7501 105887700883
7502 105943297241
7503 105952257251
7504 105966291523
7505 105976359301
7506 105980132413
7507 106103493427
7508 106115749951
7509 106157952253
7510 106198332241
7511 106200560701
7512 106213528961
7513 106233820673
7514 106252891291
7515 106287697909
7516 106289102917
7517 106307296651
7518 106329545281
7519 106351615393
7520 106377229531
7521 106425603019
7522 106432595207
7523 106494932881
7524 106628855131
7525 106643354383
7526 106683888403
7527 106704259201
7528 106720831573
7529 106877981953
7530 106989426721
7531 107102984311
7532 107119292281
7533 107129777581
7534 107216306237
7535 107231807041
7536 107239032431
7537 107266352071
7538 107283373291
7539 107405532631
7540 107435296439
7541 107461737601
7542 107470155781
7543 107516959903
7544 107517419209
7545 107562832931
7546 107563125601
7547 107583305281
7548 107626634161
7549 107634681967
7550 107655428161
7551 107717769641
7552 107743337461
7553 107786294773
7554 107786854199
7555 107889663407
7556 107909392081
7557 107947647061
7558 108000142951
7559 108005071201
7560 108019423513
7561 108041686663
7562 108085355809
7563 108086074111
7564 108120430861
7565 108132602327
7566 108138520351
7567 108139046251
7568 108174586411
7569 108199950409
7570 108239208533
7571 108307549921
7572 108323466271
7573 108397016113
7574 108411383053
7575 108467940967
7576 108476206213
7577 108515091691
7578 108523074281
7579 108557285953
7580 108560409211
7581 108568546087
7582 108597363841
7583 108632958253
7584 108633538763
7585 108693941987
7586 108702348049
7587 108714378319
7588 108719785651
7589 108747152089
7590 108750608401
7591 108760155421
7592 108802847341
7593 108827433307
7594 108831944383
7595 108846655081
7596 108849146641
7597 108864760681
7598 108874912147
7599 108879335881
7600 108886630763
7601 108934160501
7602 108953823841
7603 108964198951
7604 109004370829
7605 109008330313
7606 109010326351
7607 109018369387
7608 109025030503
7609 109038425981
7610 109042627231
7611 109049893633
7612 109054577311
7613 109054747561
7614 109073689507
7615 109148497219
7616 109261809847
7617 109364130331
7618 109401571199
7619 109474100189
7620 109519463437
7621 109532031793
7622 109574486911
7623 109660564847
7624 109683352981
7625 109702914133
7626 109709350831
7627 109740092281
7628 109778872141
7629 109834984417
7630 109929033271
7631 110046873511
7632 110089148581
7633 110198018449
7634 110238235361
7635 110282302901
7636 110285721043
7637 110330267041
7638 110346378031
7639 110350979461
7640 110373587749
7641 110378001889
7642 110431546241
7643 110518656817
7644 110539414207
7645 110547071431
7646 110583585811
7647 110599275403
7648 110771282701
7649 110814543841
7650 110820130769
7651 110862469051
7652 110870608679
7653 110876601169
7654 110966174201
7655 111033276611
7656 111045079009
7657 111048567859
7658 111060976133
7659 111062388923
7660 111119901031
7661 111125634181
7662 111254376227
7663 111313400059
7664 111322862731
7665 111341924381
7666 111476963333
7667 111529629121
7668 111549467611
7669 111583414321
7670 111585025879
7671 111617246561
7672 111627745741
7673 111650719573
7674 111736192261
7675 111810820351
7676 111854333761
7677 112011877363
7678 112013220013
7679 112118376371
7680 112136133619
7681 112259859857
7682 112279581829
7683 112318958501
7684 112338793051
7685 112424837771
7686 112490607461
7687 112505654647
7688 112514017111
7689 112554681643
7690 112600067113
7691 112627594351
7692 112648148929
7693 112690812529
7694 112701587041
7695 112763675053
7696 112805744549
7697 112824934289
7698 112879722511
7699 112882680913
7700 112953295267
7701 112985193151
7702 113004244501
7703 113005362721
7704 113035177487
7705 113041437391
7706 113049987247
7707 113102083333
7708 113120125273
7709 113138429587
7710 113158985941
7711 113164815961
7712 113210344801
7713 113252855731
7714 113328575267
7715 113358510931
7716 113366771281
7717 113380469119
7718 113416662913
7719 113439180403
7720 113462181883
7721 113470522901
7722 113479194601
7723 113498530133
7724 113502452251
7725 113551617013
7726 113552317477
7727 113573313001
7728 113596918469
7729 113624878837
7730 113633451073
7731 113690005381
7732 113822909623
7733 113919053333
7734 113955477421
7735 114012433081
7736 114058395361
7737 114096715391
7738 114149206081
7739 114150163249
7740 114196777579
7741 114250064881
7742 114382913233
7743 114403811941
7744 114423932239
7745 114434576299
7746 114437785309
7747 114441098339
7748 114447735751
7749 114516297451
7750 114578250601
7751 114587610721
7752 114640598491
7753 114745436051
7754 114817495097
7755 114821032181
7756 114826623031
7757 114868339979
7758 114886229581
7759 114990208321
7760 115030977571
7761 115040676017
7762 115095180001
7763 115099290307
7764 115143064345
7765 115181297383
7766 115206480091
7767 115218204733
7768 115286419201
7769 115302415841
7770 115307591701
7771 115399229581
7772 115399696843
7773 115409131543
7774 115448533903
7775 115451305789
7776 115502341501
7777 115503986089
7778 115561752881
7779 115566523781
7780 115593334001
7781 115595016139
7782 115604676703
7783 115645586113
7784 115703168533
7785 115724565721
7786 115740322111
7787 115756898711
7788 115761303379
7789 115763148013
7790 115765893253
7791 115800030739
7792 115841608741
7793 115851112889
7794 115953516001
7795 115969145041
7796 116008533721
7797 116028551437
7798 116039618641
7799 116073207031
7800 116099529031
7801 116124059041
7802 116177248637
7803 116193731473
7804 116210928151
7805 116256468017
7806 116297722621
7807 116311303291
7808 116320833091
7809 116351114351
7810 116363598751
7811 116367420509
7812 116369280431
7813 116381114809
7814 116453793541
7815 116472054511
7816 116495763841
7817 116586717913
7818 116643650761
7819 116664783841
7820 116703384583
7821 116739041579
7822 116753411431
7823 116789815897
7824 116815222091
7825 116816734087
7826 116817755239
7827 116853112291
7828 116875090333
7829 116875097641
7830 116895464225
7831 116922041083
7832 117038129281
7833 117045829631
7834 117085775941
7835 117094263553
7836 117169873591
7837 117184876903
7838 117196691693
7839 117204264251
7840 117212025481
7841 117225546301
7842 117259666651
7843 117298039897
7844 117361767643
7845 117363498251
7846 117388293751
7847 117435944039
7848 117437144131
7849 117464229037
7850 117517031017
7851 117536712859
7852 117577438217
7853 117632628361
7854 117648434821
7855 117661732651
7856 117663717151
7857 117698607937
7858 117747175631
7859 117860953211
7860 117862480733
7861 117916823099
7862 117926394917
7863 117930513949
7864 117954595333
7865 118007913661
7866 118009421927
7867 118017396781
7868 118031174497
7869 118038248221
7870 118041012181
7871 118054738751
7872 118071852361
7873 118092057847
7874 118120613053
7875 118127873221
7876 118127890891
7877 118132936153
7878 118171797001
7879 118214685793
7880 118240078009
7881 118241487583
7882 118250410141
7883 118274119111
7884 118297732177
7885 118381494533
7886 118398370427
7887 118478114371
7888 118497281141
7889 118498340269
7890 118520285563
7891 118541866801
7892 118605102001
7893 118647288761
7894 118670087467
7895 118683155543
7896 118750385161
7897 118772317801
7898 118775141633
7899 118809180001
7900 118858108141
7901 118878234931
7902 118901694451
7903 118925615621
7904 118982964101
7905 119003394973
7906 119031493057
7907 119037537337
7908 119058413161
7909 119145285829
7910 119155890379
7911 119157774961
7912 119197044781
7913 119292141361
7914 119368364873
7915 119409193037
7916 119461498003
7917 119490114241
7918 119566654201
7919 119607655051
7920 119625790411
7921 119669513671
7922 119688724531
7923 119720835697
7924 119801943271
7925 119808625879
7926 119828561273
7927 119834257087
7928 119890068301
7929 119941416449
7930 119991148201
7931 120053049859
7932 120060044089
7933 120062878027
7934 120069485677
7935 120069929851
7936 120162471503
7937 120315341257
7938 120349410121
7939 120351456961
7940 120381163267
7941 120416524999
7942 120423325091
7943 120439245389
7944 120459639301
7945 120481281601
7946 120498437599
7947 120511450621
7948 120519601777
7949 120588275809
7950 120591914659
7951 120629272147
7952 120688183841
7953 120705032533
7954 120708234811
7955 120758954131
7956 120799207181
7957 120850556737
7958 120865112497
7959 120869539339
7960 120877070959
7961 121039438081
7962 121121030941
7963 121189473341
7964 121209608719
7965 121213708951
7966 121271968201
7967 121290651841
7968 121311632401
7969 121357906699
7970 121447539221
7971 121486808479
7972 121486914877
7973 121523481043
7974 121538015393
7975 121729563451
7976 121773559057
7977 121797884161
7978 121864654189
7979 121940834401
7980 121955099141
7981 121955517001
7982 121983606497
7983 122050488127
7984 122078762191
7985 122157100621
7986 122160500281
7987 122172787361
7988 122238158641
7989 122271455419
7990 122323235653
7991 122405725801
7992 122487570521
7993 122531063203
7994 122570863633
7995 122611394593
7996 122661787951
7997 122665358341
7998 122669405231
7999 122692333441
8000 122739067153
8001 122747549633
8002 122798130841
8003 122826949727
8004 122898751309
8005 122901681961
8006 122975277121
8007 122978102353
8008 123015375757
8009 123043113439
8010 123083346241
8011 123107654251
8012 123155678081
8013 123157946497
8014 123161941687
8015 123202572901
8016 123279757217
8017 123324655651
8018 123361202441
8019 123427222777
8020 123471516281
8021 123485937121
8022 123504644821
8023 123564377047
8024 123572846953
8025 123603015691
8026 123603453121
8027 123633004321
8028 123739941601
8029 123766778131
8030 123781732903
8031 123877337431
8032 123894830413
8033 123916390571
8034 123967180741
8035 123995101051
8036 124038605701
8037 124052745589
8038 124085192617
8039 124091467933
8040 124101049717
8041 124106173381
8042 124114316761
8043 124134627943
8044 124151303291
8045 124172545351
8046 124261248151
8047 124310753971
8048 124423225921
8049 124481470033
8050 124520710021
8051 124543842061
8052 124572923593
8053 124611472133
8054 124701966313
8055 124723491071
8056 124807641601
8057 124858789903
8058 124861237831
8059 124872550993
8060 124915171681
8061 124919782261
8062 124971246401
8063 125107012171
8064 125155004501
8065 125223133249
8066 125233843285
8067 125267868289
8068 125273844229
8069 125280977251
8070 125412492641
8071 125478243479
8072 125481200833
8073 125490301273
8074 125501251501
8075 125567112533
8076 125603460473
8077 125638023211
8078 125664066361
8079 125665333333
8080 125671602401
8081 125762789881
8082 125775746101
8083 125801711221
8084 125879151691
8085 125884159147
8086 125898555751
8087 126059999677
8088 126074053939
8089 126104958673
8090 126125506271
8091 126152091781
8092 126195445603
8093 126247976791
8094 126273286301
8095 126284336641
8096 126395359201
8097 126434844091
8098 126471089057
8099 126543485503
8100 126546195847
8101 126653265187
8102 126876590101
8103 126899566529
8104 126900036551
8105 126903599621
8106 126940761221
8107 126962978081
8108 127022474701
8109 127053216247
8110 127086467999
8111 127088910341
8112 127131416273
8113 127225304431
8114 127296464261
8115 127311715351
8116 127368257941
8117 127375456739
8118 127411106761
8119 127465757407
8120 127488190033
8121 127533876101
8122 127563443437
8123 127586001757
8124 127659539681
8125 127683118207
8126 127702440013
8127 127758862351
8128 127826719171
8129 127832618161
8130 128021616433
8131 128031012607
8132 128033538097
8133 128059791001
8134 128075733871
8135 128093304751
8136 128135608297
8137 128162774881
8138 128282461501
8139 128321161201
8140 128348368513
8141 128396275001
8142 128409690151
8143 128418692033
8144 128436071941
8145 128454323227
8146 128501996869
8147 128537597833
8148 128586823121
8149 128604848149
8150 128634796153
8151 128693810857
8152 128736268183
8153 128766498547
8154 128768614801
8155 128779585201
8156 128799946381
8157 128844650761
8158 128897795083
8159 129017372801
8160 129112166639
8161 129118651201
8162 129152678203
8163 129157079591
8164 129189328867
8165 129191080409
8166 129219384961
8167 129262618781
8168 129334178471
8169 129349005031
8170 129358889921
8171 129390269251
8172 129407965331
8173 129470048101
8174 129470632201
8175 129509200231
8176 129547352971
8177 129555819541
8178 129630334079
8179 129667957651
8180 129689934571
8181 129695505941
8182 129701719951
8183 129702157903
8184 129725448533
8185 129795328021
8186 129835499509
8187 129836652571
8188 129873345031
8189 129925983071
8190 129930148741
8191 129946745503
8192 129948615857
8193 130008097871
8194 130025549477
8195 130070036741
8196 130102806737
8197 130135874353
8198 130173194161
8199 130248875851
8200 130286497357
8201 130307462851
8202 130500268403
8203 130601965457
8204 130608249643
8205 130627047851
8206 130651218253
8207 130656263761
8208 130693253311
8209 130741581601
8210 130747847413
8211 130752571207
8212 130764044329
8213 130805628301
8214 130946875291
8215 131038739311
8216 131104839871
8217 131108246257
8218 131111880013
8219 131159814787
8220 131335616047
8221 131372590981
8222 131379136393
8223 131389637261
8224 131465830879
8225 131557073467
8226 131591680481
8227 131660662361
8228 131672818729
8229 131690219779
8230 131732887087
8231 131746007483
8232 131754563333
8233 131761764577
8234 131785946111
8235 131905494533
8236 131983076473
8237 131985706663
8238 132028975009
8239 132047707661
8240 132057758197
8241 132074581489
8242 132141834793
8243 132150607387
8244 132156934867
8245 132287824061
8246 132306680683
8247 132321142801
8248 132336797851
8249 132376976191
8250 132391146301
8251 132414570989
8252 132417644131
8253 132464691221
8254 132560570731
8255 132693823373
8256 132706872341
8257 132715556821
8258 132716402653
8259 132717579539
8260 132735141241
8261 132751409617
8262 132761562301
8263 132767258867
8264 132806983753
8265 132888653333
8266 132909583577
8267 132957954037
8268 133010434831
8269 133035151817
8270 133040763017
8271 133150307137
8272 133292036179
8273 133354481261
8274 133376157601
8275 133398124861
8276 133418111371
8277 133456693147
8278 133515724301
8279 133565520271
8280 133571592967
8281 133627151701
8282 133630799851
8283 133732937087
8284 133743686501
8285 133785215041
8286 133836840481
8287 133841808271
8288 133848016921
8289 133876368037
8290 133982290513
8291 134013847309
8292 134050057051
8293 134076929501
8294 134083314919
8295 134106243239
8296 134152417171
8297 134160253621
8298 134205210133
8299 134213028553
8300 134213797999
8301 134236138807
8302 134288979841
8303 134324539513
8304 134329374901
8305 134362312631
8306 134395633633
8307 134420576599
8308 134452280003
8309 134538688831
8310 134540135137
8311 134566239641
8312 134583842359
8313 134591275541
8314 134655221863
8315 134657115937
8316 134698628791
8317 134739426553
8318 134782178521
8319 134791930571
8320 134817478391
8321 134867865571
8322 135019823669
8323 135061455511
8324 135173854411
8325 135304242487
8326 135343350361
8327 135354081869
8328 135383398921
8329 135429791531
8330 135433869481
8331 135451203211
8332 135541009633
8333 135552393433
8334 135560360893
8335 135595405051
8336 135606914407
8337 135635850703
8338 135701750101
8339 135709501621
8340 135732841859
8341 135751718537
8342 135763606777
8343 135783082307
8344 135803648581
8345 135804654541
8346 136060281631
8347 136063760527
8348 136202211091
8349 136268523217
8350 136274043221
8351 136274104891
8352 136281239821
8353 136312719181
8354 136348253257
8355 136368172081
8356 136382923601
8357 136418231953
8358 136422404057
8359 136427866789
8360 136472711761
8361 136475843401
8362 136485981721
8363 136506066569
8364 136516987801
8365 136526700871
8366 136556163901
8367 136593793801
8368 136627216133
8369 136652039921
8370 136667184067
8371 136687891231
8372 136690844947
8373 136749368141
8374 136832629231
8375 136891551421
8376 136901298691
8377 136923884191
8378 137024975123
8379 137064604951
8380 137111724751
8381 137124333713
8382 137187980191
8383 137189719801
8384 137270412577
8385 137314393861
8386 137329672201
8387 137331404123
8388 137338354861
8389 137411258725
8390 137450075449
8391 137532697261
8392 137550414121
8393 137561401981
8394 137567555701
8395 137591676631
8396 137655832051
8397 137685170957
8398 137719980721
8399 137787398407
8400 137821181521
8401 137864232949
8402 137889144469
8403 137945619631
8404 137998037101
8405 138002352841
8406 138161355697
8407 138175802857
8408 138271128847
8409 138274822171
8410 138321172921
8411 138333984601
8412 138344675701
8413 138361773889
8414 138376695001
8415 138385291591
8416 138397695703
8417 138451396819
8418 138456646021
8419 138485005121
8420 138503053333
8421 138576643831
8422 138625900001
8423 138665540161
8424 138673038421
8425 138678388837
8426 138691183537
8427 138727101943
8428 138782874133
8429 138824862541
8430 138882337441
8431 138972583891
8432 138985348573
8433 139064167721
8434 139122774001
8435 139251798533
8436 139262622253
8437 139279797361
8438 139321077799
8439 139406739473
8440 139414037911
8441 139435562701
8442 139452639301
8443 139530984833
8444 139586072767
8445 139632765841
8446 139666940683
8447 139730956751
8448 139760141221
8449 139780674541
8450 139814109847
8451 139895262757
8452 139906481851
8453 139939774267
8454 139949872753
8455 139977884971
8456 139982664403
8457 139988844271
8458 140001713281
8459 140044985929
8460 140047088617
8461 140088039071
8462 140110662817
8463 140117053261
8464 140123553277
8465 140128738921
8466 140132208133
8467 140206778209
8468 140217867661
8469 140223827921
8470 140307085591
8471 140313028411
8472 140337724801
8473 140342039941
8474 140344932181
8475 140363757811
8476 140390738413
8477 140417640533
8478 140440195171
8479 140485922221
8480 140564946901
8481 140576754137
8482 140670991297
8483 140719660321
8484 140799535361
8485 140812022521
8486 140854552693
8487 140867677091
8488 140892102361
8489 141018814841
8490 141083687179
8491 141162341951
8492 141208535651
8493 141306505831
8494 141308002081
8495 141319215703
8496 141319929851
8497 141340789633
8498 141427690561
8499 141518582761
8500 141541010101
8501 141561746371
8502 141588064001
8503 141619627781
8504 141679966429
8505 141747837193
8506 141810875641
8507 141823102783
8508 141826793131
8509 141871096669
8510 142232977981
8511 142235738011
8512 142288201381
8513 142414201729
8514 142434091273
8515 142448764901
8516 142452452071
8517 142569542389
8518 142617251701
8519 142624561661
8520 142676364487
8521 142718735501
8522 142764015181
8523 142808594563
8524 142814595211
8525 142896655721
8526 143033587243
8527 143048049047
8528 143074067711
8529 143111131021
8530 143125383941
8531 143130423061
8532 143144673877
8533 143146417261
8534 143156631221
8535 143159243267
8536 143164838881
8537 143188933141
8538 143253845281
8539 143261712133
8540 143290978111
8541 143321001167
8542 143338910471
8543 143344152451
8544 143385780581
8545 143428613329
8546 143446726061
8547 143567661329
8548 143584020847
8549 143597565701
8550 143643793949
8551 143694886211
8552 143808802453
8553 143816360021
8554 143842321933
8555 143847056827
8556 143850411253
8557 143934098311
8558 143948044687
8559 143967252097
8560 143977892473
8561 144034300931
8562 144199449239
8563 144204638203
8564 144208750141
8565 144260123743
8566 144277593221
8567 144317430703
8568 144325693411
8569 144368094301
8570 144370468181
8571 144405696241
8572 144445695031
8573 144448406701
8574 144548369047
8575 144553672303
8576 144579335161
8577 144610924321
8578 144730099021
8579 144732339733
8580 144778157257
8581 144785194633
8582 144892163333
8583 144906443707
8584 144914398903
8585 144927499231
8586 144966014341
8587 144967985251
8588 144978965867
8589 145024244641
8590 145029330181
8591 145033765427
8592 145129252241
8593 145140597253
8594 145193346643
8595 145212049789
8596 145259174609
8597 145281994903
8598 145300447811
8599 145386383761
8600 145520496661
8601 145577011801
8602 145620181801
8603 145680011563
8604 145841019661
8605 145862183251
8606 145924136411
8607 146037506413
8608 146092556611
8609 146107814533
8610 146171953537
8611 146184209161
8612 146187890197
8613 146216286217
8614 146233545217
8615 146286823171
8616 146343426373
8617 146380919297
8618 146394886951
8619 146423555281
8620 146432333881
8621 146516975551
8622 146567668087
8623 146599843963
8624 146639278039
8625 146774557651
8626 146823021871
8627 146848961197
8628 146866112009
8629 146894256433
8630 146910998431
8631 146924610821
8632 146968424189
8633 146979086101
8634 147053010073
8635 147075673627
8636 147090789221
8637 147112538581
8638 147123850721
8639 147184320403
8640 147199451521
8641 147312520489
8642 147327523999
8643 147381932791
8644 147413653381
8645 147431011141
8646 147465622151
8647 147477447253
8648 147507584603
8649 147514752533
8650 147523256371
8651 147594592133
8652 147717469369
8653 147799048051
8654 147819512881
8655 147840842101
8656 147864137761
8657 147876255841
8658 147968027719
8659 147983041333
8660 148077718021
8661 148247475841
8662 148343711401
8663 148360319227
8664 148373234689
8665 148387342919
8666 148470628781
8667 148508960161
8668 148706858161
8669 148740122653
8670 148751033203
8671 148781382751
8672 148781557711
8673 148796853481
8674 148817600353
8675 148823617993
8676 148825518181
8677 148831582117
8678 148833411247
8679 148833875261
8680 148849228153
8681 148934356651
8682 148949704129
8683 149070170881
8684 149113196371
8685 149155440481
8686 149213526001
8687 149255444341
8688 149477040833
8689 149515991069
8690 149533339261
8691 149665323403
8692 149751123619
8693 149776600201
8694 149777194561
8695 149837454001
8696 149852667331
8697 149919336533
8698 149992092361
8699 150044189101
8700 150055270303
8701 150095086237
8702 150115786591
8703 150125630581
8704 150128710903
8705 150185036371
8706 150238832983
8707 150261636001
8708 150289758341
8709 150314870413
8710 150318205087
8711 150352078801
8712 150406095841
8713 150535809337
8714 150718844737
8715 150785847809
8716 150889850413
8717 150945164833
8718 150971460817
8719 151021788469
8720 151036580059
8721 151092678941
8722 151120155601
8723 151181321923
8724 151189375541
8725 151210030493
8726 151309562839
8727 151309988971
8728 151314631903
8729 151375398409
8730 151418736461
8731 151627998889
8732 151671310337
8733 151676949577
8734 151695294601
8735 151733235889
8736 151742385451
8737 151767704341
8738 151848683897
8739 151850927807
8740 151924504033
8741 151957173013
8742 152023931489
8743 152271376321
8744 152285670961
8745 152381581129
8746 152416259227
8747 152454816487
8748 152458608317
8749 152518473451
8750 152662618501
8751 152720186653
8752 152731927037
8753 152759681929
8754 152781749381
8755 152792476957
8756 152803817981
8757 152846963821
8758 152893378801
8759 152917963171
8760 153010556029
8761 153024566473
8762 153057352573
8763 153082295071
8764 153085908553
8765 153102345313
8766 153106528051
8767 153118936741
8768 153156373141
8769 153157138597
8770 153196161301
8771 153204496901
8772 153217425601
8773 153308227837
8774 153339153631
8775 153350099261
8776 153360714937
8777 153367988203
8778 153395727857
8779 153414514081
8780 153415589251
8781 153426506521
8782 153467992057
8783 153521940833
8784 153558882751
8785 153608480117
8786 153659887921
8787 153668116027
8788 153840550711
8789 153913448431
8790 153987407641
8791 154013708941
8792 154023812209
8793 154037938741
8794 154066617253
8795 154092536033
8796 154094140609
8797 154115654057
8798 154237894753
8799 154246299967
8800 154330692961
8801 154400560417
8802 154421994997
8803 154525268899
8804 154541525321
8805 154643095049
8806 154741320199
8807 154854565361
8808 154866994453
8809 154886362021
8810 154906210603
8811 154907377279
8812 154963444021
8813 154969504321
8814 155004109723
8815 155141376133
8816 155148442919
8817 155162784961
8818 155174257421
8819 155204911621
8820 155226142289
8821 155231442241
8822 155261571541
8823 155285355677
8824 155288442247
8825 155313343201
8826 155319074401
8827 155328336083
8828 155334838753
8829 155340420451
8830 155347547321
8831 155461865833
8832 155493141451
8833 155534667287
8834 155615790751
8835 155632963333
8836 155643081931
8837 155658953773
8838 155666604617
8839 155688533309
8840 155755249057
8841 155925952513
8842 155971387997
8843 156021292351
8844 156312510859
8845 156321383149
8846 156367144481
8847 156436253821
8848 156440406403
8849 156478480831
8850 156515389711
8851 156617257441
8852 156667302793
8853 156687595373
8854 156697840027
8855 156704067713
8856 156770996849
8857 156795858701
8858 156828624331
8859 156834025811
8860 156877009453
8861 156879053633
8862 156890129377
8863 157069358209
8864 157089557197
8865 157138313473
8866 157159445761
8867 157166173531
8868 157193086051
8869 157231995103
8870 157267023049
8871 157326664021
8872 157346171201
8873 157388444461
8874 157523961229
8875 157553064397
8876 157596017251
8877 157690257421
8878 157711623701
8879 157717035785
8880 157772380771
8881 157853172541
8882 157929258901
8883 157951706821
8884 158009757049
8885 158017356001
8886 158044662077
8887 158125805011
8888 158138951741
8889 158167309057
8890 158203968751
8891 158211096913
8892 158217331021
8893 158251167317
8894 158273571931
8895 158377539301
8896 158446456939
8897 158489341739
8898 158528135503
8899 158643112951
8900 158664162001
8901 158755194973
8902 158807110213
8903 158818816621
8904 158821272919
8905 158830733881
8906 158841336571
8907 158862202441
8908 158869325141
8909 158883708131
8910 158888142271
8911 158928358751
8912 158969277559
8913 158979919151
8914 159113913421
8915 159230723401
8916 159305754217
8917 159313200439
8918 159374745377
8919 159384587839
8920 159442430113
8921 159576343951
8922 159616540931
8923 159663176941
8924 159751340461
8925 159849701639
8926 159853833397
8927 159854117677
8928 159866647799
8929 159920190191
8930 159944411453
8931 159950453171
8932 159968501593
8933 159974496841
8934 160014596113
8935 160030701433
8936 160055659663
8937 160076757499
8938 160131843299
8939 160164186673
8940 160182404021
8941 160186402879
8942 160227360079
8943 160235454151
8944 160331398921
8945 160344266051
8946 160391111497
8947 160412126491
8948 160564765873
8949 160597676581
8950 160752305071
8951 160807367321
8952 160812695401
8953 160901881003
8954 160930502741
8955 160963803551
8956 161084297501
8957 161288792299
8958 161298089681
8959 161333757601
8960 161351212541
8961 161367606331
8962 161375458813
8963 161382850357
8964 161421342721
8965 161430393121
8966 161434353901
8967 161463740429
8968 161547825379
8969 161569690831
8970 161585495947
8971 161690528191
8972 161738196973
8973 161771341861
8974 161798170691
8975 161963381581
8976 162122760871
8977 162160648231
8978 162161250403
8979 162208454491
8980 162212265637
8981 162286736041
8982 162402246469
8983 162564454603
8984 162593930269
8985 162612095257
8986 162616409677
8987 162663194251
8988 162697506077
8989 162755891321
8990 162786025217
8991 162890393173
8992 162932377903
8993 162950269301
8994 163005119041
8995 163033998539
8996 163134904741
8997 163139450977
8998 163172471899
8999 163191508481
9000 163204128181
9001 163255234333
9002 163294103681
9003 163332544891
9004 163348145431
9005 163395529201
9006 163410988201
9007 163444171411
9008 163494511129
9009 163505632051
9010 163506530071
9011 163579331473
9012 163624215869
9013 163635989617
9014 163642465793
9015 163647373093
9016 163691499241
9017 163729676881
9018 163732191437
9019 163744592131
9020 163754995717
9021 163809706033
9022 163969641307
9023 164005210711
9024 164038760033
9025 164062235431
9026 164072434241
9027 164164176901
9028 164193294511
9029 164204903017
9030 164210585167
9031 164251403047
9032 164280332899
9033 164361613333
9034 164376829711
9035 164405094421
9036 164570175901
9037 164603022673
9038 164616193501
9039 164706542617
9040 164722789351
9041 164745756221
9042 164807051527
9043 164807280503
9044 164820916597
9045 164926387081
9046 165012199003
9047 165046287871
9048 165070192981
9049 165213781441
9050 165335426881
9051 165375870619
9052 165381248611
9053 165433653379
9054 165464506901
9055 165543426133
9056 165609122401
9057 165609149683
9058 165616378981
9059 165745524799
9060 165808243987
9061 165819247981
9062 165895776091
9063 165934781147
9064 165986123957
9065 166018209229
9066 166020681313
9067 166038776857
9068 166147846327
9069 166224590533
9070 166529043913
9071 166535995033
9072 166565611733
9073 166598294641
9074 166602753721
9075 166689595843
9076 166729509787
9077 166731527593
9078 166765753747
9079 166832310761
9080 166880256481
9081 166894092793
9082 166929570077
9083 166984402087
9084 167049790447
9085 167057389361
9086 167111600833
9087 167308635271
9088 167385219121
9089 167483401541
9090 167526078229
9091 167571992641
9092 167593880351
9093 167627458721
9094 167688849329
9095 167711144833
9096 167760839191
9097 167814015041
9098 167918572369
9099 167968300501
9100 168011605609
9101 168085202209
9102 168128547421
9103 168140558041
9104 168167517841
9105 168210685469
9106 168210947549
9107 168250704931
9108 168268347127
9109 168323852791
9110 168450916597
9111 168567630661
9112 168602470471
9113 168616407403
9114 168843124477
9115 168902677351
9116 168914886533
9117 169008052123
9118 169035284267
9119 169049387033
9120 169053020137
9121 169063052621
9122 169066196461
9123 169104615745
9124 169121529263
9125 169130257129
9126 169187117569
9127 169196267561
9128 169267855681
9129 169270837633
9130 169296459337
9131 169319464981
9132 169416529283
9133 169432843213
9134 169486401449
9135 169542032311
9136 169574410769
9137 169578881893
9138 169583726513
9139 169593790577
9140 169595374093
9141 169620328231
9142 169672127641
9143 169677299611
9144 169735553597
9145 169797420937
9146 169881521867
9147 169897085863
9148 169905267617
9149 169922055241
9150 169925718601
9151 169955290891
9152 169990356661
9153 170079930901
9154 170087988097
9155 170121945841
9156 170132703931
9157 170150256721
9158 170164367381
9159 170172528751
9160 170237290897
9161 170356369429
9162 170394866407
9163 170400121513
9164 170404520021
9165 170412095701
9166 170434392101
9167 170439727543
9168 170559245431
9169 170571823153
9170 170613342661
9171 170619566041
9172 170634241537
9173 170663142997
9174 170669921297
9175 170703975751
9176 170787972097
9177 170935377187
9178 170983996453
9179 170993895217
9180 171022209901
9181 171036216007
9182 171064240903
9183 171114082637
9184 171131453137
9185 171152180629
9186 171164442301
9187 171179746921
9188 171280793861
9189 171289643401
9190 171447507001
9191 171453752581
9192 171464558401
9193 171480006721
9194 171525404051
9195 171541866511
9196 171555580513
9197 171555924403
9198 171588875957
9199 171590175989
9200 171605131561
9201 171607823381
9202 171623592001
9203 171726404071
9204 171866912401
9205 172024232641
9206 172121997601
9207 172157707751
9208 172173224521
9209 172205312533
9210 172242637951
9211 172245466711
9212 172267037191
9213 172271444801
9214 172337160997
9215 172415668531
9216 172438042771
9217 172495903213
9218 172503846769
9219 172565858827
9220 172566273881
9221 172576656253
9222 172588108687
9223 172597806811
9224 172721312401
9225 172830989431
9226 172842055219
9227 172847077591
9228 172902567041
9229 172934065991
9230 173032371289
9231 173091963221
9232 173115791921
9233 173226304351
9234 173299204651
9235 173367597691
9236 173388355003
9237 173405270039
9238 173414044523
9239 173426646247
9240 173433593971
9241 173601521101
9242 173635771753
9243 173727404401
9244 173776414057
9245 173784923381
9246 173796739873
9247 173799394861
9248 173883364903
9249 173887714249
9250 173914237433
9251 173947693963
9252 173990558809
9253 174042184391
9254 174076147463
9255 174201247481
9256 174270555577
9257 174330735041
9258 174365961937
9259 174446463361
9260 174479532571
9261 174483538681
9262 174500450431
9263 174500889949
9264 174540364657
9265 174622236001
9266 174644350493
9267 174656157953
9268 174766742141
9269 174797298271
9270 174800930201
9271 174827498561
9272 174967771681
9273 174976032529
9274 175028579461
9275 175033015613
9276 175049473523
9277 175082044981
9278 175090165979
9279 175095123121
9280 175106371051
9281 175152772117
9282 175200161761
9283 175298554619
9284 175311824689
9285 175352020621
9286 175425900833
9287 175426853869
9288 175445854621
9289 175492790999
9290 175493825921
9291 175533682501
9292 175557165211
9293 175564889917
9294 175729519699
9295 175732875163
9296 175736953729
9297 175779698579
9298 175831044511
9299 175832687521
9300 175920355333
9301 175960117213
9302 175963511329
9303 176070649291
9304 176112760177
9305 176119641253
9306 176230491781
9307 176301527417
9308 176359128037
9309 176377572773
9310 176402359537
9311 176465308339
9312 176478531311
9313 176534027071
9314 176551764859
9315 176559234301
9316 176618447251
9317 176618531953
9318 176761201753
9319 176920858579
9320 176945235697
9321 176962430851
9322 176978670989
9323 177017536411
9324 177096783553
9325 177117976951
9326 177146248439
9327 177146916217
9328 177281813809
9329 177292496863
9330 177318164341
9331 177430955501
9332 177442611221
9333 177495390437
9334 177503811911
9335 177580560979
9336 177596974171
9337 177723711947
9338 177732787961
9339 177811592311
9340 177815172151
9341 177854181121
9342 177890258701
9343 177946831847
9344 177994185601
9345 177997699531
9346 178056011141
9347 178065483373
9348 178079885425
9349 178084971907
9350 178097951431
9351 178145278151
9352 178153648951
9353 178201563427
9354 178241698867
9355 178256528129
9356 178295816533
9357 178391301313
9358 178420380841
9359 178422242321
9360 178423431113
9361 178431825343
9362 178488007021
9363 178543322701
9364 178570145363
9365 178621517381
9366 178730896177
9367 178731670043
9368 178821991349
9369 178822784533
9370 178977778937
9371 179048674729
9372 179052632911
9373 179078265101
9374 179129537533
9375 179150377561
9376 179157464329
9377 179183326561
9378 179185866091
9379 179285554951
9380 179306503993
9381 179309165047
9382 179312319757
9383 179400112501
9384 179408411701
9385 179409216533
9386 179434070269
9387 179477061091
9388 179605116811
9389 179605451089
9390 179792769391
9391 179801568731
9392 179828141041
9393 179840171057
9394 179893449121
9395 179939616931
9396 180021029717
9397 180031973311
9398 180091943287
9399 180130523653
9400 180178894981
9401 180247585649
9402 180267131221
9403 180318365921
9404 180334432231
9405 180365379853
9406 180427390739
9407 180432805039
9408 180460900027
9409 180526885003
9410 180662999551
9411 180676653721
9412 180697992793
9413 180713963611
9414 180716269681
9415 180724819601
9416 180729499469
9417 180733817041
9418 180800176951
9419 180830960917
9420 180850532857
9421 180944630197
9422 180986443793
9423 181033460189
9424 181168605367
9425 181178175817
9426 181225704859
9427 181225843453
9428 181280517937
9429 181281310709
9430 181304137081
9431 181391251189
9432 181393185403
9433 181451860801
9434 181511011441
9435 181567311511
9436 181603265479
9437 181693106911
9438 181757058289
9439 181790932753
9440 181795052599
9441 181909448221
9442 181917021493
9443 182035549711
9444 182063480171
9445 182110657789
9446 182156752201
9447 182217631801
9448 182377449829
9449 182380386719
9450 182426940481
9451 182479373521
9452 182485758967
9453 182639885797
9454 182763671917
9455 182768225053
9456 182784069667
9457 182809334251
9458 182821586281
9459 182864105425
9460 182889194413
9461 182913286471
9462 182954801251
9463 182956342951
9464 182962292881
9465 183038439079
9466 183093965429
9467 183097625509
9468 183117479651
9469 183158162501
9470 183168320653
9471 183169687457
9472 183197822693
9473 183206143213
9474 183219311701
9475 183257276203
9476 183348024091
9477 183355196363
9478 183358931953
9479 183363222001
9480 183383841761
9481 183414129991
9482 183597161129
9483 183655998061
9484 183685664053
9485 183715616209
9486 183721727617
9487 183728005471
9488 183771439559
9489 183785394601
9490 183808030141
9491 183842548909
9492 183846968321
9493 183929127301
9494 183993896869
9495 184014502081
9496 184060916033
9497 184062770011
9498 184081723141
9499 184155866749
9500 184273466521
9501 184353021283
9502 184374316897
9503 184491940387
9504 184551624721
9505 184618025281
9506 184747801591
9507 184835359801
9508 184839907891
9509 184928759401
9510 185081048147
9511 185114138767
9512 185272321081
9513 185318554513
9514 185353727653
9515 185451455971
9516 185476172701
9517 185521730557
9518 185556064801
9519 185573979067
9520 185611960801
9521 185651052007
9522 185674222441
9523 185694849881
9524 185696055553
9525 185744130133
9526 185800742513
9527 185833718533
9528 185887214549
9529 185975176081
9530 186042016841
9531 186071342081
9532 186145989121
9533 186198267221
9534 186245328151
9535 186287299999
9536 186346207447
9537 186372447661
9538 186472154177
9539 186522256621
9540 186564576829
9541 186576240001
9542 186587058409
9543 186600677693
9544 186634533403
9545 186722521651
9546 186738232337
9547 186756319627
9548 186763460911
9549 186805308691
9550 186875871337
9551 186909515759
9552 187006325381
9553 187019179393
9554 187052662261
9555 187054437571
9556 187061510953
9557 187074079571
9558 187135440101
9559 187200994301
9560 187266136667
9561 187356336241
9562 187449675121
9563 187526013193
9564 187648316461
9565 187761457621
9566 187780462867
9567 187817020483
9568 187843114369
9569 187865140711
9570 187909881937
9571 187923333751
9572 187948402741
9573 187978607281
9574 187992700351
9575 188013299011
9576 188176609301
9577 188250352621
9578 188336121121
9579 188398344709
9580 188486641171
9581 188555481221
9582 188681856533
9583 188729294989
9584 188741785007
9585 188780892301
9586 188878355287
9587 188955023497
9588 189066351811
9589 189097387781
9590 189159973087
9591 189168643441
9592 189320119453
9593 189350543621
9594 189379341901
9595 189431844187
9596 189434966533
9597 189504590701
9598 189506573713
9599 189519541291
9600 189521348941
9601 189567160801
9602 189595486081
9603 189631020833
9604 189703825789
9605 189805966901
9606 189821139461
9607 189983126257
9608 190034696821
9609 190100221921
9610 190116172801
9611 190123551649
9612 190168085321
9613 190303471711
9614 190335306169
9615 190347607621
9616 190385754121
9617 190406004031
9618 190423450141
9619 190432327157
9620 190454789197
9621 190463637391
9622 190483246801
9623 190483490269
9624 190581300209
9625 190589525681
9626 190592306101
9627 190627001137
9628 190628692717
9629 190666401481
9630 190703441801
9631 190761064621
9632 190787728951
9633 190830084131
9634 190847189989
9635 190866736883
9636 190884933331
9637 190910213957
9638 191095186981
9639 191117702387
9640 191197677851
9641 191249115877
9642 191250641011
9643 191319659467
9644 191341386811
9645 191430384133
9646 191430542801
9647 191454993341
9648 191478766081
9649 191582622001
9650 191625123691
9651 191653239403
9652 191655843107
9653 191706262273
9654 191812943617
9655 191866886179
9656 191873195821
9657 191913356953
9658 191944000081
9659 191965401631
9660 192046228481
9661 192056281271
9662 192062318407
9663 192067846787
9664 192099963997
9665 192147315523
9666 192328496743
9667 192332908909
9668 192404773109
9669 192436324081
9670 192450556747
9671 192480336611
9672 192514080481
9673 192622557157
9674 192634832881
9675 192669143941
9676 192760731547
9677 192806140421
9678 192815034121
9679 192880430401
9680 192888901433
9681 192932353981
9682 193132743337
9683 193155032071
9684 193156918111
9685 193241430667
9686 193268811781
9687 193313336191
9688 193398850657
9689 193428093097
9690 193442183761
9691 193451696209
9692 193459198921
9693 193533299191
9694 193536824161
9695 193544404003
9696 193546016767
9697 193548303451
9698 193573689937
9699 193660810121
9700 193728957007
9701 193744483753
9702 193752277093
9703 193948327891
9704 193953341863
9705 193984425181
9706 193991229461
9707 194007099679
9708 194026822273
9709 194073819143
9710 194132554141
9711 194257379401
9712 194287050821
9713 194482874251
9714 194484135781
9715 194538909181
9716 194553817543
9717 194556565337
9718 194566156201
9719 194636644861
9720 194838725161
9721 194869120513
9722 194920007281
9723 195048526753
9724 195103005751
9725 195183134981
9726 195196903747
9727 195210223951
9728 195221894443
9729 195228005611
9730 195236986463
9731 195284156033
9732 195330336121
9733 195460965703
9734 195477114961
9735 195531185419
9736 195566228183
9737 195773598611
9738 195789653333
9739 195895809341
9740 195937528151
9741 195982317841
9742 195983644231
9743 195983917471
9744 196053109561
9745 196075709461
9746 196104357073
9747 196164244277
9748 196254985627
9749 196285007491
9750 196294769551
9751 196349147359
9752 196557869531
9753 196566032161
9754 196596531349
9755 196641858043
9756 196643172137
9757 196662899557
9758 196701954499
9759 196738812271
9760 196836398461
9761 196866516421
9762 196930707793
9763 197000568013
9764 197025719731
9765 197054700181
9766 197090582851
9767 197255217587
9768 197349967121
9769 197380074127
9770 197396885761
9771 197709398347
9772 197718445669
9773 197902516337
9774 197946367907
9775 197946927631
9776 198013858093
9777 198030423889
9778 198146500861
9779 198190703153
9780 198219031441
9781 198348607361
9782 198403704979
9783 198472566601
9784 198477490067
9785 198490428251
9786 198505074769
9787 198518676049
9788 198523933561
9789 198524329147
9790 198592422911
9791 198631296641
9792 198670913911
9793 198810964831
9794 198824126239
9795 198980499061
9796 199002502091
9797 199071823843
9798 199155888313
9799 199182315401
9800 199200392353
9801 199470181633
9802 199485131617
9803 199571855627
9804 199595986801
9805 199635393751
9806 199637364529
9807 199681817453
9808 199766268577
9809 199776153151
9810 199791534583
9811 199795213333
9812 200022931631
9813 200128509127
9814 200234472257
9815 200261285281
9816 200312496667
9817 200323444231
9818 200331318881
9819 200386309723
9820 200476937161
9821 200688952501
9822 200702962973
9823 200787418133
9824 200821111987
9825 200839494871
9826 200860332973
9827 200874352981
9828 200899780457
9829 200938244599
9830 200950541359
9831 201005544281
9832 201041690851
9833 201057844987
9834 201067721011
9835 201105969373
9836 201222202561
9837 201325255589
9838 201332811751
9839 201353468009
9840 201501012151
9841 201552623149
9842 201567160579
9843 201568228681
9844 201905658991
9845 201914343721
9846 202015971991
9847 202027686031
9848 202056438151
9849 202201813633
9850 202254459751
9851 202335700513
9852 202396642961
9853 202436987041
9854 202440563011
9855 202493061541
9856 202516162831
9857 202532377087
9858 202545696739
9859 202548911401
9860 202676572801
9861 202710569861
9862 202725223213
9863 202742045057
9864 202798083601
9865 202976983393
9866 202999734001
9867 203031170291
9868 203052677041
9869 203056500781
9870 203081911831
9871 203102417701
9872 203125680781
9873 203140641497
9874 203167534501
9875 203314945909
9876 203366154581
9877 203382478513
9878 203556654463
9879 203612216347
9880 203698605811
9881 203845470343
9882 203931689837
9883 203960796061
9884 204028268401
9885 204034831159
9886 204103347001
9887 204117555713
9888 204380215201
9889 204425413201
9890 204429379691
9891 204458857597
9892 204606445753
9893 204631921873
9894 204651046147
9895 204767114413
9896 204911154953
9897 204958574641
9898 204983478737
9899 205006127789
9900 205010445781
9901 205013495611
9902 205043580901
9903 205069353301
9904 205297902253
9905 205312410271
9906 205395046313
9907 205414099613
9908 205427206349
9909 205427630701
9910 205435583497
9911 205465801661
9912 205469324281
9913 205471138133
9914 205589236693
9915 205617015859
9916 205657790599
9917 205757651503
9918 205800502681
9919 205839104641
9920 205890407551
9921 205921831151
9922 205922080079
9923 205943351251
9924 205995601631
9925 206043424471
9926 206066759359
9927 206087746729
9928 206090667091
9929 206093423621
9930 206107064453
9931 206146538401
9932 206153842711
9933 206186389537
9934 206221658653
9935 206241586129
9936 206241605347
9937 206311636441
9938 206314720609
9939 206316943951
9940 206328076039
9941 206396270929
9942 206435423911
9943 206469252001
9944 206483616901
9945 206484523841
9946 206533168447
9947 206573752639
9948 206601157421
9949 206604983639
9950 206739396431
9951 206849949931
9952 206906542813
9953 206949704347
9954 206953772411
9955 206975180497
9956 206981078761
9957 207048303283
9958 207117679801
9959 207132041161
9960 207170660971
9961 207171444421
9962 207189306451
9963 207194408389
9964 207260731679
9965 207321703681
9966 207384126769
9967 207614989081
9968 207626409059
9969 207643895551
9970 207715115617
9971 207789067531
9972 207820012051
9973 207825611989
9974 207922548217
9975 207931812481
9976 207937938001
9977 207939855061
9978 207967938751
9979 208036688203
9980 208097816599
9981 208186117261
9982 208188278087
9983 208214583193
9984 208305752227
9985 208323928693
9986 208330929271
9987 208502008447
9988 208505364343
9989 208538293129
9990 208551199501
9991 208594125601
9992 208687820917
9993 208699484209
9994 208728876241
9995 208791650437
9996 208916109361
9997 208936317841
9998 208968483811
9999 209020850273
10000 209047173589
