1 781
2 1541
3 5461
4 5611
5 7813
6 13021
7 14981
8 15751
9 24211
10 25351
11 29539
12 38081
13 40501
14 44801
15 53971
16 79381
17 100651
18 102311
19 104721
20 112141
21 121463
22 133141
23 141361
24 146611
25 195313
26 211951
27 216457
28 222301
29 251521
30 289081
31 290629
32 298271
33 315121
34 315283
35 318551
36 319507
37 326929
38 341531
39 353827
40 375601
41 416641
42 432821
43 453331
44 464881
45 498451
46 544541
47 552451
48 555397
49 556421
50 559903
51 561601
52 578771
53 656209
54 753667
55 764941
56 818749
57 851201
58 863329
59 868321
60 872101
61 882601
62 886411
63 939727
64 965581
65 1024651
66 1052941
67 1127089
68 1138861
69 1164083
70 1194761
71 1197761
72 1246969
73 1285579
74 1297951
75 1314631
76 1359721
77 1370881
78 1386701
79 1463749
80 1563151
81 1576261
82 1627921
83 1653667
84 1663213
85 1703677
86 1809697
87 1857241
88 1907851
89 1934251
90 1958503
91 1963501
92 1973089
93 2029969
94 2104589
95 2165801
96 2255843
97 2295871
98 2299081
99 2339377
100 2423323
101 2425141
102 2446201
103 2627549
104 2650831
105 2850931
106 2878601
107 2914249
108 2929291
109 2942333
110 2987167
111 3000241
112 3225601
113 3313643
114 3384559
115 3470921
116 3471071
117 3490741
118 3543121
119 3580741
120 3595979
121 3614069
122 3729701
123 3768451
124 3828001
125 3942271
126 3981371
127 3985921
128 4024081
129 4121041
130 4127329
131 4135631
132 4181921
133 4189921
134 4219129
135 4265257
136 4291801
137 4330861
138 4331111
139 4336879
140 4382191
141 4411681
142 4415251
143 4469471
144 4490461
145 4562461
146 4635053
147 4782541
148 4806901
149 5148919
150 5153251
151 5194051
152 5256091
153 5293471
154 5373629
155 5376463
156 5481451
157 5481841
158 5494741
159 5728831
160 5898751
161 5969629
162 5979247
163 5989411
164 6115651
165 6198961
166 6213049
167 6313501
168 6594901
169 6611977
170 6924121
171 7028821
172 7092199
173 7101331
174 7143571
175 7232321
176 7267051
177 7402249
178 7553701
179 7679551
180 7784297
181 7859707
182 7879681
183 8086231
184 8138021
185 8219921
186 8414821
187 8590441
188 8595361
189 8655001
190 8727121
191 8956009
192 9006401
193 9453011
194 9618181
195 9694351
196 9768751
197 9780409
198 9863461
199 9938881
200 10165751
201 10402237
202 10505701
203 10679131
204 10837601
205 11135263
206 11387881
207 11407441
208 11575201
209 11633557
210 11703583
211 11921001
212 12015631
213 12119101
214 12245281
215 12324061
216 12336221
217 12417131
218 12529183
219 12559681
220 12967021
221 12975691
222 13012651
223 13022677
224 13243651
225 13390081
226 13515223
227 13773061
228 13861189
229 14026897
230 14440669
231 14709241
232 14781181
233 14788303
234 14922449
235 15082129
236 15198301
237 16015897
238 16313467
239 16346899
240 16798591
241 16966363
242 17174561
243 17236801
244 17250481
245 17597551
246 17878621
247 18140357
248 18376283
249 18444421
250 18464761
251 18491987
252 18519463
253 18600931
254 18607601
255 18673201
256 18790021
257 19171729
258 19436441
259 19442119
260 19622791
261 19673047
262 19684921
263 19696573
264 19893721
265 20234341
266 20459011
267 20770621
268 21165643
269 21397381
270 21864781
271 21933031
272 22187791
273 22349251
274 22369621
275 22697281
276 23140049
277 23644589
278 23706901
279 24589577
280 25052527
281 25326001
282 25859767
283 25917487
284 25936201
285 26182823
286 26224141
287 26279401
288 26332181
289 26824547
290 26861561
291 26886817
292 27012001
293 27118501
294 27722857
295 27731701
296 27762157
297 28351081
298 28566649
299 29078521
300 29767087
301 29914561
302 30017293
303 30416251
304 30739411
305 31036961
306 31037827
307 31150351
308 31480607
309 31504141
310 31560701
311 32053531
312 32322067
313 32817151
314 33047939
315 33333091
316 33567451
317 33796531
318 34036829
319 34055701
320 34082701
321 34242001
322 34297831
323 34952149
324 35455501
325 35798491
326 36314371
327 36435389
328 36920839
329 36952969
330 37771231
331 37964809
332 38574199
333 38765809
334 39154081
335 39383161
336 39646081
337 39714517
338 39873241
339 40697917
340 40987201
341 41027227
342 41069047
343 41519983
344 41770441
345 41899981
346 42129613
347 42149971
348 42151351
349 42475991
350 42478231
351 42569281
352 42984839
353 43893937
354 44068001
355 44306329
356 44482901
357 44713733
358 45006391
359 45537901
360 45625933
361 46024201
362 46342369
363 46489021
364 46657181
365 46672291
366 47620663
367 48064021
368 48071761
369 48321001
370 48943291
371 49019851
372 49459801
373 49476373
374 50581081
375 51627817
376 51654583
377 51733921
378 51856201
379 52493647
380 52936801
381 53294029
382 53569741
383 53655551
384 53676169
385 53965441
386 54025801
387 54452701
388 55657549
389 55718881
390 55729957
391 56514053
392 57438721
393 58016641
394 58117993
395 58449847
396 58679941
397 58756057
398 59060551
399 60070249
400 60552161
401 61092481
402 61587529
403 62103211
404 62935181
405 63000493
406 63929497
407 64808803
408 64961051
409 65279593
410 65429569
411 67103401
412 67194401
413 67296041
414 67680491
415 69377101
416 70367161
417 70771307
418 70811701
419 71107681
420 71318371
421 73254127
422 75137563
423 75545647
424 75663451
425 76880449
426 77146831
427 77221861
428 77439521
429 77861947
430 78644611
431 79624621
432 80117021
433 80717131
434 81207421
435 81600179
436 81816547
437 82049731
438 82521541
439 83420101
440 83683651
441 83891611
442 84353921
443 84354821
444 84485161
445 84491179
446 85353329
447 86131561
448 86405941
449 87056941
450 87636901
451 87676681
452 89355197
453 89421931
454 90017237
455 91028953
456 91057951
457 91116439
458 91167751
459 91356301
460 91878571
461 92158441
462 92166691
463 92533591
464 92625121
465 93990241
466 94502701
467 95099201
468 95652481
469 96142927
470 98034751
471 98660371
472 98907997
473 98998663
474 99809051
475 99822451
476 100334449
477 100618933
478 100662941
479 101007721
480 101146261
481 102463271
482 102690901
483 102860371
484 103011479
485 103351831
486 105317393
487 105443161
488 105812731
489 105957601
490 106374071
491 106396291
492 109437751
493 109838431
494 110572901
495 110631841
496 112492381
497 113427763
498 113599531
499 114141241
500 114275701
501 114305441
502 114665491
503 114765157
504 115497901
505 116151661
506 116317951
507 116448671
508 116617859
509 117632201
510 118787909
511 118846151
512 118901521
513 118966843
514 119829601
515 120717301
516 121214441
517 121358443
518 121478683
519 121738997
520 122070313
521 122191919
522 122581801
523 122852701
524 123111587
525 123247001
526 125151589
527 125284141
528 125718617
529 126386261
530 127352429
531 127990241
532 129141109
533 129762001
534 129951979
535 130794337
536 131023201
537 132858001
538 132859501
539 133272751
540 133693801
541 133800661
542 134125421
543 134176771
544 134274421
545 134589001
546 135864691
547 135969401
548 138158411
549 138204901
550 138276139
551 139592101
552 139952671
553 140309947
554 140810237
555 140851957
556 140966101
557 141355099
558 141536323
559 142259041
560 142335491
561 142774399
562 143145157
563 143271941
564 144294641
565 146051621
566 146806129
567 147028001
568 147887749
569 148085281
570 149013283
571 149656781
572 152440889
573 153221359
574 153928133
575 154586881
576 154929953
577 157352771
578 157464781
579 158533201
580 159270589
581 159874021
582 161216021
583 161304001
584 161542361
585 162115069
586 164069551
587 164578051
588 164936407
589 165594881
590 166437517
591 167472451
592 168949771
593 169396921
594 169416061
595 169548611
596 169771541
597 170766727
598 171387449
599 171915859
600 171973201
601 172272187
602 172667821
603 173401621
604 173995009
605 174199741
606 174435697
607 174598387
608 176237513
609 176419933
610 177214501
611 177439061
612 177961639
613 178482151
614 179707747
615 180401041
616 181503691
617 181770221
618 182483029
619 182712097
620 182771263
621 182947507
622 183659491
623 183778607
624 185870089
625 188209001
626 188436799
627 188555221
628 189453181
629 190999591
630 191749241
631 191898661
632 191951761
633 192513697
634 192746401
635 192857761
636 192968381
637 192970261
638 193296517
639 193409701
640 194225851
641 195990601
642 196049701
643 196890121
644 197143351
645 198073951
646 198478351
647 198651799
648 198872101
649 199391431
650 199872301
651 201261061
652 201826201
653 202610311
654 203450521
655 206467201
656 206910419
657 209246701
658 210121507
659 210264251
660 210402277
661 210431761
662 213035761
663 213901711
664 214849027
665 215310551
666 217805281
667 218603617
668 219303163
669 219669451
670 223631521
671 224066891
672 224437231
673 224986681
674 225736201
675 226359547
676 226437979
677 226731931
678 226732171
679 227827711
680 228754321
681 230286241
682 230534611
683 230689369
684 231405701
685 231540121
686 231985891
687 233805601
688 234610291
689 235553761
690 235713661
691 237570191
692 237656431
693 239132629
694 239495761
695 241610461
696 242729401
697 243583201
698 243945937
699 244125001
700 245252071
701 245950561
702 246109501
703 246468961
704 248305831
705 250538671
706 251706157
707 252260083
708 253158751
709 253298561
710 253819009
711 254433691
712 254654941
713 255361163
714 255866131
715 257131481
716 258503701
717 258634741
718 260011261
719 261962317
720 262503047
721 263072821
722 263428181
723 263930971
724 264312151
725 265418401
726 265893601
727 267735007
728 268526303
729 268626181
730 269114101
731 269524009
732 269664019
733 269874151
734 270505159
735 270700021
736 271763467
737 272615201
738 272724481
739 273949561
740 276226369
741 277332001
742 277787141
743 278763181
744 278943061
745 279055981
746 280890391
747 282568721
748 284748511
749 286844869
750 286950049
751 287762509
752 288086041
753 288194581
754 290490163
755 290953921
756 290986523
757 292071901
758 292593911
759 292956973
760 294323437
761 298204831
762 298362241
763 299680081
764 300361801
765 303002641
766 303639337
767 304930837
768 305381891
769 305464661
770 305855491
771 306191621
772 307061371
773 307593833
774 307632781
775 307848101
776 309514129
777 309995071
778 311624389
779 311981027
780 313747571
781 314545421
782 314891903
783 315596977
784 317365933
785 317666341
786 318026801
787 319053281
788 319167157
789 320454751
790 323550589
791 324051253
792 324333241
793 324403351
794 324771067
795 325141001
796 325289521
797 325938251
798 327774721
799 328098601
800 328402181
801 328751809
802 331623307
803 331658081
804 331848091
805 332248951
806 334291981
807 334872721
808 337595497
809 339079861
810 339953851
811 340458421
812 342052751
813 343765621
814 344570689
815 344981953
816 345701731
817 346827889
818 349326311
819 352840601
820 353878801
821 354062809
822 355297301
823 355659151
824 356604421
825 358922497
826 359141707
827 359696431
828 359768821
829 360375181
830 361307521
831 361824769
832 362297371
833 364143551
834 365821249
835 366443911
836 366551539
837 366652201
838 367171561
839 367307461
840 367678981
841 367885513
842 368030287
843 368484391
844 369529627
845 369897301
846 370372609
847 371675221
848 372180307
849 372795559
850 374159311
851 377171681
852 378724769
853 379270651
854 379732501
855 380597561
856 380760421
857 381347461
858 382304161
859 382536001
860 383425351
861 385038721
862 385684471
863 385697089
864 390609941
865 393365503
866 394538551
867 395044651
868 395264101
869 395740621
870 398730763
871 399053881
872 399468241
873 399671641
874 399765031
875 400385701
876 401635909
877 402497551
878 402863221
879 403020211
880 403051321
881 404012831
882 404621353
883 406509601
884 407282851
885 407661847
886 407889161
887 408341359
888 409820701
889 410044951
890 410680357
891 412402631
892 414434161
893 414807121
894 417027451
895 418617281
896 418667401
897 419184481
898 419894021
899 420383251
900 424411501
901 426073969
902 428457251
903 429202541
904 430592311
905 431434441
906 432510097
907 433709251
908 434976053
909 435227801
910 435358657
911 435408619
912 436369987
913 436637251
914 437029477
915 437247841
916 437866087
917 437974777
918 438628601
919 439267093
920 439309261
921 439331491
922 444935401
923 445125409
924 445229233
925 447064003
926 449501761
927 451421881
928 452076967
929 453557287
930 454037599
931 454889761
932 455287141
933 455461471
934 455676751
935 458368201
936 458544101
937 459248641
938 459758581
939 460585861
940 461138401
941 462081901
942 463220533
943 464134661
944 466850221
945 468391201
946 468950021
947 472395001
948 473750371
949 474307681
950 474778279
951 475207903
952 475760449
953 476154971
954 477086741
955 479414071
956 480269921
957 481239361
958 481637381
959 482823469
960 484481089
961 484709681
962 486446161
963 487065751
964 488367331
965 488656981
966 490234951
967 490803461
968 495458371
969 498627851
970 499268449
971 501172241
972 502954141
973 505691551
974 506510581
975 506575651
976 506883529
977 507224521
978 507726901
979 508684049
980 509183251
981 511121161
982 511171327
983 511408171
984 512919361
985 513167311
986 513275401
987 513396223
988 513851581
989 514139191
990 514564051
991 515291671
992 516465007
993 517319659
994 518820101
995 521338141
996 521531947
997 523478981
998 527920201
999 528136001
1000 528968917
1001 534782293
1002 535252867
1003 539921701
1004 540079087
1005 542955289
1006 544304029
1007 544575103
1008 545430607
1009 545787901
1010 547047733
1011 547839451
1012 549557251
1013 550650679
1014 552706201
1015 553031601
1016 554118661
1017 555102871
1018 556001377
1019 559325341
1020 562467361
1021 564537401
1022 565707061
1023 566689927
1024 569896069
1025 570206921
1026 571174297
1027 572024701
1028 573896881
1029 575133131
1030 576540277
1031 578139101
1032 579432547
1033 580012313
1034 581331241
1035 586404901
1036 586862737
1037 587284951
1038 589251961
1039 591043771
1040 591192001
1041 591717787
1042 594026021
1043 600893921
1044 601480351
1045 602508301
1046 603783391
1047 606807181
1048 607276931
1049 609361567
1050 611325181
1051 611812321
1052 611928901
1053 612816751
1054 615167101
1055 615416341
1056 617593607
1057 618168673
1058 620072251
1059 620378449
1060 625482001
1061 625536071
1062 627754921
1063 630496621
1064 630692651
1065 633780151
1066 634467461
1067 635385451
1068 637931251
1069 643767931
1070 644764199
1071 645261761
1072 648263387
1073 649249577
1074 650317471
1075 652969351
1076 654412543
1077 656421481
1078 656723161
1079 657213211
1080 658161481
1081 659846021
1082 663352549
1083 665414381
1084 667081801
1085 667827019
1086 669585151
1087 670995001
1088 671077301
1089 671427901
1090 672495587
1091 672906991
1092 676768681
1093 678971731
1094 679018463
1095 679396303
1096 680609551
1097 680870191
1098 681453811
1099 682172531
1100 685667317
1101 687251137
1102 689383003
1103 695327821
1104 696102401
1105 696447181
1106 697821857
1107 698953357
1108 702683101
1109 706562851
1110 707701171
1111 709542721
1112 710721001
1113 710822251
1114 712676071
1115 713983141
1116 714083701
1117 717096641
1118 718992301
1119 719818321
1120 720068161
1121 720979001
1122 721973183
1123 724503833
1124 724941559
1125 725842051
1126 729564733
1127 730033921
1128 731257801
1129 732027119
1130 733815601
1131 735511969
1132 735609061
1133 735651601
1134 740201491
1135 743404663
1136 746331041
1137 747912961
1138 753766063
1139 754236001
1140 759431251
1141 759431341
1142 760384561
1143 762006961
1144 765186581
1145 767385631
1146 770909107
1147 770974051
1148 772602301
1149 776728661
1150 778140901
1151 779694121
1152 780457399
1153 785714981
1154 786567783
1155 786672251
1156 792447521
1157 793114099
1158 794042701
1159 795352321
1160 796066571
1161 799298581
1162 800684191
1163 803127151
1164 806913691
1165 807749461
1166 808914881
1167 811809841
1168 814056001
1169 819124741
1170 819153557
1171 819480751
1172 819599171
1173 820192231
1174 824458051
1175 826945621
1176 829737221
1177 831126463
1178 832048447
1179 832656701
1180 834782329
1181 835935361
1182 837289051
1183 837867929
1184 837996031
1185 841044401
1186 841402591
1187 842960981
1188 844788757
1189 849606031
1190 851026261
1191 851703301
1192 852124111
1193 853066369
1194 853345781
1195 853965421
1196 854069761
1197 854634061
1198 855073301
1199 856745881
1200 860543797
1201 861614027
1202 864928201
1203 865047121
1204 868088341
1205 874480069
1206 875008331
1207 878603701
1208 886474831
1209 887543401
1210 887795221
1211 894809791
1212 896901461
1213 897610411
1214 901848301
1215 903035501
1216 903514081
1217 906471301
1218 906655049
1219 908736097
1220 911622281
1221 915329071
1222 917215489
1223 917479999
1224 918661501
1225 920266651
1226 921057301
1227 921134551
1228 923437213
1229 925165039
1230 928247743
1231 932457601
1232 933184801
1233 935794081
1234 936088031
1235 937793431
1236 941363281
1237 947809351
1238 948278131
1239 950185891
1240 952225201
1241 954103987
1242 954783457
1243 956427481
1244 957770821
1245 958323601
1246 958526209
1247 960114709
1248 960946321
1249 961678741
1250 962375941
1251 962447743
1252 965933041
1253 966000881
1254 966919501
1255 967287751
1256 968413217
1257 968483521
1258 969544363
1259 972471151
1260 975459853
1261 977770531
1262 981764611
1263 983868001
1264 987441067
1265 987842101
1266 990835049
1267 991913081
1268 997869727
1269 1001530441
1270 1002779201
1271 1003131421
1272 1003137193
1273 1007101729
1274 1008411811
1275 1009965511
1276 1010461121
1277 1011537091
1278 1015269391
1279 1015466971
1280 1016560201
1281 1019091943
1282 1021281301
1283 1024289281
1284 1024516693
1285 1027731491
1286 1030264181
1287 1030354417
1288 1030401901
1289 1033737301
1290 1035611581
1291 1036295569
1292 1038218281
1293 1038880753
1294 1040410333
1295 1042519771
1296 1046092981
1297 1048249343
1298 1048470061
1299 1049144801
1300 1054107601
1301 1055163121
1302 1059362729
1303 1062603901
1304 1063145359
1305 1063398043
1306 1064519011
1307 1072581277
1308 1072898711
1309 1073066881
1310 1073356831
1311 1075156291
1312 1083174283
1313 1086444001
1314 1086797671
1315 1087422211
1316 1093208131
1317 1093270511
1318 1095858331
1319 1096690141
1320 1097893087
1321 1098812651
1322 1099765913
1323 1101623381
1324 1101814543
1325 1106595493
1326 1107379681
1327 1108973251
1328 1112967991
1329 1114563007
1330 1115222681
1331 1121452021
1332 1124592431
1333 1131244291
1334 1132906501
1335 1134193561
1336 1134617401
1337 1138471951
1338 1138920949
1339 1143978967
1340 1144285271
1341 1144761581
1342 1145007739
1343 1145883917
1344 1153290961
1345 1153788301
1346 1154007109
1347 1155690451
1348 1157445451
1349 1157839381
1350 1159612201
1351 1160699551
1352 1163168077
1353 1168544749
1354 1171124029
1355 1171305631
1356 1171377551
1357 1172817151
1358 1182841441
1359 1185300631
1360 1186915861
1361 1188221201
1362 1189028701
1363 1189817371
1364 1191468251
1365 1192607389
1366 1194058721
1367 1198880261
1368 1198894063
1369 1200257431
1370 1201812769
1371 1204602691
1372 1208312089
1373 1209815141
1374 1210727761
1375 1211336281
1376 1212786961
1377 1214513621
1378 1219437001
1379 1221767831
1380 1222054723
1381 1226571569
1382 1230995651
1383 1232097751
1384 1244480689
1385 1254472801
1386 1254948337
1387 1257596551
1388 1261444087
1389 1263785063
1390 1264145401
1391 1264466317
1392 1265359393
1393 1265955571
1394 1266989701
1395 1267133311
1396 1268469781
1397 1269549401
1398 1271487631
1399 1273700101
1400 1280148733
1401 1280837381
1402 1282568741
1403 1282854709
1404 1286582361
1405 1289281621
1406 1296293221
1407 1297901953
1408 1300683151
1409 1303910581
1410 1306441441
1411 1310926129
1412 1311004813
1413 1311701513
1414 1312001281
1415 1313514563
1416 1316574971
1417 1318652581
1418 1319825179
1419 1322524729
1420 1325802559
1421 1327792651
1422 1328898841
1423 1339560587
1424 1345523401
1425 1346692121
1426 1348480801
1427 1358389969
1428 1360467331
1429 1361705929
1430 1363469797
1431 1370043133
1432 1370735503
1433 1371328081
1434 1371835693
1435 1375867531
1436 1377352351
1437 1377829441
1438 1378203751
1439 1378481539
1440 1387742749
1441 1389675541
1442 1391294647
1443 1392410729
1444 1394524811
1445 1397169091
1446 1399144291
1447 1401478051
1448 1402225309
1449 1404228421
1450 1404253369
1451 1404909691
1452 1408706209
1453 1412651017
1454 1415769601
1455 1417559383
1456 1421298451
1457 1423246771
1458 1424597609
1459 1426068821
1460 1428966001
1461 1432657211
1462 1433690497
1463 1435427449
1464 1437095443
1465 1437684931
1466 1440250309
1467 1450893601
1468 1452622501
1469 1452830411
1470 1453672481
1471 1453876129
1472 1459829467
1473 1466169829
1474 1467817471
1475 1470616291
1476 1474619077
1477 1475081401
1478 1480849831
1479 1481933471
1480 1482174383
1481 1484118841
1482 1485061471
1483 1485355969
1484 1487387611
1485 1503705601
1486 1504702357
1487 1508642701
1488 1513888157
1489 1515785041
1490 1516410901
1491 1518836971
1492 1524090121
1493 1533512371
1494 1539620941
1495 1540208251
1496 1540454761
1497 1542353671
1498 1544599061
1499 1548553609
1500 1548686081
1501 1551949141
1502 1559218411
1503 1561393963
1504 1565893201
1505 1575983711
1506 1577730121
1507 1583205643
1508 1585575361
1509 1587808769
1510 1587858301
1511 1588247851
1512 1588337269
1513 1588472341
1514 1591074001
1515 1592233291
1516 1597978591
1517 1613842001
1518 1614512251
1519 1618070737
1520 1618249687
1521 1619680147
1522 1623130381
1523 1627644961
1524 1630161541
1525 1632525889
1526 1632816001
1527 1633240001
1528 1635541711
1529 1639197169
1530 1649120719
1531 1651317301
1532 1651880413
1533 1651994551
1534 1654537921
1535 1658291461
1536 1663381981
1537 1666779073
1538 1667146601
1539 1667483309
1540 1667862569
1541 1668060253
1542 1668217027
1543 1673056111
1544 1673100001
1545 1674091141
1546 1679240179
1547 1683145921
1548 1684118251
1549 1686354757
1550 1690380901
1551 1690599709
1552 1692928049
1553 1694226301
1554 1695419041
1555 1695488551
1556 1696796641
1557 1699279441
1558 1701005489
1559 1701129281
1560 1705641901
1561 1706527261
1562 1707313469
1563 1707699491
1564 1708549501
1565 1710030181
1566 1710616321
1567 1712392321
1568 1715927401
1569 1719867911
1570 1728326491
1571 1731275341
1572 1734474061
1573 1736985223
1574 1738769281
1575 1739695721
1576 1744734889
1577 1746543401
1578 1749359761
1579 1754128069
1580 1755468931
1581 1757148121
1582 1757235061
1583 1760632201
1584 1761546109
1585 1765432909
1586 1766769439
1587 1770046081
1588 1779959569
1589 1781623351
1590 1781824801
1591 1782788641
1592 1786053481
1593 1787934881
1594 1791426787
1595 1792331861
1596 1796170351
1597 1796734241
1598 1798331501
1599 1803429739
1600 1808089321
1601 1808205701
1602 1813474321
1603 1818827141
1604 1820402921
1605 1823640751
1606 1825272751
1607 1831812841
1608 1839162061
1609 1839568981
1610 1840512787
1611 1840525831
1612 1840840321
1613 1842013951
1614 1845611431
1615 1846824043
1616 1850869799
1617 1852666901
1618 1858458361
1619 1859787187
1620 1866409861
1621 1870663411
1622 1871390071
1623 1876485691
1624 1878810697
1625 1879202881
1626 1880199001
1627 1882362301
1628 1884929677
1629 1891357001
1630 1894349101
1631 1900687381
1632 1901367001
1633 1906972741
1634 1907075731
1635 1908528731
1636 1909759051
1637 1911155821
1638 1911859951
1639 1913296951
1640 1915608241
1641 1916523181
1642 1917925381
1643 1918534901
1644 1920594079
1645 1924304141
1646 1926643489
1647 1926811921
1648 1928521711
1649 1932808963
1650 1933420609
1651 1934350351
1652 1938459353
1653 1940174209
1654 1942089601
1655 1952439539
1656 1957084741
1657 1959594019
1658 1962955177
1659 1963133581
1660 1966789351
1661 1969698371
1662 1973434501
1663 1977257441
1664 1984069351
1665 1989900931
1666 1993252169
1667 1999743661
1668 2002032379
1669 2008184641
1670 2008477729
1671 2011297009
1672 2016481477
1673 2018260627
1674 2023065451
1675 2024149843
1676 2028416021
1677 2032335317
1678 2035057949
1679 2035304881
1680 2036224321
1681 2037732451
1682 2038515209
1683 2046935381
1684 2051419609
1685 2052722251
1686 2054080729
1687 2061102913
1688 2063291821
1689 2065542821
1690 2067767461
1691 2069182981
1692 2072462701
1693 2074851577
1694 2075853001
1695 2076192007
1696 2079730501
1697 2080459151
1698 2082273301
1699 2083359241
1700 2086236181
1701 2089282339
1702 2089285381
1703 2091501751
1704 2094437687
1705 2094644557
1706 2094960001
1707 2096034373
1708 2098305281
1709 2101568743
1710 2103239563
1711 2106122929
1712 2108215771
1713 2108764481
1714 2109946021
1715 2113131401
1716 2124004411
1717 2126649071
1718 2130677281
1719 2142302741
1720 2143114957
1721 2144311651
1722 2145540741
1723 2146582621
1724 2149234681
1725 2149456531
1726 2151392783
1727 2155631041
1728 2158363153
1729 2162688529
1730 2164095097
1731 2165120959
1732 2167668163
1733 2169323861
1734 2170186021
1735 2170282969
1736 2172838141
1737 2174166881
1738 2177085241
1739 2181897329
1740 2184630481
1741 2187580487
1742 2188576261
1743 2193153271
1744 2194649659
1745 2195936501
1746 2197944451
1747 2198517991
1748 2199931651
1749 2201642801
1750 2202101761
1751 2204415361
1752 2206759229
1753 2213712499
1754 2217929851
1755 2221730101
1756 2223669001
1757 2226182191
1758 2234202049
1759 2235669353
1760 2239679287
1761 2242334851
1762 2246725469
1763 2255968331
1764 2257069201
1765 2265787831
1766 2268986761
1767 2269890379
1768 2271817633
1769 2277332641
1770 2280105367
1771 2284040359
1772 2285172541
1773 2298400411
1774 2299124299
1775 2300319061
1776 2300356301
1777 2301034369
1778 2301980801
1779 2302084747
1780 2304344813
1781 2307469849
1782 2312064841
1783 2312521751
1784 2312688377
1785 2317943041
1786 2319891307
1787 2329584217
1788 2331181621
1789 2342409691
1790 2346509521
1791 2347701661
1792 2348917561
1793 2351920801
1794 2355447001
1795 2358822941
1796 2362478311
1797 2363674921
1798 2369448847
1799 2371547869
1800 2374034251
1801 2374644889
1802 2375705389
1803 2376169451
1804 2377871941
1805 2379387089
1806 2379503947
1807 2381752351
1808 2385548881
1809 2401467427
1810 2414907041
1811 2416105193
1812 2416179239
1813 2419188817
1814 2419702583
1815 2425249601
1816 2426011691
1817 2429199169
1818 2433195451
1819 2435512421
1820 2435644027
1821 2435792461
1822 2436691321
1823 2446351601
1824 2446810957
1825 2448374689
1826 2448378259
1827 2448848981
1828 2452873141
1829 2456404231
1830 2460007171
1831 2461211633
1832 2462662801
1833 2464906321
1834 2467601881
1835 2475131293
1836 2475634051
1837 2481403601
1838 2483253781
1839 2484548947
1840 2484979157
1841 2493414691
1842 2493698131
1843 2497638781
1844 2501960501
1845 2502448721
1846 2503267981
1847 2506529257
1848 2515048999
1849 2516452021
1850 2520648397
1851 2520917821
1852 2520953689
1853 2522732801
1854 2523736531
1855 2529410281
1856 2531872711
1857 2534780029
1858 2537835889
1859 2538381259
1860 2544804811
1861 2549110901
1862 2550780277
1863 2553858287
1864 2555706731
1865 2557314061
1866 2559217387
1867 2560727809
1868 2563808563
1869 2568560051
1870 2575212881
1871 2575558171
1872 2579163931
1873 2579788751
1874 2585837251
1875 2598649381
1876 2598933481
1877 2600376871
1878 2611016641
1879 2613034661
1880 2615560333
1881 2616855361
1882 2620385419
1883 2621977627
1884 2625665701
1885 2627282701
1886 2629245841
1887 2631711283
1888 2634284801
1889 2640138997
1890 2643735931
1891 2646678101
1892 2648671957
1893 2651251651
1894 2654851387
1895 2657314351
1896 2669501161
1897 2670972949
1898 2675008081
1899 2681660843
1900 2687747119
1901 2689519141
1902 2692079167
1903 2699333071
1904 2701757899
1905 2701911001
1906 2712724291
1907 2712745351
1908 2712927661
1909 2716344661
1910 2716850729
1911 2716889281
1912 2717337949
1913 2718920101
1914 2722042481
1915 2722576501
1916 2727014851
1917 2728102651
1918 2733156029
1919 2736288589
1920 2745357721
1921 2746021741
1922 2747671411
1923 2750500111
1924 2750896849
1925 2751794209
1926 2752534271
1927 2760040189
1928 2776565821
1929 2794291291
1930 2812496581
1931 2813467621
1932 2813764151
1933 2815638841
1934 2819164531
1935 2820542611
1936 2820853921
1937 2822098493
1938 2826128971
1939 2833743061
1940 2837791369
1941 2840871041
1942 2842453351
1943 2854034977
1944 2855061421
1945 2855661121
1946 2857721021
1947 2862293743
1948 2866872781
1949 2867781001
1950 2871883741
1951 2874828751
1952 2875196371
1953 2877477571
1954 2885972701
1955 2886402487
1956 2889079201
1957 2893793249
1958 2895331981
1959 2897887051
1960 2898023521
1961 2898966799
1962 2899034111
1963 2901514531
1964 2903126857
1965 2912158919
1966 2912706217
1967 2913465901
1968 2916247819
1969 2930502391
1970 2936428741
1971 2938326823
1972 2942313043
1973 2945208001
1974 2945999803
1975 2954462509
1976 2957102129
1977 2959277263
1978 2966778431
1979 2967569461
1980 2970804061
1981 2971093387
1982 2975377429
1983 2984497501
1984 2986528151
1985 2992394501
1986 2993635471
1987 2995521901
1988 2996755061
1989 2998789757
1990 3000271091
1991 3004635481
1992 3005755237
1993 3007762741
1994 3014101261
1995 3016392961
1996 3020239741
1997 3026558251
1998 3028093981
1999 3030393901
2000 3030638101
2001 3033831301
2002 3034203361
2003 3037781251
2004 3044238121
2005 3048698683
2006 3051542971
2007 3064863187
2008 3077802001
2009 3082421581
2010 3083053387
2011 3084183901
2012 3085507153
2013 3087342901
2014 3093769801
2015 3105542683
2016 3106380401
2017 3106952647
2018 3112723351
2019 3115120321
2020 3115914523
2021 3116834401
2022 3117576691
2023 3118285561
2024 3122198731
2025 3127639511
2026 3130268821
2027 3141136241
2028 3142844563
2029 3142863751
2030 3147684301
2031 3151587349
2032 3156599161
2033 3156601561
2034 3159982081
2035 3163379617
2036 3164831281
2037 3164973769
2038 3168020419
2039 3168847441
2040 3169830751
2041 3177631643
2042 3182381201
2043 3183326173
2044 3184139701
2045 3185704801
2046 3197514091
2047 3200828401
2048 3206475331
2049 3207689101
2050 3215031751
2051 3217665961
2052 3217726681
2053 3217744531
2054 3219808411
2055 3220309009
2056 3221141491
2057 3222693421
2058 3224109701
2059 3228044821
2060 3232136741
2061 3232912621
2062 3233558021
2063 3234958673
2064 3237588901
2065 3246022501
2066 3249335941
2067 3255203269
2068 3255216133
2069 3259183511
2070 3259595539
2071 3261194581
2072 3264848369
2073 3271298887
2074 3275954389
2075 3286184287
2076 3289572001
2077 3294423631
2078 3295217971
2079 3304861061
2080 3306560671
2081 3307093921
2082 3307251221
2083 3311073001
2084 3311236741
2085 3333016177
2086 3336263461
2087 3337201121
2088 3338440201
2089 3339531521
2090 3350958521
2091 3361874671
2092 3369251047
2093 3374957881
2094 3378938261
2095 3383477191
2096 3390106651
2097 3392509201
2098 3397422541
2099 3404168197
2100 3407609221
2101 3412604647
2102 3414816611
2103 3420524467
2104 3421845001
2105 3441666181
2106 3451253731
2107 3453778663
2108 3455991001
2109 3463164703
2110 3472200271
2111 3485894371
2112 3496644001
2113 3501463051
2114 3502893187
2115 3502970551
2116 3520622057
2117 3520787791
2118 3534420583
2119 3535849801
2120 3536504761
2121 3537257753
2122 3537814009
2123 3538213381
2124 3546365761
2125 3548536291
2126 3561179701
2127 3566014861
2128 3575224669
2129 3576536209
2130 3577732111
2131 3577767841
2132 3580801093
2133 3591633281
2134 3595831207
2135 3601570171
2136 3602550451
2137 3605208361
2138 3624013441
2139 3631661801
2140 3642369013
2141 3643586131
2142 3647863729
2143 3652775041
2144 3653266681
2145 3657547171
2146 3659807257
2147 3659890961
2148 3665242951
2149 3669981769
2150 3674037151
2151 3682604161
2152 3687724321
2153 3691220773
2154 3697278427
2155 3701299603
2156 3712280041
2157 3717260801
2158 3727828501
2159 3732063739
2160 3751554581
2161 3757961611
2162 3763084651
2163 3771392803
2164 3772962469
2165 3773061337
2166 3777255637
2167 3778515049
2168 3782741761
2169 3787284821
2170 3789227051
2171 3797234443
2172 3800306971
2173 3801299251
2174 3807044251
2175 3807578881
2176 3810236029
2177 3823155001
2178 3829135081
2179 3839195851
2180 3856732921
2181 3870091501
2182 3881445751
2183 3888925501
2184 3891367747
2185 3891538069
2186 3895363891
2187 3897241129
2188 3901604851
2189 3901632313
2190 3925583551
2191 3929048791
2192 3929293061
2193 3931153561
2194 3948587959
2195 3951472961
2196 3956446621
2197 3963231803
2198 3967649501
2199 3970975801
2200 3971790659
2201 3973139851
2202 3974572801
2203 3981507841
2204 3983313851
2205 3987598201
2206 3989122021
2207 3989454031
2208 3990044521
2209 3996495301
2210 3997020553
2211 3998384441
2212 4004940241
2213 4009418729
2214 4015029061
2215 4018641667
2216 4027269241
2217 4034370911
2218 4037386681
2219 4039584061
2220 4040527261
2221 4044557449
2222 4045222081
2223 4045354741
2224 4054039841
2225 4055746861
2226 4057765111
2227 4074795511
2228 4079544883
2229 4086816311
2230 4087536001
2231 4100004511
2232 4100037769
2233 4100934241
2234 4103255431
2235 4108970251
2236 4111778341
2237 4120791671
2238 4121492761
2239 4128337693
2240 4128883159
2241 4135285369
2242 4147919821
2243 4150174393
2244 4153998281
2245 4155505201
2246 4157558897
2247 4157722801
2248 4158154001
2249 4159012439
2250 4163898707
2251 4171662811
2252 4173248663
2253 4174196599
2254 4175826001
2255 4177285661
2256 4178535769
2257 4180304269
2258 4181177881
2259 4183491997
2260 4192936201
2261 4202566369
2262 4210095667
2263 4211049529
2264 4214429231
2265 4225458121
2266 4239174661
2267 4251343963
2268 4251659221
2269 4256352907
2270 4256942509
2271 4257763999
2272 4261523509
2273 4267164287
2274 4267280021
2275 4267640161
2276 4268222083
2277 4270338503
2278 4270657171
2279 4271267333
2280 4275230917
2281 4283876251
2282 4284536251
2283 4284790511
2284 4289393281
2285 4292083951
2286 4295605861
2287 4297557031
2288 4312425361
2289 4319061211
2290 4339316761
2291 4341475909
2292 4342764949
2293 4344016321
2294 4346737513
2295 4348306841
2296 4349917909
2297 4353737851
2298 4361576383
2299 4365282241
2300 4367435549
2301 4373131681
2302 4387814929
2303 4388605667
2304 4391635841
2305 4394140633
2306 4402674043
2307 4405016881
2308 4405248937
2309 4414444501
2310 4414719997
2311 4421762479
2312 4423055449
2313 4434903661
2314 4436826031
2315 4439270573
2316 4452222601
2317 4454864527
2318 4464573049
2319 4465475701
2320 4465614037
2321 4468181761
2322 4471275911
2323 4471876501
2324 4472350741
2325 4476223489
2326 4476645671
2327 4477483921
2328 4492639169
2329 4527794341
2330 4532038201
2331 4536754561
2332 4550723101
2333 4552418161
2334 4557352381
2335 4567911571
2336 4567994929
2337 4572469441
2338 4572989461
2339 4576139947
2340 4580698069
2341 4601043341
2342 4601175151
2343 4604883901
2344 4607550349
2345 4607817601
2346 4618655201
2347 4625440471
2348 4625750021
2349 4632020641
2350 4634118589
2351 4634535289
2352 4650376303
2353 4654866691
2354 4658163563
2355 4659037111
2356 4665648241
2357 4670408341
2358 4672790627
2359 4680773191
2360 4687710571
2361 4693095647
2362 4698451297
2363 4703416481
2364 4711494601
2365 4717589801
2366 4719716551
2367 4723497451
2368 4724359327
2369 4727072221
2370 4736056501
2371 4736087533
2372 4741740571
2373 4751767819
2374 4753271251
2375 4756953457
2376 4763883451
2377 4768349251
2378 4788516251
2379 4791921031
2380 4796945011
2381 4806906157
2382 4807362821
2383 4811952151
2384 4829926207
2385 4832460001
2386 4840865317
2387 4841122063
2388 4841458831
2389 4843240609
2390 4843817933
2391 4853451331
2392 4855519621
2393 4857922967
2394 4863280237
2395 4863387751
2396 4863390661
2397 4879012321
2398 4884744101
2399 4911335651
2400 4912610221
2401 4922601001
2402 4924218749
2403 4938813343
2404 4950246853
2405 4961812189
2406 4964349997
2407 4967149921
2408 4971601081
2409 4976431171
2410 4986633943
2411 4988241491
2412 4995381451
2413 5003153989
2414 5010328849
2415 5011566341
2416 5018827501
2417 5023743121
2418 5024339533
2419 5045624341
2420 5048801479
2421 5049047851
2422 5052052951
2423 5053112767
2424 5056372163
2425 5057681701
2426 5058236701
2427 5067339817
2428 5070832433
2429 5075419757
2430 5086454941
2431 5094575641
2432 5099075797
2433 5107822981
2434 5131291699
2435 5131545661
2436 5137780699
2437 5144319181
2438 5180538241
2439 5182906381
2440 5183079571
2441 5203967581
2442 5204683811
2443 5220284581
2444 5224917469
2445 5232570841
2446 5234365781
2447 5254434901
2448 5257341893
2449 5263129891
2450 5267500421
2451 5273236081
2452 5273422381
2453 5287129121
2454 5290107001
2455 5294046521
2456 5294326831
2457 5297713541
2458 5309822981
2459 5316044977
2460 5318223157
2461 5324608591
2462 5325094669
2463 5326846717
2464 5328972721
2465 5331965651
2466 5341304461
2467 5360659921
2468 5365731167
2469 5366890387
2470 5383149071
2471 5384935681
2472 5385100291
2473 5386560841
2474 5393886481
2475 5406076171
2476 5409030001
2477 5422929151
2478 5424809041
2479 5425366231
2480 5427083201
2481 5432665921
2482 5436784981
2483 5442350491
2484 5453120947
2485 5456527441
2486 5458628881
2487 5464093303
2488 5468955521
2489 5481090091
2490 5482317859
2491 5482918099
2492 5483296281
2493 5490031373
2494 5491975831
2495 5502660643
2496 5519208241
2497 5527677451
2498 5539866901
2499 5541058111
2500 5550268481
2501 5550509329
2502 5554102501
2503 5558857201
2504 5563179781
2505 5571284501
2506 5572809001
2507 5574351421
2508 5576936087
2509 5582196049
2510 5586227501
2511 5596951441
2512 5604871681
2513 5604993127
2514 5605828201
2515 5614388641
2516 5615659951
2517 5622038707
2518 5627961281
2519 5628187951
2520 5630766961
2521 5630824351
2522 5640794641
2523 5642120881
2524 5652944551
2525 5660639671
2526 5671240489
2527 5678244151
2528 5688621091
2529 5690247991
2530 5693028937
2531 5697036757
2532 5704559941
2533 5709502501
2534 5712101011
2535 5712564241
2536 5724453871
2537 5727303913
2538 5735365651
2539 5735830207
2540 5745949967
2541 5747894461
2542 5754740581
2543 5760220351
2544 5764643587
2545 5773210561
2546 5773758217
2547 5779171861
2548 5780361931
2549 5780442103
2550 5782076407
2551 5786889571
2552 5786926001
2553 5800533311
2554 5813089771
2555 5816382001
2556 5825530901
2557 5825683711
2558 5833249507
2559 5837252741
2560 5838149521
2561 5838636751
2562 5840796001
2563 5848661701
2564 5848725709
2565 5878012447
2566 5881095221
2567 5883081751
2568 5883252079
2569 5885121971
2570 5896036063
2571 5903577109
2572 5904210131
2573 5908930721
2574 5916230249
2575 5917068403
2576 5921997301
2577 5928095281
2578 5929400401
2579 5930882491
2580 5936122901
2581 5939705377
2582 5941129951
2583 5942650039
2584 5943637481
2585 5951389687
2586 5954822221
2587 5960650627
2588 5968028809
2589 5981662727
2590 5985964801
2591 5988720961
2592 5989622101
2593 5994049951
2594 5994669337
2595 6004532941
2596 6008439571
2597 6009951151
2598 6018349699
2599 6028548781
2600 6032982281
2601 6033303151
2602 6036659201
2603 6037504601
2604 6039625429
2605 6042985241
2606 6047866621
2607 6051543401
2608 6054921251
2609 6060127429
2610 6064160689
2611 6069227977
2612 6070320901
2613 6075292501
2614 6076516321
2615 6082815763
2616 6084120761
2617 6084405601
2618 6103978649
2619 6110331221
2620 6114134071
2621 6116463361
2622 6120937369
2623 6126589061
2624 6137982401
2625 6146448271
2626 6151016321
2627 6159372001
2628 6170889187
2629 6173012161
2630 6181745651
2631 6184206421
2632 6193666931
2633 6200691841
2634 6200814397
2635 6207977701
2636 6208202261
2637 6216095411
2638 6218262263
2639 6221308003
2640 6231800767
2641 6234192361
2642 6236982181
2643 6241829527
2644 6256273747
2645 6257007751
2646 6259190911
2647 6273144151
2648 6277579981
2649 6282083809
2650 6285146339
2651 6304440781
2652 6310998601
2653 6313435147
2654 6315344911
2655 6323622049
2656 6328292881
2657 6332185861
2658 6338097421
2659 6341801131
2660 6349101601
2661 6364854001
2662 6379430641
2663 6379505887
2664 6381036401
2665 6382830481
2666 6384962551
2667 6390259669
2668 6390421291
2669 6393414361
2670 6398516101
2671 6404040637
2672 6406189021
2673 6406960351
2674 6410604257
2675 6423147811
2676 6428585099
2677 6428671849
2678 6428998453
2679 6431713471
2680 6435448951
2681 6437258161
2682 6437336329
2683 6437358201
2684 6437954381
2685 6446800291
2686 6447346201
2687 6447783191
2688 6458515961
2689 6459663131
2690 6460715647
2691 6465506501
2692 6467020561
2693 6477719641
2694 6479239339
2695 6482062621
2696 6487484293
2697 6490535113
2698 6490772551
2699 6498021493
2700 6503380441
2701 6504804001
2702 6510828349
2703 6515891101
2704 6531449233
2705 6534329401
2706 6549022741
2707 6566187451
2708 6569667541
2709 6580693771
2710 6581290501
2711 6587187331
2712 6588920701
2713 6589793029
2714 6591982051
2715 6614699131
2716 6620848051
2717 6634249981
2718 6637379701
2719 6643968481
2720 6650873963
2721 6653936801
2722 6659353663
2723 6661120201
2724 6667246613
2725 6673301461
2726 6684524029
2727 6697956101
2728 6698058401
2729 6711174037
2730 6712626821
2731 6725854171
2732 6725905099
2733 6730123093
2734 6750471001
2735 6759420397
2736 6765074263
2737 6767672311
2738 6768940001
2739 6770690221
2740 6770862367
2741 6773188811
2742 6778429861
2743 6781640491
2744 6788953069
2745 6796703971
2746 6803850241
2747 6804554261
2748 6805338961
2749 6830494301
2750 6853186363
2751 6872538721
2752 6875021341
2753 6890530849
2754 6895429501
2755 6908002111
2756 6919065451
2757 6919482881
2758 6927808501
2759 6932000401
2760 6938136661
2761 6940483441
2762 6943309561
2763 6959155969
2764 6971555389
2765 6993622711
2766 6997699381
2767 7000548679
2768 7009047109
2769 7009917487
2770 7028683567
2771 7036018861
2772 7040182577
2773 7063604047
2774 7072498369
2775 7072995329
2776 7074432179
2777 7074997781
2778 7076105791
2779 7079749951
2780 7085478797
2781 7107614431
2782 7112317241
2783 7115136901
2784 7116776041
2785 7119185191
2786 7121196811
2787 7124033621
2788 7128448651
2789 7150449811
2790 7165026181
2791 7167527251
2792 7168545301
2793 7170768877
2794 7172341727
2795 7176971803
2796 7180844563
2797 7185752911
2798 7194966241
2799 7200256261
2800 7201354249
2801 7205520001
2802 7215695497
2803 7215868801
2804 7228413631
2805 7231611913
2806 7232072203
2807 7236812701
2808 7239419461
2809 7247160121
2810 7257648991
2811 7264159967
2812 7279379941
2813 7286930821
2814 7295880901
2815 7301136001
2816 7304736979
2817 7305832441
2818 7305886463
2819 7312518121
2820 7314098947
2821 7317005561
2822 7324835017
2823 7333913809
2824 7336332001
2825 7337575891
2826 7337784301
2827 7344941599
2828 7348818487
2829 7350067639
2830 7350969697
2831 7368816211
2832 7376090801
2833 7383883961
2834 7389460621
2835 7392190081
2836 7402444481
2837 7432280041
2838 7439744251
2839 7444487879
2840 7444974601
2841 7450031293
2842 7453013437
2843 7464487061
2844 7482591271
2845 7497200261
2846 7504774747
2847 7505716411
2848 7523553241
2849 7533820501
2850 7535116681
2851 7535192941
2852 7565040827
2853 7568431991
2854 7574534111
2855 7583840767
2856 7592422039
2857 7602894391
2858 7606878301
2859 7610174009
2860 7610718809
2861 7614538489
2862 7623130129
2863 7628550931
2864 7629394531
2865 7630688341
2866 7637670601
2867 7646124511
2868 7654588481
2869 7654729501
2870 7660047511
2871 7678853327
2872 7682651209
2873 7683142951
2874 7685860051
2875 7689828401
2876 7690666231
2877 7693527841
2878 7695193031
2879 7713274537
2880 7717906351
2881 7727136481
2882 7738026451
2883 7743168847
2884 7743382277
2885 7744924459
2886 7747218109
2887 7757131231
2888 7758306601
2889 7764084641
2890 7768248881
2891 7782088609
2892 7783956781
2893 7786695841
2894 7801012909
2895 7819031431
2896 7848247681
2897 7869170801
2898 7877294701
2899 7908208261
2900 7915011761
2901 7919395051
2902 7919840449
2903 7925186369
2904 7930585651
2905 7939010641
2906 7948306241
2907 7950120481
2908 7970048083
2909 7973621041
2910 7973633251
2911 7974713251
2912 7975722721
2913 7980852673
2914 7982239771
2915 7983518887
2916 7990836769
2917 8009658541
2918 8010193441
2919 8015670851
2920 8018351797
2921 8020114969
2922 8022363149
2923 8022599681
2924 8022847123
2925 8032649563
2926 8043444067
2927 8049210423
2928 8057962207
2929 8072450341
2930 8078811751
2931 8083163341
2932 8085664801
2933 8090368081
2934 8094913487
2935 8098537501
2936 8098752871
2937 8102944681
2938 8128779331
2939 8144063621
2940 8149488167
2941 8162831381
2942 8165339701
2943 8169918301
2944 8175722509
2945 8181124631
2946 8182628749
2947 8183207911
2948 8197231013
2949 8202124141
2950 8203527109
2951 8206079201
2952 8231176531
2953 8231246893
2954 8248194541
2955 8253792881
2956 8261040803
2957 8263823761
2958 8265839401
2959 8265941251
2960 8271435673
2961 8275484197
2962 8282195461
2963 8290109353
2964 8294021171
2965 8294810501
2966 8305289981
2967 8323229441
2968 8325735139
2969 8325910051
2970 8337521809
2971 8338393369
2972 8346764609
2973 8349717017
2974 8352417901
2975 8363382697
2976 8391162601
2977 8397071411
2978 8403823409
2979 8408013307
2980 8414561761
2981 8437199851
2982 8443988747
2983 8452795231
2984 8454056909
2985 8454193841
2986 8454457597
2987 8478236551
2988 8492382751
2989 8493286051
2990 8498711713
2991 8509837949
2992 8515310851
2993 8520123511
2994 8520882091
2995 8525214287
2996 8529554419
2997 8532828361
2998 8533055731
2999 8535871709
3000 8541054397
3001 8547842101
3002 8554893601
3003 8557245301
3004 8570437781
3005 8582310661
3006 8584227451
3007 8584277941
3008 8591136769
3009 8593801651
3010 8597177401
3011 8603021701
3012 8608457383
3013 8612234401
3014 8615784451
3015 8616427471
3016 8617299601
3017 8618272541
3018 8621648407
3019 8629620841
3020 8652952951
3021 8653349149
3022 8665204601
3023 8668826671
3024 8672642551
3025 8676181351
3026 8677194769
3027 8681335183
3028 8691418901
3029 8702123971
3030 8706283741
3031 8714965001
3032 8731315693
3033 8732014747
3034 8732792251
3035 8762787511
3036 8763861583
3037 8763960671
3038 8770840261
3039 8793509401
3040 8821806163
3041 8839426591
3042 8843884561
3043 8851756321
3044 8855265901
3045 8863329511
3046 8865415891
3047 8869631131
3048 8871319801
3049 8875298821
3050 8876052361
3051 8877487747
3052 8878865491
3053 8888963329
3054 8894614051
3055 8895578609
3056 8904085891
3057 8908352161
3058 8911132849
3059 8911829161
3060 8912435501
3061 8928606541
3062 8930361793
3063 8934130069
3064 8942701489
3065 8945313781
3066 8951503501
3067 8954732593
3068 8963272711
3069 8969205001
3070 8984814841
3071 8992906501
3072 9021437851
3073 9036956629
3074 9037401757
3075 9043415681
3076 9048782849
3077 9058299937
3078 9058888021
3079 9069238963
3080 9075220001
3081 9075517561
3082 9077081333
3083 9086818369
3084 9090441361
3085 9093241921
3086 9096610681
3087 9097777291
3088 9101837161
3089 9102487571
3090 9112623517
3091 9112803751
3092 9121340251
3093 9131407381
3094 9134025283
3095 9139810681
3096 9140317073
3097 9153247951
3098 9153975451
3099 9155798479
3100 9161333947
3101 9174943681
3102 9179947069
3103 9181161109
3104 9213197401
3105 9234135277
3106 9242854669
3107 9264486631
3108 9264610651
3109 9267046111
3110 9280975681
3111 9286903081
3112 9300395617
3113 9303078331
3114 9304351061
3115 9309001813
3116 9318390401
3117 9329610883
3118 9330121769
3119 9343855249
3120 9345161281
3121 9365294429
3122 9370380241
3123 9379240501
3124 9382305931
3125 9383028521
3126 9383580961
3127 9397913981
3128 9404882401
3129 9406826371
3130 9423386221
3131 9435979351
3132 9451955221
3133 9453819061
3134 9457454749
3135 9462715351
3136 9462758881
3137 9462932431
3138 9472954541
3139 9475927603
3140 9497549881
3141 9518520551
3142 9522019189
3143 9523725751
3144 9530587301
3145 9533813701
3146 9540398561
3147 9556396991
3148 9576214751
3149 9587148821
3150 9591219461
3151 9593125081
3152 9594520781
3153 9600294089
3154 9600717733
3155 9601964479
3156 9605276251
3157 9614302741
3158 9618729413
3159 9620716267
3160 9635753227
3161 9640463743
3162 9641366551
3163 9644896801
3164 9656393371
3165 9658762699
3166 9671001451
3167 9671350501
3168 9672813701
3169 9673005871
3170 9675383329
3171 9689936101
3172 9692588089
3173 9720569941
3174 9730135301
3175 9747600409
3176 9752958161
3177 9758525617
3178 9765231361
3179 9765636031
3180 9770302907
3181 9777353923
3182 9778472971
3183 9783517801
3184 9792461311
3185 9795310211
3186 9795853061
3187 9796420841
3188 9797410171
3189 9799180561
3190 9808856011
3191 9811034377
3192 9822926221
3193 9828197569
3194 9830955059
3195 9839667943
3196 9841702501
3197 9846175921
3198 9851739049
3199 9853589857
3200 9858930929
3201 9881813371
3202 9890806109
3203 9896607901
3204 9908966731
3205 9910443841
3206 9922994621
3207 9933867721
3208 9948941101
3209 9949324603
3210 9959784409
3211 9966343271
3212 9971426513
3213 9998489621
3214 10018064941
3215 10020260251
3216 10024673941
3217 10026351451
3218 10027356671
3219 10038155717
3220 10040374507
3221 10044716041
3222 10046854481
3223 10047194011
3224 10059396481
3225 10060202101
3226 10063217401
3227 10066109671
3228 10076533741
3229 10078462369
3230 10082490241
3231 10088444701
3232 10094568437
3233 10098239491
3234 10102674821
3235 10105325887
3236 10106442001
3237 10115678449
3238 10122646213
3239 10122928537
3240 10124155201
3241 10127033351
3242 10127712499
3243 10128329443
3244 10128661201
3245 10133985601
3246 10134765631
3247 10136245771
3248 10146334969
3249 10168155971
3250 10175913001
3251 10176972583
3252 10192778131
3253 10202154241
3254 10208692591
3255 10210870991
3256 10220986273
3257 10237040389
3258 10237909529
3259 10276330037
3260 10290983851
3261 10291138747
3262 10299254869
3263 10302133267
3264 10324930801
3265 10327021801
3266 10350547717
3267 10365622291
3268 10367051683
3269 10374270901
3270 10376857891
3271 10387489729
3272 10388392051
3273 10397809837
3274 10402576207
3275 10402913341
3276 10414493251
3277 10423082623
3278 10429788181
3279 10439677711
3280 10446122611
3281 10457079751
3282 10457363251
3283 10459306657
3284 10464123367
3285 10468033811
3286 10468039639
3287 10471174561
3288 10492855361
3289 10506659381
3290 10508744251
3291 10524366451
3292 10524744001
3293 10530252151
3294 10535948587
3295 10540431451
3296 10558802827
3297 10567736731
3298 10610081527
3299 10611226081
3300 10617799681
3301 10625272481
3302 10637788591
3303 10642419041
3304 10647195817
3305 10647708901
3306 10651147867
3307 10653982951
3308 10666837301
3309 10674606101
3310 10680500953
3311 10690315651
3312 10700390741
3313 10702605229
3314 10703869087
3315 10711025651
3316 10720323343
3317 10722172693
3318 10735020911
3319 10739844001
3320 10742865761
3321 10760665051
3322 10761346751
3323 10773458851
3324 10798479847
3325 10801098673
3326 10802818321
3327 10828616261
3328 10833860809
3329 10839931147
3330 10845528493
3331 10846314841
3332 10860091261
3333 10864628881
3334 10865270267
3335 10866483709
3336 10892105407
3337 10894433101
3338 10904086351
3339 10910083801
3340 10911794081
3341 10915967611
3342 10922888089
3343 10933890881
3344 10935928261
3345 10941421501
3346 10950000601
3347 10957889309
3348 10978532713
3349 10990255501
3350 10996390651
3351 11004991279
3352 11009301151
3353 11014058221
3354 11028278231
3355 11037378283
3356 11039355169
3357 11056873001
3358 11062735069
3359 11070740951
3360 11073278077
3361 11088407749
3362 11090665051
3363 11092261951
3364 11094412171
3365 11095927411
3366 11099925037
3367 11105207851
3368 11116362211
3369 11123848039
3370 11125904899
3371 11131742311
3372 11142166351
3373 11163683701
3374 11174226821
3375 11174450689
3376 11180998351
3377 11185494889
3378 11186449007
3379 11203542281
3380 11204377841
3381 11207207681
3382 11220489361
3383 11229421897
3384 11251433407
3385 11268778333
3386 11269219921
3387 11275307317
3388 11280896183
3389 11297321201
3390 11299098241
3391 11314174957
3392 11319291307
3393 11350033421
3394 11350299901
3395 11370754921
3396 11382261463
3397 11405851333
3398 11421730321
3399 11426041579
3400 11428306849
3401 11441191843
3402 11485444141
3403 11495096251
3404 11537052881
3405 11540324281
3406 11543831443
3407 11544529049
3408 11582270107
3409 11605662301
3410 11612143951
3411 11622254491
3412 11630597947
3413 11644462369
3414 11647265689
3415 11684467243
3416 11688426803
3417 11695551211
3418 11696260801
3419 11696288501
3420 11706242591
3421 11728133041
3422 11732371813
3423 11740037401
3424 11760108361
3425 11766134749
3426 11767803391
3427 11768552801
3428 11769843781
3429 11788610401
3430 11789146979
3431 11798575951
3432 11800949371
3433 11807030929
3434 11812027831
3435 11824210609
3436 11831993881
3437 11834007121
3438 11835354463
3439 11856146527
3440 11860964701
3441 11865940123
3442 11873050867
3443 11877784717
3444 11907490321
3445 11916889951
3446 11931272641
3447 11937698893
3448 11945839621
3449 11953428241
3450 11962047551
3451 11974334429
3452 11987780111
3453 11997389431
3454 12005060533
3455 12016361701
3456 12016386229
3457 12027729601
3458 12029089949
3459 12037597261
3460 12060749507
3461 12069921559
3462 12090132601
3463 12093468481
3464 12116895463
3465 12122370751
3466 12123314239
3467 12131143201
3468 12182646901
3469 12207022759
3470 12219998341
3471 12220177861
3472 12232089521
3473 12236388781
3474 12236869721
3475 12274104151
3476 12279559111
3477 12309883741
3478 12310230161
3479 12312063409
3480 12322840661
3481 12324698527
3482 12334011691
3483 12337086529
3484 12337298821
3485 12339256609
3486 12346725511
3487 12348582541
3488 12358767761
3489 12359490529
3490 12368604961
3491 12390721729
3492 12392155781
3493 12394442251
3494 12395018387
3495 12395352667
3496 12396774601
3497 12396783701
3498 12397114841
3499 12399425299
3500 12404871421
3501 12414694951
3502 12431575489
3503 12437881387
3504 12458345111
3505 12460001149
3506 12462438721
3507 12468208171
3508 12472689181
3509 12474042901
3510 12505099423
3511 12505954567
3512 12507648661
3513 12509551627
3514 12509639141
3515 12532479263
3516 12548582101
3517 12560430169
3518 12570575167
3519 12572830201
3520 12587019481
3521 12601267541
3522 12605233033
3523 12614099149
3524 12614357101
3525 12622760041
3526 12625621093
3527 12628463857
3528 12635442401
3529 12635560451
3530 12636231301
3531 12639606583
3532 12702415573
3533 12707617651
3534 12733672561
3535 12740509601
3536 12741647381
3537 12745123381
3538 12752349751
3539 12758098849
3540 12781707049
3541 12783750757
3542 12784232831
3543 12801327551
3544 12802857421
3545 12808175491
3546 12816577577
3547 12817746901
3548 12822650011
3549 12828602561
3550 12838283131
3551 12840343277
3552 12848982751
3553 12850317811
3554 12856961041
3555 12860041951
3556 12868647121
3557 12870737461
3558 12872551313
3559 12884605301
3560 12892256491
3561 12893987851
3562 12914302441
3563 12924273121
3564 12925294691
3565 12937981897
3566 12938783329
3567 12954463681
3568 12957521671
3569 12958956019
3570 12963277993
3571 12968216159
3572 12980748421
3573 12994683169
3574 12999186649
3575 13015539811
3576 13021153531
3577 13024094731
3578 13035012121
3579 13044597481
3580 13045137421
3581 13048658569
3582 13053220181
3583 13067654701
3584 13071839321
3585 13074130081
3586 13097559091
3587 13106396461
3588 13107999301
3589 13112433427
3590 13116383669
3591 13143502571
3592 13147202251
3593 13151755261
3594 13167304921
3595 13169874169
3596 13194596717
3597 13227942421
3598 13240028041
3599 13267641817
3600 13287772321
3601 13303749761
3602 13304358601
3603 13304395249
3604 13322988337
3605 13331223881
3606 13339028449
3607 13343718481
3608 13355949181
3609 13360607443
3610 13368220651
3611 13375523881
3612 13381940731
3613 13391351861
3614 13411848581
3615 13414380211
3616 13426366241
3617 13428963277
3618 13433690597
3619 13461858637
3620 13461964591
3621 13470999961
3622 13477384387
3623 13483377601
3624 13502787481
3625 13509523711
3626 13513902791
3627 13546538749
3628 13550710867
3629 13550749801
3630 13552624801
3631 13589720813
3632 13591243751
3633 13593078181
3634 13593804373
3635 13595506861
3636 13612760089
3637 13616724269
3638 13623657301
3639 13631620861
3640 13638819049
3641 13642637557
3642 13642821557
3643 13644781141
3644 13671534241
3645 13680887851
3646 13697660071
3647 13706249191
3648 13707179011
3649 13711076303
3650 13749523561
3651 13759797151
3652 13785406727
3653 13831221331
3654 13861885049
3655 13873027387
3656 13876129051
3657 13880682331
3658 13883336821
3659 13890260381
3660 13894614871
3661 13899487061
3662 13905760123
3663 13933106731
3664 13946829751
3665 13961859661
3666 13964375941
3667 13977209737
3668 13980731689
3669 14002302397
3670 14022441067
3671 14028918301
3672 14041527631
3673 14042713231
3674 14043390661
3675 14052115661
3676 14052976297
3677 14053195861
3678 14055080597
3679 14071415671
3680 14075477851
3681 14076380881
3682 14078280163
3683 14082324481
3684 14089986751
3685 14107949161
3686 14149048601
3687 14151926101
3688 14155246871
3689 14180480707
3690 14188066549
3691 14199403501
3692 14208852481
3693 14220598501
3694 14231049151
3695 14232002401
3696 14232417211
3697 14243597371
3698 14244751489
3699 14260308721
3700 14263585471
3701 14269564909
3702 14280776641
3703 14310093403
3704 14330003491
3705 14347325101
3706 14353282241
3707 14359334333
3708 14365500353
3709 14377538473
3710 14385819463
3711 14386156093
3712 14406854129
3713 14406988051
3714 14484123289
3715 14500479401
3716 14503448191
3717 14511413047
3718 14529297637
3719 14536265651
3720 14552507971
3721 14554980511
3722 14561873411
3723 14568074561
3724 14570367061
3725 14575043341
3726 14584171501
3727 14590025101
3728 14592886453
3729 14602479667
3730 14608192171
3731 14624644381
3732 14629804001
3733 14641236091
3734 14649259411
3735 14653506001
3736 14654005081
3737 14658274651
3738 14666248411
3739 14676908791
3740 14684473081
3741 14685318407
3742 14693453321
3743 14696080261
3744 14703028201
3745 14712844591
3746 14714637121
3747 14727895337
3748 14733841267
3749 14739042061
3750 14755254151
3751 14759070481
3752 14808128401
3753 14808966721
3754 14811131341
3755 14820788501
3756 14865382561
3757 14872436641
3758 14874513551
3759 14886565271
3760 14901971701
3761 14902573121
3762 14911208251
3763 14942923201
3764 14950023481
3765 14950557361
3766 14952704101
3767 14955202693
3768 14961299671
3769 14971277401
3770 14986962451
3771 15006895489
3772 15022240507
3773 15053471191
3774 15060301121
3775 15073235299
3776 15076459861
3777 15095288543
3778 15095537861
3779 15101991301
3780 15110617087
3781 15121884301
3782 15157389061
3783 15164796691
3784 15165306001
3785 15173616043
3786 15201524977
3787 15206592061
3788 15212057743
3789 15217092001
3790 15218787151
3791 15257723209
3792 15281669089
3793 15298041067
3794 15299306881
3795 15301257427
3796 15310605029
3797 15317063581
3798 15320221019
3799 15324012541
3800 15330814201
3801 15337894021
3802 15337934821
3803 15346818829
3804 15357259969
3805 15363961471
3806 15367991761
3807 15388324111
3808 15410655041
3809 15432220801
3810 15446823367
3811 15448993891
3812 15478269049
3813 15488880301
3814 15509674363
3815 15511519297
3816 15550103141
3817 15570437461
3818 15579255511
3819 15579919981
3820 15582800251
3821 15583407841
3822 15586206991
3823 15588002191
3824 15603412231
3825 15605218171
3826 15619055761
3827 15621485441
3828 15646105351
3829 15647474081
3830 15653591801
3831 15661384051
3832 15670345351
3833 15687377291
3834 15688498369
3835 15695944531
3836 15698877157
3837 15704725121
3838 15717338821
3839 15717910951
3840 15735279631
3841 15738152761
3842 15745837441
3843 15749644861
3844 15776472601
3845 15791470081
3846 15831074689
3847 15867197011
3848 15867580201
3849 15883898647
3850 15889149821
3851 15912624097
3852 15925101193
3853 15927765127
3854 15937834537
3855 15949161289
3856 16014201121
3857 16023800161
3858 16027060141
3859 16027956073
3860 16035365851
3861 16053146761
3862 16066221601
3863 16067282323
3864 16093271351
3865 16101339211
3866 16112259841
3867 16114565461
3868 16125183001
3869 16125253717
3870 16136085169
3871 16157879263
3872 16165116259
3873 16180778161
3874 16183821833
3875 16189334537
3876 16194081961
3877 16215615853
3878 16234202161
3879 16256280829
3880 16265036261
3881 16265309971
3882 16304890697
3883 16306405421
3884 16317482501
3885 16324017841
3886 16336879661
3887 16346720561
3888 16382062201
3889 16384724971
3890 16389558667
3891 16397923819
3892 16400708257
3893 16419515899
3894 16438464001
3895 16446844147
3896 16452841861
3897 16464446681
3898 16472726401
3899 16475814083
3900 16475927491
3901 16493188171
3902 16498182247
3903 16558200961
3904 16566225541
3905 16571576341
3906 16589418581
3907 16600869541
3908 16615854823
3909 16617172081
3910 16654582781
3911 16655682689
3912 16675659001
3913 16692902011
3914 16700254741
3915 16705406593
3916 16705656241
3917 16710857551
3918 16716979207
3919 16726951099
3920 16738744681
3921 16794396481
3922 16801435081
3923 16811354017
3924 16814315743
3925 16819402201
3926 16826670631
3927 16828822921
3928 16829403529
3929 16837083901
3930 16842123751
3931 16845830401
3932 16857073229
3933 16870754629
3934 16886266561
3935 16902189481
3936 16902390691
3937 16925461433
3938 16939996529
3939 16948989901
3940 16958972491
3941 16960916641
3942 16975888129
3943 16977764161
3944 16978563127
3945 16981812401
3946 16983375841
3947 17010881551
3948 17043348601
3949 17046472481
3950 17055963781
3951 17057189101
3952 17075999821
3953 17077703833
3954 17082830491
3955 17105582341
3956 17119176961
3957 17124616321
3958 17128036591
3959 17139788011
3960 17142390541
3961 17145319159
3962 17157079427
3963 17164838881
3964 17168251561
3965 17172342601
3966 17175021481
3967 17192313973
3968 17195602607
3969 17205882751
3970 17205989851
3971 17223090751
3972 17233584961
3973 17237129641
3974 17248729051
3975 17250919561
3976 17251780001
3977 17258858671
3978 17269336883
3979 17271400309
3980 17309123341
3981 17312493241
3982 17319244321
3983 17337973381
3984 17367244201
3985 17372849869
3986 17374847621
3987 17413706641
3988 17415335317
3989 17439172871
3990 17455709041
3991 17457135701
3992 17473819301
3993 17483648471
3994 17484608261
3995 17533945553
3996 17547578911
3997 17560212961
3998 17576339461
3999 17577485581
4000 17578468751
4001 17593714051
4002 17602750381
4003 17603520877
4004 17621058547
4005 17624325451
4006 17645628551
4007 17649294391
4008 17655237739
4009 17658947083
4010 17684012851
4011 17685260321
4012 17694537589
4013 17699668351
4014 17700897089
4015 17730316081
4016 17732833301
4017 17738063221
4018 17747309431
4019 17751951001
4020 17789135911
4021 17804914177
4022 17817166621
4023 17828992387
4024 17833598773
4025 17872125391
4026 17875197061
4027 17889287131
4028 17898423121
4029 17905813901
4030 17906379961
4031 17911982383
4032 17958362701
4033 17974674517
4034 17989805377
4035 17994202591
4036 17994759553
4037 18005112581
4038 18010630291
4039 18021144517
4040 18025346431
4041 18035994601
4042 18038443513
4043 18051992281
4044 18082282969
4045 18096583291
4046 18099719191
4047 18103309291
4048 18106798501
4049 18177911851
4050 18180783349
4051 18183870703
4052 18189007201
4053 18200050021
4054 18216748751
4055 18224699869
4056 18228834541
4057 18236177051
4058 18237527771
4059 18280839641
4060 18303122311
4061 18304734787
4062 18306428251
4063 18328752991
4064 18336741131
4065 18341009359
4066 18355213801
4067 18365217449
4068 18374385511
4069 18397681541
4070 18399081611
4071 18403190437
4072 18410024201
4073 18421996471
4074 18428068601
4075 18438033011
4076 18443656061
4077 18450761839
4078 18451153967
4079 18459366157
4080 18479948761
4081 18491988217
4082 18493596451
4083 18502062899
4084 18518220001
4085 18520046161
4086 18525706501
4087 18552436093
4088 18560288809
4089 18582027601
4090 18594805447
4091 18626604379
4092 18641017537
4093 18663425167
4094 18672031601
4095 18701350849
4096 18718194151
4097 18722344831
4098 18732377149
4099 18737538821
4100 18749759761
4101 18764305561
4102 18766700521
4103 18775492741
4104 18779286763
4105 18780304201
4106 18784525691
4107 18788172881
4108 18791140591
4109 18797455927
4110 18843128641
4111 18852900823
4112 18855471637
4113 18857886301
4114 18895054457
4115 18895204231
4116 18928600351
4117 18929614609
4118 18936199351
4119 18938179121
4120 18942978961
4121 18949033489
4122 18966414811
4123 18968244487
4124 18982036711
4125 18983333461
4126 19004557801
4127 19008798401
4128 19013871001
4129 19014530081
4130 19043330461
4131 19051934141
4132 19052100289
4133 19089778501
4134 19093856351
4135 19098229897
4136 19110293401
4137 19121598107
4138 19124554261
4139 19170748021
4140 19192924801
4141 19220397811
4142 19223977321
4143 19224327701
4144 19243100251
4145 19243231411
4146 19245550141
4147 19247514301
4148 19256018651
4149 19277526007
4150 19280178751
4151 19282969441
4152 19286189581
4153 19288244641
4154 19293602329
4155 19296541571
4156 19305782497
4157 19305931921
4158 19306348801
4159 19308564449
4160 19337149831
4161 19338672151
4162 19341953731
4163 19347840553
4164 19348165807
4165 19354046407
4166 19355133991
4167 19367781569
4168 19379552561
4169 19383371047
4170 19396125907
4171 19405952677
4172 19411558279
4173 19438500481
4174 19444561921
4175 19453380181
4176 19461163009
4177 19471777051
4178 19487842291
4179 19540734049
4180 19542190627
4181 19556422729
4182 19564077101
4183 19566643501
4184 19566655051
4185 19577551561
4186 19586049407
4187 19590484691
4188 19597411681
4189 19598288909
4190 19634500747
4191 19639607941
4192 19650289601
4193 19651069453
4194 19653595201
4195 19664860181
4196 19678829101
4197 19685681863
4198 19689877189
4199 19697906821
4200 19702034269
4201 19703433709
4202 19712789587
4203 19735887751
4204 19738443601
4205 19744164983
4206 19746555221
4207 19759173493
4208 19767005441
4209 19771602317
4210 19815217687
4211 19828140769
4212 19877110681
4213 19887974881
4214 19897260127
4215 19908106109
4216 19912950961
4217 19915016881
4218 19920852451
4219 19927279751
4220 19940154961
4221 19942727201
4222 19948333411
4223 19955961169
4224 19964177101
4225 19969080067
4226 19978098961
4227 19992502021
4228 20000727793
4229 20045762501
4230 20049679541
4231 20051961931
4232 20058397061
4233 20070458389
4234 20080178101
4235 20105061481
4236 20130584081
4237 20133388333
4238 20149504751
4239 20150510881
4240 20150958059
4241 20153085179
4242 20158675351
4243 20171226241
4244 20187763951
4245 20193791101
4246 20196935701
4247 20208935839
4248 20216309023
4249 20255624377
4250 20256055381
4251 20261031451
4252 20289934669
4253 20303559851
4254 20310469771
4255 20321778751
4256 20343635131
4257 20350171651
4258 20353428859
4259 20367665431
4260 20401045991
4261 20411488369
4262 20419992781
4263 20428423399
4264 20430716401
4265 20452783471
4266 20463654661
4267 20480992621
4268 20484837187
4269 20503119809
4270 20531616481
4271 20553791347
4272 20561911571
4273 20635807891
4274 20649489031
4275 20654736451
4276 20657968561
4277 20663126821
4278 20678831083
4279 20693566051
4280 20698219781
4281 20704005901
4282 20711963269
4283 20739769471
4284 20741023801
4285 20769629581
4286 20788024661
4287 20817211451
4288 20835358277
4289 20847862801
4290 20859728041
4291 20867978881
4292 20873004121
4293 20878512901
4294 20880611251
4295 20882047187
4296 20894524579
4297 20909774551
4298 20912233189
4299 20922916429
4300 20948872517
4301 20952900487
4302 20964285361
4303 20984781751
4304 20985090193
4305 20989090981
4306 21009478073
4307 21016771057
4308 21025616251
4309 21042681763
4310 21045238831
4311 21046047751
4312 21050348563
4313 21053949841
4314 21060096301
4315 21073689281
4316 21086387851
4317 21088778261
4318 21091079203
4319 21096182647
4320 21102492871
4321 21104571391
4322 21118972421
4323 21121405621
4324 21128034881
4325 21129856021
4326 21190475963
4327 21190842961
4328 21196689841
4329 21202495579
4330 21219201683
4331 21224541889
4332 21227310749
4333 21238187881
4334 21238913291
4335 21240511951
4336 21246891019
4337 21253339117
4338 21253542241
4339 21259153921
4340 21262272607
4341 21264051101
4342 21269057431
4343 21271235563
4344 21275504251
4345 21276028621
4346 21280372741
4347 21286366831
4348 21309245623
4349 21335433781
4350 21336081391
4351 21337636321
4352 21345539491
4353 21349324291
4354 21361819711
4355 21365777651
4356 21404712961
4357 21411020233
4358 21416965471
4359 21419607481
4360 21437225959
4361 21446200021
4362 21449657881
4363 21451019801
4364 21457928467
4365 21462360641
4366 21483648181
4367 21486955951
4368 21488634019
4369 21502201673
4370 21507402869
4371 21521363329
4372 21539911847
4373 21545059969
4374 21545199721
4375 21548736887
4376 21564434651
4377 21586198229
4378 21594671929
4379 21607272781
4380 21615152651
4381 21617583577
4382 21620584901
4383 21631830497
4384 21674088451
4385 21686694481
4386 21695115469
4387 21701301301
4388 21710118961
4389 21712956721
4390 21723116581
4391 21725674381
4392 21737326931
4393 21740941961
4394 21754111843
4395 21762244967
4396 21775503007
4397 21782915423
4398 21787105681
4399 21788590051
4400 21788708741
4401 21792567337
4402 21831245101
4403 21832294901
4404 21835772659
4405 21839421001
4406 21841613089
4407 21864634021
4408 21875168881
4409 21884169301
4410 21916792501
4411 21924704401
4412 21925946491
4413 21961782781
4414 21974109397
4415 21977417353
4416 21982422401
4417 21987359551
4418 22015682551
4419 22023576961
4420 22031063713
4421 22068827461
4422 22086083561
4423 22097889703
4424 22101588961
4425 22115446741
4426 22127285701
4427 22138603831
4428 22147764451
4429 22152238421
4430 22153269601
4431 22156440643
4432 22188063691
4433 22193504341
4434 22194039211
4435 22218744929
4436 22221673489
4437 22229857669
4438 22231182751
4439 22240336837
4440 22255173007
4441 22268883313
4442 22270203649
4443 22286959531
4444 22298543191
4445 22323742981
4446 22336679191
4447 22344127521
4448 22363386271
4449 22366442251
4450 22374817951
4451 22424344639
4452 22436363051
4453 22457693581
4454 22463279983
4455 22482783289
4456 22484479841
4457 22509556669
4458 22533344887
4459 22583217151
4460 22591166131
4461 22618629697
4462 22622874401
4463 22625069581
4464 22633773247
4465 22645467541
4466 22657980223
4467 22712568341
4468 22714522801
4469 22715361901
4470 22715573827
4471 22723175971
4472 22730912251
4473 22741157833
4474 22762259801
4475 22785716101
4476 22799703781
4477 22802585527
4478 22815187621
4479 22817101141
4480 22818087343
4481 22836689149
4482 22859228701
4483 22896418351
4484 22928291011
4485 22949983369
4486 22954359611
4487 22956139369
4488 22971870391
4489 23007560941
4490 23017493497
4491 23025150901
4492 23051620801
4493 23060417827
4494 23064673969
4495 23067252671
4496 23068959061
4497 23071874671
4498 23084410841
4499 23096326661
4500 23103118501
4501 23111431279
4502 23131319051
4503 23153948539
4504 23159765201
4505 23169723301
4506 23170425769
4507 23177985211
4508 23178616147
4509 23190695389
4510 23201737861
4511 23214058691
4512 23233456837
4513 23248984441
4514 23261145497
4515 23279251147
4516 23287129321
4517 23312785567
4518 23329228051
4519 23371105501
4520 23372694721
4521 23386132087
4522 23406311611
4523 23412441011
4524 23422232101
4525 23428039051
4526 23431940827
4527 23471913851
4528 23475327751
4529 23478179261
4530 23483396159
4531 23490342251
4532 23501373991
4533 23515485193
4534 23533264423
4535 23569580941
4536 23578767601
4537 23581057501
4538 23602081571
4539 23620864303
4540 23637988001
4541 23666814169
4542 23680466321
4543 23712550891
4544 23721129121
4545 23722090939
4546 23742834529
4547 23757967171
4548 23759730409
4549 23760762049
4550 23764070641
4551 23788142569
4552 23806116881
4553 23832202673
4554 23842004551
4555 23846720701
4556 23847825061
4557 23862270349
4558 23871801151
4559 23919540961
4560 23936565841
4561 23946013921
4562 23959152991
4563 23959973143
4564 23985711361
4565 23993532421
4566 24025646527
4567 24055933969
4568 24062391523
4569 24079462661
4570 24099379669
4571 24108886699
4572 24151953871
4573 24152727941
4574 24157531201
4575 24159875221
4576 24165510841
4577 24186563281
4578 24203985733
4579 24213945151
4580 24261724801
4581 24269044117
4582 24281783797
4583 24283898641
4584 24298104601
4585 24304993651
4586 24305760341
4587 24336154621
4588 24339255841
4589 24339916609
4590 24344998921
4591 24380868751
4592 24389901091
4593 24398097151
4594 24408872101
4595 24426021517
4596 24426969551
4597 24441411781
4598 24457798751
4599 24489144481
4600 24495231361
4601 24510137083
4602 24511183867
4603 24522597991
4604 24522650641
4605 24561442151
4606 24604589941
4607 24646575521
4608 24649625009
4609 24654976651
4610 24692298643
4611 24697228201
4612 24700915807
4613 24709968901
4614 24723118837
4615 24739749217
4616 24746034601
4617 24749083081
4618 24758934209
4619 24801301351
4620 24810451901
4621 24826986581
4622 24830837131
4623 24833503007
4624 24852767413
4625 24852771649
4626 24858742721
4627 24871529143
4628 24884728471
4629 24892290277
4630 24899092741
4631 24908614453
4632 24913986131
4633 24926425921
4634 24934416301
4635 24949459711
4636 24965296241
4637 24984419519
4638 24986651801
4639 24994350319
4640 25007648461
4641 25054882393
4642 25054918741
4643 25076603161
4644 25085887417
4645 25090956001
4646 25100651101
4647 25105474063
4648 25110940691
4649 25118879689
4650 25127385841
4651 25130883853
4652 25137640531
4653 25161704401
4654 25169938201
4655 25173576391
4656 25186310047
4657 25190370841
4658 25217132911
4659 25237511671
4660 25238167657
4661 25238922613
4662 25255383451
4663 25278210583
4664 25289639651
4665 25305276289
4666 25340507641
4667 25344148969
4668 25350197851
4669 25352299411
4670 25354996529
4671 25360361861
4672 25360694209
4673 25375511971
4674 25393737151
4675 25395269023
4676 25400237281
4677 25405084891
4678 25419975701
4679 25444866151
4680 25483512961
4681 25487401441
4682 25509692041
4683 25518544897
4684 25542830881
4685 25549858351
4686 25557741271
4687 25586516251
4688 25591550741
4689 25603676477
4690 25620377581
4691 25646318641
4692 25695160369
4693 25705853911
4694 25713539521
4695 25759006001
4696 25796267053
4697 25796956261
4698 25827020759
4699 25848880129
4700 25875758371
4701 25878078829
4702 25881087277
4703 25914962851
4704 25917811651
4705 25918009051
4706 25927849711
4707 25931060983
4708 25987132627
4709 26006023891
4710 26021080801
4711 26032297747
4712 26048251321
4713 26059182337
4714 26067412999
4715 26081419141
4716 26084122549
4717 26108870131
4718 26127360341
4719 26179596409
4720 26186116951
4721 26195670463
4722 26228246021
4723 26245835029
4724 26250578803
4725 26258663047
4726 26264820583
4727 26321777441
4728 26354000947
4729 26354923093
4730 26356212301
4731 26388459247
4732 26419793401
4733 26423842901
4734 26424606721
4735 26455868281
4736 26457186757
4737 26494659889
4738 26494850359
4739 26536653721
4740 26544637087
4741 26560971607
4742 26561270431
4743 26580419641
4744 26652318733
4745 26660946421
4746 26661685051
4747 26667905461
4748 26680363951
4749 26691777601
4750 26701616261
4751 26708264551
4752 26713360273
4753 26721688327
4754 26725145591
4755 26732747161
4756 26769738601
4757 26777212741
4758 26778032471
4759 26813775871
4760 26832465001
4761 26842110401
4762 26847674521
4763 26848736011
4764 26848993621
4765 26857119521
4766 26875033849
4767 26876733451
4768 26877796921
4769 26888632417
4770 26899816621
4771 26903242711
4772 26904035089
4773 26912942851
4774 26917374931
4775 26948439181
4776 26956617643
4777 27000580771
4778 27001351021
4779 27047502751
4780 27057561061
4781 27102512251
4782 27103730701
4783 27123550651
4784 27126501751
4785 27162089921
4786 27213768041
4787 27217788301
4788 27230516011
4789 27230843449
4790 27249517117
4791 27265120471
4792 27288623251
4793 27299958193
4794 27336773647
4795 27340750081
4796 27345224971
4797 27349911821
4798 27393302539
4799 27412616701
4800 27412669441
4801 27436890889
4802 27457179641
4803 27478960027
4804 27482743681
4805 27487138771
4806 27493081621
4807 27509683741
4808 27525753793
4809 27528336001
4810 27538681483
4811 27557743027
4812 27571752181
4813 27602590681
4814 27632852603
4815 27679007071
4816 27689947459
4817 27699590761
4818 27705087001
4819 27709347751
4820 27712988161
4821 27716349961
4822 27738009667
4823 27749751871
4824 27752977201
4825 27758745631
4826 27762462239
4827 27762920329
4828 27782178401
4829 27787465421
4830 27788877241
4831 27798570829
4832 27802818403
4833 27818560261
4834 27836548417
4835 27838792021
4836 27849105673
4837 27852828401
4838 27856704961
4839 27858100771
4840 27874452503
4841 27888058903
4842 27900959483
4843 27903808501
4844 27907855561
4845 27922894591
4846 27965063081
4847 27991143751
4848 28065385781
4849 28070225137
4850 28077743341
4851 28080467641
4852 28094628409
4853 28107256621
4854 28128551821
4855 28144116281
4856 28163971951
4857 28208746801
4858 28210448641
4859 28218857281
4860 28228188251
4861 28228552021
4862 28236186763
4863 28237984001
4864 28242545941
4865 28253551649
4866 28269307841
4867 28270020871
4868 28275114979
4869 28275136723
4870 28300428329
4871 28306102441
4872 28311848251
4873 28318569091
4874 28352245351
4875 28357484851
4876 28361407621
4877 28384271191
4878 28388624321
4879 28407354319
4880 28407546163
4881 28408945561
4882 28436506561
4883 28448899291
4884 28451902711
4885 28473527941
4886 28511651101
4887 28524431503
4888 28537908001
4889 28544837213
4890 28550618251
4891 28554451951
4892 28559302351
4893 28582907501
4894 28594566001
4895 28620004711
4896 28664267677
4897 28675250101
4898 28679859569
4899 28681895101
4900 28682214991
4901 28683781561
4902 28690007851
4903 28703216207
4904 28704792761
4905 28725281101
4906 28729196161
4907 28729818727
4908 28744237441
4909 28778297861
4910 28782004681
4911 28795377061
4912 28800913837
4913 28839411661
4914 28859472181
4915 28862253073
4916 28862700301
4917 28891446121
4918 28898002531
4919 28903966801
4920 28940853761
4921 28959580501
4922 28974740701
4923 28977923671
4924 29051291233
4925 29060593759
4926 29101759541
4927 29110426567
4928 29118033181
4929 29124006193
4930 29125024501
4931 29128817801
4932 29176310281
4933 29179899451
4934 29212477009
4935 29212559581
4936 29232571681
4937 29236713089
4938 29238763321
4939 29249636137
4940 29267256509
4941 29272551901
4942 29303096509
4943 29322936847
4944 29331833521
4945 29335251121
4946 29338636867
4947 29349959941
4948 29360864443
4949 29371110721
4950 29379394981
4951 29385244951
4952 29385354727
4953 29391950551
4954 29400331957
4955 29416465541
4956 29424903353
4957 29521409611
4958 29534904401
4959 29543953639
4960 29556972901
4961 29586011677
4962 29591192461
4963 29627729291
4964 29639254861
4965 29651885251
4966 29669047801
4967 29679610013
4968 29695227451
4969 29700279041
4970 29721931471
4971 29735590711
4972 29744263531
4973 29751161467
4974 29773246231
4975 29797258591
4976 29801567071
4977 29875480447
4978 29876346721
4979 29936333701
4980 29937931591
4981 29944331467
4982 29965303561
4983 30018342901
4984 30023922391
4985 30025044001
4986 30064522951
4987 30104613481
4988 30117026161
4989 30123481751
4990 30135425701
4991 30137626801
4992 30138017491
4993 30164771701
4994 30179731921
4995 30195336151
4996 30198119033
4997 30199932001
4998 30205952261
4999 30243610711
5000 30261467921
5001 30278306761
5002 30290368291
5003 30324623201
5004 30324687149
5005 30363846563
5006 30366606169
5007 30380867651
5008 30407885929
5009 30412253593
5010 30423109771
5011 30431145247
5012 30436197221
5013 30504431551
5014 30528881251
5015 30587946481
5016 30598341601
5017 30633711701
5018 30640987781
5019 30642743629
5020 30685433227
5021 30698018641
5022 30712834871
5023 30713796101
5024 30715027561
5025 30719243701
5026 30723516601
5027 30742520461
5028 30747302063
5029 30768459041
5030 30784799861
5031 30798954577
5032 30804928001
5033 30807488431
5034 30817056749
5035 30818442601
5036 30839742361
5037 30866558491
5038 30916435663
5039 30918888001
5040 30926647201
5041 30927011879
5042 30947528971
5043 30949806193
5044 30974182741
5045 30993533521
5046 31021877449
5047 31042407089
5048 31053971911
5049 31059685849
5050 31061171293
5051 31062304589
5052 31074348061
5053 31078166771
5054 31099984481
5055 31105855771
5056 31106218837
5057 31119406501
5058 31125639757
5059 31169110081
5060 31192349959
5061 31235913931
5062 31260704861
5063 31273638401
5064 31286486521
5065 31293120367
5066 31302386711
5067 31317348091
5068 31334137951
5069 31357197191
5070 31363675201
5071 31365047023
5072 31371244441
5073 31391368961
5074 31393072801
5075 31412361151
5076 31425124951
5077 31435649911
5078 31470098371
5079 31489161037
5080 31511767751
5081 31523797891
5082 31529165011
5083 31549917701
5084 31557301781
5085 31562657101
5086 31581719521
5087 31586846741
5088 31590084401
5089 31611678961
5090 31611873931
5091 31620826381
5092 31642280801
5093 31650546101
5094 31666899961
5095 31678749217
5096 31698713611
5097 31759334209
5098 31761929681
5099 31794947801
5100 31797754721
5101 31814554861
5102 31833302453
5103 31854775501
5104 31884293761
5105 31888604611
5106 31919394541
5107 31919707009
5108 31923121501
5109 31950898849
5110 31951592927
5111 31953644551
5112 31981257521
5113 31981519441
5114 32001021343
5115 32019894901
5116 32070844381
5117 32071969801
5118 32126496037
5119 32131423927
5120 32131505251
5121 32135437001
5122 32174818957
5123 32184649811
5124 32188106501
5125 32200346179
5126 32204820001
5127 32233912801
5128 32244890341
5129 32246647051
5130 32269709401
5131 32286554749
5132 32302830127
5133 32305607221
5134 32315019643
5135 32330474881
5136 32356777051
5137 32372700151
5138 32373380161
5139 32447244289
5140 32461569929
5141 32487642601
5142 32550329683
5143 32552518951
5144 32604832961
5145 32610221201
5146 32620497031
5147 32621500861
5148 32629692913
5149 32630220401
5150 32663340361
5151 32671006021
5152 32690902837
5153 32732465041
5154 32736916423
5155 32754898261
5156 32820067729
5157 32823846101
5158 32901828161
5159 32902345681
5160 32913078661
5161 32936239601
5162 32944836811
5163 32950796821
5164 32951449081
5165 32968832249
5166 32999082731
5167 33002263057
5168 33039307081
5169 33060760903
5170 33108698149
5171 33111470407
5172 33115590089
5173 33126878017
5174 33128647823
5175 33137156701
5176 33161302231
5177 33177387101
5178 33207853141
5179 33209126521
5180 33231376081
5181 33233745751
5182 33244714171
5183 33270064831
5184 33309461959
5185 33342145471
5186 33359705207
5187 33393461531
5188 33397476691
5189 33421076119
5190 33454123567
5191 33455065601
5192 33476118079
5193 33507693463
5194 33529214951
5195 33549508807
5196 33584685751
5197 33607581151
5198 33654856441
5199 33665358049
5200 33677902721
5201 33678596449
5202 33699117817
5203 33721655491
5204 33730121281
5205 33754415119
5206 33810348167
5207 33837477031
5208 33850768291
5209 33866699329
5210 33900770821
5211 33919507231
5212 33920096491
5213 33924105073
5214 33928039069
5215 33937986041
5216 33945432641
5217 33972837511
5218 33973446943
5219 33992456513
5220 34004625433
5221 34042305529
5222 34056499681
5223 34076553391
5224 34096792001
5225 34139236951
5226 34150584961
5227 34155189151
5228 34156377221
5229 34188683761
5230 34226942527
5231 34230622151
5232 34265699521
5233 34272810181
5234 34277077001
5235 34278579001
5236 34284211441
5237 34285649311
5238 34287094987
5239 34336781929
5240 34344370961
5241 34354257841
5242 34411658401
5243 34425797141
5244 34445179231
5245 34453518751
5246 34464372101
5247 34468548031
5248 34480795229
5249 34480811431
5250 34483855051
5251 34495573201
5252 34497694211
5253 34501047901
5254 34508116501
5255 34510650721
5256 34516547911
5257 34558584607
5258 34693283809
5259 34707790321
5260 34720591501
5261 34746589441
5262 34759539361
5263 34794976189
5264 34798541611
5265 34833101851
5266 34856483461
5267 34858222141
5268 34864788421
5269 34880169901
5270 34928956421
5271 34963483717
5272 34965768421
5273 34968378517
5274 34970963527
5275 34985925547
5276 34989495661
5277 34994090881
5278 34997240539
5279 35006689541
5280 35027774861
5281 35028153847
5282 35058862021
5283 35104795009
5284 35105736907
5285 35118197731
5286 35145922507
5287 35183913139
5288 35213008741
5289 35224877851
5290 35279391001
5291 35316021281
5292 35335529251
5293 35338019201
5294 35367369161
5295 35398401089
5296 35409391489
5297 35508823549
5298 35512579049
5299 35573431609
5300 35590867267
5301 35632918213
5302 35647146401
5303 35657594051
5304 35701115311
5305 35704017581
5306 35756559721
5307 35774760757
5308 35778779083
5309 35792541751
5310 35794369801
5311 35811035641
5312 35811455051
5313 35821339291
5314 35834963251
5315 35844140149
5316 35867951389
5317 35871016501
5318 35873018249
5319 35898953861
5320 35934789871
5321 35939658721
5322 35945044651
5323 35980859809
5324 35988420931
5325 35995850281
5326 35996842381
5327 35997472961
5328 36033474511
5329 36062817379
5330 36088549703
5331 36089254531
5332 36106812289
5333 36112326301
5334 36118917799
5335 36118953209
5336 36122392321
5337 36129747151
5338 36146880667
5339 36153694951
5340 36159588271
5341 36178608733
5342 36197497463
5343 36200006851
5344 36203952721
5345 36219612607
5346 36227875861
5347 36233608571
5348 36238690801
5349 36242183729
5350 36254266771
5351 36255418009
5352 36267555283
5353 36304749991
5354 36308093551
5355 36354337867
5356 36369449551
5357 36373640161
5358 36383548351
5359 36389272519
5360 36416148571
5361 36425607709
5362 36434474767
5363 36466959401
5364 36479167801
5365 36599248757
5366 36605696293
5367 36611172547
5368 36612585901
5369 36631192001
5370 36651116737
5371 36671345351
5372 36677206721
5373 36685989497
5374 36686380501
5375 36692859331
5376 36697133773
5377 36697483261
5378 36738539419
5379 36775229041
5380 36780793201
5381 36783871391
5382 36784557631
5383 36808650451
5384 36815679841
5385 36845405941
5386 36911513941
5387 36969032101
5388 36971152219
5389 36978796009
5390 36997611601
5391 37025785261
5392 37025937451
5393 37035174247
5394 37039822021
5395 37058077061
5396 37064951701
5397 37096880341
5398 37111122673
5399 37111903921
5400 37124350801
5401 37131467521
5402 37133755489
5403 37146041411
5404 37162534651
5405 37173777211
5406 37185480649
5407 37230045901
5408 37238163691
5409 37246230781
5410 37247736131
5411 37260415067
5412 37281291391
5413 37284299677
5414 37310577281
5415 37325627011
5416 37357382791
5417 37358769761
5418 37359187867
5419 37364538401
5420 37391479049
5421 37405252117
5422 37417658081
5423 37447915751
5424 37476822601
5425 37511015851
5426 37514591027
5427 37519407571
5428 37530619921
5429 37531962323
5430 37581223073
5431 37581337063
5432 37582184251
5433 37600198721
5434 37613634241
5435 37641608941
5436 37645260841
5437 37645528411
5438 37674420281
5439 37691538191
5440 37701023621
5441 37701203521
5442 37715647537
5443 37729982453
5444 37773746221
5445 37795826053
5446 37801983521
5447 37832270219
5448 37878025967
5449 37922797441
5450 37930788853
5451 37995853087
5452 38029027843
5453 38067967969
5454 38074027501
5455 38088621001
5456 38089325437
5457 38101537189
5458 38121748471
5459 38126382781
5460 38201202887
5461 38202661261
5462 38219824501
5463 38242398349
5464 38248093651
5465 38268511361
5466 38270885011
5467 38273559301
5468 38302576901
5469 38312150269
5470 38322369541
5471 38349499781
5472 38369555551
5473 38375944039
5474 38397225541
5475 38411385409
5476 38447202041
5477 38451323681
5478 38497743667
5479 38500839001
5480 38501746771
5481 38506233371
5482 38525019391
5483 38527899367
5484 38531978299
5485 38539160641
5486 38558724181
5487 38573805133
5488 38600501041
5489 38637624481
5490 38660038751
5491 38676845621
5492 38687452651
5493 38701917841
5494 38708860609
5495 38719634419
5496 38734660681
5497 38740313501
5498 38762750461
5499 38776140001
5500 38781314699
5501 38803826071
5502 38803993621
5503 38816919901
5504 38824467841
5505 38829014701
5506 38839485701
5507 38864006191
5508 38874799679
5509 38876618107
5510 38903887261
5511 38905582489
5512 38910415589
5513 38932831309
5514 38984811479
5515 39028195033
5516 39030793231
5517 39042158761
5518 39053180917
5519 39055174651
5520 39058187617
5521 39067502701
5522 39092058001
5523 39095365501
5524 39104094901
5525 39141459001
5526 39208740607
5527 39230482331
5528 39260183821
5529 39291953471
5530 39298606381
5531 39312635461
5532 39313882301
5533 39330658693
5534 39332490401
5535 39340197121
5536 39343753921
5537 39349891421
5538 39351219031
5539 39383550781
5540 39399938401
5541 39404851201
5542 39412981513
5543 39426457951
5544 39430706801
5545 39462376591
5546 39471928651
5547 39503054081
5548 39533010691
5549 39565162957
5550 39614991971
5551 39634070561
5552 39654127831
5553 39677961451
5554 39681964477
5555 39697557901
5556 39712099211
5557 39714295951
5558 39760840621
5559 39773408929
5560 39784162001
5561 39787319381
5562 39794028551
5563 39799158037
5564 39805022251
5565 39811356289
5566 39812888221
5567 39813580801
5568 39816376381
5569 39849376249
5570 39884114821
5571 39892266541
5572 39897898921
5573 39904931191
5574 39907334153
5575 39933781919
5576 39937547569
5577 39949276009
5578 39978027311
5579 39982727041
5580 39989140561
5581 40042837441
5582 40057256321
5583 40064275483
5584 40070242867
5585 40098882401
5586 40141583101
5587 40146916951
5588 40165041349
5589 40170280837
5590 40177486351
5591 40202984981
5592 40207560803
5593 40210696297
5594 40223172661
5595 40271391893
5596 40289931079
5597 40299368413
5598 40300284421
5599 40305922021
5600 40309869601
5601 40342020181
5602 40350735641
5603 40364707651
5604 40368792721
5605 40386330811
5606 40388057449
5607 40413907789
5608 40419192547
5609 40432608001
5610 40434673441
5611 40449090529
5612 40475877049
5613 40478296501
5614 40517318333
5615 40535179147
5616 40542779971
5617 40577477851
5618 40588166347
5619 40588632451
5620 40628322181
5621 40645798201
5622 40647736711
5623 40689711451
5624 40707592129
5625 40710226261
5626 40732716331
5627 40747964251
5628 40783681891
5629 40787088101
5630 40793061121
5631 40794878021
5632 40795549741
5633 40821760981
5634 40869171001
5635 40880603513
5636 40895051737
5637 40895701849
5638 40913464271
5639 41012729941
5640 41012804743
5641 41014498141
5642 41024578297
5643 41065455751
5644 41075985991
5645 41079967501
5646 41103980321
5647 41152661309
5648 41160184801
5649 41198264011
5650 41199044041
5651 41231276861
5652 41237199433
5653 41250862451
5654 41271383467
5655 41289561083
5656 41290292221
5657 41314945121
5658 41327101841
5659 41357202881
5660 41390476357
5661 41405272351
5662 41482147801
5663 41488118827
5664 41489713891
5665 41492836621
5666 41494774609
5667 41512126897
5668 41521820341
5669 41528292797
5670 41543815531
5671 41553219181
5672 41589901441
5673 41628444859
5674 41640532543
5675 41646536383
5676 41650789267
5677 41665066871
5678 41669868241
5679 41690879731
5680 41692990021
5681 41696048911
5682 41732038351
5683 41752650241
5684 41766713731
5685 41766767681
5686 41803194091
5687 41806844179
5688 41807869427
5689 41809479121
5690 41811008341
5691 41819943331
5692 41830197571
5693 41840493269
5694 41872765271
5695 41882318437
5696 41966696251
5697 42012103501
5698 42024515051
5699 42027831011
5700 42036858181
5701 42068742301
5702 42072584941
5703 42094427761
5704 42107493601
5705 42174455821
5706 42185739451
5707 42204454081
5708 42211940149
5709 42220696771
5710 42235679501
5711 42263530849
5712 42266605501
5713 42268209157
5714 42280098451
5715 42313223143
5716 42318061603
5717 42321592711
5718 42351977233
5719 42395407111
5720 42396971977
5721 42423566131
5722 42431002001
5723 42436515001
5724 42443151011
5725 42445850581
5726 42465524501
5727 42485787961
5728 42526766773
5729 42528760249
5730 42550716781
5731 42558594751
5732 42613032151
5733 42621699401
5734 42626995889
5735 42627985093
5736 42630199561
5737 42638278231
5738 42642848851
5739 42655307861
5740 42657587701
5741 42706319951
5742 42736323967
5743 42756004171
5744 42759147601
5745 42761015461
5746 42838324741
5747 42853402093
5748 42864175201
5749 42869116021
5750 42882000949
5751 42892806851
5752 42924070351
5753 42926803939
5754 42930006967
5755 42939449177
5756 42967423351
5757 42977828431
5758 42989424031
5759 42998453761
5760 42999953779
5761 43013091481
5762 43014278143
5763 43016937727
5764 43025053501
5765 43027941661
5766 43028916211
5767 43044527441
5768 43078736611
5769 43114226401
5770 43127146081
5771 43141387771
5772 43142898881
5773 43144337941
5774 43151370547
5775 43156383869
5776 43166385571
5777 43177197551
5778 43178882581
5779 43179172639
5780 43205874991
5781 43229156881
5782 43232324131
5783 43234580143
5784 43265304661
5785 43266691087
5786 43307928613
5787 43319155109
5788 43347582589
5789 43407161893
5790 43431655051
5791 43448066371
5792 43451266861
5793 43466032261
5794 43481614721
5795 43497630881
5796 43529340709
5797 43536545821
5798 43555946029
5799 43568462341
5800 43597389701
5801 43615084921
5802 43655184739
5803 43664858771
5804 43685173351
5805 43702016737
5806 43709811601
5807 43769758771
5808 43798870543
5809 43820251609
5810 43843644371
5811 43845260929
5812 43873005601
5813 43893591661
5814 43896780721
5815 43918001233
5816 43923257071
5817 43962722371
5818 43965935641
5819 43986068729
5820 44012543401
5821 44034571579
5822 44035809841
5823 44056956751
5824 44058558451
5825 44069071789
5826 44092078027
5827 44108925841
5828 44129570431
5829 44150533129
5830 44164730377
5831 44171134669
5832 44172128261
5833 44219886367
5834 44226851351
5835 44248759661
5836 44268005471
5837 44271621241
5838 44284025161
5839 44338896449
5840 44405502901
5841 44424152209
5842 44431963777
5843 44449647661
5844 44454110221
5845 44465624743
5846 44510864311
5847 44532987409
5848 44536906261
5849 44548539757
5850 44568174641
5851 44571861361
5852 44599649401
5853 44647153321
5854 44653610821
5855 44655845869
5856 44661934801
5857 44675915201
5858 44694592699
5859 44711553151
5860 44732778751
5861 44765289721
5862 44778481441
5863 44783847179
5864 44789952481
5865 44796160081
5866 44800475221
5867 44809640569
5868 44828280641
5869 44835133331
5870 44837187469
5871 44845882183
5872 44856105409
5873 44865379021
5874 44869816027
5875 44870508833
5876 44877972793
5877 44914576411
5878 44921784013
5879 44930884681
5880 44931592931
5881 44950184689
5882 44969973751
5883 44983966721
5884 44991557987
5885 45001949917
5886 45044687629
5887 45100126741
5888 45131083001
5889 45160471361
5890 45174804791
5891 45183334639
5892 45189748351
5893 45192094921
5894 45200792971
5895 45210781351
5896 45221333851
5897 45226352653
5898 45296447941
5899 45352803481
5900 45355970161
5901 45387169073
5902 45389671489
5903 45396961301
5904 45404781193
5905 45408673663
5906 45428495257
5907 45429486139
5908 45448028501
5909 45476095681
5910 45482083601
5911 45486449581
5912 45501528871
5913 45523546129
5914 45580301561
5915 45610996789
5916 45621798769
5917 45638760161
5918 45647177941
5919 45655438291
5920 45663583141
5921 45676808101
5922 45682704203
5923 45689660521
5924 45709544497
5925 45709950241
5926 45714513373
5927 45723808129
5928 45764201251
5929 45780105281
5930 45790262929
5931 45809200753
5932 45813437281
5933 45821738881
5934 45853625221
5935 45862709731
5936 45877777921
5937 45884439001
5938 45886776211
5939 45907374367
5940 45941549221
5941 45979827181
5942 45980122381
5943 45982724563
5944 46000809931
5945 46013873041
5946 46025880581
5947 46038391771
5948 46073895407
5949 46076509501
5950 46086779213
5951 46096097041
5952 46101444841
5953 46137398581
5954 46140316111
5955 46143377281
5956 46180926877
5957 46201460497
5958 46219900369
5959 46221140821
5960 46249448941
5961 46286359681
5962 46293794401
5963 46306572751
5964 46311571801
5965 46314883301
5966 46315810381
5967 46323400231
5968 46344509461
5969 46364550751
5970 46390810051
5971 46437385021
5972 46454056531
5973 46470544583
5974 46483090921
5975 46520127067
5976 46525681567
5977 46526072941
5978 46537670107
5979 46553469901
5980 46582802731
5981 46584369511
5982 46590224617
5983 46613349751
5984 46664262961
5985 46679425841
5986 46682001433
5987 46690026571
5988 46693707691
5989 46704956971
5990 46707666751
5991 46722522703
5992 46739917621
5993 46766744821
5994 46783593481
5995 46831439929
5996 46839775511
5997 46857072809
5998 46887366079
5999 46906171841
6000 46910304451
6001 46916129209
6002 46951471901
6003 46952497567
6004 46960647259
6005 46963699001
6006 46973051221
6007 46974470401
6008 46983845611
6009 46993986751
6010 46998874717
6011 47008063441
6012 47025620801
6013 47027673001
6014 47059158229
6015 47078672041
6016 47088708643
6017 47089922251
6018 47116919251
6019 47122273801
6020 47147166181
6021 47214145273
6022 47232872629
6023 47255126101
6024 47262443311
6025 47263543069
6026 47274267169
6027 47311130411
6028 47316952321
6029 47382247921
6030 47386276489
6031 47420820481
6032 47441457961
6033 47473982167
6034 47484938701
6035 47494296151
6036 47498388451
6037 47523935561
6038 47536868081
6039 47569352881
6040 47597593753
6041 47599719553
6042 47612443901
6043 47616148801
6044 47644264189
6045 47646181381
6046 47650013101
6047 47704097437
6048 47716537681
6049 47782790563
6050 47796484741
6051 47840488081
6052 47847386501
6053 47871856589
6054 47872248341
6055 47931585251
6056 47967467479
6057 47972531881
6058 47985176251
6059 48070834381
6060 48119224513
6061 48120033833
6062 48183506401
6063 48197194501
6064 48200458447
6065 48205590751
6066 48261885169
6067 48268039949
6068 48277661251
6069 48280139911
6070 48318888731
6071 48350461441
6072 48354810571
6073 48357027709
6074 48361336297
6075 48399157951
6076 48440489521
6077 48452795761
6078 48454447051
6079 48473438401
6080 48479644561
6081 48510807901
6082 48521596801
6083 48524593051
6084 48529894421
6085 48530526481
6086 48531882187
6087 48540311821
6088 48541453201
6089 48564098281
6090 48584559181
6091 48602947537
6092 48610386511
6093 48629621701
6094 48657441583
6095 48658431421
6096 48665211263
6097 48721672663
6098 48801742081
6099 48830343841
6100 48832010501
6101 48865525061
6102 48921932071
6103 48925738201
6104 48942117121
6105 48974243251
6106 48988041491
6107 49017627901
6108 49035401221
6109 49067822521
6110 49071792001
6111 49103982271
6112 49115787013
6113 49123609741
6114 49124843701
6115 49161891169
6116 49181121331
6117 49184296687
6118 49192456321
6119 49215314947
6120 49237028741
6121 49261348369
6122 49274800201
6123 49298680633
6124 49320940489
6125 49370278151
6126 49386666331
6127 49404802609
6128 49410732367
6129 49411489921
6130 49428526501
6131 49467810727
6132 49471233241
6133 49483308421
6134 49499636761
6135 49510015039
6136 49515678241
6137 49633090561
6138 49639942381
6139 49677686101
6140 49691520451
6141 49708297501
6142 49731197641
6143 49773523207
6144 49822926121
6145 49833660941
6146 49854516601
6147 49865234677
6148 49866432247
6149 49912772801
6150 49931256341
6151 50060146951
6152 50060215801
6153 50060672731
6154 50074908451
6155 50085304291
6156 50089169989
6157 50098522013
6158 50113330903
6159 50169591601
6160 50173034689
6161 50183835241
6162 50214564481
6163 50216390957
6164 50295651841
6165 50303498261
6166 50351680321
6167 50395259851
6168 50400945871
6169 50421097261
6170 50426967001
6171 50435978041
6172 50447196287
6173 50447518327
6174 50479000093
6175 50483199457
6176 50508551969
6177 50514241891
6178 50531039791
6179 50531140801
6180 50593774271
6181 50621641241
6182 50625055297
6183 50669343041
6184 50680659331
6185 50686536367
6186 50687399981
6187 50719620799
6188 50749321921
6189 50771468287
6190 50774959177
6191 50784940369
6192 50806441351
6193 50854873249
6194 50903523841
6195 50925086521
6196 50967523501
6197 50967886861
6198 50995101691
6199 50998630321
6200 51004270201
6201 51021435961
6202 51025602671
6203 51064169341
6204 51068212561
6205 51091831099
6206 51155173549
6207 51185275681
6208 51194153251
6209 51205780069
6210 51213313969
6211 51246972701
6212 51285037651
6213 51312317701
6214 51349063151
6215 51373476811
6216 51426801301
6217 51436355851
6218 51437481481
6219 51438807001
6220 51450718243
6221 51465509761
6222 51480522001
6223 51491751257
6224 51549963049
6225 51573271993
6226 51593091481
6227 51615608591
6228 51617326951
6229 51624819247
6230 51630329591
6231 51632740351
6232 51645342641
6233 51691209667
6234 51695016101
6235 51727473541
6236 51731341747
6237 51735352481
6238 51738620251
6239 51748899301
6240 51773380261
6241 51791903479
6242 51798673699
6243 51805842841
6244 51829603741
6245 51867365257
6246 51887566897
6247 51909040891
6248 51914454307
6249 51921252577
6250 51927270569
6251 51929104711
6252 51985624231
6253 52011834799
6254 52013769601
6255 52026360961
6256 52039833311
6257 52041983761
6258 52069661893
6259 52082051491
6260 52090526629
6261 52119364753
6262 52126424681
6263 52134315773
6264 52139147581
6265 52149412501
6266 52152758029
6267 52159822417
6268 52161468049
6269 52161706241
6270 52168958227
6271 52185404701
6272 52261802539
6273 52267675951
6274 52280890609
6275 52336374449
6276 52377729601
6277 52396612381
6278 52408739689
6279 52415927497
6280 52417058471
6281 52437386401
6282 52444333901
6283 52450656611
6284 52484301169
6285 52488499051
6286 52503998089
6287 52544215237
6288 52555219201
6289 52574165333
6290 52627414771
6291 52635945337
6292 52691021797
6293 52702382683
6294 52707892441
6295 52741511371
6296 52756389001
6297 52780492351
6298 52782398263
6299 52799591569
6300 52831128583
6301 52865820281
6302 52890762961
6303 52926747301
6304 52937539051
6305 52961060179
6306 52969303241
6307 52976000807
6308 52980138641
6309 52991844751
6310 53086043011
6311 53094285637
6312 53112320851
6313 53167728251
6314 53188651231
6315 53189916841
6316 53202346291
6317 53223326911
6318 53249557573
6319 53256672631
6320 53257091599
6321 53268138733
6322 53268819521
6323 53271062911
6324 53282783881
6325 53292767267
6326 53296351189
6327 53332788349
6328 53341301101
6329 53378234641
6330 53383388609
6331 53388814421
6332 53390300771
6333 53397972811
6334 53421741739
6335 53456319733
6336 53466888281
6337 53468744201
6338 53479977461
6339 53491479341
6340 53498546119
6341 53573652001
6342 53583961273
6343 53599603609
6344 53605145441
6345 53632306921
6346 53648403451
6347 53666934751
6348 53667364771
6349 53700055501
6350 53700690781
6351 53709712081
6352 53726975191
6353 53773695631
6354 53789321587
6355 53799052231
6356 53806021501
6357 53806394951
6358 53812046611
6359 53814178081
6360 53824734001
6361 53837988181
6362 53839332181
6363 53881767997
6364 53917204771
6365 53942529761
6366 54021516121
6367 54029557451
6368 54046136273
6369 54095898517
6370 54095925551
6371 54126798001
6372 54163078537
6373 54202287151
6374 54217192849
6375 54227519149
6376 54230494891
6377 54280972481
6378 54317546251
6379 54321610751
6380 54362771299
6381 54378353401
6382 54440672287
6383 54446638681
6384 54538433041
6385 54552683989
6386 54578889289
6387 54582186151
6388 54635792707
6389 54648923851
6390 54651468829
6391 54657820037
6392 54668071093
6393 54672376951
6394 54686649041
6395 54692955157
6396 54795610241
6397 54802227251
6398 54808393763
6399 54808556051
6400 54834730501
6401 54856805849
6402 54869198149
6403 54894204551
6404 54895168693
6405 54944609383
6406 54945789529
6407 54968587801
6408 54972073043
6409 54978983677
6410 54985876051
6411 54991897861
6412 54994589647
6413 55031358061
6414 55032326221
6415 55055397601
6416 55065902251
6417 55111184731
6418 55114876801
6419 55147360837
6420 55169462377
6421 55177542811
6422 55181339501
6423 55201638061
6424 55230901249
6425 55249114961
6426 55268441621
6427 55279775713
6428 55294743151
6429 55295256161
6430 55312006261
6431 55316699701
6432 55387386697
6433 55409813309
6434 55438725301
6435 55458628171
6436 55468852291
6437 55472089469
6438 55484966881
6439 55486221589
6440 55497563521
6441 55542485701
6442 55548028831
6443 55570536269
6444 55590219001
6445 55603183711
6446 55611202369
6447 55612984909
6448 55613558951
6449 55622286061
6450 55636577851
6451 55646468389
6452 55666015549
6453 55667341711
6454 55735614119
6455 55755760301
6456 55759788001
6457 55767968261
6458 55813268341
6459 55830016321
6460 55844073781
6461 55863414097
6462 55880917121
6463 55934733277
6464 55965949561
6465 55967262721
6466 55973543023
6467 55995619681
6468 56032110751
6469 56111190497
6470 56137593703
6471 56147007241
6472 56186708341
6473 56186727031
6474 56206842121
6475 56209415767
6476 56225578501
6477 56237793533
6478 56287883501
6479 56373850051
6480 56388039931
6481 56407098607
6482 56422033823
6483 56422494217
6484 56511392701
6485 56575088819
6486 56577974251
6487 56590704199
6488 56593112689
6489 56594881561
6490 56621991301
6491 56636033521
6492 56653546189
6493 56662887451
6494 56668176001
6495 56708280301
6496 56711889001
6497 56716190161
6498 56724190529
6499 56754327001
6500 56771025967
6501 56778715841
6502 56804421101
6503 56805179183
6504 56860771843
6505 56864807231
6506 56890106131
6507 56898322289
6508 56902598741
6509 57011823901
6510 57017090161
6511 57049522489
6512 57066295681
6513 57069228401
6514 57074465501
6515 57075309211
6516 57138969889
6517 57172963693
6518 57207703141
6519 57214078951
6520 57214096567
6521 57235773001
6522 57242064179
6523 57244687471
6524 57251414161
6525 57287566009
6526 57345144781
6527 57357435781
6528 57373573141
6529 57402318817
6530 57439324181
6531 57444157531
6532 57456889001
6533 57457813991
6534 57479541121
6535 57481302451
6536 57495047851
6537 57514068641
6538 57540656161
6539 57571016449
6540 57571803451
6541 57594949343
6542 57598837781
6543 57617060213
6544 57651761131
6545 57652364701
6546 57661436449
6547 57698562127
6548 57709033201
6549 57713083501
6550 57743141857
6551 57756796501
6552 57781814059
6553 57806445331
6554 57807423571
6555 57887293609
6556 57912167701
6557 57938937811
6558 57945427201
6559 57970803211
6560 57983865703
6561 58001622641
6562 58013225051
6563 58014141751
6564 58032608533
6565 58038640661
6566 58046333509
6567 58071536951
6568 58076960657
6569 58100369423
6570 58120709761
6571 58129701121
6572 58190254849
6573 58224359383
6574 58246138891
6575 58256568101
6576 58265500603
6577 58287432781
6578 58290946561
6579 58297254787
6580 58299312061
6581 58309498001
6582 58318467481
6583 58332734011
6584 58347658561
6585 58366242901
6586 58372488907
6587 58379788081
6588 58424795911
6589 58443527287
6590 58453194601
6591 58462675571
6592 58477144291
6593 58491898471
6594 58588767641
6595 58649980621
6596 58657846021
6597 58658363461
6598 58661608141
6599 58729912921
6600 58749868481
6601 58751849861
6602 58763282569
6603 58767069611
6604 58776257251
6605 58859521667
6606 58873044511
6607 58899394051
6608 58903085141
6609 58920186781
6610 58942561921
6611 58946961371
6612 58952533249
6613 58970353201
6614 58974037069
6615 58975865881
6616 58997876851
6617 59005463401
6618 59013389527
6619 59020728661
6620 59022084881
6621 59030044921
6622 59033477647
6623 59037846323
6624 59074349041
6625 59079772001
6626 59093558401
6627 59102816831
6628 59115571201
6629 59131729229
6630 59166305701
6631 59189055221
6632 59229921169
6633 59249312851
6634 59299625953
6635 59303128501
6636 59313550771
6637 59314078741
6638 59352263101
6639 59357957381
6640 59396386291
6641 59398199857
6642 59436386101
6643 59450933431
6644 59471469091
6645 59498948251
6646 59519189287
6647 59553173527
6648 59571175501
6649 59602754401
6650 59615073001
6651 59634454001
6652 59687221681
6653 59687653603
6654 59695224781
6655 59706890101
6656 59711970961
6657 59728559221
6658 59760739001
6659 59761302751
6660 59777581249
6661 59780861251
6662 59786530241
6663 59880590443
6664 59906113541
6665 59923654561
6666 59998135441
6667 60010450921
6668 60021302521
6669 60025612501
6670 60032892151
6671 60069164041
6672 60100564829
6673 60113232209
6674 60114608947
6675 60123354461
6676 60133379711
6677 60196653211
6678 60221327321
6679 60236397523
6680 60265999891
6681 60298467041
6682 60313459501
6683 60315480961
6684 60316126561
6685 60319950529
6686 60323058811
6687 60350689309
6688 60351415057
6689 60366712669
6690 60380309111
6691 60419326501
6692 60547037513
6693 60560990333
6694 60571759501
6695 60597129511
6696 60598041323
6697 60599018341
6698 60615178471
6699 60636071161
6700 60671621141
6701 60672172091
6702 60688687621
6703 60697827901
6704 60711182281
6705 60732192281
6706 60744148741
6707 60775745843
6708 60809052221
6709 60841228111
6710 60845457691
6711 60894432421
6712 60908585431
6713 60917260951
6714 60942451657
6715 60942813901
6716 60961336129
6717 60980895841
6718 61062638209
6719 61090792201
6720 61096467451
6721 61102093691
6722 61138125751
6723 61138331801
6724 61159886677
6725 61167697651
6726 61173915181
6727 61175080951
6728 61243525171
6729 61277352289
6730 61335331501
6731 61348564621
6732 61364591437
6733 61365622501
6734 61366270351
6735 61367799487
6736 61375601491
6737 61383281941
6738 61417378721
6739 61426533761
6740 61432660981
6741 61467871921
6742 61510282801
6743 61537313281
6744 61544108651
6745 61550751331
6746 61555384661
6747 61559954741
6748 61638743779
6749 61643656621
6750 61673911651
6751 61697004181
6752 61818056581
6753 61838987761
6754 61840395649
6755 61841761147
6756 61869232069
6757 61872207121
6758 61872225661
6759 61890917401
6760 61933632811
6761 61940662963
6762 61948060651
6763 62005118849
6764 62067538261
6765 62074935347
6766 62091894479
6767 62093893249
6768 62099738101
6769 62107386727
6770 62164464001
6771 62189927831
6772 62246728171
6773 62281375339
6774 62285797423
6775 62287807121
6776 62330947801
6777 62395151309
6778 62414392913
6779 62431296649
6780 62450634751
6781 62487345871
6782 62494492201
6783 62540412541
6784 62573379181
6785 62628865129
6786 62641064881
6787 62645905583
6788 62667302611
6789 62679443191
6790 62715809579
6791 62721117761
6792 62722267471
6793 62722764991
6794 62724744601
6795 62727229657
6796 62774859727
6797 62780078111
6798 62840897621
6799 62842799293
6800 62871377851
6801 62961050881
6802 62987916751
6803 63001986181
6804 63006361181
6805 63008569009
6806 63012204163
6807 63068296411
6808 63075757021
6809 63091343281
6810 63116757397
6811 63129531781
6812 63157607041
6813 63173590871
6814 63240090169
6815 63248556001
6816 63257093569
6817 63257348851
6818 63260155681
6819 63290192461
6820 63308178571
6821 63389860129
6822 63444567551
6823 63497315501
6824 63515472571
6825 63548003461
6826 63584707429
6827 63588735181
6828 63596574151
6829 63597007729
6830 63622382927
6831 63656633281
6832 63708883201
6833 63746704529
6834 63758962681
6835 63789044881
6836 63819586693
6837 63849070741
6838 63850567327
6839 63870703201
6840 63895121701
6841 63924614563
6842 63932247289
6843 63960874291
6844 63982604071
6845 64024743161
6846 64041905401
6847 64060242751
6848 64086263809
6849 64104465811
6850 64107264931
6851 64118234701
6852 64138304621
6853 64160139151
6854 64220084917
6855 64230968341
6856 64248981089
6857 64250860969
6858 64264464721
6859 64278638201
6860 64307749711
6861 64333854661
6862 64349433397
6863 64355257891
6864 64401199601
6865 64409972369
6866 64431700841
6867 64441845781
6868 64446686561
6869 64495956281
6870 64509060097
6871 64522618801
6872 64527747751
6873 64544733401
6874 64547414101
6875 64557309181
6876 64611899801
6877 64622629963
6878 64639299649
6879 64669748917
6880 64695682561
6881 64725573529
6882 64733319169
6883 64751810041
6884 64774678561
6885 64844017471
6886 64882462051
6887 64905652241
6888 64926475577
6889 64944211981
6890 64951828831
6891 64963121761
6892 64980684001
6893 65073999329
6894 65076876493
6895 65085388961
6896 65098906291
6897 65105602561
6898 65130123281
6899 65132180761
6900 65133568501
6901 65137234241
6902 65170558867
6903 65188881707
6904 65205283111
6905 65240117671
6906 65242092701
6907 65254146049
6908 65269316659
6909 65335760029
6910 65339792911
6911 65348442199
6912 65368498081
6913 65394385211
6914 65427349381
6915 65444326921
6916 65494699201
6917 65496760561
6918 65503690099
6919 65508148801
6920 65522019721
6921 65539579747
6922 65581228789
6923 65584946851
6924 65586775801
6925 65621932561
6926 65711190871
6927 65715487031
6928 65785837571
6929 65819640041
6930 65829205501
6931 65848678921
6932 65887684481
6933 65888364781
6934 65932045219
6935 65942290163
6936 65964918881
6937 66012206831
6938 66141306901
6939 66148215011
6940 66152510161
6941 66168036481
6942 66178655563
6943 66233453203
6944 66237330853
6945 66247166917
6946 66250369921
6947 66252558751
6948 66257682641
6949 66278135281
6950 66308332861
6951 66319928221
6952 66357782467
6953 66413478809
6954 66415390651
6955 66417332797
6956 66420678469
6957 66430097891
6958 66463311241
6959 66463969081
6960 66473758891
6961 66502739101
6962 66546070207
6963 66567840641
6964 66577779937
6965 66593096641
6966 66605869331
6967 66653531491
6968 66654105841
6969 66665188321
6970 66769579031
6971 66793259681
6972 66812772001
6973 66846853261
6974 66886586911
6975 66897028441
6976 66904663201
6977 66907829491
6978 66954506561
6979 66980157427
6980 66997538561
6981 67005771491
6982 67044445471
6983 67089027461
6984 67098903751
6985 67120039801
6986 67133079971
6987 67136059621
6988 67160827141
6989 67187816411
6990 67242070081
6991 67270328581
6992 67273706221
6993 67278505351
6994 67279785301
6995 67289389501
6996 67294171897
6997 67299955357
6998 67308355351
6999 67327404769
7000 67348532161
7001 67359288151
7002 67362301441
7003 67403434561
7004 67439640071
7005 67480108441
7006 67495942201
7007 67545163879
7008 67553771231
7009 67585627801
7010 67587616933
7011 67591936729
7012 67617651221
7013 67619854681
7014 67623527249
7015 67642875511
7016 67694324671
7017 67708253383
7018 67718937131
7019 67773161801
7020 67778269369
7021 67780445461
7022 67786592221
7023 67821846971
7024 67862985277
7025 67956799567
7026 67977358021
7027 67988588867
7028 68008830577
7029 68024571677
7030 68044106833
7031 68062074121
7032 68086688281
7033 68125515589
7034 68179791961
7035 68191798951
7036 68205431249
7037 68268305191
7038 68321052577
7039 68324812291
7040 68331067421
7041 68345536321
7042 68400699023
7043 68416650553
7044 68493650941
7045 68530503361
7046 68574998521
7047 68598316079
7048 68632175737
7049 68653093081
7050 68718008341
7051 68724785251
7052 68763255751
7053 68791967683
7054 68809776689
7055 68812767791
7056 68875726501
7057 68969920951
7058 69022568161
7059 69023890441
7060 69092396101
7061 69116859457
7062 69175179529
7063 69286661011
7064 69348613951
7065 69405771751
7066 69406205087
7067 69408455041
7068 69422177791
7069 69445723411
7070 69459972961
7071 69494627203
7072 69496955221
7073 69509328001
7074 69531636791
7075 69554392001
7076 69558535001
7077 69576184261
7078 69585463861
7079 69593077121
7080 69619759171
7081 69624870157
7082 69635842951
7083 69643367371
7084 69698007941
7085 69775010281
7086 69826101781
7087 69937745963
7088 69941062801
7089 69960694729
7090 69994771507
7091 69994934461
7092 70083391951
7093 70137808651
7094 70151193391
7095 70155121031
7096 70159742251
7097 70168063051
7098 70175858689
7099 70195155031
7100 70215245551
7101 70215635351
7102 70220268161
7103 70227870589
7104 70236262951
7105 70257182071
7106 70301454221
7107 70330466081
7108 70339250251
7109 70348840801
7110 70391498041
7111 70397020241
7112 70399123801
7113 70442053273
7114 70456801759
7115 70498336969
7116 70630087793
7117 70634527669
7118 70661760661
7119 70670645569
7120 70677798523
7121 70696084231
7122 70696574341
7123 70704305809
7124 70705785281
7125 70711941481
7126 70712184401
7127 70735261361
7128 70743344201
7129 70752874531
7130 70753215361
7131 70757383201
7132 70767303391
7133 70803748591
7134 70812687781
7135 70828107001
7136 70852220401
7137 70871684801
7138 70899901217
7139 70913762701
7140 70917958541
7141 70975456201
7142 71012346131
7143 71016830561
7144 71025812491
7145 71048350501
7146 71051516141
7147 71128431641
7148 71212219849
7149 71226389467
7150 71230171951
7151 71250292741
7152 71273683531
7153 71283244777
7154 71305442503
7155 71315033921
7156 71322010867
7157 71329691851
7158 71352469151
7159 71382927169
7160 71389858121
7161 71411635409
7162 71430713857
7163 71462508121
7164 71510585761
7165 71576114401
7166 71582177633
7167 71631697321
7168 71640004981
7169 71664203521
7170 71690958361
7171 71721974221
7172 71729837021
7173 71760816161
7174 71794143601
7175 71815958317
7176 71823706081
7177 71826594401
7178 71845163521
7179 71956628641
7180 72002607139
7181 72007732351
7182 72070506619
7183 72138036517
7184 72153512941
7185 72158081011
7186 72172415839
7187 72189485183
7188 72195415741
7189 72208170451
7190 72262933601
7191 72295142047
7192 72325648669
7193 72357075649
7194 72399121381
7195 72404853301
7196 72415921831
7197 72437814599
7198 72438630331
7199 72440219801
7200 72467873801
7201 72470486089
7202 72493942951
7203 72496594721
7204 72573465151
7205 72608905969
7206 72627300409
7207 72641155163
7208 72681641161
7209 72697264831
7210 72708184007
7211 72755214461
7212 72850999021
7213 72851460001
7214 72878054479
7215 72879512581
7216 72901465561
7217 72905699861
7218 72930121741
7219 72944212031
7220 72946080901
7221 72951000841
7222 72998819461
7223 73017558769
7224 73050273509
7225 73055152711
7226 73108183417
7227 73120909621
7228 73139645291
7229 73158671903
7230 73205554507
7231 73266934021
7232 73272171181
7233 73390336333
7234 73419356921
7235 73435403629
7236 73471162829
7237 73471510549
7238 73473851881
7239 73478644331
7240 73518359311
7241 73560707551
7242 73571306401
7243 73573985647
7244 73605835481
7245 73627174961
7246 73629955369
7247 73659471931
7248 73665399949
7249 73669770001
7250 73682790931
7251 73703209169
7252 73780618201
7253 73796984161
7254 73817444191
7255 73873573747
7256 73924434041
7257 73928272753
7258 73947900671
7259 73976841541
7260 73985035213
7261 73986946361
7262 74002660789
7263 74003502367
7264 74038147741
7265 74058088933
7266 74061460051
7267 74076481261
7268 74086009453
7269 74100311381
7270 74102118763
7271 74158245907
7272 74162315449
7273 74190097801
7274 74213211691
7275 74232386821
7276 74277696901
7277 74280913297
7278 74290111981
7279 74312134471
7280 74322518821
7281 74359744201
7282 74366199001
7283 74411106391
7284 74428036801
7285 74464054759
7286 74485544981
7287 74518934029
7288 74541636553
7289 74558238751
7290 74568073163
7291 74599409617
7292 74605229821
7293 74608327597
7294 74622305671
7295 74651259691
7296 74674749781
7297 74682595021
7298 74686158583
7299 74688571483
7300 74706554821
7301 74733877747
7302 74741928721
7303 74759179951
7304 74830411291
7305 74831703031
7306 74857942189
7307 74864095951
7308 74868588451
7309 74870777437
7310 74870813161
7311 74883152261
7312 74948012329
7313 74959006981
7314 75033180181
7315 75034688623
7316 75044742301
7317 75090238081
7318 75125510521
7319 75134762501
7320 75145568863
7321 75147129053
7322 75149269561
7323 75159255799
7324 75163980781
7325 75179202821
7326 75179648591
7327 75187245871
7328 75188181571
7329 75243057457
7330 75253956889
7331 75269732149
7332 75285070351
7333 75303053191
7334 75333594311
7335 75339720823
7336 75345210601
7337 75350936251
7338 75381448621
7339 75384631687
7340 75391786543
7341 75393606451
7342 75410972341
7343 75414103741
7344 75427816201
7345 75471679067
7346 75472030741
7347 75473962987
7348 75475619441
7349 75506933617
7350 75509105101
7351 75533527891
7352 75535991653
7353 75552451847
7354 75608842321
7355 75654860821
7356 75713497651
7357 75723336541
7358 75726921817
7359 75760945367
7360 75770522099
7361 75770752481
7362 75890034001
7363 75894146371
7364 75917142421
7365 75926439289
7366 76020222329
7367 76025005061
7368 76026915361
7369 76035442897
7370 76054437481
7371 76055213191
7372 76090763381
7373 76149299269
7374 76171961797
7375 76188234541
7376 76190351059
7377 76227630421
7378 76281350867
7379 76287130501
7380 76293945313
7381 76294594241
7382 76311213931
7383 76335745357
7384 76384443211
7385 76388392981
7386 76413590587
7387 76448906731
7388 76461403409
7389 76514788981
7390 76599171461
7391 76609084001
7392 76618347541
7393 76666327931
7394 76678660369
7395 76690065281
7396 76697687281
7397 76697889967
7398 76739269153
7399 76777717591
7400 76791132931
7401 76848562891
7402 76849883947
7403 76879682101
7404 76891439717
7405 76897100041
7406 76989657061
7407 76992224651
7408 77009997781
7409 77028486277
7410 77034703033
7411 77037791491
7412 77054329381
7413 77070240703
7414 77100453281
7415 77108717071
7416 77117108251
7417 77187046421
7418 77188573009
7419 77243612161
7420 77271332077
7421 77272256881
7422 77278774861
7423 77335831801
7424 77366634841
7425 77372260561
7426 77391695533
7427 77403771461
7428 77475820141
7429 77488235497
7430 77538554731
7431 77549655109
7432 77670552961
7433 77696022427
7434 77697411301
7435 77700325567
7436 77775984001
7437 77790654577
7438 77826389831
7439 77837674321
7440 77875508089
7441 77881541141
7442 77983345621
7443 77987918401
7444 77992178941
7445 78055650821
7446 78118344481
7447 78146228623
7448 78146412521
7449 78218328581
7450 78369220571
7451 78401483311
7452 78403348801
7453 78432355891
7454 78462545801
7455 78479119951
7456 78479311909
7457 78513413101
7458 78536916529
7459 78537626701
7460 78552190501
7461 78557703571
7462 78606458101
7463 78643914031
7464 78683083051
7465 78690915601
7466 78697374541
7467 78786733279
7468 78803691397
7469 78808837141
7470 78874218121
7471 78922815791
7472 78926744717
7473 78948350461
7474 78979194649
7475 78980058433
7476 79018633951
7477 79116081701
7478 79182042001
7479 79182810461
7480 79190575157
7481 79211600161
7482 79230678481
7483 79235446321
7484 79252287409
7485 79259358601
7486 79273295363
7487 79300004551
7488 79361330851
7489 79385237381
7490 79426712269
7491 79438869667
7492 79504402207
7493 79529294431
7494 79557127651
7495 79609881601
7496 79613772247
7497 79660540441
7498 79693415761
7499 79696887661
7500 79727213281
7501 79734558191
7502 79785431221
7503 79830370831
7504 79848385121
7505 79889215501
7506 79903454131
7507 79906346731
7508 79953194137
7509 79967226583
7510 79984734061
7511 80003105101
7512 80015904541
7513 80016379801
7514 80028321679
7515 80030507329
7516 80128188559
7517 80152672771
7518 80197322251
7519 80252405689
7520 80322350851
7521 80328573001
7522 80336767061
7523 80342985901
7524 80375797213
7525 80382969577
7526 80388421171
7527 80390204641
7528 80418312241
7529 80427068443
7530 80431937827
7531 80472320321
7532 80486399251
7533 80500017487
7534 80507478241
7535 80537499811
7536 80562604651
7537 80572609171
7538 80582745349
7539 80606875357
7540 80611276201
7541 80614440001
7542 80618080141
7543 80624441641
7544 80645350351
7545 80651120749
7546 80693791351
7547 80709274801
7548 80710305541
7549 80948017021
7550 80955526721
7551 80969367047
7552 80974949581
7553 81005218831
7554 81016086979
7555 81022759289
7556 81072523351
7557 81112332421
7558 81129194851
7559 81167043259
7560 81227666929
7561 81239108341
7562 81317261611
7563 81325108913
7564 81331651021
7565 81480912679
7566 81491690881
7567 81510947029
7568 81649852171
7569 81657370369
7570 81657950851
7571 81685465951
7572 81703305361
7573 81731970321
7574 81743086693
7575 81794552491
7576 81897590543
7577 81941601979
7578 81964996961
7579 81966509971
7580 81988809211
7581 82006440401
7582 82047851101
7583 82051278121
7584 82129054261
7585 82196372837
7586 82215235301
7587 82218368641
7588 82223838421
7589 82276719097
7590 82382627791
7591 82417510351
7592 82454299789
7593 82460164349
7594 82501681321
7595 82514103751
7596 82533611161
7597 82537304461
7598 82540591879
7599 82548476221
7600 82565995501
7601 82604207341
7602 82643619871
7603 82648803337
7604 82666063937
7605 82728284437
7606 82782604831
7607 82797328897
7608 82802455633
7609 82919503171
7610 82953022699
7611 82965036551
7612 83036487041
7613 83097858061
7614 83136586501
7615 83159187931
7616 83237360981
7617 83262849751
7618 83262978769
7619 83282819131
7620 83365746953
7621 83369337221
7622 83370699449
7623 83385369607
7624 83386381747
7625 83446176269
7626 83522878909
7627 83522992633
7628 83533282951
7629 83597542421
7630 83648931451
7631 83649293731
7632 83659352281
7633 83788369481
7634 83828294551
7635 83837970217
7636 83856422467
7637 83860913651
7638 83888291089
7639 83932186781
7640 83966132251
7641 84048862721
7642 84081002881
7643 84108249811
7644 84149452267
7645 84188692967
7646 84199447729
7647 84249903613
7648 84258378811
7649 84370829401
7650 84371469773
7651 84395629649
7652 84402381901
7653 84454422263
7654 84492293131
7655 84558952861
7656 84602348161
7657 84624294721
7658 84644692063
7659 84655918981
7660 84662748283
7661 84713920219
7662 84724245211
7663 84787808641
7664 84800497627
7665 84804662347
7666 84880995571
7667 84910864501
7668 84944074001
7669 84944404711
7670 84945722881
7671 84957165541
7672 84965927681
7673 84966702529
7674 84967264961
7675 85045929541
7676 85106683801
7677 85153378129
7678 85167156511
7679 85191187681
7680 85206583001
7681 85288091701
7682 85311284099
7683 85321391761
7684 85346480381
7685 85512526837
7686 85512860941
7687 85558817447
7688 85581311789
7689 85591050269
7690 85602707867
7691 85625298001
7692 85646356321
7693 85699511101
7694 85699678849
7695 85724207119
7696 85754291261
7697 85802761061
7698 85811190079
7699 85814124841
7700 85820679001
7701 85928205751
7702 86045382881
7703 86139054121
7704 86148307741
7705 86150541571
7706 86170205101
7707 86184973951
7708 86202230377
7709 86236105651
7710 86256080633
7711 86281003183
7712 86321099173
7713 86338334701
7714 86416863121
7715 86455954801
7716 86458449881
7717 86459813569
7718 86503118521
7719 86531178271
7720 86610942881
7721 86631333601
7722 86663899957
7723 86668220689
7724 86682307141
7725 86694227479
7726 86764350529
7727 86801680951
7728 86812916741
7729 86851184377
7730 86895092521
7731 86901527611
7732 86907777001
7733 86935439621
7734 86935812713
7735 86937880621
7736 86944518821
7737 86963355331
7738 86963911939
7739 86990382421
7740 87002139001
7741 87123017731
7742 87142878451
7743 87214640701
7744 87256075859
7745 87264261727
7746 87303505801
7747 87331001083
7748 87358721347
7749 87400941487
7750 87405681871
7751 87416048617
7752 87418242497
7753 87503616073
7754 87556881169
7755 87692024101
7756 87722478091
7757 87755582251
7758 87761248147
7759 87777044321
7760 87779395009
7761 87796801177
7762 87818136451
7763 87822973921
7764 87858465241
7765 87887921441
7766 87919220251
7767 87954914161
7768 87961878401
7769 88011807391
7770 88074674551
7771 88085370913
7772 88088697181
7773 88100954209
7774 88102854451
7775 88104750101
7776 88106360941
7777 88151736331
7778 88158109453
7779 88174353401
7780 88232688809
7781 88278600961
7782 88285473721
7783 88309480981
7784 88322767471
7785 88368077891
7786 88380366229
7787 88396771387
7788 88402345921
7789 88473676747
7790 88524258481
7791 88545078007
7792 88606316207
7793 88756863841
7794 88773829321
7795 88797411803
7796 88882344631
7797 88887282121
7798 88911912601
7799 88917038851
7800 88925259151
7801 88936852793
7802 88974090367
7803 89002608661
7804 89023426339
7805 89035488037
7806 89043833533
7807 89084838151
7808 89093576021
7809 89102292841
7810 89138679841
7811 89210489101
7812 89246334451
7813 89287562071
7814 89295826187
7815 89308483447
7816 89319565597
7817 89345850901
7818 89354436811
7819 89398330897
7820 89411281961
7821 89411364001
7822 89416471061
7823 89423419121
7824 89424848143
7825 89426691889
7826 89447549441
7827 89465134501
7828 89492039407
7829 89517441241
7830 89635988209
7831 89664779557
7832 89665586221
7833 89757725821
7834 89760310921
7835 89767782661
7836 89795379871
7837 89810529541
7838 89831298943
7839 89844134801
7840 89927952811
7841 89946013411
7842 90000226681
7843 90034508929
7844 90095905001
7845 90162078751
7846 90170302081
7847 90189044947
7848 90207777451
7849 90234588421
7850 90238671343
7851 90253160449
7852 90280451431
7853 90288600557
7854 90288706901
7855 90329856343
7856 90366125851
7857 90382411841
7858 90463436209
7859 90493496507
7860 90495831037
7861 90523759801
7862 90528271681
7863 90574186337
7864 90610883551
7865 90645780889
7866 90649471051
7867 90667310203
7868 90671110381
7869 90683371631
7870 90711354961
7871 90731413321
7872 90747281941
7873 90764910991
7874 90775071841
7875 90795963701
7876 90835497541
7877 90897469829
7878 90919263901
7879 90952068241
7880 90961400989
7881 90963678961
7882 91001751661
7883 91059852001
7884 91094249041
7885 91120328707
7886 91120465801
7887 91158628843
7888 91222059601
7889 91253217547
7890 91259908741
7891 91276337111
7892 91283070737
7893 91313507851
7894 91432883431
7895 91466827303
7896 91564477441
7897 91572109651
7898 91642999111
7899 91678395007
7900 91700608511
7901 91703505121
7902 91722288241
7903 91781285863
7904 91805915191
7905 91814809861
7906 91825603151
7907 91839605761
7908 91855543511
7909 91865200261
7910 91882492201
7911 91884993751
7912 91893519661
7913 91909033987
7914 91940326879
7915 92014889761
7916 92029039831
7917 92050472701
7918 92137290451
7919 92145686383
7920 92152280333
7921 92156434921
7922 92160472861
7923 92180453461
7924 92187541451
7925 92201555471
7926 92304502291
7927 92306705941
7928 92338538683
7929 92361442181
7930 92368737313
7931 92380393121
7932 92410619491
7933 92429173801
7934 92446876861
7935 92462327231
7936 92487465631
7937 92515547161
7938 92660597009
7939 92676337189
7940 92696865631
7941 92698637701
7942 92772481121
7943 92776083401
7944 92812579861
7945 92823027061
7946 92846669581
7947 92867710651
7948 92897571551
7949 92908025071
7950 92939633791
7951 93018111763
7952 93108166741
7953 93160483291
7954 93182399237
7955 93183851129
7956 93233278951
7957 93233494901
7958 93327273001
7959 93332693651
7960 93343994911
7961 93365220547
7962 93375190693
7963 93411748201
7964 93422698351
7965 93566199871
7966 93626885111
7967 93631125013
7968 93644433301
7969 93686595193
7970 93703412791
7971 93731489671
7972 93739447681
7973 93794047201
7974 93805779511
7975 93829937441
7976 93831642767
7977 93884619181
7978 93901535771
7979 93916468801
7980 93938004469
7981 93968592901
7982 93975760751
7983 94009071641
7984 94021759151
7985 94056157763
7986 94061672581
7987 94102707427
7988 94154351401
7989 94156650799
7990 94192490551
7991 94219751393
7992 94223620741
7993 94231550731
7994 94248429661
7995 94328299781
7996 94350819499
7997 94393952077
7998 94460202001
7999 94462942201
8000 94467193333
8001 94472480351
8002 94475171897
8003 94490596549
8004 94508826751
8005 94530110341
8006 94534868431
8007 94551650051
8008 94616979841
8009 94649435141
8010 94713819061
8011 94812471391
8012 94834481041
8013 94839496291
8014 94851949501
8015 94865209583
8016 94884899887
8017 94885114843
8018 94903194961
8019 94905734713
8020 94932947341
8021 94956734401
8022 94957758061
8023 95068003141
8024 95071128043
8025 95123667451
8026 95126134837
8027 95184186301
8028 95202226001
8029 95234194501
8030 95283005291
8031 95344522781
8032 95416915621
8033 95447059549
8034 95477534237
8035 95545931911
8036 95559271001
8037 95593045351
8038 95628657151
8039 95645566501
8040 95682269299
8041 95726467201
8042 95793499777
8043 95833886721
8044 95870104021
8045 95885977849
8046 95900452961
8047 95938630861
8048 95976104071
8049 96014617291
8050 96030405829
8051 96049771351
8052 96067334689
8053 96083958781
8054 96085932871
8055 96090300851
8056 96093646241
8057 96204946501
8058 96217461121
8059 96257018453
8060 96285215701
8061 96311116129
8062 96325821901
8063 96394008751
8064 96440105521
8065 96451583203
8066 96467151691
8067 96477117409
8068 96478622791
8069 96513897391
8070 96533526649
8071 96534423301
8072 96550545631
8073 96607183003
8074 96629160581
8075 96634739891
8076 96647915521
8077 96649212529
8078 96688577311
8079 96695935201
8080 96709652833
8081 96747678901
8082 96947385811
8083 96965003029
8084 96976887401
8085 96979229551
8086 97010664983
8087 97056029071
8088 97069557241
8089 97111352081
8090 97154812801
8091 97157346001
8092 97185301669
8093 97186808291
8094 97192618339
8095 97201672489
8096 97226551813
8097 97247148841
8098 97256888321
8099 97269449377
8100 97278495841
8101 97279901629
8102 97507088251
8103 97532587511
8104 97559721859
8105 97569874693
8106 97614701761
8107 97615793713
8108 97616024221
8109 97625910961
8110 97669775323
8111 97711150241
8112 97800366457
8113 97813732801
8114 97832477371
8115 97858734481
8116 97859958571
8117 97864479961
8118 97879974193
8119 98012410501
8120 98076023891
8121 98083549117
8122 98104723201
8123 98119686871
8124 98153505001
8125 98202956281
8126 98295424187
8127 98309714311
8128 98326457863
8129 98328649751
8130 98333333821
8131 98351067781
8132 98363829871
8133 98370623521
8134 98379563101
8135 98385889057
8136 98401433131
8137 98409534491
8138 98473117843
8139 98499716701
8140 98515393021
8141 98545983301
8142 98593474729
8143 98598046009
8144 98611857637
8145 98630606831
8146 98691763081
8147 98736903721
8148 98740314301
8149 98772704101
8150 98781356101
8151 98807600851
8152 98827831981
8153 98831892751
8154 98832539341
8155 98844932941
8156 98885877751
8157 98897085901
8158 98936197951
8159 98938585621
8160 98977237651
8161 98994367081
8162 98999116201
8163 99022067731
8164 99051982987
8165 99057160681
8166 99121320341
8167 99129542611
8168 99136244609
8169 99137150813
8170 99203108707
8171 99233000641
8172 99268588261
8173 99276003787
8174 99296302421
8175 99309401861
8176 99309648481
8177 99327165031
8178 99383648341
8179 99409518037
8180 99430931671
8181 99455773601
8182 99478554211
8183 99512279851
8184 99534525301
8185 99545457511
8186 99576518081
8187 99588852689
8188 99633540511
8189 99663935491
8190 99686299571
8191 99713942353
8192 99833136731
8193 99862072501
8194 99897989101
8195 99945184571
8196 99956826901
8197 100031325031
8198 100085989921
8199 100087836001
8200 100095214091
8201 100100679197
8202 100135350481
8203 100202074309
8204 100246582279
8205 100285039681
8206 100299681751
8207 100338329341
8208 100363296001
8209 100365488281
8210 100414928461
8211 100415402011
8212 100438264783
8213 100542897713
8214 100637490061
8215 100664495983
8216 100679539951
8217 100699577551
8218 100711393201
8219 100719797851
8220 100815575281
8221 100861606567
8222 100995921361
8223 101002952101
8224 101040726529
8225 101041314211
8226 101098558081
8227 101135588851
8228 101169690931
8229 101231474083
8230 101356124941
8231 101432827651
8232 101439821731
8233 101453946829
8234 101465875909
8235 101590441811
8236 101728006927
8237 101758680451
8238 101771882213
8239 101791396801
8240 101802081721
8241 101821318327
8242 101910921089
8243 101917529647
8244 101955504901
8245 101966526721
8246 101981388697
8247 101981449303
8248 101985483151
8249 101995712461
8250 102063170777
8251 102081296521
8252 102087877321
8253 102129434551
8254 102136702441
8255 102142399141
8256 102172457479
8257 102183665131
8258 102200102929
8259 102230159609
8260 102236206379
8261 102267664801
8262 102288234661
8263 102307170211
8264 102313739257
8265 102333558601
8266 102407417317
8267 102439203751
8268 102451204909
8269 102485708401
8270 102555715849
8271 102580459561
8272 102608956321
8273 102633116491
8274 102653661529
8275 102666860161
8276 102690522901
8277 102813423821
8278 102971061761
8279 103020110107
8280 103067761231
8281 103096709857
8282 103157395351
8283 103164722561
8284 103183311013
8285 103187809183
8286 103245026281
8287 103252115641
8288 103278243461
8289 103345161931
8290 103381044583
8291 103404090791
8292 103466039041
8293 103487314031
8294 103515417251
8295 103516160609
8296 103517502661
8297 103577759011
8298 103597239157
8299 103605834187
8300 103701275521
8301 103719707251
8302 103813297541
8303 103844965489
8304 103861406081
8305 103902607621
8306 103917060001
8307 103942748737
8308 103997193301
8309 104048851201
8310 104070030121
8311 104099671369
8312 104112863557
8313 104114857841
8314 104201089451
8315 104213559451
8316 104219334689
8317 104243915651
8318 104256712951
8319 104293120051
8320 104344039561
8321 104346940051
8322 104479848901
8323 104490991441
8324 104546559151
8325 104551749751
8326 104566837247
8327 104618470661
8328 104649933319
8329 104652087041
8330 104684303687
8331 104707982081
8332 104733172963
8333 104740501909
8334 104773017619
8335 104783132071
8336 104810658941
8337 104857037689
8338 104858792611
8339 104871014827
8340 104911770631
8341 104912142563
8342 104912538221
8343 104976936871
8344 105017490911
8345 105038557471
8346 105061800383
8347 105156980741
8348 105203533051
8349 105224493529
8350 105229207537
8351 105237814501
8352 105258945289
8353 105261641101
8354 105281041027
8355 105304800709
8356 105320107771
8357 105385976081
8358 105503252821
8359 105513324461
8360 105526131871
8361 105534057331
8362 105560822251
8363 105565655891
8364 105570741121
8365 105582635929
8366 105604566541
8367 105615412717
8368 105618052801
8369 105635717881
8370 105673360621
8371 105755853001
8372 105798256961
8373 105824387831
8374 105832062341
8375 105852330061
8376 105870743401
8377 105914316301
8378 105937152049
8379 105937661413
8380 105958472761
8381 105996973951
8382 105997721441
8383 106042223701
8384 106053278251
8385 106055313281
8386 106098093149
8387 106215871051
8388 106229368801
8389 106231418221
8390 106237698451
8391 106279461931
8392 106281860311
8393 106376573161
8394 106379317981
8395 106380524251
8396 106455354391
8397 106517957191
8398 106518318281
8399 106522330069
8400 106526289601
8401 106528373551
8402 106552174411
8403 106566290291
8404 106606347751
8405 106625162323
8406 106633699201
8407 106647079681
8408 106723656691
8409 106731691669
8410 106835147141
8411 106884813001
8412 106913548411
8413 106939708801
8414 106971039253
8415 106972319611
8416 107046604391
8417 107050383301
8418 107067382861
8419 107102543857
8420 107109330721
8421 107164950289
8422 107209822801
8423 107239651201
8424 107281395703
8425 107333924101
8426 107335683451
8427 107366827921
8428 107389415461
8429 107435178061
8430 107446803577
8431 107469143939
8432 107476807981
8433 107496986347
8434 107518166881
8435 107545922089
8436 107556607339
8437 107561724451
8438 107583305281
8439 107611947409
8440 107733722011
8441 107743337461
8442 107770921021
8443 107782340461
8444 107921792917
8445 107980215401
8446 107980778431
8447 107995454401
8448 107996407489
8449 108085319161
8450 108100117313
8451 108123934297
8452 108165304063
8453 108177766351
8454 108237878911
8455 108254473471
8456 108259763347
8457 108274061179
8458 108278421247
8459 108286276561
8460 108296248789
8461 108296292061
8462 108368217031
8463 108384678361
8464 108447743681
8465 108466077781
8466 108523074281
8467 108537196951
8468 108543932767
8469 108571099141
8470 108585465589
8471 108597055607
8472 108628331239
8473 108633538763
8474 108644104391
8475 108663971833
8476 108665868481
8477 108669596491
8478 108681354751
8479 108695947537
8480 108711898991
8481 108747152089
8482 108831944383
8483 108850670587
8484 108871668271
8485 108895336651
8486 108897544001
8487 109035507127
8488 109108078951
8489 109159030549
8490 109167629227
8491 109198403329
8492 109200679061
8493 109211136911
8494 109253556721
8495 109261809847
8496 109266319531
8497 109267623109
8498 109318344791
8499 109340056099
8500 109385222101
8501 109535433547
8502 109649712217
8503 109692041911
8504 109707503621
8505 109719270481
8506 109736798701
8507 109748243461
8508 109749537433
8509 109761027511
8510 109768731661
8511 109770953363
8512 109821800791
8513 109885406221
8514 109977013441
8515 109983660331
8516 109986478601
8517 110005600069
8518 110029244909
8519 110038635241
8520 110046873511
8521 110068181107
8522 110092069501
8523 110097556801
8524 110178709171
8525 110217595321
8526 110264673751
8527 110330267041
8528 110340621901
8529 110358014971
8530 110378001889
8531 110385984031
8532 110395357931
8533 110560256671
8534 110566106201
8535 110643707983
8536 110651420881
8537 110652580459
8538 110667011491
8539 110806155751
8540 110809899769
8541 110814063361
8542 110847956099
8543 110856251327
8544 110894798981
8545 110905420121
8546 110960360551
8547 110967177661
8548 111020794561
8549 111022562561
8550 111136946311
8551 111185734747
8552 111286194031
8553 111287434987
8554 111288891871
8555 111345512851
8556 111352828201
8557 111362662111
8558 111368774921
8559 111381573601
8560 111426566851
8561 111430228801
8562 111490346941
8563 111504723461
8564 111548889451
8565 111572664689
8566 111623645251
8567 111625801051
8568 111642265681
8569 111680523181
8570 111686276521
8571 111737197441
8572 111770300251
8573 111777165221
8574 111784354687
8575 111871295801
8576 111909730001
8577 111956109611
8578 111971185111
8579 111971380951
8580 112027615321
8581 112035119491
8582 112073530189
8583 112075826801
8584 112094517751
8585 112098243181
8586 112152477781
8587 112224979441
8588 112239433711
8589 112247111341
8590 112253362691
8591 112321297453
8592 112359505051
8593 112402293169
8594 112578793751
8595 112628199001
8596 112641213781
8597 112648164331
8598 112666405463
8599 112701587041
8600 112722612161
8601 112742287841
8602 112801560349
8603 112805770933
8604 112829812301
8605 112879722511
8606 112951301899
8607 112967137081
8608 112991941441
8609 112993785271
8610 113018113001
8611 113067457309
8612 113321950789
8613 113366771281
8614 113401946431
8615 113409852421
8616 113501376949
8617 113510284009
8618 113556362851
8619 113563118761
8620 113661662489
8621 113703412681
8622 113750750741
8623 113785691291
8624 113896967941
8625 113914376581
8626 113937000841
8627 114058344487
8628 114098875117
8629 114115973971
8630 114152281823
8631 114183273383
8632 114215015251
8633 114218613181
8634 114221050001
8635 114227931221
8636 114247549027
8637 114264429841
8638 114300531361
8639 114342746701
8640 114370811521
8641 114379883281
8642 114436979417
8643 114463320301
8644 114472700189
8645 114548853563
8646 114558330881
8647 114559925351
8648 114628403803
8649 114717323911
8650 114745436051
8651 114826623031
8652 114871947427
8653 114885753841
8654 114900721651
8655 114910619849
8656 115033066807
8657 115086807811
8658 115093651249
8659 115107265051
8660 115147452071
8661 115179632851
8662 115207513721
8663 115215292441
8664 115223958581
8665 115237024261
8666 115273962541
8667 115307591701
8668 115350283567
8669 115431596281
8670 115450539389
8671 115503986089
8672 115511511751
8673 115566523781
8674 115590077461
8675 115621836097
8676 115628504333
8677 115676745901
8678 115710665281
8679 115748571511
8680 115750771403
8681 115756898711
8682 115766830147
8683 115795129501
8684 115795567763
8685 115821752617
8686 115834347617
8687 115866180401
8688 115908287041
8689 115945099579
8690 115957445887
8691 116003861641
8692 116186583913
8693 116200409197
8694 116203058921
8695 116207906401
8696 116227378801
8697 116234972449
8698 116299980211
8699 116308591489
8700 116309659393
8701 116334045437
8702 116393787673
8703 116475149569
8704 116477447689
8705 116500793011
8706 116528108689
8707 116534595367
8708 116587045261
8709 116592823999
8710 116612644207
8711 116635007777
8712 116640670801
8713 116640752581
8714 116645142277
8715 116708957401
8716 116752341169
8717 116821267201
8718 116843530589
8719 116869423001
8720 116906191111
8721 116955608221
8722 116962666721
8723 116971583401
8724 116996557303
8725 116996726323
8726 117052902901
8727 117072981721
8728 117088007851
8729 117156299023
8730 117156638413
8731 117158429161
8732 117203136821
8733 117278903701
8734 117279033841
8735 117331270081
8736 117332787493
8737 117355547167
8738 117427909657
8739 117432479581
8740 117627395551
8741 117689402521
8742 117825803281
8743 117830384449
8744 117840999361
8745 117955776901
8746 117961307617
8747 118017446251
8748 118039461409
8749 118054738751
8750 118158975049
8751 118159908641
8752 118186225471
8753 118188422743
8754 118204564721
8755 118236094189
8756 118290928981
8757 118310093761
8758 118463208751
8759 118474239841
8760 118474814701
8761 118526798851
8762 118564347631
8763 118566910381
8764 118586635543
8765 118670087467
8766 118708707367
8767 118712969611
8768 118805767291
8769 118808693191
8770 118844031811
8771 118849565161
8772 118894622029
8773 118923724151
8774 118934871859
8775 118942690961
8776 118943076601
8777 118961431321
8778 118968890531
8779 118978344451
8780 118980680047
8781 118982964101
8782 119016293183
8783 119032467961
8784 119127546781
8785 119170026823
8786 119175676201
8787 119180637577
8788 119198235461
8789 119239994581
8790 119263341697
8791 119297060821
8792 119312693611
8793 119361164837
8794 119396386561
8795 119414578051
8796 119428053229
8797 119494537703
8798 119545030681
8799 119561600251
8800 119588354351
8801 119622771157
8802 119728075231
8803 119754829993
8804 119761103503
8805 119795505901
8806 119821379371
8807 119842711561
8808 119843190133
8809 119890126819
8810 119917031851
8811 119918281141
8812 119928985441
8813 119938747237
8814 119995622821
8815 120042437789
8816 120058245469
8817 120155333621
8818 120163677901
8819 120200168881
8820 120223396801
8821 120235556251
8822 120238689521
8823 120263281081
8824 120268298789
8825 120279088999
8826 120306533569
8827 120314258461
8828 120332421091
8829 120350444089
8830 120351456961
8831 120459639301
8832 120483393031
8833 120504196279
8834 120559083751
8835 120561771787
8836 120572183929
8837 120597009601
8838 120604399501
8839 120612068221
8840 120627267571
8841 120657812269
8842 120701731411
8843 120811066681
8844 120822047611
8845 120844702513
8846 120873643003
8847 120879085213
8848 120914571961
8849 120926298043
8850 120936088597
8851 120965635433
8852 120996317947
8853 121019926201
8854 121043530801
8855 121092154471
8856 121093468609
8857 121107847841
8858 121128844279
8859 121151016169
8860 121154819491
8861 121155170501
8862 121172507371
8863 121179258901
8864 121202329951
8865 121207659019
8866 121230182851
8867 121239986821
8868 121254376891
8869 121273348501
8870 121276170271
8871 121290651841
8872 121298450057
8873 121300438591
8874 121311101101
8875 121383739801
8876 121387238281
8877 121400296921
8878 121417914367
8879 121469849887
8880 121484527351
8881 121494945001
8882 121535099731
8883 121575377431
8884 121580435521
8885 121606769017
8886 121638361921
8887 121663545361
8888 121679036641
8889 121684174411
8890 121764234691
8891 121816123801
8892 121831092631
8893 121858200721
8894 121879065457
8895 121880458429
8896 121940348401
8897 121955099141
8898 121975383181
8899 121998344957
8900 122017091851
8901 122056278709
8902 122105353921
8903 122109993349
8904 122157100621
8905 122161182547
8906 122203756201
8907 122209276001
8908 122267410721
8909 122318117461
8910 122348612411
8911 122364837541
8912 122393315713
8913 122412869587
8914 122437510249
8915 122444306167
8916 122449170821
8917 122481369991
8918 122529988327
8919 122552990891
8920 122602358971
8921 122628370973
8922 122661787951
8923 122721231331
8924 122737417001
8925 122789336671
8926 122807510239
8927 122863186393
8928 122919068821
8929 122941707937
8930 122982951661
8931 123014956501
8932 123065067301
8933 123072924713
8934 123146487361
8935 123155678081
8936 123168945817
8937 123190505299
8938 123190645717
8939 123226676171
8940 123253475951
8941 123373408481
8942 123438621853
8943 123469169881
8944 123479230081
8945 123492046861
8946 123511901089
8947 123526069081
8948 123541650497
8949 123603728329
8950 123607307881
8951 123632193229
8952 123658018111
8953 123683265763
8954 123711106751
8955 123759956503
8956 123821871209
8957 123831565769
8958 123842832769
8959 123843971021
8960 123881227651
8961 123891882707
8962 123901639513
8963 123931822891
8964 123944271019
8965 123985093751
8966 124001435653
8967 124071461263
8968 124212826531
8969 124235256211
8970 124237666351
8971 124278718801
8972 124314980501
8973 124326744571
8974 124330462327
8975 124395097093
8976 124461155071
8977 124510049767
8978 124578642001
8979 124592246161
8980 124694079427
8981 124731237313
8982 124804767649
8983 124810821631
8984 124824154951
8985 124832084693
8986 124875745541
8987 124979907001
8988 125004994721
8989 125025455311
8990 125145884629
8991 125206460947
8992 125215452121
8993 125248217359
8994 125299483723
8995 125363180083
8996 125430137821
8997 125447734651
8998 125453512801
8999 125485179931
9000 125488295731
9001 125501251501
9002 125517114731
9003 125562202501
9004 125613022807
9005 125645174201
9006 125656365217
9007 125742046501
9008 125785603763
9009 125785878131
9010 125792538587
9011 125850847429
9012 125898555751
9013 126027275461
9014 126059288311
9015 126068251651
9016 126073043011
9017 126102349099
9018 126114662521
9019 126119186143
9020 126152091781
9021 126161447143
9022 126223730461
9023 126268363369
9024 126312591943
9025 126313658131
9026 126314338487
9027 126398203387
9028 126405994051
9029 126434844091
9030 126471089057
9031 126516443887
9032 126545854441
9033 126555977861
9034 126593073367
9035 126675007021
9036 126690522671
9037 126732556007
9038 126757264061
9039 126778272641
9040 126788560021
9041 126809405951
9042 126828186601
9043 126840089731
9044 126903599621
9045 126905842351
9046 127022774131
9047 127088910341
9048 127156575521
9049 127177885451
9050 127190092313
9051 127231968889
9052 127244764441
9053 127253465389
9054 127289487839
9055 127323293371
9056 127406188879
9057 127455381041
9058 127494253531
9059 127506816061
9060 127533876101
9061 127536735551
9062 127543773061
9063 127789141591
9064 127837551691
9065 127843314691
9066 127857410089
9067 127876275451
9068 127895819437
9069 127930097593
9070 127981663897
9071 128050360201
9072 128053985621
9073 128078779141
9074 128098628351
9075 128105078401
9076 128124801997
9077 128126609077
9078 128338424107
9079 128436071941
9080 128458343821
9081 128528362591
9082 128537597833
9083 128538678241
9084 128587990051
9085 128623535717
9086 128624581051
9087 128661486193
9088 128677405951
9089 128700256669
9090 128723995501
9091 128730543607
9092 128789392447
9093 128796327067
9094 128802935251
9095 128920659683
9096 128970149023
9097 128979778601
9098 128981966851
9099 129056766851
9100 129062295671
9101 129195754921
9102 129218329117
9103 129267124661
9104 129336452681
9105 129337610221
9106 129383809441
9107 129407965331
9108 129452062429
9109 129452076343
9110 129488603947
9111 129528887671
9112 129552257311
9113 129632582047
9114 129644151187
9115 129650902009
9116 129663218551
9117 129672669671
9118 129674077807
9119 129679432247
9120 129792136603
9121 129795328021
9122 129830493703
9123 129838806589
9124 129866502001
9125 129916787761
9126 129946731601
9127 130045722427
9128 130058447941
9129 130170523741
9130 130174914169
9131 130234430341
9132 130292687701
9133 130307462851
9134 130343904331
9135 130446975079
9136 130553260309
9137 130576816543
9138 130640066101
9139 130643018431
9140 130715218229
9141 130770843811
9142 130824645997
9143 130996188181
9144 131013204841
9145 131013975109
9146 131071468501
9147 131115712081
9148 131136601751
9149 131137559281
9150 131205408053
9151 131224370213
9152 131250459649
9153 131402275201
9154 131465830879
9155 131500444051
9156 131538048751
9157 131561241211
9158 131566539541
9159 131584925231
9160 131589448801
9161 131614870741
9162 131631142189
9163 131732887087
9164 131822471681
9165 131850219901
9166 131868732601
9167 132011162011
9168 132011197781
9169 132029980363
9170 132155201551
9171 132171357979
9172 132223322437
9173 132233982301
9174 132261084691
9175 132339567511
9176 132356400301
9177 132376976191
9178 132474032311
9179 132506615911
9180 132509862241
9181 132515911711
9182 132529470511
9183 132533616001
9184 132570069661
9185 132601974751
9186 132622930441
9187 132667049821
9188 132686258251
9189 132700829101
9190 132746604901
9191 132792697861
9192 132805442281
9193 132849497467
9194 132903691021
9195 132918962261
9196 132925212001
9197 132972011201
9198 132982011691
9199 132982210651
9200 133002131347
9201 133013261921
9202 133107974761
9203 133123223521
9204 133128707689
9205 133157004481
9206 133184601271
9207 133196017187
9208 133257167551
9209 133266250603
9210 133323643441
9211 133334210801
9212 133345582831
9213 133395865021
9214 133421439001
9215 133515120961
9216 133515724301
9217 133534775999
9218 133625946739
9219 133642347781
9220 133662617173
9221 133667198827
9222 133708345849
9223 133779729691
9224 133803185851
9225 133833166741
9226 133841808271
9227 133843591729
9228 133851874651
9229 133924186463
9230 133948340891
9231 133959048961
9232 133994570581
9233 134026406281
9234 134072012593
9235 134083314919
9236 134098734661
9237 134114850101
9238 134120747401
9239 134152417171
9240 134155210411
9241 134180103481
9242 134219892049
9243 134245842761
9244 134273748397
9245 134288979841
9246 134330145769
9247 134340181201
9248 134406114721
9249 134417412361
9250 134423049041
9251 134450510287
9252 134479435681
9253 134496398609
9254 134502078397
9255 134502859111
9256 134506119133
9257 134533830133
9258 134548456321
9259 134591275541
9260 134670080641
9261 134909709191
9262 134934627521
9263 135003256501
9264 135019050671
9265 135039189697
9266 135067634731
9267 135133983227
9268 135169648087
9269 135179149711
9270 135183108089
9271 135211180231
9272 135283361221
9273 135306192529
9274 135354724051
9275 135398455261
9276 135429791531
9277 135458866327
9278 135469083751
9279 135510229301
9280 135513775301
9281 135584240551
9282 135586888951
9283 135590347511
9284 135632179351
9285 135637593601
9286 135679604581
9287 135693964537
9288 135742513141
9289 135825601297
9290 135839603461
9291 135883709677
9292 136023630571
9293 136045083511
9294 136060362901
9295 136076130901
9296 136136947201
9297 136157509507
9298 136180150021
9299 136226055541
9300 136263013921
9301 136274104891
9302 136324323451
9303 136353339361
9304 136398145789
9305 136430556781
9306 136512848881
9307 136524809611
9308 136599284161
9309 136673025301
9310 136695699713
9311 136696285361
9312 136752964501
9313 136770715537
9314 136819895801
9315 136849438001
9316 136891114081
9317 136916033801
9318 136951730749
9319 136965391711
9320 136970186231
9321 137006975141
9322 137093393251
9323 137125100113
9324 137137638259
9325 137138476261
9326 137176510969
9327 137241033619
9328 137259320467
9329 137312559091
9330 137314393861
9331 137325807901
9332 137332727621
9333 137338354861
9334 137340937753
9335 137385867257
9336 137414430271
9337 137453063701
9338 137458621609
9339 137464259341
9340 137470549519
9341 137491800109
9342 137561401981
9343 137615216707
9344 137655832051
9345 137664071761
9346 137665208341
9347 137709276181
9348 137716137751
9349 137716530871
9350 137801838661
9351 137907979031
9352 137916138361
9353 137945301913
9354 137988978037
9355 138014065801
9356 138034740691
9357 138074984107
9358 138132084751
9359 138148958993
9360 138205859791
9361 138249852733
9362 138268889947
9363 138288615763
9364 138303920977
9365 138317749741
9366 138324498901
9367 138414087697
9368 138423137161
9369 138430867541
9370 138448649921
9371 138485005121
9372 138492394489
9373 138509160409
9374 138561134531
9375 138684181061
9376 138691060069
9377 138725080789
9378 138744344329
9379 138755851781
9380 138804472981
9381 138872743699
9382 138882337441
9383 138934350733
9384 139072682701
9385 139095124531
9386 139141609651
9387 139201664471
9388 139321077799
9389 139401789781
9390 139409858743
9391 139420876781
9392 139476243601
9393 139492856401
9394 139521112387
9395 139562255641
9396 139578055769
9397 139602748561
9398 139620987451
9399 139629777751
9400 139643612161
9401 139652550029
9402 139700462107
9403 139728647917
9404 139761404413
9405 139764170261
9406 139865501761
9407 139939774267
9408 139963980433
9409 139979303327
9410 140014131031
9411 140046635041
9412 140059598981
9413 140062093501
9414 140113985551
9415 140141895661
9416 140341261631
9417 140376391381
9418 140423795101
9419 140471995861
9420 140504767621
9421 140523147511
9422 140535951601
9423 140536005661
9424 140565266701
9425 140616686081
9426 140647532117
9427 140670941251
9428 140730300751
9429 140759728831
9430 140773431371
9431 140774411527
9432 140786802451
9433 140796509281
9434 140801022433
9435 140854676881
9436 140861611801
9437 140897730901
9438 140990275513
9439 141005643943
9440 141016861651
9441 141020008669
9442 141026092621
9443 141027828241
9444 141045023881
9445 141107203921
9446 141208535651
9447 141231414241
9448 141239947333
9449 141276717721
9450 141318792721
9451 141320101763
9452 141386432491
9453 141396190703
9454 141426155401
9455 141478871381
9456 141546348289
9457 141560956909
9458 141590589367
9459 141604125301
9460 141611202877
9461 141613829551
9462 141619627781
9463 141632736451
9464 141647322961
9465 141675954481
9466 141700464001
9467 141752421961
9468 141810875641
9469 141938719201
9470 142034639671
9471 142063758521
9472 142121421151
9473 142127667361
9474 142162905421
9475 142222542401
9476 142240488167
9477 142245961859
9478 142406866841
9479 142485589201
9480 142493451031
9481 142524700319
9482 142546713121
9483 142577048407
9484 142631041057
9485 142718672851
9486 142729799339
9487 142739182081
9488 142743204451
9489 142776941057
9490 142815333821
9491 142816002961
9492 142849115869
9493 142851985361
9494 142876490401
9495 142881538801
9496 142952136391
9497 143040729833
9498 143046762581
9499 143067999901
9500 143111835751
9501 143119212001
9502 143164702721
9503 143293131001
9504 143327240741
9505 143441437871
9506 143448482431
9507 143527219793
9508 143552444239
9509 143595487271
9510 143608959061
9511 143647055803
9512 143684240837
9513 143719392961
9514 143744447341
9515 143782815791
9516 143801554951
9517 143811790237
9518 143870531131
9519 143873364161
9520 143924100751
9521 143943875881
9522 143970806701
9523 143978621581
9524 143993875957
9525 143998745801
9526 144010786141
9527 144034300931
9528 144039722737
9529 144111741667
9530 144112609801
9531 144143384477
9532 144185305501
9533 144343163009
9534 144346777121
9535 144370468181
9536 144373591207
9537 144412002151
9538 144475785301
9539 144476328011
9540 144478217327
9541 144493743661
9542 144544262021
9543 144569378251
9544 144585514693
9545 144703596101
9546 144803779489
9547 144847252321
9548 144861744641
9549 144863156861
9550 144875580937
9551 144880282501
9552 144911331841
9553 144929873221
9554 144966014341
9555 144980818813
9556 144986099941
9557 144994360351
9558 145008065809
9559 145032620141
9560 145122234277
9561 145124644453
9562 145178777801
9563 145218595771
9564 145295986333
9565 145302163843
9566 145363190857
9567 145399702901
9568 145437535801
9569 145442103481
9570 145460112601
9571 145564623889
9572 145589380861
9573 145599593729
9574 145606387501
9575 145663511041
9576 145666295191
9577 145683630067
9578 145712513251
9579 145742585941
9580 145747559383
9581 145833211891
9582 145838434771
9583 145858948351
9584 145912244941
9585 146060485201
9586 146083450679
9587 146092556611
9588 146163357553
9589 146187890197
9590 146218081301
9591 146255169691
9592 146288117809
9593 146364576821
9594 146433729601
9595 146447229529
9596 146455157707
9597 146463308377
9598 146488236949
9599 146507019661
9600 146535301837
9601 146636603089
9602 146656617001
9603 146679139279
9604 146780277689
9605 146897947751
9606 146980384321
9607 146998403389
9608 147123850721
9609 147132239491
9610 147144980701
9611 147201635041
9612 147203899831
9613 147274122277
9614 147278061569
9615 147413653381
9616 147426731869
9617 147450059401
9618 147475392637
9619 147513226711
9620 147521479267
9621 147531334231
9622 147555950851
9623 147598319269
9624 147645057463
9625 147669294427
9626 147682440641
9627 147857107301
9628 147866208341
9629 147871972951
9630 147882193541
9631 147939169783
9632 148091105593
9633 148114350409
9634 148165235929
9635 148171501241
9636 148217739541
9637 148231307963
9638 148234414661
9639 148254030541
9640 148275217619
9641 148332798241
9642 148333782451
9643 148347767041
9644 148365621181
9645 148430326357
9646 148441965631
9647 148464819001
9648 148474448851
9649 148478709061
9650 148532990341
9651 148553559943
9652 148598681029
9653 148600530541
9654 148625393941
9655 148630608151
9656 148631087359
9657 148697717167
9658 148731780451
9659 148796853481
9660 148879603207
9661 148919658721
9662 149031566443
9663 149097776081
9664 149247198787
9665 149289401179
9666 149361322333
9667 149429361061
9668 149456749763
9669 149489219491
9670 149515991069
9671 149518223191
9672 149564813101
9673 149565447701
9674 149662624393
9675 149744064451
9676 149770300417
9677 149787051961
9678 149842746691
9679 149906491547
9680 149996951011
9681 149998168729
9682 150050079173
9683 150127554547
9684 150141767381
9685 150250233451
9686 150264307061
9687 150289758341
9688 150318607171
9689 150319871893
9690 150352317083
9691 150401047441
9692 150405609559
9693 150472313869
9694 150516785483
9695 150539035219
9696 150571907201
9697 150582945433
9698 150703818931
9699 150750017461
9700 150773983609
9701 150920769401
9702 150931992331
9703 150949530811
9704 150973778677
9705 151013687141
9706 151036483111
9707 151040598509
9708 151045323713
9709 151062153001
9710 151088464081
9711 151142842801
9712 151147772641
9713 151217069791
9714 151275563701
9715 151301747111
9716 151368998401
9717 151484613887
9718 151484651141
9719 151511363851
9720 151516794889
9721 151527798661
9722 151632764683
9723 151668043561
9724 151710589577
9725 151865100161
9726 151876864231
9727 151883165851
9728 151905601541
9729 151953527701
9730 152042689891
9731 152116575451
9732 152159647501
9733 152173129921
9734 152176796351
9735 152204083201
9736 152264666317
9737 152344140001
9738 152378918689
9739 152392039301
9740 152400371327
9741 152416259227
9742 152454816487
9743 152526905527
9744 152534565121
9745 152562032797
9746 152580588161
9747 152611777781
9748 152649333521
9749 152662618501
9750 152666157131
9751 152679169721
9752 152688237077
9753 152766365981
9754 152781749381
9755 152869465717
9756 152875651441
9757 152968866541
9758 153003574081
9759 153125282341
9760 153150265861
9761 153155220109
9762 153156001321
9763 153186285253
9764 153280901287
9765 153295244101
9766 153320443849
9767 153404342209
9768 153418803361
9769 153441615121
9770 153460717621
9771 153473647051
9772 153480011107
9773 153558882751
9774 153600685921
9775 153666927991
9776 153746835001
9777 153840550711
9778 153849215521
9779 153852865801
9780 153872412751
9781 153896477341
9782 153913448431
9783 153921246341
9784 153973760281
9785 154082117281
9786 154088476621
9787 154120293361
9788 154175609321
9789 154184578579
9790 154224938429
9791 154280471581
9792 154320602203
9793 154392852433
9794 154423795969
9795 154456851763
9796 154460938591
9797 154626097237
9798 154630284841
9799 154702867001
9800 154740490081
9801 154744162021
9802 154779351871
9803 154829120011
9804 154841327441
9805 154851659551
9806 154857919921
9807 154878797581
9808 155051894867
9809 155078504561
9810 155081706781
9811 155113994323
9812 155163719881
9813 155174124421
9814 155214950911
9815 155228712581
9816 155229878087
9817 155231442241
9818 155271659047
9819 155295095131
9820 155335840399
9821 155352973151
9822 155358990529
9823 155363720821
9824 155391175087
9825 155391251149
9826 155445148141
9827 155462432941
9828 155474478101
9829 155701856581
9830 155816786161
9831 155841215869
9832 155902771447
9833 155917285831
9834 155999871721
9835 156091700437
9836 156095333087
9837 156117286771
9838 156139768597
9839 156150284221
9840 156193520641
9841 156286061821
9842 156317135161
9843 156330570173
9844 156333587257
9845 156336188321
9846 156370868011
9847 156380398849
9848 156434821121
9849 156478480831
9850 156479017063
9851 156531501673
9852 156547824751
9853 156585068821
9854 156586147111
9855 156642797851
9856 156677923729
9857 156735853223
9858 156741761317
9859 156943097089
9860 156986947867
9861 157001248429
9862 157136010541
9863 157150362331
9864 157165664701
9865 157168323649
9866 157193086051
9867 157203026881
9868 157268027827
9869 157299184901
9870 157455256001
9871 157461611441
9872 157462337971
9873 157505336801
9874 157551573167
9875 157615339681
9876 157615398001
9877 157617341101
9878 157663188541
9879 157688554249
9880 157699058401
9881 157723879501
9882 157779600271
9883 157787899237
9884 157794176261
9885 157918045601
9886 157923320701
9887 157936493947
9888 157942510381
9889 157966016671
9890 158073179023
9891 158089919569
9892 158137651057
9893 158193509671
9894 158203968751
9895 158230133531
9896 158340293431
9897 158353923349
9898 158415996727
9899 158434737511
9900 158469179621
9901 158472511201
9902 158478415327
9903 158653210871
9904 158680205377
9905 158681234401
9906 158710807417
9907 158710929953
9908 158743269257
9909 158826746761
9910 158866848769
9911 158900130481
9912 158914846201
9913 158915791981
9914 158926103701
9915 159005640061
9916 159079066147
9917 159144445111
9918 159146492321
9919 159245166991
9920 159277924051
9921 159291029311
9922 159345410209
9923 159375569351
9924 159489150463
9925 159526913701
9926 159554690929
9927 159598732487
9928 159644266849
9929 159670584919
9930 159730967521
9931 159775742201
9932 159781624417
9933 159802665611
9934 159813170791
9935 159826167071
9936 159872092381
9937 159951210827
9938 160034014141
9939 160036202047
9940 160235454151
9941 160244133031
9942 160317169297
9943 160325634661
9944 160328839711
9945 160453320301
9946 160488892961
9947 160527356221
9948 160529465851
9949 160530528341
9950 160642760569
9951 160654862749
9952 160656512251
9953 160666459171
9954 160681708381
9955 160686154729
9956 160697123861
9957 160708719221
9958 160713017417
9959 160722120641
9960 160724898181
9961 160773022099
9962 160822127201
9963 160847902441
9964 160920562003
9965 160924823791
9966 160968186541
9967 161017151671
9968 161018052031
9969 161019169471
9970 161093336983
9971 161119575913
9972 161119789291
9973 161120894531
9974 161206878631
9975 161225246341
9976 161269044641
9977 161347324519
9978 161367037063
9979 161382850357
9980 161447458927
9981 161458965053
9982 161475563351
9983 161500603051
9984 161504389639
9985 161559787681
9986 161593052161
9987 161643923191
9988 161790365651
9989 161814748681
9990 161893586821
9991 161918850721
9992 161986493593
9993 162066696859
9994 162099937301
9995 162183517879
9996 162209999641
9997 162224500411
9998 162263637251
9999 162268308049
10000 162283870951
