1 25326001
2 161304001
3 960946321
4 1157839381
5 3215031751
6 3697278427
7 5764643587
8 6770862367
9 14386156093
10 15579919981
11 18459366157
12 19887974881
13 21276028621
14 27716349961
15 29118033181
16 37131467521
17 41752650241
18 42550716781
19 43536545821
20 44732778751
21 44778481441
22 48354810571
23 52139147581
24 53700690781
25 56209415767
26 57698562127
27 67403434561
28 73796984161
29 74190097801
30 75285070351
31 75350936251
32 77475820141
33 79696887661
34 83828294551
35 88473676747
36 88974090367
37 98515393021
38 111737197441
39 114247549027
40 118670087467
41 126223730461
42 134670080641
43 135586888951
44 136136947201
45 148600530541
46 150401047441
47 156677923729
48 157615339681
49 167259489409
50 174460968067
51 183413388211
52 187403492251
53 216291665041
54 218215348801
55 218673063181
56 234311749201
57 240438464197
58 244970876021
59 245291853691
60 247945488451
61 252505670761
62 272447722207
63 291879706861
64 295545735181
65 307768373641
66 315962312077
67 331630652449
68 342221459329
69 353193975751
70 354864744877
71 362742704101
72 398214876001
73 405439595861
74 407979839041
75 431229929521
76 457453568161
77 490883439061
78 503691743521
79 505130380987
80 528929554561
81 546348519181
82 549866444221
83 591090138721
84 602248359169
85 641498618881
86 659937299407
87 688529415421
88 712614969307
89 729421133761
90 733224429367
91 736775510329
92 741881186287
93 744049848481
94 774840343681
95 842638521121
96 851402588401
97 853196213761
98 863370140641
99 908201935681
100 966299321527
101 997031384161
102 1059016451767
103 1059881943121
104 1104775437169
105 1105339579489
106 1114442093161
107 1121610731251
108 1123382831581
109 1176455318347
110 1196678873251
111 1197597106261
112 1201841349367
113 1261394769601
114 1266356918287
115 1267680187621
116 1280466733597
117 1355932740247
118 1356702279661
119 1362242655901
120 1441808314381
121 1469654828461
122 1482270333967
123 1482764791201
124 1511923991581
125 1526775897961
126 1566655993781
127 1579009328821
128 1612020550141
129 1620218707381
130 1657849785643
131 1704187300747
132 1749760817617
133 1772696687581
134 1836067393621
135 1855896669901
136 1871186716981
137 1943369652421
138 1963931666401
139 1981010064601
140 2035248190951
141 2152302898747
142 2154891114001
143 2156969421601
144 2202383837281
145 2210719929601
146 2273312197621
147 2305043208361
148 2366338900801
149 2505525714667
150 2536276670929
151 2585657804329
152 2620160393401
153 2626620679567
154 2633159346751
155 2650618430461
156 2695495497421
157 2695566850021
158 2705320537921
159 2821799431951
160 3119867733943
161 3131126359681
162 3227273022751
163 3257421209281
164 3343433905957
165 3461715915661
166 3474749660383
167 3477707481751
168 3587354858641
169 3641517683281
170 3857382025841
171 3860145307987
172 3877400755801
173 3924597547261
174 4004657996641
175 4074652846961
176 4179494695351
177 4222882178707
178 4341937413061
179 4515497820541
180 4525783922251
181 4584726583681
182 4634828697241
183 4729662293401
184 4742646231121
185 4777422165601
186 5042586357121
187 5097676617937
188 5385162680767
189 5537838510751
190 5605762367341
191 5700742358161
192 5783688565841
193 5792018372251
194 5830202612851
195 5832518356537
196 5843204146081
197 5860646583721
198 6031372361167
199 6043935263941
200 6069932991361
201 6117660528481
202 6226129086451
203 6251726369197
204 6369456906541
205 6374253889921
206 6473590977787
207 6580444368961
208 6597606223981
209 6664768278451
210 6824800265401
211 6902544562201
212 7064994827521
213 7417894825351
214 7481107063501
215 7501930640707
216 7533980574721
217 7627985967841
218 7654190414401
219 7738029492211
220 7891734792061
221 7966208352961
222 8006855187361
223 8276929049707
224 8327862367921
225 8361817632481
226 8564859505441
227 8573542683751
228 8648900162251
229 8649193274551
230 8730471300409
231 8759500005847
232 8882107250941
233 8895262174021
234 8969312933101
235 9111769703041
236 9425030475451
237 9706123723957
238 9813659703751
239 9846686055781
240 9986668944121
241 10043579211517
242 10087771603687
243 10184044112929
244 10216085978251
245 10261395163951
246 10284608520961
247 10425055626721
248 10452752401801
249 10513687135141
250 10640373804961
251 10710604680091
252 10754557267609
253 10781703190261
254 10797453969121
255 10822420844929
256 10962441903601
257 11330139979621
258 11377272352951
259 11392115059201
260 11405542284001
261 11458457613541
262 11478850616047
263 11503908706951
264 11543396135521
265 11695153065601
266 11729153779201
267 11850086032831
268 11884666214881
269 12153047470411
270 12600006730741
271 13023687653101
272 13112583010129
273 13330770600421
274 14449699006297
275 14533737163129
276 14613381246397
277 14754085116877
278 14804189283451
279 14923273125757
280 14971987437907
281 14998721298241
282 15070413782971
283 15081768367387
284 15129972704449
285 15135428647441
286 15188875547401
287 15263877377251
288 15290777193413
289 15354175805281
290 15505522635877
291 15866254242541
292 15883263707851
293 15888782754241
294 16025332018807
295 16431937339481
296 16478235961441
297 16603327018981
298 16775210049841
299 16915961179981
300 16968828024961
301 17349371885281
302 17446337790751
303 17596931075461
304 17854049526727
305 17907248791981
306 18000729007381
307 18469844387521
308 18601744534921
309 18820533725281
310 18996486073489
311 19358637950521
312 19413939718687
313 19586722069441
314 19758605076757
315 19950562459327
316 20239752546751
317 20324074272049
318 20646035426143
319 21378060752641
320 21569059132741
321 21701403387841
322 21703845630601
323 21709150048321
324 21813450083443
325 22286518843681
326 22680275170351
327 22749134240827
328 22885611609121
329 23306374774009
330 23428875102571
331 23537786498641
332 23943581330401
333 23973413398357
334 24302597712769
335 24597411508441
336 24763294876321
337 24779801033209
338 24887379619987
339 24932897587867
340 24974019253501
341 25184850678541
342 25559074818961
343 25687272098251
344 25737916080889
345 26248256684677
346 26394773203261
347 26423552984401
348 26557173399907
349 26725287881251
350 26736777845641
351 26841700707361
352 26936735778751
353 26955723590461
354 27036845085421
355 27126108530821
356 27137477834209
357 27323986706641
358 27338240738401
359 27367876442341
360 27751667946241
361 27834711929251
362 27845418219841
363 27901800920089
364 27908453935447
365 28228901880481
366 28643075321941
367 29021761416961
368 29111692723387
369 29370809086561
370 29578828517101
371 29631814373281
372 30349579566547
373 30968103608209
374 31240765682281
375 31392323124667
376 31529362047751
377 31686224972221
378 31797134541901
379 32198398565941
380 32398013051587
381 32435725240621
382 32503285207807
383 32753516365261
384 32848766738101
385 32893524141409
386 32986845729301
387 33007558217563
388 33230173257361
389 33345881180641
390 33687869917687
391 33709380262361
392 34042618423327
393 34477679139751
394 34482036596881
395 34937121761821
396 35003328521281
397 35267870715001
398 35550705659701
399 35585523087973
400 35812627445407
401 35844244069321
402 35911741425121
403 36286711595947
404 36738506898721
405 36841883360641
406 37324539257851
407 37814529479761
408 38040835170241
409 38189268444421
410 38477982541381
411 38768258827531
412 38947807728289
413 39071045279701
414 39197379604321
415 39334024661317
416 39365185894561
417 39521908499347
418 39704381052451
419 39957343855129
420 40259829073609
421 40386692861101
422 40405833884641
423 40533031910401
424 40652436668581
425 40682698620481
426 41055867228967
427 41597063864821
428 42546205596397
429 42610883609251
430 43292731727701
431 43585174478143
432 43873356042181
433 43949826678421
434 44441720561701
435 44977520808001
436 44999212695097
437 45075247970941
438 45205022555551
439 45299162481457
440 45316341279841
441 45409851826231
442 45977208197381
443 46070807892961
444 46363859832751
445 46439753358721
446 46449391737601
447 46840626870451
448 46856248255981
449 47056267224541
450 47157601847401
451 47180345332801
452 47247705844561
453 47428630539841
454 47949872322061
455 48016625439361
456 48178068842881
457 48431929562677
458 48627783351841
459 48745269422851
460 48883103301847
461 49550735135449
462 49793080857451
463 49808323893751
464 49861184480647
465 50334270081481
466 50969997466561
467 51049778041081
468 51064819354207
469 51616828307467
470 51791386676311
471 52163137595227
472 52384617784801
473 52423887030121
474 52657210792621
475 52780430170621
476 52832273387851
477 53178590939407
478 53455402587361
479 53722596181357
480 53775312583807
481 54554255320267
482 54735749185501
483 54851934751741
484 54985506186451
485 55238864037367
486 55367174496481
487 55420250035321
488 55587401261443
489 55712149574381
490 56225069500969
491 56564015779477
492 56924539056481
493 57234751365907
494 57428285430097
495 57493679328289
496 57588083114101
497 57956003851201
498 58631812122451
499 58977811289251
500 59339617626451
501 59455609302601
502 59661740120251
503 60153869469241
504 60257819347741
505 60526303308157
506 61175531760661
507 61279108785901
508 61293930110401
509 61634047952821
510 61742297387611
511 61995910815541
512 62070761680021
513 62609575045951
514 63047113498951
515 63122055612481
516 63169884451081
517 63558196663249
518 64578573844801
519 64619431600951
520 65343042767701
521 65411651576701
522 65661935323627
523 65704959262801
524 65715834864601
525 65854686553489
526 66168724475701
527 66356113156321
528 66643405740451
529 67304147566321
530 67464604801441
531 68719071365101
532 68773127482561
533 68990321246701
534 70114585354747
535 70501649538241
536 70634027606227
537 71524374811489
538 71590911252451
539 71938984680067
540 71984178869221
541 72457221577861
542 72688312916161
543 72757338243049
544 73054996112981
545 73065208949461
546 73288774103581
547 73306837968451
548 73392091534081
549 74205496883251
550 74707071377287
551 74909046637501
552 75342740993101
553 75451785985621
554 75490159523329
555 76520177725351
556 76877495200351
557 77047202656321
558 77609087122321
559 77811866646001
560 77944270660327
561 77993574069421
562 78142019676841
563 78314643071911
564 78582160968481
565 78633342990901
566 78827948564041
567 78886095741601
568 79252405968961
569 79615606856689
570 80530251897241
571 80682674206681
572 81116704506601
573 81883680826411
574 81923054890051
575 82758701792141
576 83262934971721
577 83281051526947
578 83376936081181
579 83380035307141
580 85487873404207
581 85542348780649
582 85704964823341
583 85755911820409
584 85995673994917
585 88134267054217
586 88246705194631
587 88267251051757
588 88310516283841
589 88674262431751
590 88933536716221
591 89381552015449
592 89732267499841
593 89803669228561
594 90022554326251
595 90407031998251
596 90670793099701
597 91345656233281
598 91566797336281
599 92045875072861
600 92462496222241
601 92695025243701
602 92855989082851
603 92908887828769
604 93076981688701
605 93131450940529
606 93679690051351
607 93757067994721
608 94118671780741
609 94768464534721
610 95863783805527
611 95971666286341
612 96055617776161
613 96424405330501
614 96831769466461
615 96903454026601
616 97786095973567
617 97942320437851
618 98269352398729
619 98442219418927
620 98690656751521
621 99050370260227
622 99293729280643
623 99303721248187
624 99461631558547
625 99473994202969
626 99592921881181
627 99967558822561
628 101122992603181
629 101424341066707
630 101893787167147
631 101927748944173
632 102076776974677
633 102829867464061
634 102988251295021
635 103135505547007
636 103448644807681
637 103487884428151
638 103493481561361
639 103935923335441
640 104239956336721
641 105468899872927
642 105719960985451
643 105984168156751
644 106105595955049
645 106317936893761
646 106650342100807
647 106854390233761
648 106911994205161
649 107048515453837
650 107217367018081
651 107419768140889
652 109035473641027
653 109406653285661
654 109471483574281
655 109495566045601
656 109702124025341
657 109874111188267
658 109943191869499
659 110498385991951
660 110561894279761
661 110795654209609
662 111330110518849
663 111736629050881
664 112190066800351
665 112203218490301
666 112894567858621
667 112939433727121
668 113294037197251
669 113345806303621
670 113388023245351
671 113637205248481
672 115015929504481
673 115352883283501
674 115433908392541
675 115872764847451
676 116985292534801
677 117054203130901
678 117710598531961
679 117826343292481
680 118703874247201
681 119047484987551
682 119562967682467
683 119794790489221
684 120008196258037
685 120282574093951
686 120445033302397
687 120526425398881
688 120577556860351
689 122135344596541
690 122498890352983
691 122514489260101
692 122685491433601
693 122858215365601
694 124461808078147
695 125060058061093
696 126286468794487
697 126368656067809
698 126639757981441
699 126744566058241
700 126980562793507
701 127153872699001
702 128153029711141
703 128692263308251
704 129640446573301
705 130238938389121
706 130771356586831
707 130974307279201
708 131175316104661
709 131314855918751
710 131980146548251
711 132323761370197
712 132882455089957
713 133042285561249
714 133157319632851
715 133351543609201
716 133658904008089
717 133691527656277
718 134047004649637
719 134241542443357
720 134859645673201
721 135001961519521
722 137377271622781
723 137437478936161
724 138317724533341
725 138724596838081
726 138987771565249
727 139496801244481
728 139498900136707
729 139526680909951
730 139585189645441
731 140461563029941
732 141284710815841
733 142577304184981
734 142787961203401
735 142887165318721
736 143188405162129
737 144164554525441
738 144186426299107
739 145037364295969
740 145057270168201
741 146159885130841
742 146205025650001
743 147968877837061
744 148258126716481
745 148497820987141
746 149251536924661
747 150226848686881
748 150385688222941
749 151206684498721
750 151424967237967
751 152237626017751
752 152495407870093
753 152566236922861
754 153329903387347
755 153505291770487
756 153512591524717
757 153742347231661
758 154153610579251
759 154327879332901
760 154817376731461
761 155225217070951
762 155440205437921
763 155755523082127
764 155861203019761
765 155889794985121
766 156141550074751
767 156340610571241
768 156726010330489
769 156825618585301
770 157372147281061
771 158407930905451
772 159076802185507
773 159379647751507
774 160402357982527
775 161666179955011
776 162576914194507
777 163158246688951
778 163319867006581
779 163320753541843
780 164037340075201
781 164671515389281
782 164780096725661
783 164902813641721
784 165039790877761
785 165194696103841
786 165608207577667
787 166021723699063
788 166283211381121
789 166500914265121
790 166528111062791
791 167573678723137
792 168078938475841
793 168780652392061
794 169505237192761
795 169827317283781
796 170141898905947
797 170198252983027
798 170363989607771
799 170396123302417
800 170433827073901
801 170624144887201
802 171499522071121
803 172395462267997
804 172506533934853
805 172837992631201
806 173102219505001
807 174023741952961
808 174330966348481
809 174785941038061
810 175034210984641
811 175098269044441
812 175301975847307
813 175471553578481
814 176007484735351
815 176166150787369
816 176230437220351
817 176373526189141
818 178147247320351
819 179254733957443
820 180051776567521
821 180207636833071
822 180614687015041
823 182039494570501
824 182043835604821
825 182813256274447
826 182861285470951
827 183163070793581
828 184441965235951
829 184478728750861
830 184629369705643
831 184649648058541
832 184726296669727
833 185360597368381
834 186478245931321
835 187611240114187
836 187696392886081
837 188391141432007
838 188458128948601
839 189265702915441
840 189800608705489
841 190841743484281
842 191403385806751
843 191845914139447
844 192335881661701
845 192548961130501
846 192857754315601
847 193172121388261
848 193259633137117
849 193931839698451
850 195502511083951
851 195758301558907
852 195787852437451
853 196897620360451
854 197353194604147
855 200062389396451
856 200797390495001
857 200997004918951
858 201457877117941
859 201488465676961
860 202425889359847
861 202688202841741
862 202750409631547
863 203057405656951
864 203457242905381
865 204196843614997
866 204378251529121
867 204618889107343
868 204746944412851
869 205286509773901
870 205451551450351
871 207803637122401
872 207969885171901
873 208174722698251
874 208587075150061
875 208669835771041
876 208681845631201
877 209145089200321
878 209797864815841
879 210104531248501
880 211459911909751
881 211470316413049
882 211850259705001
883 212596382359567
884 214133265621901
885 215569058957281
886 215787628849801
887 216500011030181
888 217491152725351
889 217848780989251
890 217924595815501
891 219383014525921
892 219500726213341
893 220245584929021
894 220701486228637
895 220819200289981
896 220949644897801
897 221273397255751
898 221834252045251
899 226200666666889
900 226328593018951
901 226369067823991
902 227190223194301
903 227626064399791
904 227988898238251
905 228026927261281
906 228953122944001
907 229186331057251
908 229248894995641
909 229302533999449
910 229366908052561
911 230346830695351
912 230472133953601
913 230692654627021
914 230828773934449
915 232908489480889
916 233040329546641
917 233698040675041
918 234518756797027
919 234722016877609
920 234792847779001
921 235791418638751
922 235807391926261
923 236481815230207
924 236872842271129
925 238100966127649
926 238780412981701
927 238821951165157
928 239366131926721
929 239855165259841
930 239929155325081
931 241603470761651
932 242034600545251
933 242234169620761
934 243788915821951
935 243792379593181
936 244615895140501
937 244904440234843
938 247188206267641
939 247731599285741
940 247833975875401
941 248376613912741
942 248518995197467
943 249858892348801
944 249875325331747
945 249974967154681
946 250519925521951
947 250714810794241
948 251055825279451
949 251227738452307
950 252175074900451
951 252230626436641
952 252911778670981
953 254078595956641
954 255070717288129
955 255101573469601
956 255182151186289
957 255598848765721
958 255758816832751
959 257394193514641
960 257404200301951
961 257952938783041
962 258621010415041
963 259715826779251
964 260251195636981
965 260780655772561
966 260839042146289
967 261207561906901
968 262048072611943
969 262686986583451
970 264271668268609
971 264764810795689
972 266070292734751
973 266785631001541
974 266838930559627
975 267015948004009
976 267118362607141
977 267627956846329
978 268371204522121
979 268495924556947
980 269792146669921
981 270635402739529
982 271474742311561
983 271736829343981
984 272976456477121
985 274218258347281
986 274968513168637
987 275298454717201
988 275434917750361
989 277153415129587
990 277214624676001
991 277396660933351
992 278035035442561
993 279467389082701
994 280394397062851
995 282903709733401
996 283740726028327
997 284444605428961
998 285654119153677
999 286333056409321
1000 287509338838009
1001 287604892558369
1002 288188828503687
1003 289230379789201
1004 289651305040597
1005 290156562894889
1006 293138457325561
1007 293250735001507
1008 294089171222089
1009 294110332200847
1010 294871957839289
1011 295342278118387
1012 295402534116241
1013 296658564723841
1014 296755659208321
1015 297039301051201
1016 297904558933801
1017 298863145889461
1018 298951677420481
1019 298998397404961
1020 299250534655621
1021 299439719829829
1022 301192736236477
1023 302032189889281
1024 302178263088991
1025 302507312068729
1026 302547915993241
1027 303037208528161
1028 303119708586241
1029 305508575053369
1030 306795312644941
1031 308721528552601
1032 308947567148281
1033 309393667459969
1034 311294202906781
1035 311317124180641
1036 312755614969531
1037 313556450479387
1038 313681832289757
1039 314151705567787
1040 314711334281077
1041 315254415591727
1042 315418683630481
1043 315687122523541
1044 316176179889169
1045 316430776721251
1046 316679570666401
1047 316956111135751
1048 317765029053781
1049 318878966685841
1050 320237511970351
1051 320255550567067
1052 320317420356581
1053 321215120762251
1054 321617640524251
1055 321692680511281
1056 322183760976001
1057 322748386807681
1058 323207084447521
1059 326610640913761
1060 327345508200481
1061 328047757526341
1062 329320187320351
1063 329700423238201
1064 331537506200161
1065 332154731481301
1066 332203912276321
1067 334616857328521
1068 335072338562851
1069 335316205268701
1070 336537750023707
1071 336595978685861
1072 337827146459111
1073 338510475094843
1074 339387078507751
1075 339556233126001
1076 341550071728321
1077 341845385906251
1078 342507762764707
1079 343107888592801
1080 343931549595877
1081 346439674863901
1082 347460167034241
1083 347950456964293
1084 348058822936861
1085 348411000415843
1086 348644814882841
1087 349611933297061
1088 350909062973569
1089 351106844612947
1090 351251191085941
1091 351492956098021
1092 353533963236241
1093 355852289959867
1094 356307281355061
1095 356415655744321
1096 358204121954101
1097 358302696807667
1098 358363606906441
1099 358662371865841
1100 359226323061769
1101 359425679654887
1102 359499476798281
1103 359846150903821
1104 359963846830351
1105 360235867858561
1106 360544522562401
1107 360973310976721
1108 361881424870351
1109 363648418469461
1110 365699820293641
1111 366184681909441
1112 366421772524261
1113 366863505426601
1114 366878742334081
1115 367348662579361
1116 367517532454129
1117 367696013098501
1118 369370350014401
1119 370463040981251
1120 371236604418751
1121 372763505166841
1122 372959726643307
1123 373339601363041
1124 374537263967707
1125 374563965075301
1126 375740519212801
1127 375806506180141
1128 375815541658681
1129 376036832176741
1130 376481269467187
1131 378781695879841
1132 379486965459421
1133 380373114229921
1134 381043722516451
1135 381949379197387
1136 383066521033267
1137 384935973256117
1138 386364757693951
1139 387776758541941
1140 387990391029991
1141 388498082931649
1142 388719285739207
1143 389318092876597
1144 389503070897221
1145 390400991625361
1146 393674060691451
1147 394495915741201
1148 394856849645527
1149 395835108263827
1150 397150679074969
1151 399032422375861
1152 399626410683151
1153 399946934500489
1154 401167460611807
1155 402206708309281
1156 404516898152281
1157 404754253494277
1158 404964785064349
1159 405429467793121
1160 406013186880001
1161 406073744367301
1162 406271670674329
1163 406779833718721
1164 407244152697661
1165 408609501908401
1166 409349412904417
1167 409526247977741
1168 409876433736727
1169 411829908577921
1170 412378522517281
1171 412852162125701
1172 413109035943361
1173 413359496828281
1174 413988196981441
1175 415260652611997
1176 416841276847141
1177 418543932708001
1178 418818168012001
1179 419350885548481
1180 422724377394901
1181 422803297757851
1182 423950924013769
1183 424463780729341
1184 425100880959049
1185 427208558795929
1186 427760066875501
1187 428333574028951
1188 428379223736377
1189 429323571545221
1190 429670092241121
1191 430741020375751
1192 432455271918841
1193 434625226948681
1194 435582163501327
1195 435764825717761
1196 436049557894081
1197 436855364627767
1198 437207870890981
1199 439303970133181
1200 439688337715369
1201 440806033832851
1202 441915403665601
1203 442627455476809
1204 442910765770747
1205 444791603626021
1206 444926986419101
1207 448551155575693
1208 450308979193921
1209 451924839012001
1210 452110299748801
1211 453699622467001
1212 455086739276821
1213 455151906825661
1214 455619077459281
1215 455731378982461
1216 456975829992481
1217 457116359473621
1218 458618932070641
1219 459121404628981
1220 459601032962881
1221 459791152314451
1222 460039537930081
1223 460139459485441
1224 460576494036961
1225 460653219459841
1226 463037832888751
1227 464654244923641
1228 465062231810401
1229 465355552340251
1230 465792230592001
1231 467863369657441
1232 469527720493201
1233 469681879737097
1234 471037644136441
1235 471146581861489
1236 471947764408489
1237 473478963350221
1238 475700492646289
1239 476889738136927
1240 477559782492451
1241 479858276014261
1242 480516671379757
1243 480553359881923
1244 480667347861601
1245 480846010060501
1246 481302771745921
1247 481365709877761
1248 481993977895501
1249 482688676443871
1250 483613754689621
1251 483796092480907
1252 485157946755751
1253 485795718020341
1254 485990240544901
1255 486623360160451
1256 487241504870041
1257 488127241691281
1258 488957781052261
1259 489162628972951
1260 489657467586127
1261 492566766980947
1262 493813961816587
1263 493893581966821
1264 497812905137701
1265 499081196185687
1266 502050776908141
1267 502826788048861
1268 502897162188961
1269 503455104436927
1270 505606041162067
1271 506106654856081
1272 508290329967361
1273 510705761239441
1274 511953309481417
1275 512927431029751
1276 513223970623093
1277 514808203022917
1278 516014285707801
1279 516359531720089
1280 518507513992801
1281 519493391242321
1282 519581263602787
1283 519849424271341
1284 520972133571541
1285 521077153649761
1286 521715863901601
1287 522401717265121
1288 523154241115507
1289 523892725527121
1290 524064687358843
1291 524637303600961
1292 525529677519001
1293 525963092660167
1294 527738523855643
1295 527985048794587
1296 528993345246241
1297 529288817077921
1298 530551393274251
1299 533707624278181
1300 534131331610813
1301 536699270552941
1302 536968252407361
1303 537143157306961
1304 537399335851471
1305 538411937328877
1306 539879224178251
1307 540512852526649
1308 540675280006837
1309 542784467304421
1310 542869934352481
1311 543687397239577
1312 544728624955201
1313 544741654439251
1314 546179566477609
1315 548226305666141
1316 549255716520127
1317 549466271276161
1318 550107205895161
1319 550412453039221
1320 551906506206721
1321 552670981803739
1322 553188765361207
1323 553575087611443
1324 554736519370447
1325 556060959340801
1326 556141473848143
1327 556144650526501
1328 556574029891951
1329 557696534694241
1330 559588605968437
1331 560989718404741
1332 561238956035101
1333 564842779032451
1334 566316101061901
1335 567997924230361
1336 568054086110167
1337 568539482760901
1338 569634939546769
1339 569966216758207
1340 571485612188107
1341 574711693177597
1342 574724790627661
1343 575255532707467
1344 575626572502381
1345 577813004401951
1346 580708073522167
1347 581655795945451
1348 581778847227241
1349 581948780944777
1350 582218545996627
1351 582815172720007
1352 582909967427041
1353 583323050454301
1354 583614097586281
1355 584078477940101
1356 585605679407317
1357 587252544533569
1358 587651675601121
1359 587836879249681
1360 588463929476281
1361 588811823929981
1362 589146549756451
1363 589306758098701
1364 589311460806401
1365 589314324969541
1366 589601015594251
1367 591077801069761
1368 593589166689481
1369 593642536092481
1370 595461764548267
1371 595730788646401
1372 597001949336341
1373 597995505536161
1374 598292214498721
1375 599534007718141
1376 600659578867321
1377 600732514178947
1378 600897723143581
1379 601103160192727
1380 601754994982261
1381 603074180997289
1382 604419185465929
1383 604579837416127
1384 605033132149951
1385 605199618948427
1386 605260349431781
1387 605423999085907
1388 607906401552001
1389 609255487317751
1390 610511461300441
1391 611883807969367
1392 612128923817329
1393 612577081174951
1394 612614978314561
1395 613691358536881
1396 615141541151551
1397 615646323358951
1398 615899757145501
1399 616004862517747
1400 616213247413321
1401 616647158545351
1402 616710832308101
1403 617972130741547
1404 618337670899681
1405 619117430219641
1406 620258091062851
1407 621948402394421
1408 623486179752323
1409 624038084359381
1410 625015508625289
1411 626158311599731
1412 626771227688101
1413 627432076817281
1414 628429295598301
1415 632662404610351
1416 634415458229827
1417 637182859656601
1418 637335065605201
1419 637682758795351
1420 638248995394561
1421 642146771736361
1422 642532523324737
1423 643081987481251
1424 644404296139921
1425 646237903532761
1426 646811013555001
1427 647006834838601
1428 647362530499609
1429 648037732590517
1430 649697545141807
1431 650504068562851
1432 650830923307261
1433 651993548054941
1434 652704401492461
1435 655281218367751
1436 655462669313563
1437 657843337993249
1438 659848961907361
1439 659998771619701
1440 660548867161597
1441 662546754132121
1442 663192387663151
1443 667187397982561
1444 668621973729943
1445 668955044079307
1446 671064438314089
1447 672062279937049
1448 672074753540737
1449 673872860981251
1450 674135799997687
1451 674767879958881
1452 674785157098081
1453 674790254713987
1454 674977049391781
1455 677305062269767
1456 678190622066821
1457 678578586657161
1458 678965563905481
1459 679187213550721
1460 679837062516067
1461 681150558546751
1462 682447327281721
1463 682617196022401
1464 683301965672047
1465 684178933158181
1466 684230775496927
1467 684671774025241
1468 685576569599041
1469 685813714016047
1470 686282036188717
1471 687757194378187
1472 688361414822401
1473 692768073483361
1474 694171852047451
1475 694519677871951
1476 694647820912249
1477 696481780060951
1478 697558946623951
1479 698394539485261
1480 700063923270331
1481 703206733360801
1482 705143430855343
1483 705893760617251
1484 707828998720421
1485 708128927569801
1486 711690188095801
1487 711805181684941
1488 712305136356547
1489 719403872517877
1490 719559499395889
1491 720862639167667
1492 720880251490981
1493 721503778358161
1494 722795235854581
1495 723388483909981
1496 724629398020951
1497 724766919280801
1498 726684090150943
1499 730177883901901
1500 730753961232751
1501 731452863320917
1502 732250704354769
1503 733229199561127
1504 734605156354609
1505 734977109187751
1506 735459956468641
1507 736039518648961
1508 736299826741447
1509 737673272719951
1510 738704617118821
1511 738870674642101
1512 740960602054129
1513 742338092769391
1514 743694394086271
1515 744425864983261
1516 744921236276647
1517 745750713130741
1518 745900503508081
1519 746121510841141
1520 746575863633181
1521 749881028138941
1522 750763412802901
1523 750978171035821
1524 755225515711981
1525 756143372508751
1526 756227188922017
1527 756298557385381
1528 756378994250197
1529 756612067089601
1530 757635602845351
1531 757930487476681
1532 758634765827287
1533 759957421439287
1534 761726132158921
1535 763357386305821
1536 763610753070721
1537 765625446189451
1538 768789038295547
1539 769527864203407
1540 772253267302747
1541 773126658845041
1542 775030257522907
1543 777077909949889
1544 777426068875501
1545 777772071703507
1546 778729501728487
1547 780600411550657
1548 780662700979201
1549 781805288110351
1550 784355699631241
1551 785434993996951
1552 785513920147951
1553 785540961846391
1554 786113303519521
1555 786528278337121
1556 788996558626741
1557 790391853699841
1558 790494006333487
1559 790537344033361
1560 790897574717251
1561 790990370548381
1562 791378513515951
1563 794376194673601
1564 795113311521121
1565 795250222532851
1566 795918878179561
1567 796058352001921
1568 797035265366401
1569 797331888348661
1570 798026878130761
1571 799504402748641
1572 801531137411287
1573 804589022168641
1574 804949826096641
1575 806943042831361
1576 808324000888141
1577 808343667233917
1578 809038475772001
1579 810061900664941
1580 810189120151951
1581 810772079682601
1582 811579259249461
1583 811751867728489
1584 812617420791247
1585 813953542871041
1586 814143626608861
1587 815907157752781
1588 816055233813121
1589 816737821179937
1590 819628746172321
1591 821947238835601
1592 823376907536041
1593 824615619644701
1594 825376735431133
1595 825977325481951
1596 826213238777587
1597 826874251264951
1598 828578834682301
1599 828646585610689
1600 828729393018409
1601 829167070455751
1602 830641580211061
1603 836294983584607
1604 837043337219251
1605 837348883862851
1606 838739218023001
1607 838901202743521
1608 839042316365041
1609 839059728124141
1610 839063750912641
1611 839394916261441
1612 839619311642317
1613 841014229815101
1614 844942618974169
1615 845142735212821
1616 846609738019501
1617 846899998553701
1618 848711028281761
1619 849491953715047
1620 850103296987141
1621 851202714254881
1622 853124869742881
1623 854769496964701
1624 856097305103041
1625 856504916504077
1626 857398534170221
1627 861866150242609
1628 862143795102367
1629 862847342607421
1630 862861323686251
1631 862878058872961
1632 866836383868267
1633 868425797706241
1634 869288639399251
1635 869962413513187
1636 870906587918221
1637 871018061505643
1638 871710994107721
1639 872374796278081
1640 872947314443881
1641 873783926389081
1642 875113796712781
1643 875927272095541
1644 876183860479201
1645 876990254595451
1646 877701135105451
1647 879744385265467
1648 883911257283421
1649 884375335375849
1650 885516440950261
1651 885953340070801
1652 886744025089201
1653 886968789735451
1654 887871321706141
1655 888121756695889
1656 890546404387201
1657 890791192438687
1658 894152759177341
1659 894374891975251
1660 894785207804641
1661 897888115360351
1662 898645819518361
1663 898858015734421
1664 899059180290721
1665 899060720196451
1666 899388266491681
1667 899456816074969
1668 900141920594407
1669 903167256639451
1670 904364954657251
1671 906383069064481
1672 910933455580801
1673 915777973706221
1674 917997897367981
1675 921281616745951
1676 922329008752321
1677 922658926028251
1678 923996197834561
1679 925041183731281
1680 927293928378751
1681 927357014657449
1682 927814356632047
1683 928507069127881
1684 929499429823661
1685 929745308721487
1686 930212256632851
1687 933421237093441
1688 935882777320501
1689 941822189864641
1690 942094307319661
1691 943198911140221
1692 943749516344161
1693 946488993716251
1694 947164130413021
1695 949304241235351
1696 951169070243701
1697 951231878034661
1698 955289952749107
1699 955436755250251
1700 956855763083767
1701 958863022325209
1702 958934108972251
1703 959446087020541
1704 960333321164647
1705 960964117834951
1706 961573642939369
1707 963885582837841
1708 964920235348807
1709 968324209749601
1710 969996402477607
1711 970101051711247
1712 971580199157851
1713 972450200960929
1714 972864440332849
1715 974127971403361
1716 974162803822561
1717 976558830144409
1718 976729731737761
1719 976756337742751
1720 977426199889441
1721 977993232378769
1722 979790793633541
1723 982703702765077
1724 984566829065581
1725 984779840208781
1726 988031671125661
1727 989958455327827
1728 996571361681761
1729 996900618978001
1730 997532727766489
1731 1000322106929641
1732 1002582762405121
1733 1003658055947821
1734 1003924348947607
1735 1004997254528401
1736 1007250197080627
1737 1008449714148241
1738 1010825704341967
1739 1012862529813751
1740 1012925163368467
1741 1013554612050769
1742 1016935930412641
1743 1017831944441381
1744 1018991435466847
1745 1022379048328501
1746 1022595082077301
1747 1022662916757751
1748 1022954314926781
1749 1026920450610181
1750 1027363504141801
1751 1029074840529601
1752 1036740906867751
1753 1041459228958501
1754 1041783119660557
1755 1042264456529761
1756 1044579895201501
1757 1045693291195351
1758 1048809707160001
1759 1049281911445951
1760 1050570042086263
1761 1052873955272641
1762 1053050307114961
1763 1057082695707721
1764 1059545547812251
1765 1060256573500351
1766 1063656299010961
1767 1063809017035267
1768 1068870790777921
1769 1069483936142707
1770 1070271067488481
1771 1072517457257041
1772 1073221613103751
1773 1073809823779681
1774 1075927354964281
1775 1076961084305767
1776 1077436288048801
1777 1078037402511889
1778 1078845792674761
1779 1080640785792751
1780 1081231060983841
1781 1083462053272321
1782 1085151991776847
1783 1085821954939009
1784 1090290031556221
1785 1092332985075361
1786 1092891652913341
1787 1096450259863681
1788 1096486586432641
1789 1096852611684607
1790 1097382398931649
1791 1099262330343187
1792 1109114640490321
1793 1109477573064451
1794 1114337357886061
1795 1114546979086501
1796 1114971935032621
1797 1115034955414129
1798 1115538674410621
1799 1116162254046421
1800 1118392083586541
1801 1119712162377121
1802 1119959448718969
1803 1120002689939701
1804 1123016815388161
1805 1125918351375481
1806 1125992065975927
1807 1126816069596961
1808 1127621627414101
1809 1129181882901001
1810 1131402376323787
1811 1132187765173921
1812 1134148221236161
1813 1135481153852251
1814 1138898972908621
1815 1139884256363581
1816 1141392524711251
1817 1142242153387561
1818 1143826304801251
1819 1146425392344781
1820 1151069912674951
1821 1153879943277601
1822 1155970733665441
1823 1156360513103251
1824 1157461249195261
1825 1157650353608251
1826 1157859664426081
1827 1158556957480081
1828 1162860107097781
1829 1163414921880721
1830 1163870427704797
1831 1167160122957487
1832 1167810729093601
1833 1169161608026527
1834 1169920636974433
1835 1170177151022881
1836 1171427965998841
1837 1172517499681921
1838 1172753831942461
1839 1173206533736641
1840 1174611497758441
1841 1176186893275351
1842 1181256832327321
1843 1182380373353089
1844 1182747829979341
1845 1184886562007851
1846 1186015211260993
1847 1186350920689747
1848 1186740895900181
1849 1187979965630767
1850 1189329910946893
1851 1189558806625351
1852 1190341415297161
1853 1190546351531461
1854 1191705627079801
1855 1192476193671601
1856 1200149049627991
1857 1200427168570351
1858 1206204880275361
1859 1206335808474341
1860 1207945787694049
1861 1208462808579001
1862 1208508224337541
1863 1208912932215337
1864 1211455125525943
1865 1211607488012041
1866 1211756575022401
1867 1212309572083849
1868 1212473075076649
1869 1213693605397981
1870 1213755320587321
1871 1213906454742061
1872 1215625697059321
1873 1216053960397207
1874 1217782829043397
1875 1219835779891681
1876 1221130715217661
1877 1221487407181729
1878 1223403147618121
1879 1230522943863841
1880 1231384264022767
1881 1236759816457331
1882 1238941811545327
1883 1242591086057401
1884 1245158624751427
1885 1250171519784877
1886 1254304776463201
1887 1254968168843089
1888 1254985117057561
1889 1256582061510751
1890 1259942347389601
1891 1260081114408451
1892 1261239669537121
1893 1266147415982707
1894 1267625812109581
1895 1267708172264161
1896 1268499626881801
1897 1268833273066081
1898 1269046078104421
1899 1270137248352649
1900 1272628942742587
1901 1272765934301947
1902 1273545777955669
1903 1277008410705121
1904 1277075120787901
1905 1279087842978721
1906 1280728638669061
1907 1283590069114237
1908 1283945213132851
1909 1286006122539601
1910 1286151751924021
1911 1287025759707451
1912 1288319175499921
1913 1294519317432301
1914 1295334517667041
1915 1296411939110881
1916 1297238095553401
1917 1298016543246121
1918 1299098974033981
1919 1299123440959501
1920 1299502707767461
1921 1299600592058341
1922 1302979349256427
1923 1303088887839961
1924 1304364248019841
1925 1305056654729281
1926 1307963733422851
1927 1311611784332851
1928 1312267353181481
1929 1313156279848141
1930 1319219490326251
1931 1320211914450241
1932 1320751058912209
1933 1324273239214507
1934 1325185826096161
1935 1327592389189951
1936 1327898470416451
1937 1329607865425921
1938 1331236733751541
1939 1332975336797281
1940 1334068704855121
1941 1334374751226301
1942 1334872835983441
1943 1335784530319471
1944 1336369010095351
1945 1338467331146041
1946 1339741926476467
1947 1340478648547741
1948 1341875675403451
1949 1343434325294521
1950 1348556787096751
1951 1348983132715681
1952 1349939583605341
1953 1349951013482689
1954 1350394697154889
1955 1350727530916147
1956 1352545172999707
1957 1353496011611941
1958 1356579293444929
1959 1357394728780261
1960 1358693603562751
1961 1360270509044947
1962 1361057055837481
1963 1361129999802121
1964 1362522413050501
1965 1366047901687267
1966 1367418907831681
1967 1368501784714321
1968 1369722723860107
1969 1369747594535251
1970 1370298360195451
1971 1371618608922721
1972 1376523855234361
1973 1377891647074471
1974 1378867025887063
1975 1379521598098561
1976 1380072366530287
1977 1381707123470701
1978 1382406098367421
1979 1389229056449821
1980 1399998338279641
1981 1401696351256321
1982 1401737519566117
1983 1406616417615667
1984 1406721084285529
1985 1407322656777461
1986 1408970471185621
1987 1409056792902727
1988 1410244781941621
1989 1410510470323957
1990 1414741952649853
1991 1415259979653451
1992 1415576598906601
1993 1418046202547521
1994 1419969694616467
1995 1420575402160801
1996 1421867479901221
1997 1425546137402227
1998 1425927912343849
1999 1427819599608601
2000 1429624930270351
2001 1430108298836881
2002 1430343685848481
2003 1431798287834881
2004 1433405314734769
2005 1436186367406981
2006 1437428653776001
2007 1438407897505489
2008 1441548160659487
2009 1443813445025797
2010 1443978873753571
2011 1444262593117501
2012 1444734574189849
2013 1445087033657513
2014 1445697217416787
2015 1448249368309801
2016 1448686350074521
2017 1448727202371961
2018 1450494615414241
2019 1450920583684031
2020 1452445127325649
2021 1452937123832041
2022 1453000820399521
2023 1456206878020621
2024 1457501284094689
2025 1458207448378561
2026 1461240932957851
2027 1461547716007681
2028 1462348782195841
2029 1463649623371981
2030 1469418862205449
2031 1474118091538489
2032 1474766234407201
2033 1476586768937617
2034 1477714604910721
2035 1478868544880821
2036 1482303364128451
2037 1482656168633221
2038 1484434928837407
2039 1486894700086489
2040 1487102999923621
2041 1487556969472729
2042 1488124094332501
2043 1489230675402121
2044 1489577638470241
2045 1490476376077201
2046 1492943374475929
2047 1493116784306461
2048 1493295667237921
2049 1494146037341317
2050 1494402345205741
2051 1495680456064411
2052 1497074973088843
2053 1497892925461249
2054 1499104063969357
2055 1501741000945921
2056 1504336678051981
2057 1505525458212751
2058 1513028788199521
2059 1516923273725641
2060 1517630243863441
2061 1521313673670451
2062 1522208640862369
2063 1523128861742881
2064 1525833054235729
2065 1528406009306881
2066 1529320317128887
2067 1530357080304781
2068 1531503239647837
2069 1532282951332981
2070 1534654084052251
2071 1536553859207251
2072 1541437382710261
2073 1543132594114561
2074 1544119442878867
2075 1544428790856451
2076 1547043253687441
2077 1547752461675967
2078 1547760222836101
2079 1549046279984587
2080 1550813167223407
2081 1552012262428321
2082 1552115828102251
2083 1552316936667661
2084 1553012390676781
2085 1554541814303521
2086 1554737931642307
2087 1554771899175409
2088 1556084137999249
2089 1556458183383401
2090 1556748661094401
2091 1560136656808507
2092 1562975123613301
2093 1563966979496881
2094 1564735778319451
2095 1566924266867041
2096 1572216753907801
2097 1572306076308061
2098 1572320855381251
2099 1573523042044801
2100 1575645541229341
2101 1578016588476637
2102 1581520698163711
2103 1582470114806701
2104 1583435793635011
2105 1584181790672851
2106 1584266373273781
2107 1585079846096251
2108 1587462701721121
2109 1588282647060961
2110 1591244960557141
2111 1593947188128961
2112 1594551028741921
2113 1595200878550261
2114 1596855806414569
2115 1597501875859501
2116 1597662254710801
2117 1599022649297851
2118 1599973658952481
2119 1602084117581641
2120 1602352928122381
2121 1603115535175087
2122 1603127795559841
2123 1605461071956127
2124 1607201553593143
2125 1607737670370541
2126 1607756480618881
2127 1610446215098407
2128 1613766984339511
2129 1614522213788221
2130 1619425425268267
2131 1619958253495441
2132 1622012897293951
2133 1622209493459701
2134 1623145928385367
2135 1624111056818251
2136 1626183086539117
2137 1627896971485627
2138 1628613616705267
2139 1629737938045729
2140 1632533741592937
2141 1636402889429461
2142 1639576402866901
2143 1642608729202081
2144 1645422296359927
2145 1646429876640649
2146 1648820603508769
2147 1649692969399621
2148 1650332552073367
2149 1652369043112849
2150 1653354430985251
2151 1654631929509301
2152 1656735994029601
2153 1661290580785921
2154 1664454605015809
2155 1665319544507449
2156 1670397872426251
2157 1672259734504241
2158 1676927172465751
2159 1677935585302021
2160 1681385343164101
2161 1682954238142537
2162 1683392401111807
2163 1686158574036751
2164 1688504231175049
2165 1688992860077461
2166 1691853596119261
2167 1694465256736981
2168 1698234861630847
2169 1702460975239081
2170 1702757742947467
2171 1702907537343841
2172 1704974862223951
2173 1705073962882951
2174 1709750891603143
2175 1710051196267261
2176 1711189080326701
2177 1713405230310481
2178 1715703735081169
2179 1717096344974251
2180 1725468802268221
2181 1731268242576181
2182 1737042047736841
2183 1741384550491489
2184 1743941834368081
2185 1748748908531047
2186 1750222668743641
2187 1752002191384087
2188 1754208836349121
2189 1754767730749441
2190 1755812685728641
2191 1757154167002081
2192 1758636335895301
2193 1760449065600961
2194 1760639251475341
2195 1762748000630569
2196 1763781966307681
2197 1763963534108641
2198 1765496867344849
2199 1774776914930251
2200 1775077857914401
2201 1776508296410347
2202 1776661459151521
2203 1779017869433227
2204 1779975145695001
2205 1780149780391951
2206 1781201752228201
2207 1781599671097849
2208 1786024318016401
2209 1788823144206601
2210 1794376822387267
2211 1798537297201807
2212 1800900202522501
2213 1801345540013251
2214 1805595241974721
2215 1806247902316861
2216 1809834354041221
2217 1810562597851921
2218 1811791249632451
2219 1816750077112981
2220 1818612582829561
2221 1819491231250213
2222 1820732761637047
2223 1822236422994751
2224 1822617513955009
2225 1823573645780701
2226 1827617095217761
2227 1830923026828201
2228 1833397267901761
2229 1834644945192841
2230 1836834120095521
2231 1837070571476251
2232 1847093119396951
2233 1848693482312041
2234 1848897384116641
2235 1851118033705951
2236 1854638954728561
2237 1854686113922881
2238 1856663950868821
2239 1858068206647381
2240 1859923056144037
2241 1859948692347241
2242 1860104193220087
2243 1863314369098687
2244 1863395176961251
2245 1863998183249047
2246 1865185397663941
2247 1867164809616541
2248 1868250266033581
2249 1873300312749421
2250 1876856443596751
2251 1876972228798609
2252 1879346710817533
2253 1884466756803247
2254 1887562873234081
2255 1888521734994187
2256 1889283180566167
2257 1891382730357121
2258 1891401431905147
2259 1891997554999843
2260 1895336747395681
2261 1898957227027321
2262 1900686475189441
2263 1901296715909251
2264 1902292501092961
2265 1902578298921361
2266 1911895640975041
2267 1913066988850951
2268 1914807394753021
2269 1915198527887851
2270 1915786747514251
2271 1919282313836161
2272 1921423522979047
2273 1924199746154251
2274 1928813671223251
2275 1930099786944841
2276 1935283525648021
2277 1935447773779981
2278 1937250188415001
2279 1939107833964181
2280 1940158052224237
2281 1941650756170241
2282 1942003188501307
2283 1944441206978401
2284 1946423414225809
2285 1946802529143517
2286 1947014323312717
2287 1947900139599943
2288 1950594045117121
2289 1951787822697901
2290 1951788039201547
2291 1953790393394251
2292 1954517841982621
2293 1957505046655861
2294 1959982114875067
2295 1964589042213221
2296 1975777899272101
2297 1976633024383951
2298 1979279572238821
2299 1979665140384961
2300 1982028744329941
2301 1988043794451997
2302 1988289461797381
2303 1988323503460951
2304 1989752879168209
2305 1992445811304451
2306 1994148007001929
2307 1994653266825451
2308 1996500782805301
2309 1997347374063841
2310 1997917005994141
2311 2000460978912061
2312 2001680250290401
2313 2006530257842281
2314 2007869893770751
2315 2008511581655041
2316 2008934702952451
2317 2008986405456421
2318 2012389207464751
2319 2012669141485351
2320 2014982073213121
2321 2018490909006241
2322 2018656847650957
2323 2019827016753841
2324 2021143110744187
2325 2023031742580801
2326 2023650910784011
2327 2026560947590747
2328 2031289363352341
2329 2032875554974951
2330 2036614145896861
2331 2038761258798421
2332 2040440508287641
2333 2042732447461261
2334 2050732123313281
2335 2053323230591881
2336 2055346191923221
2337 2055515458167181
2338 2057316606683521
2339 2059000550797969
2340 2059290420843727
2341 2059778369110351
2342 2061042119082721
2343 2061505167949501
2344 2062523031994981
2345 2065852055931847
2346 2068847762990581
2347 2069486148221827
2348 2069930904602881
2349 2070543144126451
2350 2074505932548481
2351 2075189260297147
2352 2077483884396961
2353 2079131822042281
2354 2080041311569681
2355 2080535336984341
2356 2083129300736641
2357 2085115571089921
2358 2086461234590041
2359 2087490683418757
2360 2089757041326541
2361 2092840254085201
2362 2094228754168801
2363 2095069141091587
2364 2095988771234401
2365 2100196663712461
2366 2101004019978001
2367 2101617089031241
2368 2102483798427781
2369 2102826197776501
2370 2104141783291087
2371 2106795793973947
2372 2107046222014861
2373 2109396363231307
2374 2109508557271741
2375 2110305838913257
2376 2115087941302267
2377 2123953369675201
2378 2125439250566941
2379 2128533795853921
2380 2128695218744221
2381 2129185046460529
2382 2131713458109709
2383 2132182421473249
2384 2134786075126897
2385 2136364317024451
2386 2138128467609751
2387 2141360524816321
2388 2142245057885077
2389 2142294305398087
2390 2145872697471007
2391 2149285447663661
2392 2149793460381157
2393 2150407025418763
2394 2152885876638001
2395 2156636935775827
2396 2157272276361247
2397 2159661413099881
2398 2160168234834241
2399 2161675753400521
2400 2163578794981111
2401 2164484925462637
2402 2164991182083901
2403 2167215816099907
2404 2168530284314161
2405 2170253319598981
2406 2171289116396161
2407 2171751708703009
2408 2175206250938401
2409 2176948662558361
2410 2177165421941077
2411 2177200252429021
2412 2179766617088941
2413 2180905807822201
2414 2182380409725541
2415 2183433205746451
2416 2187035246792089
2417 2189782636755757
2418 2191746003141241
2419 2193553913077421
2420 2197052392809121
2421 2197903939933813
2422 2199615655160401
2423 2202023781539521
2424 2204949614985361
2425 2213602872745951
2426 2214932110725757
2427 2215069060810321
2428 2215343259547651
2429 2216500152977701
2430 2220860509543681
2431 2222969940664021
2432 2224458440070301
2433 2225260634590369
2434 2233560303109981
2435 2236913626080451
2436 2238630233304307
2437 2244860845396651
2438 2245204995850981
2439 2245949082883747
2440 2246089621854781
2441 2250158490817681
2442 2255413347412321
2443 2256992835999301
2444 2258498378604751
2445 2258667668329661
2446 2260186653369781
2447 2260784275783489
2448 2273615634942541
2449 2274214480843861
2450 2275856830548451
2451 2276303380060951
2452 2280191069475901
2453 2282163257005441
2454 2284834999265281
2455 2285071459157761
2456 2285524266280561
2457 2290029114130921
2458 2299502317084741
2459 2302453243685167
2460 2302533857317987
2461 2306846152192063
2462 2308870441771741
2463 2308961001832801
2464 2313525861041281
2465 2315730854066701
2466 2323313905511561
2467 2325671104306321
2468 2329815776601307
2469 2335776525038251
2470 2336417739783277
2471 2337368171802049
2472 2342588233418401
2473 2342879850289441
2474 2347996895982181
2475 2349911450771167
2476 2350040296380001
2477 2355240611199451
2478 2355270598201291
2479 2355908070059521
2480 2355978689185441
2481 2359166042246201
2482 2362409683497181
2483 2362524667441489
2484 2362871620876861
2485 2365187826849121
2486 2367229353107851
2487 2372112856596451
2488 2374088020824301
2489 2377156158582481
2490 2377214078213341
2491 2378912983241761
2492 2380203859990969
2493 2387261377810081
2494 2392081315336261
2495 2397419372927041
2496 2398206367590967
2497 2402921698865827
2498 2403643505390401
2499 2407019509748881
2500 2408793691242691
2501 2409343388573941
2502 2409543565212241
2503 2414845866419101
2504 2416612633262101
2505 2418543269665681
2506 2419099357968541
2507 2419166133304381
2508 2421404160899107
2509 2422102444399681
2510 2423589478516207
2511 2424148699711681
2512 2426473242599647
2513 2428731811728307
2514 2428858312137181
2515 2434808825070481
2516 2435185368202861
2517 2436156914623741
2518 2438828573686129
2519 2439639617675041
2520 2440179218880811
2521 2440315590665401
2522 2442103514684021
2523 2443533577438141
2524 2443785145401601
2525 2452534760274301
2526 2453101114913209
2527 2457699953257781
2528 2460912117475351
2529 2462113331131609
2530 2462495597146621
2531 2463935866018201
2532 2464830087017761
2533 2465353829579521
2534 2468897865724027
2535 2469810791600461
2536 2470604549217481
2537 2471022024290569
2538 2474444514604609
2539 2475011822631409
2540 2479829146369301
2541 2483703086884489
2542 2485519554277717
2543 2486648000355751
2544 2490958315023751
2545 2491063465822489
2546 2492431118703523
2547 2496963047868451
2548 2498925783948901
2549 2499172593471487
2550 2501049595611841
2551 2504748592586701
2552 2505172798019251
2553 2506710622211251
2554 2507322787584661
2555 2510476371959221
2556 2511424921362001
2557 2512974916300351
2558 2516488370908321
2559 2521843632106501
2560 2521885815370351
2561 2523340254023761
2562 2524079920217521
2563 2528011138824001
2564 2528961921920617
2565 2537520717000001
2566 2540809361761441
2567 2545699481983087
2568 2546459995407751
2569 2546718656863681
2570 2553076889200351
2571 2553103568044147
2572 2554377038584447
2573 2557702873407841
2574 2557851208981129
2575 2559040277999941
2576 2562847482697921
2577 2564056310169061
2578 2564623499396941
2579 2564743820327461
2580 2565521901587851
2581 2565796258459729
2582 2566105434069451
2583 2566450540989721
2584 2567340001796221
2585 2569036256349751
2586 2569646953485067
2587 2572954737300751
2588 2574588724934227
2589 2576824625066581
2590 2577399355998241
2591 2581007932113451
2592 2581682416085449
2593 2585226380055463
2594 2588448512318401
2595 2588657892518881
2596 2590155961805809
2597 2597800789855981
2598 2606648278596697
2599 2612317848967261
2600 2615594711694667
2601 2615688591485521
2602 2615803993502569
2603 2617034335398781
2604 2618848410436567
2605 2626638478674451
2606 2628246357913837
2607 2629694242927261
2608 2636399511481861
2609 2636416362815047
2610 2639060319772117
2611 2639970663621901
2612 2645685267968737
2613 2648982327844357
2614 2651950175208769
2615 2653749103858561
2616 2654263130610451
2617 2657558750294449
2618 2664470084244277
2619 2670022996066357
2620 2673492524027821
2621 2677380653079841
2622 2679671260905451
2623 2683178384253727
2624 2685075760614241
2625 2687445841828301
2626 2689709078315227
2627 2693697034986101
2628 2693701216091089
2629 2696236429346209
2630 2698970780605321
2631 2700269637977341
2632 2700359276312851
2633 2702292366362401
2634 2702368873418581
2635 2702769326061307
2636 2704347917190697
2637 2705392009330561
2638 2708515356948701
2639 2708562658063201
2640 2709358782378751
2641 2711546838995521
2642 2715901122839941
2643 2716993575219841
2644 2718328479793921
2645 2719830798524071
2646 2720749847104981
2647 2720822830950481
2648 2721081671686561
2649 2722099693411897
2650 2723606262182851
2651 2724119813353069
2652 2725298705506081
2653 2726665765833967
2654 2727382560991849
2655 2728022177898361
2656 2728533107462401
2657 2731258604396089
2658 2732916400146721
2659 2738649626306281
2660 2740658836177081
2661 2742480422425981
2662 2742652642641451
2663 2742753194618251
2664 2747672435089147
2665 2748374465065951
2666 2749308127700947
2667 2763101746614691
2668 2765365983798241
2669 2768043720370501
2670 2769089210410381
2671 2769914712069601
2672 2770111134419947
2673 2773471006941601
2674 2780442927193681
2675 2780995975813921
2676 2782455490543961
2677 2783656141313407
2678 2784557181363361
2679 2790680582431681
2680 2792205854276581
2681 2793007724191621
2682 2797430518709569
2683 2798730862497343
2684 2801742130770967
2685 2806679147606881
2686 2806904954146861
2687 2810106678121381
2688 2810514588713281
2689 2810527164011227
2690 2811162532232161
2691 2818023727916251
2692 2818290089448541
2693 2820155370979501
2694 2824189301087461
2695 2825330397476329
2696 2826494477804341
2697 2831698000724251
2698 2833016834108401
2699 2834900667748117
2700 2836057240703347
2701 2836780637418649
2702 2838498958968007
2703 2838749231485441
2704 2841248746974907
2705 2846764904216329
2706 2848370763263941
2707 2848763086864927
2708 2849371134599449
2709 2850742664092201
2710 2850988115162881
2711 2851676224528801
2712 2856926344188001
2713 2859485726563021
2714 2863074093059251
2715 2863461899051461
2716 2871823019629411
2717 2872380393453121
2718 2873545364579041
2719 2874965321807041
2720 2878902489840301
2721 2879071636862851
2722 2886282769346101
2723 2886395951331517
2724 2886848068890061
2725 2886992859562957
2726 2887887635092981
2727 2891135204430661
2728 2893874992118881
2729 2903709220743361
2730 2920718697106321
2731 2921740349292187
2732 2924060337362851
2733 2924802720328747
2734 2927627147361001
2735 2935257148788121
2736 2938750667958169
2737 2939681279515501
2738 2940852960333289
2739 2947102156479781
2740 2950080558203143
2741 2951028012084907
2742 2951636619857941
2743 2952764339290537
2744 2953555947761521
2745 2954882709003301
2746 2955394617240451
2747 2955473357315221
2748 2958614276580241
2749 2958639573335041
2750 2961927449338321
2751 2962143894400351
2752 2962600060014181
2753 2966288653917847
2754 2967654759392317
2755 2968671190599841
2756 2970041440075921
2757 2983392038568241
2758 2984569367910301
2759 2984654721728143
2760 2985462420497917
2761 2987307939161281
2762 2987335315151701
2763 3005734709237851
2764 3013723105608997
2765 3013955520086701
2766 3014041084890001
2767 3017314265572267
2768 3020103160843957
2769 3025838200663981
2770 3027806685164161
2771 3032652611260387
2772 3033241051439941
2773 3036745442721121
2774 3037862897934481
2775 3038558541393943
2776 3038678224316101
2777 3044031576079861
2778 3047047248848221
2779 3049933202497261
2780 3050849841601921
2781 3058625908126447
2782 3059331372700021
2783 3062772553630249
2784 3064185913616741
2785 3067340193787609
2786 3074771194049741
2787 3074784758808001
2788 3074867740953601
2789 3075098252788801
2790 3075497669521621
2791 3082228476346951
2792 3082668193172851
2793 3083763624171847
2794 3088168530724351
2795 3088804415602561
2796 3097443545039101
2797 3097843114460221
2798 3101893312091281
2799 3104241032674081
2800 3104690754896281
2801 3104707526709601
2802 3106221378111967
2803 3108428816167867
2804 3108830252781667
2805 3112578244430467
2806 3112803949528981
2807 3114078073307587
2808 3115379860515541
2809 3120201561015841
2810 3122595112856689
2811 3123977086566001
2812 3125252418219101
2813 3127471344943681
2814 3130992541410637
2815 3131967197350351
2816 3145897948134061
2817 3148220891032381
2818 3149363636461981
2819 3153507707600251
2820 3155257263890401
2821 3156941529026443
2822 3157433566287547
2823 3158195453050111
2824 3175852833641041
2825 3184307406185401
2826 3193547513069101
2827 3194859785862781
2828 3200860206815521
2829 3201679486349917
2830 3203709115091689
2831 3204632195134021
2832 3205086259244101
2833 3205622977513951
2834 3212352750558451
2835 3213341998029901
2836 3222254189655121
2837 3223001537490967
2838 3226972952073361
2839 3230642117474311
2840 3241938234358981
2841 3247479796631761
2842 3250417962250441
2843 3250446279415567
2844 3252588028561957
2845 3255704836778143
2846 3260234414321281
2847 3264223178298241
2848 3264354360410401
2849 3264510811988341
2850 3264615063414721
2851 3265862127095521
2852 3265981369599607
2853 3266954732628901
2854 3269106554150251
2855 3272417202054547
2856 3272576605717921
2857 3274199496235951
2858 3274902660978607
2859 3277880960860351
2860 3278950440511201
2861 3279950260208161
2862 3280268149277437
2863 3282718471636969
2864 3283943909640643
2865 3284028667191247
2866 3290176626603751
2867 3294241727082967
2868 3294751095018241
2869 3298419044654581
2870 3300140128246561
2871 3302373940434367
2872 3303274870600801
2873 3305186470639201
2874 3307445260563361
2875 3310359560471701
2876 3310603668376201
2877 3319172669254861
2878 3319524655085341
2879 3322990835015521
2880 3324292602321601
2881 3328021326734527
2882 3330327948852061
2883 3331712138230717
2884 3331771706553751
2885 3332051835091741
2886 3338118916403521
2887 3339271842588481
2888 3339814843093501
2889 3339885596913301
2890 3342278591827561
2891 3348690779871901
2892 3348791213859451
2893 3349945846752961
2894 3352183025277241
2895 3357083607689197
2896 3358502137158517
2897 3358772127646093
2898 3359858427601141
2899 3362181974697787
2900 3365074390770751
2901 3371885801013451
2902 3373539207390901
2903 3375024351663361
2904 3376694143768501
2905 3379416460765381
2906 3387330938110351
2907 3387431509806847
2908 3388588204498561
2909 3388742774571641
2910 3390701649972001
2911 3397341563697121
2912 3399750060911821
2913 3402620242468021
2914 3402725426011501
2915 3403808246058307
2916 3405063648019321
2917 3410547243963361
2918 3415731673058251
2919 3418939889605921
2920 3419894639658157
2921 3420568360883437
2922 3423797924145301
2923 3426147355223251
2924 3428350436639521
2925 3433849979381251
2926 3439584959099941
2927 3445101070719661
2928 3454131590371711
2929 3454236196465627
2930 3455164256006347
2931 3456551925091201
2932 3457024569014941
2933 3457277860900951
2934 3458244494852929
2935 3463313624264341
2936 3463765121182843
2937 3464688698762761
2938 3470551312073917
2939 3471307962968341
2940 3482916124009141
2941 3485119857712741
2942 3490721156946787
2943 3494704354357921
2944 3496488775668649
2945 3497374630915327
2946 3499799260707751
2947 3513147790234501
2948 3515875931617201
2949 3516632944102627
2950 3516779583537001
2951 3516971158782901
2952 3518637135905251
2953 3519370945390561
2954 3523606908156721
2955 3524445753616009
2956 3524971137340801
2957 3527324156003981
2958 3528238973537851
2959 3528894768761251
2960 3533364723868561
2961 3533774702049661
2962 3538070952787729
2963 3538097420587381
2964 3539177326015717
2965 3539275487698081
2966 3540635783839681
2967 3541081028432641
2968 3542439350136781
2969 3545009236561249
2970 3550426576893221
2971 3555147188960641
2972 3556432380926701
2973 3556686422056501
2974 3557089569868129
2975 3559502368080007
2976 3560773988908951
2977 3562061624821981
2978 3565275186294343
2979 3583871534980747
2980 3583950557804077
2981 3588370037981527
2982 3593019575225449
2983 3595635831120481
2984 3595799456032717
2985 3597127923063751
2986 3599016835801843
2987 3600255034516687
2988 3605523362912431
2989 3607610460778081
2990 3608109835680481
2991 3609317432934481
2992 3615532221579049
2993 3620506548239281
2994 3635380843871941
2995 3636116641092889
2996 3641770003434811
2997 3644354011379467
2998 3646506877207111
2999 3646607243114861
3000 3647854407425581
3001 3651019587895681
3002 3654572538637081
3003 3657027904659907
3004 3657269782790821
3005 3659104540249849
3006 3659241564718057
3007 3660324393491929
3008 3661932571205761
3009 3671055708856381
3010 3674542354248481
3011 3674634833239021
3012 3677721571018951
3013 3683937287083201
3014 3685422072359809
3015 3686788899161761
3016 3694990741447501
3017 3705247627290397
3018 3709529661841741
3019 3712775899402261
3020 3716882203114081
3021 3717301162908691
3022 3720293041661281
3023 3720727365494107
3024 3724731286215701
3025 3726186958856251
3026 3728912484475729
3027 3729428287746547
3028 3731638826097451
3029 3732275528772481
3030 3734294750131501
3031 3735635813411041
3032 3737241396512851
3033 3740147000319451
3034 3740172347157121
3035 3740390983560481
3036 3740509546266877
3037 3741418134060811
3038 3742616183044087
3039 3743277074308801
3040 3743887491564481
3041 3744380948552161
3042 3746531601718921
3043 3749913984262951
3044 3760800423045907
3045 3772419010350451
3046 3772738892601937
3047 3773607437013751
3048 3781255394888641
3049 3782177305705901
3050 3782183734040251
3051 3783633660085861
3052 3785058026742037
3053 3786829818301531
3054 3797514195967801
3055 3801566882884681
3056 3804464381109341
3057 3810349893441001
3058 3812017318304161
3059 3813191224146541
3060 3813691903343929
3061 3814772580065947
3062 3815693793778901
3063 3816366289404481
3064 3832413831823501
3065 3834841074344281
3066 3835791278042107
3067 3835895327473327
3068 3836231339315761
3069 3836979254451961
3070 3837777110949241
3071 3840422843596597
3072 3845973234766969
3073 3846031477140529
3074 3846988812924181
3075 3851718909825151
3076 3865958650368181
3077 3869883547981081
3078 3870254408783041
3079 3872817498877207
3080 3873073806438301
3081 3876739783594921
3082 3876897999988261
3083 3877179942803527
3084 3877647815628331
3085 3880599902427751
3086 3882581119105501
3087 3886731236859661
3088 3893396247695767
3089 3897179318264689
3090 3897817053110881
3091 3900300785046019
3092 3912088563794881
3093 3912642547295761
3094 3915200777835007
3095 3918153815447581
3096 3921251126554081
3097 3923427568648963
3098 3923910512922511
3099 3928608360460801
3100 3930427953612187
3101 3931205905188049
3102 3935280069388729
3103 3940401017141161
3104 3941814425204701
3105 3941868361459201
3106 3955485681640261
3107 3959907645273031
3108 3960620544905251
3109 3962403021033451
3110 3966513307118251
3111 3966921269448961
3112 3967007591606317
3113 3968579736978361
3114 3968623265672161
3115 3971503248087943
3116 3977032190035141
3117 3980407513645201
3118 3981913632635401
3119 3989128203157921
3120 3993230478550501
3121 3995769744440251
3122 3997666332477751
3123 3997865371805761
3124 4004118097805251
3125 4008648065450167
3126 4013308769551201
3127 4025468672312851
3128 4028133869725351
3129 4040199695718341
3130 4042063570489237
3131 4045059645954961
3132 4045077732995209
3133 4050897418650241
3134 4051631099194381
3135 4052132836841407
3136 4053798258442747
3137 4057660954430821
3138 4065554546294251
3139 4066010727465781
3140 4085664306173101
3141 4093149328164487
3142 4095972384456961
3143 4096491182992801
3144 4097039585954701
3145 4104500808317761
3146 4106169953053741
3147 4109010667500007
3148 4115918075764951
3149 4121306674504801
3150 4123947060850207
3151 4132637832307141
3152 4133183331676141
3153 4134461868797851
3154 4134972822297661
3155 4139617745669251
3156 4152648434480101
3157 4161598906864141
3158 4164248693070901
3159 4164402080739331
3160 4165308601401169
3161 4169380138893601
3162 4176046988631451
3163 4176150725397331
3164 4179287391666661
3165 4188712308627841
3166 4192183605809761
3167 4193704765294201
3168 4196463692882581
3169 4197880723024801
3170 4200186422638447
3171 4204894561570207
3172 4209160888883281
3173 4212819305674201
3174 4222909155845881
3175 4223965460917441
3176 4231105839854161
3177 4236929092417141
3178 4237268126767681
3179 4237364916099547
3180 4238223901654843
3181 4240022656563541
3182 4249464999949261
3183 4251161764252561
3184 4252299285629281
3185 4252784475043261
3186 4253769090466087
3187 4253802707066221
3188 4259914658717581
3189 4260417230869801
3190 4262630180214451
3191 4264745800462951
3192 4265673607890241
3193 4273590068721751
3194 4274220807814387
3195 4274947429003261
3196 4281896338905511
3197 4283699214290329
3198 4290937364475347
3199 4291150842830881
3200 4292185671702241
3201 4292284008080251
3202 4293574717061761
3203 4313372555503681
3204 4314985898131261
3205 4318331084765209
3206 4318803639794827
3207 4319505652786801
3208 4322692368297817
3209 4323045947453341
3210 4323730133766781
3211 4326224723442581
3212 4334611601490721
3213 4337911664541001
3214 4343526501311341
3215 4346061488324557
3216 4346920661020351
3217 4347572612983687
3218 4350280372505761
3219 4351336806499381
3220 4351691926757521
3221 4351925486250187
3222 4353217459351129
3223 4354919807644981
3224 4362270307848967
3225 4378690180946401
3226 4379570395624621
3227 4382398982577331
3228 4385885890605451
3229 4391019254073121
3230 4392249073799047
3231 4396392507500281
3232 4399082837933761
3233 4410763774450351
3234 4413477053557027
3235 4427055963283687
3236 4431356145615361
3237 4433915488806541
3238 4435967767871251
3239 4436162783777887
3240 4443099823937851
3241 4446459950672851
3242 4446922111238251
3243 4453328004065821
3244 4456530645875617
3245 4462460639327701
3246 4468530491473441
3247 4475895221544001
3248 4482880857443143
3249 4484003358696751
3250 4488762604276729
3251 4494434707417297
3252 4496171141122741
3253 4498414682539051
3254 4499663586287689
3255 4513929202172851
3256 4521455319760321
3257 4526278304171521
3258 4540253773464727
3259 4546076929055209
3260 4546745106150241
3261 4549799993088127
3262 4553425215282169
3263 4553780003594251
3264 4558763867626561
3265 4560436478563921
3266 4561158440779921
3267 4568221722475951
3268 4568858020367101
3269 4570386902190001
3270 4572892396612009
3271 4578599788464001
3272 4585513706907451
3273 4585741236905251
3274 4589383077801289
3275 4593999383669161
3276 4594785245566447
3277 4595463402435181
3278 4599644771526481
3279 4606606329393421
3280 4607180954181121
3281 4607255260803607
3282 4610085499911781
3283 4612635522020261
3284 4617093906293221
3285 4618779788156827
3286 4619872601208961
3287 4621484512203751
3288 4623755917221127
3289 4627853036319787
3290 4628558571213397
3291 4633982328961441
3292 4634827204629007
3293 4639808698789951
3294 4639979931692401
3295 4640164577586721
3296 4640948431893901
3297 4650951552572167
3298 4651802701117687
3299 4651875454024801
3300 4659418306888381
3301 4659881682191581
3302 4661228418992209
3303 4669594692294421
3304 4671941940251827
3305 4674962512083841
3306 4676044704279301
3307 4676469021285601
3308 4676495646873961
3309 4681221852378781
3310 4685781070371607
3311 4686270657336451
3312 4686517103404951
3313 4693899435735121
3314 4695919748485351
3315 4700093184727201
3316 4700948767087957
3317 4705236332122987
3318 4708687596957541
3319 4713397231200481
3320 4715943877562689
3321 4716579867790561
3322 4720148695762501
3323 4728886707527251
3324 4731577251297751
3325 4732089036407851
3326 4732402724832751
3327 4738216096176751
3328 4743482587409497
3329 4743883221068161
3330 4747797769642357
3331 4750960892636701
3332 4751373222140641
3333 4751664330490501
3334 4755246928393249
3335 4758520376484181
3336 4760031273835609
3337 4763930380304941
3338 4766507964609751
3339 4775017597345621
3340 4776659506394821
3341 4781159929696541
3342 4784350636178611
3343 4787385763064941
3344 4790707062207841
3345 4796632506804487
3346 4798786695892201
3347 4803154724400397
3348 4804197319524961
3349 4808923921097227
3350 4813017739553341
3351 4819814691975667
3352 4822544309422951
3353 4825311104905201
3354 4829614007339809
3355 4831071614664301
3356 4831131473961451
3357 4832936583215287
3358 4838847422625661
3359 4839228738421507
3360 4840654343815261
3361 4842013947737851
3362 4842793883129317
3363 4849654729491001
3364 4849916411098951
3365 4849949839000351
3366 4856796464413141
3367 4857458793805621
3368 4860676464638581
3369 4866508885680721
3370 4866665113171261
3371 4867043965887421
3372 4867100145688327
3373 4867488530866081
3374 4867865561032321
3375 4870595114763841
3376 4871635342902751
3377 4872582571812961
3378 4872844862138107
3379 4884167204653441
3380 4885692522450241
3381 4888045951198381
3382 4892143726559251
3383 4893847039632241
3384 4895883241292881
3385 4896172803218401
3386 4896394998307147
3387 4897638902164321
3388 4902400628959597
3389 4904603113879801
3390 4909469485037261
3391 4913089143353821
3392 4918015664023507
3393 4926242185740721
3394 4926674340080641
3395 4928265065177557
3396 4929741970424701
3397 4936286420636401
3398 4937096230627681
3399 4938005516434381
3400 4938279542275181
3401 4938315581040661
3402 4938786627941251
3403 4943266006887361
3404 4951848639267181
3405 4953377684350009
3406 4963418776435681
3407 4967098479984847
3408 4987464235675351
3409 4993873119343951
3410 4997016857272301
3411 4997431212164161
3412 4998772225380781
3413 5001231450137917
3414 5006262109473901
3415 5007003979538881
3416 5009475510446161
3417 5010723662589457
3418 5011267374868561
3419 5015420047862401
3420 5018690185795093
3421 5024626398529741
3422 5028838121775751
3423 5029777638316087
3424 5029826587474561
3425 5035546013500351
3426 5036528800860481
3427 5043263879451841
3428 5047293935005093
3429 5047645125985351
3430 5053277011367227
3431 5068315922574061
3432 5069282504732461
3433 5074642529693887
3434 5086292105539147
3435 5094603456692401
3436 5109073784245117
3437 5111782023412261
3438 5113179721016251
3439 5116874900659681
3440 5119550346599461
3441 5120618952298501
3442 5127912692438401
3443 5128977425900311
3444 5132286220318093
3445 5138534750982931
3446 5138805705212161
3447 5138996959367461
3448 5141194765366687
3449 5145342852657547
3450 5150109192758251
3451 5151559507040407
3452 5156579175249781
3453 5157224922526951
3454 5161810535761951
3455 5164345564682851
3456 5171906057839207
3457 5181255158663761
3458 5183438595200251
3459 5194622050876261
3460 5200821610959889
3461 5206574981764801
3462 5208345476210689
3463 5209008508805251
3464 5210307896868289
3465 5213818457993701
3466 5223641691942607
3467 5231221147570351
3468 5235927341081809
3469 5236880844592801
3470 5250353815685287
3471 5251431990180421
3472 5258143357101601
3473 5258234995837561
3474 5259650278870261
3475 5271201177234301
3476 5273591961798751
3477 5278152592843021
3478 5278349862938701
3479 5283086148790081
3480 5289625037298421
3481 5297129456657851
3482 5300195628057301
3483 5300410226802241
3484 5308450471467601
3485 5313036731010769
3486 5313131765579041
3487 5318622303807667
3488 5326878915035371
3489 5329418334709657
3490 5334670957112569
3491 5336581515466501
3492 5337021518843701
3493 5340277927150627
3494 5343926564238307
3495 5345146681976641
3496 5346549791771077
3497 5348957926237129
3498 5353600151191969
3499 5354296892696251
3500 5355880253402401
3501 5357124673045351
3502 5358196263089251
3503 5362573074742621
3504 5372290244402881
3505 5373037370660527
3506 5374612455316561
3507 5378210734269367
3508 5381397365156209
3509 5382302868125569
3510 5385768104521729
3511 5386607774891263
3512 5386883848943941
3513 5389225758360181
3514 5402115357695101
3515 5404296221248321
3516 5414181669261289
3517 5428328343432121
3518 5428903516621201
3519 5429277575589001
3520 5432805495506161
3521 5436921678824071
3522 5438396594757967
3523 5440777359521437
3524 5442478936996501
3525 5442536227008277
3526 5445227900384641
3527 5447187656556757
3528 5449703713398001
3529 5454203781308671
3530 5459042590399261
3531 5460095896788781
3532 5466568436587261
3533 5472940088784169
3534 5474044977552961
3535 5474641761784231
3536 5477448312751117
3537 5478830309322241
3538 5480366722035481
3539 5482126137407851
3540 5482567629655201
3541 5483476735376251
3542 5486537078669791
3543 5487019395802561
3544 5487173959400251
3545 5489174130242041
3546 5496600403031251
3547 5497539011854849
3548 5498481984914521
3549 5498774968452487
3550 5501407233223441
3551 5512237650480247
3552 5516244432971641
3553 5517779081499361
3554 5534257138811521
3555 5535413754130501
3556 5537201165518843
3557 5539869744165751
3558 5540369490600961
3559 5547528399321001
3560 5547697563353221
3561 5558459555275201
3562 5559255260191081
3563 5559461338751041
3564 5563812815608141
3565 5568437697772207
3566 5569206646379221
3567 5570345198532397
3568 5579233261237357
3569 5582182868555311
3570 5582711568185797
3571 5584049267518597
3572 5588198454236329
3573 5592740449424563
3574 5592957383784601
3575 5597118409755571
3576 5597273930186881
3577 5598082558944961
3578 5599668885001441
3579 5600038541310727
3580 5600979373740643
3581 5604368358078181
3582 5604579753946951
3583 5606418819189841
3584 5607529177626241
3585 5608556463861601
3586 5615477642184301
3587 5616790602625441
3588 5618858464791547
3589 5620456105514251
3590 5625785290080961
3591 5627629081456201
3592 5631094837585951
3593 5631962940947227
3594 5634593710489921
3595 5643413714694421
3596 5645726368518241
3597 5646805388387101
3598 5660546769544327
3599 5661760933483201
3600 5662783109403289
3601 5667702301968481
3602 5668002738246241
3603 5671183596975751
3604 5672671645186981
3605 5675561805544489
3606 5679397211697361
3607 5707465691822731
3608 5710804348059721
3609 5724487835381281
3610 5726513048258641
3611 5728973685604801
3612 5730977631925981
3613 5731015863998881
3614 5732721359792641
3615 5733614960363809
3616 5749338205015021
3617 5750068055583601
3618 5751227097472447
3619 5754682136193451
3620 5758349211061021
3621 5760140212676449
3622 5765619065544451
3623 5784619371217567
3624 5790585165836329
3625 5791957930422901
3626 5793484980093049
3627 5797574542922401
3628 5803251598855531
3629 5805682239874861
3630 5815972921569049
3631 5816367931095541
3632 5820045278931451
3633 5820950520631261
3634 5822646795114841
3635 5830218009206281
3636 5837815430556961
3637 5847114190513837
3638 5847776815910881
3639 5852832217729927
3640 5853989898594241
3641 5854594998113287
3642 5854787818320517
3643 5856325474837501
3644 5858368304336881
3645 5864897877520951
3646 5867916117752641
3647 5869089227125351
3648 5886077422846141
3649 5892907573734721
3650 5896175685053761
3651 5899623502852801
3652 5902609084982161
3653 5913992811442249
3654 5914041455319427
3655 5917249660104751
3656 5921492711853421
3657 5923839851171569
3658 5930820549639541
3659 5934029931712801
3660 5939091033831649
3661 5946140442666451
3662 5949505661716321
3663 5952132214942519
3664 5957485007123381
3665 5958365318102621
3666 5959522729948321
3667 5960430054427609
3668 5962280851864261
3669 5965856492037601
3670 5967140866418401
3671 5967811362892321
3672 5987323666769761
3673 5993909239266451
3674 6000501689770477
3675 6002366521690951
3676 6006348475620481
3677 6007536762660751
3678 6011310827156161
3679 6011652227941447
3680 6015920559757921
3681 6024177360812641
3682 6027280410436489
3683 6029174326701007
3684 6035875618362481
3685 6036158026854649
3686 6043643835333301
3687 6045603320354677
3688 6056479291769917
3689 6056897871803689
3690 6058408842797851
3691 6060745117720081
3692 6060991953157021
3693 6062226151071721
3694 6082272461650087
3695 6082917218121061
3696 6084770379778261
3697 6094239142638961
3698 6095974776858541
3699 6096658224868201
3700 6096777680919157
3701 6098413761906451
3702 6100851773763181
3703 6101832709725301
3704 6107295661533991
3705 6115473417201121
3706 6116635846393381
3707 6118109099489171
3708 6120485475341581
3709 6121239346373521
3710 6121970892363241
3711 6125417307984547
3712 6126367325196161
3713 6127780514119951
3714 6134262376390801
3715 6134273516516221
3716 6138742126690687
3717 6141412589320807
3718 6143129828045101
3719 6144493745679451
3720 6148398235559581
3721 6159674354165641
3722 6161721521128321
3723 6161738386869451
3724 6162977935624681
3725 6174694133111701
3726 6182004059527141
3727 6182643128461117
3728 6199096557683401
3729 6210764409613441
3730 6214718396661967
3731 6216397230230461
3732 6221536408079371
3733 6224302874260441
3734 6227365139460481
3735 6231697466562751
3736 6232196001226861
3737 6234587346614401
3738 6236202433123081
3739 6241818664345351
3740 6244785166193443
3741 6245084217476947
3742 6246370192225351
3743 6255392689552249
3744 6256294476369451
3745 6262475039479501
3746 6264146415109441
3747 6265461030839557
3748 6268472436066067
3749 6272953833925351
3750 6274220451509089
3751 6284530703576291
3752 6298397716059247
3753 6302716724494081
3754 6303242177397901
3755 6304469764197529
3756 6312690591443281
3757 6315261763375951
3758 6315262533038401
3759 6315573038097061
3760 6315724749423781
3761 6316123868399047
3762 6320365049146501
3763 6321352765972843
3764 6321706979475889
3765 6323201453677921
3766 6335973885394693
3767 6341307224721787
3768 6343957058765761
3769 6344457277554631
3770 6355492250698951
3771 6357252619795351
3772 6367918030272541
3773 6372712934848261
3774 6376777825942261
3775 6376968998696161
3776 6382017853177861
3777 6384544705841317
3778 6387931271371249
3779 6395643181731607
3780 6406217806974721
3781 6408120896886061
3782 6422257147825261
3783 6427630759720333
3784 6429262389836161
3785 6441680962489921
3786 6449610566535361
3787 6450412815992701
3788 6460213169649581
3789 6463695087419221
3790 6464304921812251
3791 6467964785923681
3792 6470188170842401
3793 6471245149433443
3794 6472626231042277
3795 6476198887692901
3796 6477127599173941
3797 6480551027713681
3798 6488044946753761
3799 6489897689409751
3800 6493038047693209
3801 6494287334847451
3802 6497257228833757
3803 6499327198762261
3804 6500806891659001
3805 6506281610362081
3806 6506333961452821
3807 6514001930449621
3808 6516377939449267
3809 6517924058829751
3810 6523234185487951
3811 6528241163867281
3812 6534099865581103
3813 6540189149289421
3814 6547025655132661
3815 6547086883995841
3816 6553123535838907
3817 6553920687069421
3818 6555490119775351
3819 6556522485850849
3820 6558049542277117
3821 6565181732303041
3822 6566360905133767
3823 6572099300729467
3824 6573986047167001
3825 6575374428759841
3826 6576532224211951
3827 6580951066571251
3828 6583960433344141
3829 6584742330853837
3830 6591040211868661
3831 6593933823074461
3832 6597092043654181
3833 6598618979031451
3834 6599333818984321
3835 6602524783591843
3836 6605707717634581
3837 6606227276886751
3838 6606625017051361
3839 6611319555675451
3840 6613372630457347
3841 6613775452329121
3842 6618813771313801
3843 6624065024785981
3844 6627054506971441
3845 6627265489652557
3846 6630965620524451
3847 6631695443752849
3848 6638288375040481
3849 6641871153728329
3850 6645082265744801
3851 6657864990136951
3852 6662389426430251
3853 6668420502156661
3854 6675294784319569
3855 6675671866537441
3856 6681231652921381
3857 6682466276530201
3858 6689409736845529
3859 6693773626692967
3860 6698601783593641
3861 6701221592636581
3862 6706612877538421
3863 6713413910898337
3864 6714049089338251
3865 6717884396196751
3866 6718113769395601
3867 6718236518693701
3868 6721858535530951
3869 6722114337221251
3870 6739925613962941
3871 6742433666891341
3872 6745248815202901
3873 6751682318125951
3874 6756281630935849
3875 6756944341866821
3876 6760463560134481
3877 6764486025379501
3878 6770985890862463
3879 6772053128621467
3880 6775837144158241
3881 6780501807495571
3882 6780557617098301
3883 6785960449705951
3884 6790503368990501
3885 6796150747389649
3886 6799635195199849
3887 6806938838742649
3888 6808758996328381
3889 6810393264010561
3890 6814638089049451
3891 6816308863858201
3892 6816738513728449
3893 6818129445247207
3894 6822061972455361
3895 6823401080492641
3896 6827985069656941
3897 6830509209595831
3898 6834410192408401
3899 6847963222737451
3900 6854757225755251
3901 6857559242770351
3902 6859607466905569
3903 6866008502657851
3904 6866390333211067
3905 6867911794744657
3906 6877877996939437
3907 6879602948014261
3908 6882276534464161
3909 6893997713585251
3910 6897011830252741
3911 6904624557677941
3912 6908688708675251
3913 6915857626090561
3914 6916462608068161
3915 6922347370016347
3916 6926769455086121
3917 6928674473184661
3918 6932163049053481
3919 6945417531462961
3920 6948886474000351
3921 6954068117507941
3922 6957234028756117
3923 6961580321845267
3924 6962949468958781
3925 6963839286768451
3926 6976181942940451
3927 6977977092954181
3928 6978118775887201
3929 6981320873528401
3930 6985008828401407
3931 6990769918102141
3932 6994249973753869
3933 6998400432677809
3934 6999282264190081
3935 7006699295187301
3936 7007979344470081
3937 7015225207555951
3938 7024865535814141
3939 7028140436257027
3940 7034334786160951
3941 7035340708952641
3942 7039865406307861
3943 7043709489719761
3944 7044831026693209
3945 7050520180541701
3946 7053313405428181
3947 7054699949888251
3948 7055576856344101
3949 7063925749261921
3950 7066336659681601
3951 7070456278903027
3952 7080391013005441
3953 7083829405852201
3954 7093069260787441
3955 7095380346448321
3956 7101113392087681
3957 7120001238492421
3958 7121198532290431
3959 7124113078902751
3960 7124715534004129
3961 7126011292854877
3962 7127048312020981
3963 7135644014289451
3964 7139051111621521
3965 7146129240985351
3966 7150485550444321
3967 7150922152047187
3968 7170394379807851
3969 7176162193947001
3970 7176317605044121
3971 7179667355042461
3972 7185134860584049
3973 7191427583622367
3974 7193804957730751
3975 7193819206876417
3976 7214790901475587
3977 7223504215203361
3978 7226274366746401
3979 7239900105778861
3980 7249000065796261
3981 7265799429083821
3982 7278247023726781
3983 7278349545719443
3984 7289523633196729
3985 7291767235199947
3986 7305873952841227
3987 7306766332880437
3988 7312702559421451
3989 7314694763262721
3990 7319740321209781
3991 7322383062580141
3992 7330722967778701
3993 7333470436409443
3994 7334666684698081
3995 7337392541762851
3996 7338839300297569
3997 7351662610323841
3998 7363359746925451
3999 7365160150662949
4000 7369904904438721
4001 7370058570336547
4002 7370276022949951
4003 7375294536735841
4004 7375412401948951
4005 7383498350434867
4006 7392895931388061
4007 7393625530437061
4008 7398746277889207
4009 7402308013044961
4010 7403917515207361
4011 7406818028347541
4012 7412125118890081
4013 7417693354231351
4014 7418733144224641
4015 7419449147448241
4016 7422283419436621
4017 7425120085609141
4018 7425207826192621
4019 7426379358824161
4020 7429144513571467
4021 7433749011653401
4022 7434558183838843
4023 7436296556178661
4024 7437712779867941
4025 7442112323910889
4026 7442265350293507
4027 7451828412510241
4028 7453593677166181
4029 7453740925893763
4030 7454212471172851
4031 7463706575416561
4032 7465809469076767
4033 7466505127945951
4034 7466752571003281
4035 7469817377105077
4036 7478409906272251
4037 7483393003270081
4038 7488967859923681
4039 7490292675112801
4040 7497431430583249
4041 7504884386876341
4042 7513067376678169
4043 7516754965356451
4044 7517739193017661
4045 7525396851786547
4046 7527053470999081
4047 7532155808241121
4048 7533403509843457
4049 7535425191194881
4050 7537925153911237
4051 7540781697810649
4052 7549337554356943
4053 7550000914974451
4054 7555653346335751
4055 7560726227352481
4056 7563865517805061
4057 7564861832105761
4058 7565530695447661
4059 7567375077250181
4060 7570800180524197
4061 7571395259145649
4062 7576883090338249
4063 7581188178383401
4064 7594798523329951
4065 7603564668492451
4066 7603857124276141
4067 7608274112239951
4068 7612317176788981
4069 7620505949781649
4070 7629867167479201
4071 7631159518281601
4072 7631773579584001
4073 7636261482039877
4074 7651214405047201
4075 7655741140594051
4076 7656292918810147
4077 7659632292215287
4078 7667233655214451
4079 7670357678971261
4080 7671546758409661
4081 7678266788577421
4082 7681467449350351
4083 7683405929153611
4084 7686874281219451
4085 7688641907222251
4086 7691596606543501
4087 7696445036342917
4088 7705435684753357
4089 7707537259893841
4090 7708823864489551
4091 7708930825850731
4092 7713490880888101
4093 7714430402926249
4094 7714917176746501
4095 7720877729609887
4096 7723151231435251
4097 7723883125583437
4098 7727901778949467
4099 7734707877228001
4100 7736341700472661
4101 7739909595190081
4102 7742522592041581
4103 7749347982714001
4104 7751066435338141
4105 7753265986306843
4106 7753619013239881
4107 7755668917831981
4108 7763023769242141
4109 7770113140654147
4110 7773450247628491
4111 7774519823358121
4112 7774780078522081
4113 7782710921905921
4114 7786199698027747
4115 7787505211207021
4116 7798220881098481
4117 7799678156934091
4118 7807131429547321
4119 7812113095235041
4120 7813399098426241
4121 7818266251096381
4122 7818482137007851
4123 7819967700212851
4124 7825204374464317
4125 7831092684005251
4126 7831241427471001
4127 7832186798076961
4128 7832413770106087
4129 7832519971576387
4130 7833490989716449
4131 7837087315919287
4132 7838662931726881
4133 7854603399942241
4134 7872469832091061
4135 7877951701858981
4136 7880362390059727
4137 7884495278140801
4138 7892959895970001
4139 7902011407078237
4140 7902275021904451
4141 7906841315277451
4142 7911500490321121
4143 7916409199869127
4144 7917768645423841
4145 7919341646021521
4146 7921663882444621
4147 7926183868009843
4148 7935062050010707
4149 7936164247473001
4150 7942088625038569
4151 7942428192915361
4152 7942877772820849
4153 7944587727507289
4154 7950176454924901
4155 7951223690160643
4156 7952180007242641
4157 7955209699411201
4158 7956805473576541
4159 7959174418389127
4160 7960958088700501
4161 7961939779980961
4162 7965377780592601
4163 7971011158071781
4164 7976042218669141
4165 7980531619126951
4166 7981536447349921
4167 7984176855193951
4168 7986969240008947
4169 7989236180344129
4170 7993811462599201
4171 7994558521807681
4172 7994861065535401
4173 7998982124744161
4174 8000356088224081
4175 8008062270233401
4176 8018779137294421
4177 8019915923527421
4178 8021940370253461
4179 8024990846336641
4180 8025044539091861
4181 8031344342244101
4182 8034876535589551
4183 8042090818905877
4184 8042101580234107
4185 8042929678405081
4186 8049907905596563
4187 8052236600878081
4188 8062119682602721
4189 8065729597365721
4190 8067439461231571
4191 8070536453997821
4192 8072818294413421
4193 8074759048272001
4194 8075037257363381
4195 8089780170643627
4196 8090164412578951
4197 8095328818649047
4198 8112052844188021
4199 8112113983766341
4200 8113386951621451
4201 8115286524811201
4202 8117902675600489
4203 8127413348669521
4204 8129379839677561
4205 8130175396308967
4206 8138862986124253
4207 8140721968166941
4208 8143701812457751
4209 8147238233508481
4210 8149121948817581
4211 8151553876696231
4212 8159931875706451
4213 8161616480143057
4214 8166306970383451
4215 8175670417793341
4216 8176823798543401
4217 8177115620247727
4218 8183098931192461
4219 8186428676082667
4220 8186780945296801
4221 8202538215942157
4222 8202699363262141
4223 8206755597706597
4224 8209555827668821
4225 8211244057139281
4226 8219040002213701
4227 8219224947453451
4228 8220513094365547
4229 8227325413558327
4230 8228880006851701
4231 8231806105313251
4232 8235764871277921
4233 8240922937117261
4234 8244597369455107
4235 8247894593059421
4236 8252697168621181
4237 8257516388455801
4238 8257851573425569
4239 8258248245617371
4240 8258587436331541
4241 8260382284799347
4242 8260955971264501
4243 8260985835902929
4244 8264446508272501
4245 8267247636560281
4246 8269232250823741
4247 8270029194421321
4248 8277529531209769
4249 8278112138527681
4250 8288348393260981
4251 8288977244828041
4252 8291426836378561
4253 8292485004208417
4254 8294034991343221
4255 8296976606026951
4256 8300921237212969
4257 8308718973506401
4258 8308851593401921
4259 8308878774172021
4260 8312978495506081
4261 8314091282257129
4262 8314610667454081
4263 8323010113794241
4264 8325490392637687
4265 8336399461745167
4266 8338235866608451
4267 8341988753944891
4268 8344216950294781
4269 8350717523907841
4270 8356128377189251
4271 8369465463702649
4272 8370643806446329
4273 8371865933154751
4274 8374100600235061
4275 8378405588492881
4276 8379843521775967
4277 8382900577743361
4278 8385534706465507
4279 8386234967113921
4280 8406433694753461
4281 8410673705430487
4282 8411071134570301
4283 8411276726747281
4284 8412658739945461
4285 8415820508672851
4286 8415912242481481
4287 8421726521986207
4288 8430904551890981
4289 8433944217996001
4290 8434869773962141
4291 8437706766867151
4292 8446882173653701
4293 8459717987713987
4294 8461408071936601
4295 8464711166381341
4296 8475409128171217
4297 8478376729805251
4298 8480927428337281
4299 8484702569934247
4300 8485673828908301
4301 8489020613714101
4302 8494920233379631
4303 8498818500749641
4304 8510662680518701
4305 8510786724032587
4306 8511955805918251
4307 8512978818430927
4308 8515454058928981
4309 8524821592551331
4310 8525106861730777
4311 8533781125874401
4312 8535739689621121
4313 8536389074427061
4314 8538636205479451
4315 8541598377620741
4316 8541688855888501
4317 8541963100164451
4318 8551619197988707
4319 8553645379601191
4320 8560561274198251
4321 8562404437560751
4322 8565083558684641
4323 8565656461574761
4324 8568405301546261
4325 8573212904321341
4326 8574048971715943
4327 8575570064828341
4328 8579090792614591
4329 8583675309290881
4330 8586399534037651
4331 8591680849422529
4332 8594061430710421
4333 8595104905562761
4334 8599222438347061
4335 8630094894187861
4336 8632324078365751
4337 8643167539852249
4338 8643845422155841
4339 8646483913015801
4340 8656092750034687
4341 8661261178399681
4342 8664314797910521
4343 8669332088939341
4344 8669468585067841
4345 8674765692079801
4346 8677503214887601
4347 8678932270341121
4348 8683172359890451
4349 8683937227239847
4350 8687003391348049
4351 8687292306468847
4352 8690835087135811
4353 8695550210364181
4354 8717839824456001
4355 8718036283227781
4356 8723022119133121
4357 8724724360769341
4358 8734165111116521
4359 8740678320188821
4360 8743121414674921
4361 8743765747445077
4362 8746359288790861
4363 8747902181278801
4364 8754474933681121
4365 8758460169149347
4366 8761824672908581
4367 8764975010698747
4368 8771560908880801
4369 8772343850909341
4370 8775741713167441
4371 8775853451065387
4372 8778239952179521
4373 8796109212228889
4374 8803022773492837
4375 8810963327853289
4376 8813739163451041
4377 8815280332777381
4378 8817670536964381
4379 8824599851578201
4380 8825161941496981
4381 8826639886801441
4382 8845849163619001
4383 8848208971163161
4384 8852846288934007
4385 8864181309422851
4386 8870388247590643
4387 8893596220551157
4388 8896352342502721
4389 8897391392416801
4390 8909236926236641
4391 8913524673173041
4392 8915829905791201
4393 8943522964465501
4394 8943557009770351
4395 8945071808791861
4396 8945906453479621
4397 8951095396667881
4398 8968177360962751
4399 8970610282230061
4400 8974596923541901
4401 8999065453960081
4402 9003183198303577
4403 9005990463332281
4404 9013001021794261
4405 9020664958195351
4406 9028439565155251
4407 9028798562820241
4408 9029309541158341
4409 9032093190674287
4410 9032381322252037
4411 9036176676710041
4412 9037966724121721
4413 9041053000143781
4414 9041241898390747
4415 9048616783520161
4416 9048975139025251
4417 9061492410052321
4418 9067468543261441
4419 9068197003394101
4420 9103187582896501
4421 9104789616307951
4422 9125319008866771
4423 9130357822512169
4424 9136405941659501
4425 9138759880851751
4426 9144198721431901
4427 9151665194954701
4428 9153633374237501
4429 9158115864671047
4430 9159511621387843
4431 9166184839358821
4432 9166271152886347
4433 9169736365208161
4434 9173142788963887
4435 9175718671900801
4436 9176585653272721
4437 9178407143622181
4438 9180614878933387
4439 9182220050769751
4440 9184976744123701
4441 9198235984684969
4442 9200647480844881
4443 9204771662103751
4444 9206099931154141
4445 9208576504211761
4446 9209845399131541
4447 9212691674252809
4448 9212846204175769
4449 9214145483979061
4450 9216670622610961
4451 9221867846021521
4452 9226290470950351
4453 9231785373243841
4454 9236182797866251
4455 9242208414392227
4456 9243686787031621
4457 9247400509275727
4458 9247733645917861
4459 9251503895827441
4460 9254745513192481
4461 9256572323663491
4462 9258953092763021
4463 9260500105105021
4464 9261484190044327
4465 9269988069062401
4466 9274261115942707
4467 9278049441981241
4468 9280711919724001
4469 9306180255483361
4470 9309793726218721
4471 9314817318173251
4472 9314834771003401
4473 9321206327964301
4474 9323743461653701
4475 9333131399131321
4476 9341404444510951
4477 9349738386809047
4478 9350150901918763
4479 9352187702643601
4480 9354514820002421
4481 9354514908984451
4482 9358610048333281
4483 9376119634448407
4484 9377818436333089
4485 9382673483847841
4486 9383132518354561
4487 9387925518037501
4488 9391444649807221
4489 9394183653195493
4490 9397186249106767
4491 9413703680214241
4492 9417908566090261
4493 9430648336381387
4494 9433923466879621
4495 9445943771755147
4496 9455446701472201
4497 9455906453625967
4498 9456585022800541
4499 9457641245532061
4500 9459074846319409
4501 9465036456159901
4502 9470692156844101
4503 9471030677258041
4504 9471828212134801
4505 9482548085809969
4506 9484316629639081
4507 9492374025916321
4508 9492959582864101
4509 9504979666191967
4510 9511480863129451
4511 9512712312890221
4512 9521288140305061
4513 9523805332562821
4514 9524858934201461
4515 9532511760177121
4516 9533446604987581
4517 9537244919478343
4518 9542782254580807
4519 9548730323672311
4520 9548896053020941
4521 9549177972415201
4522 9550469046566251
4523 9555945286357441
4524 9558251468467291
4525 9558445193708251
4526 9559622119098721
4527 9561237631750351
4528 9565835180775121
4529 9578118265649251
4530 9613747271643661
4531 9616933958678881
4532 9621590641714801
4533 9628166548476451
4534 9630472785719521
4535 9642102568086721
4536 9642388665169261
4537 9643355222094901
4538 9645670440742561
4539 9656163764672851
4540 9657442450467001
4541 9657809355875761
4542 9660207016793917
4543 9672407835733261
4544 9675028207262701
4545 9688119085754209
4546 9689669966744701
4547 9691406457715951
4548 9696629461438681
4549 9699230991062341
4550 9703594223762041
4551 9704292061688407
4552 9705638943897601
4553 9721298454554347
4554 9730145401885693
4555 9732867074821441
4556 9735383153456047
4557 9740759330578867
4558 9741358044684001
4559 9742097990198701
4560 9742969025068861
4561 9743028664735351
4562 9751274399002951
4563 9754988051668609
4564 9756391231625041
4565 9763629635922769
4566 9767923393584427
4567 9772708037810581
4568 9773394455583001
4569 9781157107310401
4570 9781534648905769
4571 9786587202509041
4572 9802165615967089
4573 9803207330902081
4574 9809214374918701
4575 9811179695712397
4576 9811971063543421
4577 9822617084129851
4578 9825878071016281
4579 9836399265248089
4580 9849406894481251
4581 9851995970271451
4582 9855172338590881
4583 9864934424695201
4584 9867109505222287
4585 9886047541960327
4586 9887999620692451
4587 9895845807771841
4588 9899510393417041
4589 9906831078060757
4590 9912803961975757
4591 9916706421632251
4592 9917031800725201
4593 9919483777324327
4594 9925362578718901
4595 9929203893021901
4596 9933335725019701
4597 9951853644704641
4598 9959442707260621
4599 9968403926305441
4600 9971683691210881
4601 9974241671147231
4602 9977293953767227
4603 9988504355646277
4604 10000666045451381
4605 10017876572318143
4606 10024387566835969
4607 10025825702676547
4608 10028406985014241
4609 10031071368061921
4610 10032741088070221
4611 10044834042622843
4612 10048687367667451
4613 10057532039260921
4614 10072226822857921
4615 10074518560539751
4616 10075602606233251
4617 10082011712031451
4618 10087909407021517
4619 10088564208542569
4620 10108662646274947
4621 10112745669305761
4622 10116103323760741
4623 10122623764461601
4624 10128767120334721
4625 10132311838907917
4626 10133333363365921
4627 10144286438137741
4628 10144624206635887
4629 10146200894657101
4630 10147955509286251
4631 10147998415116889
4632 10148177937936307
4633 10150625964081961
4634 10159435599587569
4635 10162483766035597
4636 10167678148906441
4637 10176649561382851
4638 10198633405306081
4639 10199159175425221
4640 10206290129688901
4641 10219023644939569
4642 10219536105287701
4643 10233586857621961
4644 10246723036884181
4645 10247551981750729
4646 10258909856140843
4647 10260755072945917
4648 10267794869930461
4649 10269134364420961
4650 10269871563238561
4651 10273663289403361
4652 10281636587243227
4653 10284413207672341
4654 10287424411330951
4655 10294488116046241
4656 10298530415723941
4657 10307351057028187
4658 10314481672004329
4659 10315291807900801
4660 10322119145817581
4661 10329458014008451
4662 10329904911241921
4663 10334430575449621
4664 10344738022391767
4665 10345565645053381
4666 10355890124386561
4667 10358961838519717
4668 10361033347978501
4669 10363406890280761
4670 10364373115872007
4671 10369615141164001
4672 10373654973927451
4673 10375372885405921
4674 10378142252016001
4675 10383333240896461
4676 10383754104609601
4677 10397966832102481
4678 10398864984768037
4679 10406580260115601
4680 10417174293552769
4681 10418844955035529
4682 10420384273190641
4683 10423404596765161
4684 10424378232908641
4685 10425639784638781
4686 10431532125595981
4687 10431815862128251
4688 10431844119455221
4689 10435796445505861
4690 10438606985673751
4691 10439493002689843
4692 10442657566807201
4693 10458188567263867
4694 10461232203567307
4695 10469997403391527
4696 10474409458141441
4697 10475937652504843
4698 10476181900251451
4699 10476785203185421
4700 10477899173740081
4701 10478970187502701
4702 10480825156749751
4703 10499100689938141
4704 10501921355467301
4705 10502021563424161
4706 10514808698581951
4707 10517307105511369
4708 10517891747821921
4709 10521515784198721
4710 10521631702037527
4711 10539137452740751
4712 10541969513316001
4713 10567103932032961
4714 10568967114935041
4715 10570668934298761
4716 10572642353612431
4717 10572728167872001
4718 10579446555850597
4719 10580027512098241
4720 10589464802718187
4721 10591743592533421
4722 10592616883422421
4723 10602260407425781
4724 10606265964706843
4725 10608639422847481
4726 10622914558017581
4727 10625053617958249
4728 10628455314210961
4729 10639238678062567
4730 10641893748499261
4731 10645955703651421
4732 10648235577598561
4733 10648831263756841
4734 10652858396515567
4735 10653581014786561
4736 10661563055599681
4737 10664739537413761
4738 10671641090490151
4739 10683050891413447
4740 10683969333067801
4741 10685319813420751
4742 10687263386256451
4743 10690315358725351
4744 10691144831244461
4745 10710573624339751
4746 10713356966564443
4747 10721593117355581
4748 10724599295828701
4749 10726195002132697
4750 10728957129247801
4751 10752645818198707
4752 10754699076520657
4753 10760362107453307
4754 10760897372082397
4755 10773580026605761
4756 10775431438450381
4757 10783460874761551
4758 10795314160001251
4759 10795992433127107
4760 10816569793123921
4761 10827507560218201
4762 10840970495500351
4763 10842583199961061
4764 10849405302270541
4765 10855048523282443
4766 10856000662152049
4767 10858749810458287
4768 10860345461012851
4769 10866178836251707
4770 10873500068592481
4771 10881104925300301
4772 10883827100620781
4773 10886159962110529
4774 10891899861172357
4775 10894054046109517
4776 10896140802737851
4777 10911999852129421
4778 10917991175153401
4779 10919893830555169
4780 10923135585420061
4781 10924235281117621
4782 10924448695648801
4783 10924849581481027
4784 10925264078817661
4785 10938450034125547
4786 10942240596979807
4787 10947412702453501
4788 10951652063644951
4789 10962183235548247
4790 10963685397404521
4791 10978233402402757
4792 10983417661533241
4793 10983932264003401
4794 10991118615848929
4795 10997079206936269
4796 10997435888771221
4797 11007908691512851
4798 11017484216282701
4799 11017957263062881
4800 11019621881904301
4801 11031667939197181
4802 11032238738678581
4803 11034060452117929
4804 11044699133798881
4805 11050569976411981
4806 11055828783756751
4807 11075166813652021
4808 11077162816730251
4809 11085070464849751
4810 11091982745668843
4811 11092962215316151
4812 11095666011542501
4813 11102745280974007
4814 11106186068967841
4815 11109179679536161
4816 11113531508021281
4817 11114248220533921
4818 11121790771659751
4819 11123709912047521
4820 11124195387368251
4821 11129472783922681
4822 11135457247272821
4823 11136551615444251
4824 11139190862564407
4825 11143695021599251
4826 11146881612027241
4827 11150866061469751
4828 11152011614318767
4829 11152060317523261
4830 11168841127867741
4831 11169908464532641
4832 11170590010450441
4833 11175511523108329
4834 11194922371389769
4835 11198237902696981
4836 11210345231183101
4837 11219542151259961
4838 11222193141465643
4839 11223304080976081
4840 11226522547841281
4841 11227552885146529
4842 11230024381293121
4843 11230112484773761
4844 11233586985409801
4845 11249586228804661
4846 11254806738328861
4847 11267342972476951
4848 11271055052383237
4849 11275929837182851
4850 11277828561787201
4851 11280626122956961
4852 11286606732054721
4853 11299987907713501
4854 11303253096111901
4855 11304113629008427
4856 11306031819902821
4857 11307222806071501
4858 11307928741344397
4859 11310404442823417
4860 11314343153132251
4861 11324083789682821
4862 11325195382059751
4863 11334179854262077
4864 11343289595707081
4865 11347125081984667
4866 11356044077679451
4867 11356805509857361
4868 11360086225945381
4869 11360769193593121
4870 11360864017005121
4871 11367612019453861
4872 11368462559163481
4873 11374184372656951
4874 11378308842332501
4875 11379140720242921
4876 11379706090584877
4877 11394029888409451
4878 11396143494280201
4879 11398244184946561
4880 11407254352867201
4881 11421700483533121
4882 11427517050639007
4883 11453115373919521
4884 11453117487011569
4885 11463166547378461
4886 11464607038675477
4887 11464923120070351
4888 11465165305126261
4889 11470762415256847
4890 11476143407257381
4891 11481507138138481
4892 11482034487808501
4893 11486853864969451
4894 11489418768471571
4895 11496995879774047
4896 11498260951309861
4897 11502838187776867
4898 11520296736362347
4899 11531451132255601
4900 11536841219988481
4901 11546839485328951
4902 11547076749884287
4903 11547664877145601
4904 11555034347230741
4905 11555996570139451
4906 11556238376689021
4907 11566091623208107
4908 11573450863648981
4909 11574963628726501
4910 11575204694809687
4911 11580860217311227
4912 11582998595525701
4913 11589250494557851
4914 11596591336382821
4915 11602202492098081
4916 11611544064368641
4917 11612262216716443
4918 11614801065594049
4919 11614848224448127
4920 11628422388520081
4921 11630553784974547
4922 11631632993284501
4923 11639620452272641
4924 11641884796905301
4925 11644119489031177
4926 11647508023713451
4927 11650964000056921
4928 11652144660364801
4929 11653643428110091
4930 11668204872895957
4931 11691517600700701
4932 11693658619671451
4933 11694304277835121
4934 11697239629918081
4935 11711344439780707
4936 11714871777855751
4937 11715364994478241
4938 11716152393963841
4939 11716271947958581
4940 11734055449745947
4941 11740009683431287
4942 11740527085512013
4943 11750902817500351
4944 11754264374105767
4945 11755541474448661
4946 11764596126931831
4947 11767897653603451
4948 11778921073333261
4949 11779075342201091
4950 11783335994432161
4951 11785986035766601
4952 11788114840703767
4953 11789753509554301
4954 11794032769761601
4955 11806417170248221
4956 11812007779306489
4957 11812329506722951
4958 11815530926691241
4959 11818406057405221
4960 11823240475192987
4961 11827214572551841
4962 11835693969732001
4963 11839028805308251
4964 11849699546513953
4965 11854341635184847
4966 11860689623935609
4967 11880838499488201
4968 11881031323359421
4969 11881803688912081
4970 11888244208417237
4971 11889801253853407
4972 11896792581074701
4973 11901758045353021
4974 11918129119494841
4975 11919941641484467
4976 11925131278484881
4977 11927951445857311
4978 11933600588052001
4979 11937642477156481
4980 11938781148127331
4981 11943255610110889
4982 11946604819925887
4983 11986650930782449
4984 12000967023430087
4985 12004319203652161
4986 12008117232336781
4987 12009197749448467
4988 12011523079860361
4989 12029320990823251
4990 12040944166942651
4991 12049050102351307
4992 12050071103133397
4993 12051821758935421
4994 12053461291456861
4995 12057270944318827
4996 12061951779137041
4997 12063564944333251
4998 12066788801241091
4999 12069449263422547
5000 12073495127666701
5001 12075270218963461
5002 12078224513015761
5003 12089064615488401
5004 12091290722744227
5005 12094944959276929
5006 12125989367241751
5007 12128402817683209
5008 12128556481909561
5009 12136434140367967
5010 12146731182762409
5011 12161775044062561
5012 12165654374049637
5013 12165667609816267
5014 12184918278836161
5015 12185416061447401
5016 12194053685393581
5017 12199044612235867
5018 12199866368756527
5019 12213172071051451
5020 12225630446948641
5021 12231900387836821
5022 12236066253190081
5023 12238639419011041
5024 12239927371299127
5025 12240423038632141
5026 12249403032772951
5027 12249753660085327
5028 12255167770121251
5029 12258513023132521
5030 12271547686660211
5031 12274283452497907
5032 12277727027461477
5033 12286316056914901
5034 12306658936900681
5035 12317609111039041
5036 12335612059094941
5037 12362772511474027
5038 12367994343873121
5039 12378284186433301
5040 12385513345873951
5041 12387094597584961
5042 12394441320270787
5043 12395509705522261
5044 12396832334590861
5045 12397506506172961
5046 12402372307484251
5047 12405862493310301
5048 12409154956394641
5049 12411328308214951
5050 12413788277695351
5051 12414422026710637
5052 12415698761283841
5053 12432133219175521
5054 12438521829554701
5055 12445747388737093
5056 12447711305773801
5057 12450958221630241
5058 12453418025170501
5059 12454775897621401
5060 12461553693828241
5061 12470796376986169
5062 12476412207824251
5063 12476885995035001
5064 12481171083502801
5065 12483978475393981
5066 12490382817145351
5067 12493982654843467
5068 12497027397245821
5069 12506172840577501
5070 12506287159855261
5071 12537532889751187
5072 12538872413400481
5073 12539131888399357
5074 12546518499070201
5075 12547485273607681
5076 12554690961869101
5077 12559255007352301
5078 12564010103397301
5079 12590525904655843
5080 12600521139467341
5081 12607297987825441
5082 12613612751691451
5083 12616447916883361
5084 12617466560822941
5085 12620416981735261
5086 12620654244810067
5087 12624806735007307
5088 12635482696469461
5089 12645319935249121
5090 12646815540108751
5091 12649489590029041
5092 12678253481386693
5093 12680131879301437
5094 12684046816781981
5095 12708570226122271
5096 12709273197408481
5097 12716934160364141
5098 12717662798037061
5099 12718657881556201
5100 12722895300471361
5101 12726712297484641
5102 12727434523422529
5103 12733038302205607
5104 12737257993640251
5105 12748790826657601
5106 12749921613821461
5107 12763338808267921
5108 12768805923237451
5109 12785115548086867
5110 12786765537512851
5111 12793775202616801
5112 12805090175491717
5113 12812138958238489
5114 12827247399499681
5115 12831409629696481
5116 12836359042113601
5117 12836651971857481
5118 12839230131397129
5119 12842647255062721
5120 12846410154091027
5121 12848417746116751
5122 12854269484590249
5123 12859047156221521
5124 12860121873114181
5125 12862652153990329
5126 12864471619580461
5127 12866065730114101
5128 12869091624615661
5129 12872346815741407
5130 12872824562585521
5131 12891953595231721
5132 12905569187189101
5133 12914068525612801
5134 12925799294985067
5135 12929119539452161
5136 12934171939621921
5137 12936232811593801
5138 12943916109966241
5139 12975503341032541
5140 12976168196091361
5141 12977872950672481
5142 12979483099481761
5143 12983430334898341
5144 12990775050269101
5145 12991855575466951
5146 12993178053837061
5147 12996451728925351
5148 13004045504023201
5149 13005441199063501
5150 13009538801232907
5151 13011755256697861
5152 13016479077612181
5153 13016915614120969
5154 13021474990980331
5155 13024560375775681
5156 13025541920160421
5157 13028741431483681
5158 13033115465278609
5159 13034543492740087
5160 13042641610330417
5161 13049660737495801
5162 13063491005014081
5163 13064660139983761
5164 13065510210899581
5165 13067938715714767
5166 13085168473752451
5167 13089445327036801
5168 13096429672126321
5169 13100799785854987
5170 13104475227607843
5171 13104995755342501
5172 13105810726730881
5173 13106876735222401
5174 13111853776213249
5175 13122324027481681
5176 13122917044478251
5177 13125996471609451
5178 13127385081477001
5179 13140579162809407
5180 13145911484223451
5181 13149288735797341
5182 13153394948796961
5183 13156948256746951
5184 13165290834860251
5185 13183772873287249
5186 13185184760583841
5187 13189411633467529
5188 13195258425692971
5189 13195743006361987
5190 13199189413119487
5191 13199953434235921
5192 13200540527342827
5193 13204067760578701
5194 13206657252148951
5195 13208637124849921
5196 13222535156313121
5197 13224480492601951
5198 13226416982859529
5199 13227179864099521
5200 13233029992068517
5201 13239582876906301
5202 13246267013457409
5203 13249875894245077
5204 13251909854189161
5205 13256454872055361
5206 13257902446562707
5207 13259029950449251
5208 13262960007838087
5209 13266415180595587
5210 13273151471458111
5211 13273409827386367
5212 13287999229149943
5213 13289897921032321
5214 13300710911951041
5215 13301007489420661
5216 13307135814303361
5217 13309213645452007
5218 13327051183644061
5219 13328263125188569
5220 13330369938771451
5221 13339667685480001
5222 13342066010549251
5223 13345650576666721
5224 13351198594784221
5225 13363280496603901
5226 13379450742306241
5227 13382984138147821
5228 13388351735576047
5229 13388407275495367
5230 13392861041811961
5231 13396820085721661
5232 13396970905491889
5233 13399759484728093
5234 13403018273559727
5235 13408933754920321
5236 13409540385823171
5237 13416769884985351
5238 13419662869487881
5239 13422182841650809
5240 13443672288389881
5241 13448358583841143
5242 13454720608412467
5243 13468560578739181
5244 13470445016386321
5245 13475301254458807
5246 13485856673425951
5247 13493822046877801
5248 13494925430116021
5249 13495437592203157
5250 13496226726271801
5251 13496282392683751
5252 13497251818450861
5253 13497449102446591
5254 13498316503714981
5255 13499203617131041
5256 13506644811726361
5257 13509222574045351
5258 13509471619459801
5259 13512095912175451
5260 13516463503295209
5261 13520881925885701
5262 13523450320951817
5263 13535199815215597
5264 13535903358069751
5265 13554226738720951
5266 13554686363262661
5267 13561879196102581
5268 13566831252219451
5269 13567046502091057
5270 13571873193776641
5271 13574459343772321
5272 13575440105691661
5273 13578683076095581
5274 13582309711779661
5275 13585125195287647
5276 13589186689095841
5277 13589962033717921
5278 13590518974870351
5279 13591559906730361
5280 13600598811086827
5281 13601250966921001
5282 13602977995873927
5283 13606964107906321
5284 13614793029519247
5285 13615965468031501
5286 13634584871379841
5287 13646289859903801
5288 13649109614816317
5289 13650409104968707
5290 13650503134658041
5291 13651138615217251
5292 13658704712787751
5293 13661333123124481
5294 13681928905123201
5295 13682640911184451
5296 13695588776301301
5297 13696288022277451
5298 13697917144205251
5299 13698689606563501
5300 13707249150408661
5301 13708997659595701
5302 13709369671546631
5303 13709464214974951
5304 13714944453849451
5305 13715257441712401
5306 13732894495111681
5307 13750570658353681
5308 13759752934435861
5309 13764680558256721
5310 13769398717244101
5311 13770356253433501
5312 13783390503910567
5313 13798556555303521
5314 13798880199925921
5315 13802585847142861
5316 13835843234804251
5317 13839575519796487
5318 13840773225182881
5319 13843129114555021
5320 13851280992691957
5321 13852415029569121
5322 13857928062389251
5323 13877162768269921
5324 13886817391281451
5325 13887291407048821
5326 13888061834283451
5327 13891435602843943
5328 13892571605201941
5329 13901086348980637
5330 13905336227499181
5331 13916478574999687
5332 13918984434813511
5333 13930066155554251
5334 13930604357950351
5335 13932348636467251
5336 13947105257113681
5337 13950091450410277
5338 13963567805070451
5339 13969889116648741
5340 13981584321563041
5341 13984384960433401
5342 13986903677799781
5343 13987746833872927
5344 13996511155352161
5345 13999186633565281
5346 14014582949113781
5347 14021627003911801
5348 14032336533537121
5349 14038510685218951
5350 14040137571462241
5351 14052254425533127
5352 14057526936412471
5353 14064643887424021
5354 14068381981432609
5355 14072892070366081
5356 14076520819754221
5357 14077675861223521
5358 14085106050826381
5359 14085392622821521
5360 14086267673018941
5361 14099583177631201
5362 14118091003836289
5363 14119243085397451
5364 14123036215645351
5365 14125387281501341
5366 14126436205876567
5367 14130509887291951
5368 14139612879796321
5369 14149144361136721
5370 14156404290679201
5371 14161334494220101
5372 14168646103098061
5373 14185817424094681
5374 14194607515393681
5375 14210249064095701
5376 14215698845976601
5377 14216647851569017
5378 14225057931619351
5379 14225547101626981
5380 14225649026891287
5381 14226437717039701
5382 14231454793074751
5383 14244914524623751
5384 14247489880728721
5385 14249159955008947
5386 14250334502044321
5387 14263840500048361
5388 14266612392277087
5389 14266749990858751
5390 14271462243723889
5391 14272942613809951
5392 14275551945216451
5393 14275723997426251
5394 14282724380112541
5395 14297759679062161
5396 14310700774543951
5397 14313975087877741
5398 14315696848288951
5399 14318539831160251
5400 14321935266367501
5401 14322411025437841
5402 14338575101818801
5403 14341685515501969
5404 14342851672986847
5405 14345418729002131
5406 14346387254612227
5407 14364209968821901
5408 14364785055745351
5409 14371655136202981
5410 14374219119702401
5411 14377075990710247
5412 14378543658574507
5413 14380832025473761
5414 14387942614373281
5415 14410534385915167
5416 14418798431085751
5417 14422747490666401
5418 14424588885493081
5419 14430042350900641
5420 14432041263853991
5421 14432748329854801
5422 14433233152253401
5423 14442326239343641
5424 14452923749829769
5425 14458624646370451
5426 14475882548552041
5427 14480521154625961
5428 14483517064789921
5429 14491242342181921
5430 14493974701382401
5431 14505586757266321
5432 14506685170799251
5433 14511194933412451
5434 14518198017750967
5435 14522284275311521
5436 14531815783450351
5437 14532074997299281
5438 14540766136974221
5439 14541920424608167
5440 14549475155962627
5441 14549670654978961
5442 14551617467422267
5443 14556773170283581
5444 14565546336061927
5445 14579355088482061
5446 14590656934043401
5447 14599536336600841
5448 14600850693259609
5449 14600910222908101
5450 14604437510599861
5451 14605568859829921
5452 14658156099871201
5453 14664280771047601
5454 14675525011677421
5455 14678022244904929
5456 14679290344829701
5457 14681791154954701
5458 14691770781643621
5459 14698128896773477
5460 14701069871740981
5461 14702181021715501
5462 14708766475853101
5463 14712332744951227
5464 14717974931169751
5465 14722209492859441
5466 14730756102202141
5467 14732736485541601
5468 14734896435792721
5469 14758830033848587
5470 14762235723753451
5471 14768155794300751
5472 14770123072817941
5473 14770372480729951
5474 14770459611246169
5475 14784074791234561
5476 14791899292246441
5477 14802591526974751
5478 14818495096265701
5479 14819210884607851
5480 14828367766660561
5481 14830890901692097
5482 14834795878411051
5483 14845698136519681
5484 14862440575012801
5485 14872011339311501
5486 14881387751196121
5487 14884273793908261
5488 14891307537717997
5489 14895100469907967
5490 14908496597548849
5491 14908963651798231
5492 14912658919092481
5493 14917384540263397
5494 14921283446382601
5495 14925296568090721
5496 14929898021411521
5497 14936077314536647
5498 14953059024996751
5499 14954767118544067
5500 14972715487168129
5501 14981659856001541
5502 14988303055438987
5503 14990568733226521
5504 14997803968668601
5505 15010629875036461
5506 15026165496517321
5507 15033129402449281
5508 15033410420764009
5509 15033618088185943
5510 15038295935179861
5511 15039985059090391
5512 15047649520371751
5513 15055116024784501
5514 15062832368347681
5515 15064154589047131
5516 15069531781215451
5517 15071562848233921
5518 15081718430783161
5519 15097504116789751
5520 15097779679631041
5521 15098667043880701
5522 15099687829052569
5523 15100276234120351
5524 15103122342694501
5525 15107515067412461
5526 15108219162311941
5527 15108380340543001
5528 15111019877824081
5529 15111494246311849
5530 15115812956585461
5531 15120343330170427
5532 15133912964026081
5533 15135649103776969
5534 15135856287169441
5535 15139650045112867
5536 15158490470175781
5537 15163171115796901
5538 15163338295075141
5539 15172712580918007
5540 15175363444853281
5541 15180126202026241
5542 15180667243668361
5543 15183085436549461
5544 15192111853629367
5545 15192357850915381
5546 15205953234537451
5547 15207788178719251
5548 15217823137492951
5549 15218306565314581
5550 15230282408087041
5551 15240715590915181
5552 15245346051376561
5553 15247909345621837
5554 15249641903657461
5555 15249696435639751
5556 15249755710734751
5557 15254736118638721
5558 15256324121644321
5559 15259358752700641
5560 15276810864696481
5561 15278570637878461
5562 15281122644683281
5563 15288403856124367
5564 15291395253370351
5565 15293686481679847
5566 15295720875961681
5567 15301101502908451
5568 15306491736293521
5569 15307091630955001
5570 15318499850110621
5571 15323499237027061
5572 15325222712039329
5573 15350602780123129
5574 15350626051772761
5575 15351939957181843
5576 15357754725660937
5577 15360444726150751
5578 15372956890309201
5579 15374577718857961
5580 15385497620448961
5581 15389725974366721
5582 15393635564384089
5583 15394037446481041
5584 15408915558833281
5585 15409009993802641
5586 15422182976143261
5587 15426817748979451
5588 15435259162118437
5589 15441453333910501
5590 15446660845548241
5591 15448847061477397
5592 15449423110645441
5593 15456566909692471
5594 15457463814960001
5595 15464943315694687
5596 15477406875929701
5597 15478735218216007
5598 15486362490621601
5599 15487216408269847
5600 15490166088762289
5601 15496791997885801
5602 15503541774473761
5603 15503684392843561
5604 15507142578247321
5605 15513869617726567
5606 15516256433227681
5607 15518223634402261
5608 15520760609719861
5609 15522988360246867
5610 15540869224486009
5611 15546632947206241
5612 15556745586491929
5613 15558480264600001
5614 15561507435858541
5615 15561803818101061
5616 15567568184328751
5617 15573491996030821
5618 15575055288003751
5619 15576327938592961
5620 15579404624133967
5621 15581680770925081
5622 15583359092972287
5623 15584377749552727
5624 15589309930032529
5625 15600484721437741
5626 15604172544651601
5627 15612062968185601
5628 15615252833090527
5629 15623894494052461
5630 15628751537657527
5631 15629576150465941
5632 15637121370194689
5633 15640826616519301
5634 15641973949890241
5635 15646293562213597
5636 15648765378749821
5637 15649638176209441
5638 15650881547130289
5639 15653902883774689
5640 15667976553657751
5641 15671320007295361
5642 15674224194968641
5643 15679775547748621
5644 15681517972736761
5645 15685210004442001
5646 15685503770672851
5647 15691019903599501
5648 15694823143037851
5649 15699310703711641
5650 15719453777985301
5651 15735330594138781
5652 15739120080314821
5653 15746806899876601
5654 15749675711580241
5655 15751913002867009
5656 15754538197942741
5657 15754915243161517
5658 15755006822445901
5659 15758223252037561
5660 15777459422926081
5661 15779824558498801
5662 15782551482204937
5663 15782837916770107
5664 15787030501000861
5665 15789503133771361
5666 15803975360289601
5667 15814862681922361
5668 15817917136913251
5669 15819884215398649
5670 15822584779945921
5671 15827258178108541
5672 15855949258725529
5673 15858473619753001
5674 15860752773309181
5675 15861323259600001
5676 15866527536365227
5677 15875845444885861
5678 15891115003418881
5679 15891281238420937
5680 15892849325424961
5681 15894496725593221
5682 15897311542222951
5683 15928657328054041
5684 15943188932661451
5685 15949801934021887
5686 15957606082992841
5687 15993737441694721
5688 15995011287053917
5689 15998261871072781
5690 16001067310103287
5691 16012646711161381
5692 16019409325801927
5693 16022784389927941
5694 16033663773620641
5695 16047392007585751
5696 16053199466241451
5697 16053453196776001
5698 16057393837059961
5699 16076835403677751
5700 16076920536275581
5701 16079933168076781
5702 16083323877212047
5703 16084930980970351
5704 16089016064396467
5705 16092761530353661
5706 16097834085336851
5707 16098919238533141
5708 16099033105702207
5709 16112189977436323
5710 16114799535476329
5711 16125255651342241
5712 16126253440068241
5713 16126866791838721
5714 16127343851279761
5715 16127757841789441
5716 16129104037210081
5717 16144418386587341
5718 16148833561204321
5719 16149620156276521
5720 16155534823549201
5721 16159439290276981
5722 16160628648102751
5723 16166681900559373
5724 16176717454269487
5725 16178174384308441
5726 16185198425576251
5727 16186503082387501
5728 16195142977186213
5729 16204579793634961
5730 16204765854732001
5731 16213123779150607
5732 16215065204993569
5733 16215210238561921
5734 16218557692790251
5735 16221735577199521
5736 16231036522877767
5737 16244497605884329
5738 16249081529189167
5739 16267549801705177
5740 16273655467614001
5741 16274728787064247
5742 16276987520560801
5743 16295837312624329
5744 16296257471327021
5745 16300340419126843
5746 16302332027714881
5747 16304587386630643
5748 16319906930300581
5749 16341235894738369
5750 16341389349633949
5751 16347972635250301
5752 16352442816170581
5753 16360366099979449
5754 16379817546954751
5755 16389225633192301
5756 16396289143483699
5757 16401946735942267
5758 16405458811639561
5759 16407729960516001
5760 16417176898978981
5761 16422823676025007
5762 16439668205769901
5763 16442184365894101
5764 16459459947642301
5765 16460912035884781
5766 16469018123461129
5767 16472542022023501
5768 16473296701626451
5769 16482237119608807
5770 16496988277040461
5771 16501324489094101
5772 16502656363133557
5773 16505839083609541
5774 16514513026782427
5775 16520459356451881
5776 16527911032098901
5777 16547822713830721
5778 16549507186249441
5779 16553205505395751
5780 16554780332207851
5781 16565177645588641
5782 16571305088800351
5783 16576689276778321
5784 16582543519602061
5785 16583258856014317
5786 16602344468932267
5787 16609194845960557
5788 16612891234355527
5789 16615536395461921
5790 16622696811738529
5791 16623589878581251
5792 16635153449356129
5793 16636215468402181
5794 16637709437183647
5795 16640933529301849
5796 16641610240094407
5797 16649526568159621
5798 16650323542481861
5799 16651830505775197
5800 16664257800415681
5801 16673622677317621
5802 16682993061182251
5803 16687716236389921
5804 16690324924974781
5805 16697906930395351
5806 16709259577650751
5807 16715433810932851
5808 16717332849673387
5809 16723531166321449
5810 16725861235571251
5811 16733017163814661
5812 16746646697700841
5813 16748284996684807
5814 16748519195653741
5815 16761643891859809
5816 16766264574290089
5817 16779912415133251
5818 16783282104437701
5819 16789248657663121
5820 16817200873635691
5821 16829527261756861
5822 16829879198206681
5823 16833290944383101
5824 16836662388124561
5825 16839835475753401
5826 16849274074315201
5827 16854533855557561
5828 16858512372553741
5829 16862040991089001
5830 16863873921282961
5831 16869126206463049
5832 16879170347219251
5833 16905286276835041
5834 16935460773334601
5835 16939344860100541
5836 16954046506470877
5837 16959868853178751
5838 16973862016796821
5839 16975833479657761
5840 16983355896402127
5841 16983680227238341
5842 16985997900963001
5843 16987155035172481
5844 16988672085265921
5845 16994298300257851
5846 16996465844436781
5847 17004345814530961
5848 17010492587528161
5849 17019704619345781
5850 17022073652522641
5851 17022405569778451
5852 17024509854019027
5853 17030475830998657
5854 17034762962700181
5855 17035481167901701
5856 17073170074296451
5857 17084280920651101
5858 17084342134550767
5859 17087077871825281
5860 17095175232411361
5861 17100034569482881
5862 17122351959710227
5863 17138002772126701
5864 17152545057159487
5865 17154292434745681
5866 17162805393786781
5867 17169962945499127
5868 17171610635067661
5869 17172928639684201
5870 17174412776306341
5871 17187200888551207
5872 17188427297443201
5873 17206836511936843
5874 17207506690866361
5875 17209337066029081
5876 17209981244941201
5877 17212223863080907
5878 17215120778627227
5879 17217356722854241
5880 17221223991789751
5881 17222529577610701
5882 17226930704491201
5883 17227117887950881
5884 17227145583058951
5885 17232553100891701
5886 17246769227291341
5887 17253723587584051
5888 17259073802865901
5889 17260623831888001
5890 17267192336587201
5891 17268394317449941
5892 17268508254606481
5893 17278015491321157
5894 17279387170171561
5895 17279412714850861
5896 17301503906470351
5897 17304808548834901
5898 17311028493623041
5899 17333405237457121
5900 17340360297406151
5901 17349143261709121
5902 17358474945825007
5903 17359448867055751
5904 17360314747800001
5905 17364189657838717
5906 17365578601773763
5907 17381147829850351
5908 17381286931479661
5909 17385520893774307
5910 17387865412498981
5911 17398317320939101
5912 17416601199754321
5913 17420037466274461
5914 17441698101847951
5915 17455234955723251
5916 17456845523275201
5917 17461761483503041
5918 17472254841579361
5919 17473147028952841
5920 17478843643739521
5921 17485948510575247
5922 17495670230597281
5923 17505392376276997
5924 17519986336898767
5925 17521981370110951
5926 17524818256638421
5927 17532663718436707
5928 17548009798382251
5929 17561386703345651
5930 17561861544768661
5931 17565986601497881
5932 17581950489360601
5933 17592840064306729
5934 17601690814862491
5935 17611716125923921
5936 17615990651245561
5937 17621446177380481
5938 17624045316726241
5939 17642162178499501
5940 17642864155368521
5941 17650102478266081
5942 17650970235105643
5943 17668856766369121
5944 17670758501739727
5945 17674760229773221
5946 17675910898351201
5947 17677707775245451
5948 17679016101657751
5949 17694913624675561
5950 17703979302330751
5951 17704789593929209
5952 17708629983817921
5953 17718145911420481
5954 17721313195840381
5955 17729254111625647
5956 17731977966446941
5957 17735776445316481
5958 17739315381532951
5959 17744877902043001
5960 17754440525852161
5961 17756037206297851
5962 17758371854242951
5963 17758595732657851
5964 17783516776997161
5965 17801613557842813
5966 17812669003769191
5967 17819064151144489
5968 17828785055095381
5969 17843627420351701
5970 17860589899057481
5971 17865013888663021
5972 17866412758253251
5973 17868440251059667
5974 17872614379706701
5975 17893644729237289
5976 17899293371486141
5977 17910534378233921
5978 17911914627748501
5979 17923977904512751
5980 17928878264284501
5981 17960720612167009
5982 17964010140128167
5983 17964899488453321
5984 17971190896505941
5985 18000892631517727
5986 18002728088407147
5987 18005202735896521
5988 18009806743885951
5989 18015148324519921
5990 18019818112544821
5991 18031406111587681
5992 18043222079816251
5993 18052088622858751
5994 18056330362143361
5995 18062197447437343
5996 18063758720981521
5997 18076287627391267
5998 18095550024389251
5999 18095789981412001
6000 18099626239118401
6001 18109504044932581
6002 18136508231852011
6003 18144138828782851
6004 18144561940145761
6005 18164762481366289
6006 18176660953389121
6007 18188932811877001
6008 18193440212171251
6009 18199646244616321
6010 18200094882564481
6011 18216583789365037
6012 18222981873371887
6013 18226804338271621
6014 18230103728275141
6015 18231936851745541
6016 18232145237697751
6017 18235786711014181
6018 18237320899163437
6019 18239955979539841
6020 18248546538070351
6021 18249085743832693
6022 18263343393976141
6023 18284347052750437
6024 18293858812071541
6025 18301729608335167
6026 18313834210032481
6027 18318097204925407
6028 18326263354030501
6029 18326283508152901
6030 18336174273241921
6031 18351197427112117
6032 18354495833664607
6033 18355373964903841
6034 18370401550598143
6035 18371466123389209
6036 18373502135645821
6037 18399367064545741
6038 18418392393794401
6039 18426171628819261
6040 18426808530707851
6041 18444776514585121
6042 18449335193997943
6043 18452098421846251
6044 18455236537836001
6045 18455873606034941
6046 18459832246244707
6047 18461203526308861
6048 18468816862950637
6049 18483801971537761
6050 18492945303708541
6051 18493499181280861
6052 18494717678531641
6053 18511116882207409
6054 18512166110884951
6055 18512639600698501
6056 18514691224665301
6057 18517579280560729
6058 18521007870160801
6059 18527300559235441
6060 18527506994224117
6061 18528300829986751
6062 18554568817347181
6063 18559377500889331
6064 18566808834648961
6065 18578957770920581
6066 18582310668726589
6067 18593064580807081
6068 18598446687198241
6069 18611293951377121
6070 18611902111660747
6071 18622315557827827
6072 18625372659721981
6073 18631388763202447
6074 18636755113541251
6075 18653669168833681
6076 18659041265105251
6077 18670478021153869
6078 18684499097138401
6079 18688144208529421
6080 18695615206219381
6081 18698562252519841
6082 18698863931780581
6083 18704899609993801
6084 18723043924025761
6085 18737104058450641
6086 18739330947084529
6087 18741339322178621
6088 18747372632352547
6089 18753999464756641
6090 18770051388222289
6091 18775467109486081
6092 18786925316346727
6093 18791803894100581
6094 18792068817191521
6095 18793464971165281
6096 18801503404248241
6097 18807714565941451
6098 18822561660703951
6099 18823779975047851
6100 18825124421162809
6101 18831006879323281
6102 18835675428387187
6103 18839640708975521
6104 18840214606464751
6105 18863757753312781
6106 18872419591144087
6107 18898724346738241
6108 18901204686891451
6109 18908088086054621
6110 18921481135132801
6111 18923690463975727
6112 18927564590186443
6113 18930037132641241
6114 18935242083637651
6115 18938401064785201
6116 18942375083768251
6117 18945342870672961
6118 18946464084690001
6119 18972169161556561
6120 18981808785902467
6121 18984976295591041
6122 19007360141646889
6123 19012444804123951
6124 19030481619856801
6125 19035141775329751
6126 19037158546745431
6127 19045186449756409
6128 19072428042023821
6129 19075867405943041
6130 19076671962949921
6131 19089515465920661
6132 19099155407893021
6133 19111210340498251
6134 19111866724311521
6135 19113276883201381
6136 19120176193413487
6137 19131226176989761
6138 19132002497363941
6139 19142669740350241
6140 19143789566155381
6141 19152624979970861
6142 19164648265964701
6143 19166133440878927
6144 19181499411788443
6145 19192964246132689
6146 19195940356678801
6147 19204337683093807
6148 19207881402731251
6149 19229547854051347
6150 19237329728436751
6151 19238082583119769
6152 19241847132907717
6153 19254450065144227
6154 19260854684139421
6155 19281267906998527
6156 19282034405285107
6157 19282828017008641
6158 19283139728453281
6159 19283367482071507
6160 19318704135706951
6161 19322703808417081
6162 19328660318609921
6163 19330368537912821
6164 19342936322382667
6165 19354027234999843
6166 19359032716448443
6167 19361276632485701
6168 19361315788625497
6169 19365635374956001
6170 19370812169426581
6171 19373202681218443
6172 19377790497976321
6173 19390329441263761
6174 19392023130052249
6175 19408196191496941
6176 19409210119255951
6177 19421366613082849
6178 19421817562757851
6179 19426734571681951
6180 19429456394534761
6181 19435086739252801
6182 19436102024629951
6183 19440410442079951
6184 19443081164826941
6185 19458610525546921
6186 19471508762071741
6187 19482832711127521
6188 19497998533171861
6189 19505677079732581
6190 19512171845138701
6191 19528529140327201
6192 19533583358514241
6193 19535220389870461
6194 19535640089650081
6195 19543374135183361
6196 19551274254796681
6197 19565877993501421
6198 19571100723493021
6199 19571598071934721
6200 19575944241347341
6201 19588102156143751
6202 19597427286518401
6203 19601741988703951
6204 19606348618153741
6205 19615284386963821
6206 19633144174482529
6207 19638963214706767
6208 19650999081735451
6209 19654760252360641
6210 19665694025197837
6211 19668560945191021
6212 19675215333365131
6213 19677694312750627
6214 19678367893329181
6215 19679076566511181
6216 19681862449773751
6217 19690961160677467
6218 19706140669816693
6219 19712109924031801
6220 19715145638695141
6221 19734789160614529
6222 19735475213595961
6223 19737503286090049
6224 19739649015824251
6225 19765522452959929
6226 19774224360966241
6227 19777144589703901
6228 19782187319268001
6229 19783374083254081
6230 19783813291966441
6231 19791689308440001
6232 19802845999443517
6233 19825758340463261
6234 19826614938105361
6235 19827319953863437
6236 19827373092591877
6237 19829732239713061
6238 19844526840193921
6239 19845152893917037
6240 19847037891369781
6241 19855476269765251
6242 19875373158692047
6243 19879298236918207
6244 19881787212744461
6245 19908409401267481
6246 19908606449324251
6247 19911761839948681
6248 19913726937718027
6249 19934757038192641
6250 19950643043718397
6251 19959610394534467
6252 19961701292332801
6253 19964264277300661
6254 19979213356817947
6255 19982124097654951
6256 19990097492061451
6257 19993540239283249
6258 19995640537587301
6259 19999701605640751
6260 20009776899370081
6261 20017965962931751
6262 20024159591669941
6263 20031788589524251
6264 20052221868238823
6265 20072239292702521
6266 20080519988319649
6267 20087944916877091
6268 20103702316519387
6269 20113463019918451
6270 20131118499196981
6271 20132467108600087
6272 20132900350775101
6273 20138614205997517
6274 20145891530706941
6275 20146917121548661
6276 20147964360397387
6277 20150145041355181
6278 20159507725232851
6279 20169267383373301
6280 20169373381370821
6281 20172916444193281
6282 20174971062909937
6283 20213129993720401
6284 20219465020474807
6285 20225216644073761
6286 20234073824163301
6287 20253532453296721
6288 20258671320253801
6289 20259098859327751
6290 20272601247344167
6291 20273939969148361
6292 20284754797722421
6293 20286096335787151
6294 20287397198719681
6295 20301890090301751
6296 20303001486181501
6297 20311671418057951
6298 20311822331072821
6299 20314583062740961
6300 20315184375583441
6301 20324656520643361
6302 20326758518621161
6303 20327788471447621
6304 20328065552363887
6305 20333499792025351
6306 20342227577957851
6307 20344647730979557
6308 20355235851197341
6309 20367469968833347
6310 20383838630050351
6311 20393194123479451
6312 20411737864692301
6313 20415513364522291
6314 20415686854466641
6315 20430044096493877
6316 20463542617207421
6317 20471205702558451
6318 20478759646834261
6319 20484928642822381
6320 20485451514327361
6321 20493899997837113
6322 20504154701990881
6323 20510974954976941
6324 20517758571658321
6325 20518345408013251
6326 20521473938245351
6327 20531979548540461
6328 20567347445161921
6329 20623826868744721
6330 20626633245163501
6331 20627920502395013
6332 20649257664095341
6333 20665723867004449
6334 20668576243553101
6335 20680337679108661
6336 20680438555869121
6337 20689481071327417
6338 20692253217540451
6339 20696748424617847
6340 20704452940789441
6341 20724362919464401
6342 20728352937154747
6343 20736385595281501
6344 20744388920280187
6345 20758314840245251
6346 20759582584018981
6347 20785941946709677
6348 20787689363892907
6349 20809567055502721
6350 20810145882771451
6351 20811457178587693
6352 20817631774558807
6353 20826966740539969
6354 20832983001472801
6355 20843612024274937
6356 20847407266232821
6357 20849401670708161
6358 20854660835322901
6359 20858160392190241
6360 20858239073896381
6361 20874253073392801
6362 20880140541393451
6363 20881916190488107
6364 20896096346619451
6365 20899010673422251
6366 20904597034468951
6367 20906608761276841
6368 20919852457798141
6369 20921106346788397
6370 20921914348021261
6371 20922601765615801
6372 20925717446060701
6373 20928640743820981
6374 20951953036969961
6375 20964408522435841
6376 20964442838227211
6377 20968741693821841
6378 20976807969792487
6379 20999038064332681
6380 21009310753868881
6381 21031180504793761
6382 21040224110801761
6383 21040890090524461
6384 21044631982046221
6385 21047186572493467
6386 21049585730316343
6387 21060120056981041
6388 21061910347746451
6389 21063054068519689
6390 21077517316712851
6391 21081392084802787
6392 21098651111269201
6393 21098812031625751
6394 21102427317777301
6395 21117628733136769
6396 21134201427652051
6397 21137183569698787
6398 21154948136722681
6399 21160993130927821
6400 21168006384000481
6401 21182328234219221
6402 21195222825014101
6403 21196487982792943
6404 21224183690661451
6405 21226027528251409
6406 21242369100033451
6407 21242788855256251
6408 21247138706192101
6409 21250725717958201
6410 21252025269755281
6411 21281328906864721
6412 21286052858682727
6413 21287132449254181
6414 21293068196719661
6415 21294686565327037
6416 21296245346889031
6417 21302007131943001
6418 21305785585822561
6419 21309670228681981
6420 21310154519015521
6421 21311875113202801
6422 21317122827785947
6423 21327909788110351
6424 21368804434615987
6425 21371728130160643
6426 21380382520919011
6427 21391818304384951
6428 21395372896977661
6429 21398271591749197
6430 21398502676795201
6431 21423587106144217
6432 21426056697957451
6433 21426229286696197
6434 21442258618502881
6435 21446489349879301
6436 21452728922418751
6437 21459975603024001
6438 21464628285096001
6439 21469514846473009
6440 21475056376049251
6441 21477560587816147
6442 21480531380565643
6443 21513385025015461
6444 21514051841355361
6445 21542713631137441
6446 21548537520625501
6447 21564780850501201
6448 21578914564997329
6449 21609362928958201
6450 21612705183563551
6451 21616325456367241
6452 21617740725769921
6453 21623791941055201
6454 21626456907732907
6455 21650633161425451
6456 21661334616354751
6457 21670150256112601
6458 21675094393373821
6459 21681268265438827
6460 21687329318087317
6461 21703814153199361
6462 21707186810814541
6463 21714110573375767
6464 21714623787571513
6465 21716789311125091
6466 21721530931163251
6467 21730145943978181
6468 21746999956573501
6469 21753667870963381
6470 21756237930153211
6471 21760530162543811
6472 21763694209118401
6473 21766458449452261
6474 21769990553378341
6475 21793934879828821
6476 21797521996989601
6477 21809169917275861
6478 21815402621395351
6479 21832227946938961
6480 21833461760620681
6481 21848186689670701
6482 21861480589715341
6483 21874960561214251
6484 21887182391883661
6485 21890729992158721
6486 21898472622746287
6487 21921059210208451
6488 21925562375889901
6489 21931088003550967
6490 21941467482638887
6491 21942823919359201
6492 21944111345955541
6493 21949182590155507
6494 21950982938748169
6495 21956472301525807
6496 21961916923370401
6497 21977811096244741
6498 21981484422165421
6499 21986718183764461
6500 21991199115603841
6501 21998342216620351
6502 22006811998971361
6503 22015599180325297
6504 22022114156750881
6505 22037008815004153
6506 22057550357702947
6507 22068040146118063
6508 22086602879523451
6509 22092506546531191
6510 22110818252856961
6511 22116010020332887
6512 22116645333347251
6513 22120152881678881
6514 22127139687354241
6515 22152254188754341
6516 22157365568796361
6517 22168346687764201
6518 22172178383886169
6519 22179061417491721
6520 22197687753239041
6521 22203451192154737
6522 22204402069111771
6523 22206322124892001
6524 22207301058720781
6525 22208940994469347
6526 22212662804352541
6527 22218068556119521
6528 22222319640361387
6529 22223174513451361
6530 22243598104377407
6531 22254011612095117
6532 22261642948850401
6533 22263036901265161
6534 22263689504524249
6535 22264973814490441
6536 22269921542968441
6537 22300016730939751
6538 22300502315129569
6539 22317588790720987
6540 22318613835441661
6541 22321849591313641
6542 22328223667640281
6543 22331913205986001
6544 22333869372214627
6545 22343929901473441
6546 22361527814195809
6547 22381513841359681
6548 22387163398605727
6549 22397435041840093
6550 22411756427878261
6551 22413509467669081
6552 22428853349349061
6553 22438435745573347
6554 22444694537679541
6555 22458132982525609
6556 22463398799967841
6557 22472958367385011
6558 22476613655061637
6559 22499683576112497
6560 22501213591364047
6561 22504194570475351
6562 22525945850547751
6563 22531110908134561
6564 22533445995043747
6565 22534699743273451
6566 22544309368214437
6567 22550114776617601
6568 22553156934185767
6569 22553438066565451
6570 22553439729083551
6571 22567900725720307
6572 22578530778825451
6573 22578613738084801
6574 22581049413439441
6575 22581743226007681
6576 22593499308373951
6577 22596531568659901
6578 22598827562276101
6579 22611768590228641
6580 22630021674610351
6581 22633567043527441
6582 22644960309121837
6583 22650906637528093
6584 22652260334311843
6585 22667802075285751
6586 22670223117411451
6587 22670627841543067
6588 22674914954076481
6589 22685511188952751
6590 22702777983027841
6591 22704897942628747
6592 22725081685418227
6593 22736624448682567
6594 22745655601438771
6595 22752441706185187
6596 22764496842591661
6597 22772639969900101
6598 22776845593439051
6599 22779023221474801
6600 22780470208786027
6601 22780582159894561
6602 22784242760011261
6603 22790042814406561
6604 22805278296868621
6605 22818829639946401
6606 22827324251097451
6607 22829739206209093
6608 22839683977782181
6609 22845683440763041
6610 22885741648716451
6611 22891611829674241
6612 22898454003250381
6613 22907237492457541
6614 22923276379520161
6615 22953476552205821
6616 22959439313637487
6617 22965220062533431
6618 22965287289577951
6619 22973861850351301
6620 22980310690037851
6621 22986576135236647
6622 22996867581070351
6623 23006447827764607
6624 23023086962162827
6625 23047448467634251
6626 23065458323053807
6627 23075835874424101
6628 23079445149489301
6629 23086633084836751
6630 23090429393937181
6631 23095535636564821
6632 23118856662135529
6633 23126836420197751
6634 23132132628924941
6635 23153548869612961
6636 23154099558309721
6637 23174108723954341
6638 23190387230563741
6639 23206309518841021
6640 23236357612319521
6641 23246860202315401
6642 23248918759111501
6643 23253089231853601
6644 23259390500586241
6645 23282264781147191
6646 23302578530941951
6647 23309117728742581
6648 23310536644412167
6649 23323227087755401
6650 23323863033492841
6651 23330877774287467
6652 23332160845603567
6653 23342984489508841
6654 23345096174617951
6655 23347246924872001
6656 23363911594787851
6657 23369876980821289
6658 23371025551773769
6659 23393965957116751
6660 23400364693863169
6661 23401609229951947
6662 23403361194151849
6663 23407935766519721
6664 23428148571643681
6665 23431449026025697
6666 23433441613200581
6667 23467996293003541
6668 23470944162197401
6669 23471848806893761
6670 23478176813874751
6671 23481310081633687
6672 23490626536076701
6673 23496346790845351
6674 23513263857915841
6675 23518667055344581
6676 23522443155458041
6677 23526938647430401
6678 23531023614390001
6679 23532029964432001
6680 23532965548487851
6681 23533429491552241
6682 23560719811611001
6683 23564314696978987
6684 23569861431468061
6685 23574393490214401
6686 23583968462746651
6687 23590604994203341
6688 23610027775501441
6689 23613442779722251
6690 23617512241224301
6691 23617794820074451
6692 23625211184068561
6693 23625640570112197
6694 23640217617875041
6695 23650953559376557
6696 23659331836657921
6697 23661974053742221
6698 23679868187550961
6699 23682743124186217
6700 23690489170386781
6701 23695983680534881
6702 23696183804794021
6703 23712964834116097
6704 23718655551284821
6705 23728405492805941
6706 23746882697825281
6707 23786197404898897
6708 23786291732147101
6709 23791169275546201
6710 23807948487229147
6711 23811577720255027
6712 23819051285720443
6713 23826301170045877
6714 23826875384169007
6715 23828813301649441
6716 23830627190573641
6717 23831989756946401
6718 23873437820799841
6719 23884250138453251
6720 23886150378828481
6721 23887433173285441
6722 23895087809772481
6723 23897463734216047
6724 23905098841003129
6725 23910769296912961
6726 23936186459173141
6727 23944772516140717
6728 23947420517085451
6729 23954358856500901
6730 23964472207510201
6731 23980690836142501
6732 23990729779724401
6733 23993921982898561
6734 23996716616426401
6735 24013861243327621
6736 24031809806392081
6737 24034041681294943
6738 24077072612957167
6739 24083372915122561
6740 24088026954932461
6741 24105202947824221
6742 24106085969857921
6743 24110255494221601
6744 24126549747586021
6745 24142468456497301
6746 24145009522049347
6747 24153083861811049
6748 24174806426010241
6749 24188792447089957
6750 24195672227050351
6751 24201615405195841
6752 24202871691126721
6753 24215309288813161
6754 24217516316297851
6755 24237916688596249
6756 24238550537308801
6757 24246899880202081
6758 24258998644406527
6759 24260715050494081
6760 24273446098181281
6761 24277137819889921
6762 24280876643188771
6763 24290140751810641
6764 24298264277729527
6765 24306513196379041
6766 24307056067612321
6767 24311718414234343
6768 24335002158243841
6769 24335465000940367
6770 24336206310437251
6771 24347185002881947
6772 24352289659492321
6773 24374897360455951
6774 24375864660253849
6775 24381328332425221
6776 24393710883681751
6777 24413279351815201
6778 24413296262831101
6779 24414675815350081
6780 24426503060373541
6781 24431421136570421
6782 24431755113787771
6783 24433320804652321
6784 24444491716525921
6785 24446598550886521
6786 24451703638049227
6787 24455613175735681
6788 24476392401627511
6789 24481398005588287
6790 24502825924693117
6791 24533246744671087
6792 24540579863105221
6793 24571446969834451
6794 24587878665703237
6795 24626498291708041
6796 24628442438291581
6797 24640389289382401
6798 24647074978854721
6799 24651298570030021
6800 24653533131336121
6801 24656865119742721
6802 24674215628689849
6803 24697004197944427
6804 24701334261812851
6805 24704617421590021
6806 24717635963207461
6807 24722035813521289
6808 24728490094843201
6809 24743042660633221
6810 24757726847612221
6811 24764580306987841
6812 24765084386370751
6813 24779703000029251
6814 24788827653914101
6815 24793879996255987
6816 24797689874070301
6817 24800127255360463
6818 24806327997838843
6819 24813566484852421
6820 24825059457989251
6821 24845489496858889
6822 24845579689465063
6823 24849026542575901
6824 24853199225514277
6825 24861752905400251
6826 24868413331867201
6827 24869361972152701
6828 24873000898271107
6829 24899233021401601
6830 24906147399491221
6831 24921343143164641
6832 24922223727376951
6833 24922852374709441
6834 24923719753478101
6835 24931145262929041
6836 24934303656889201
6837 24938028653529421
6838 24950958882604987
6839 24953764308419827
6840 24957460887272677
6841 24957757013546701
6842 24961955035217341
6843 24966927173643841
6844 24991711125098521
6845 24996564664740481
6846 25002600168692077
6847 25004106427950541
6848 25031765120025751
6849 25034040349222081
6850 25039792789107583
6851 25047498994019041
6852 25068885019823041
6853 25071781060096321
6854 25084487422998361
6855 25088805213388963
6856 25099811005778281
6857 25099998887543401
6858 25112705496832801
6859 25120329464575621
6860 25128334792330849
6861 25138388287187251
6862 25138857968763841
6863 25156352002472209
6864 25167822925055329
6865 25181888572431841
6866 25184917216278007
6867 25189772628548431
6868 25189906914847867
6869 25196937537548701
6870 25197920708822401
6871 25203079843362541
6872 25203423481229251
6873 25204364594760037
6874 25226373370429687
6875 25230787714785451
6876 25233845198631847
6877 25259087391432049
6878 25265073525875041
6879 25276491159816961
6880 25276703929630561
6881 25278356858892301
6882 25293003141901951
6883 25308758248375141
6884 25309256845401121
6885 25322524066340887
6886 25335759089717077
6887 25342776385516981
6888 25351371494815969
6889 25353205689324061
6890 25361882568833329
6891 25368520906644301
6892 25381370119246021
6893 25424059601123041
6894 25430177375967451
6895 25440010734836557
6896 25448167805937661
6897 25454151126935731
6898 25455468908731681
6899 25467744643916581
6900 25483944536714809
6901 25489591700296501
6902 25506270760486141
6903 25515918095443921
6904 25524084235806241
6905 25541100596831041
6906 25543436479017451
6907 25551039511879087
6908 25564881327960889
6909 25592047097758597
6910 25603826783219821
6911 25612649642245387
6912 25624431675958081
6913 25624519548364327
6914 25638236747167747
6915 25651976835980197
6916 25660983159570901
6917 25669910157737581
6918 25682633374965451
6919 25706377609403041
6920 25712688618791107
6921 25713595788868261
6922 25714575468970741
6923 25716150342519781
6924 25720127342063461
6925 25725842741333281
6926 25766470738184221
6927 25769848738072141
6928 25770755876191987
6929 25781382953686951
6930 25793555447572741
6931 25793937023959261
6932 25810156629342361
6933 25816346767802251
6934 25821036161456581
6935 25821395348551129
6936 25826544969102541
6937 25850807905746721
6938 25852133052813217
6939 25855219254476641
6940 25856332536790729
6941 25862931280642501
6942 25870691175192181
6943 25897814799017281
6944 25937445797820901
6945 25942015504807921
6946 25953728997525481
6947 25956234015632917
6948 25959909507293401
6949 25974444006122641
6950 25975009875429847
6951 25984773611191861
6952 25985148103340161
6953 25996443145132687
6954 26006260242970291
6955 26009376845334301
6956 26009925309102551
6957 26010591022618561
6958 26021361720782851
6959 26022317983436197
6960 26023775007240181
6961 26032979910463429
6962 26042284959227461
6963 26042756179515643
6964 26057657815295947
6965 26061822716913397
6966 26071445667491041
6967 26073624484335781
6968 26074610999023861
6969 26094746832298567
6970 26099299271040637
6971 26102350659180421
6972 26122706972104627
6973 26147266186598569
6974 26148880281383641
6975 26149620296822881
6976 26156930997657547
6977 26176138954241761
6978 26183409832929667
6979 26187429419255677
6980 26198292047854501
6981 26198594200687681
6982 26204882272506451
6983 26223114337993387
6984 26237256659802541
6985 26241819220851601
6986 26269513995483361
6987 26272151515434961
6988 26302610646316621
6989 26303243440367521
6990 26312480531151361
6991 26320669358922751
6992 26321247153264961
6993 26322191338122241
6994 26325765905628001
6995 26325848201487451
6996 26339973844590997
6997 26345178403535701
6998 26346720960460981
6999 26347233673665451
7000 26350687742771701
7001 26369713553220451
7002 26378685903184807
7003 26381445733854751
7004 26389514802723463
7005 26390108173830787
7006 26394974110253251
7007 26395619785651201
7008 26396658065932741
7009 26399305059204421
7010 26402834590005061
7011 26408846365231501
7012 26424087738993001
7013 26437198036650721
7014 26449261346772721
7015 26458030065299647
7016 26473084778174329
7017 26474700166249249
7018 26486052931870849
7019 26490285458852407
7020 26512063109055721
7021 26513094766767451
7022 26522266983156961
7023 26524045783013047
7024 26525237946579877
7025 26528892778894087
7026 26529443478888481
7027 26536633968989341
7028 26538110729924641
7029 26538313885598401
7030 26561313352176121
7031 26566222537085941
7032 26573138129930941
7033 26576740103097601
7034 26577649547207761
7035 26589987214385407
7036 26597501751177727
7037 26602470241513741
7038 26613155749372831
7039 26614483816940251
7040 26619476118544501
7041 26624673779757301
7042 26626196805667201
7043 26640260869827247
7044 26668110945044341
7045 26669053214522461
7046 26672199597580963
7047 26684199784960489
7048 26690448088807651
7049 26699525291406241
7050 26702043133488661
7051 26719283161566451
7052 26726124182382721
7053 26737889494148647
7054 26740354082860351
7055 26744639912042167
7056 26752089908537251
7057 26762800035639361
7058 26767708391057401
7059 26773817898172801
7060 26789465245660781
7061 26806414194773461
7062 26816624020546951
7063 26826500285169841
7064 26837173640963089
7065 26843820451743601
7066 26866130310123301
7067 26867653711583329
7068 26874008627472343
7069 26885814277837093
7070 26886305613159361
7071 26891469591787961
7072 26897528911727251
7073 26903047623615967
7074 26911824028287661
7075 26917225241608981
7076 26920399403274301
7077 26929510361149441
7078 26933182211705701
7079 26934145189195661
7080 26951990528760481
7081 26959566275976067
7082 26972867604731317
7083 26987543074989649
7084 27017734292409121
7085 27023604839959729
7086 27034849666976581
7087 27044179174036597
7088 27044951841272611
7089 27049764223249687
7090 27053590853913601
7091 27066778800253561
7092 27069170473375801
7093 27081746274638287
7094 27086051474633227
7095 27116979972756451
7096 27120734632096951
7097 27126354736177849
7098 27147665129667967
7099 27160004170957087
7100 27161008578759061
7101 27174491068964221
7102 27182100921813181
7103 27182466837701251
7104 27201298150090261
7105 27215363068629601
7106 27215854500199861
7107 27218483414818561
7108 27224527241267281
7109 27260362808319187
7110 27312528899380861
7111 27325151239621861
7112 27330818216176621
7113 27340178966009761
7114 27346299342820807
7115 27366014750314609
7116 27378952562931157
7117 27394124574762877
7118 27395852544214087
7119 27398362135630501
7120 27428010948981271
7121 27429161093679361
7122 27437000103378001
7123 27450611692913251
7124 27454635931151227
7125 27456230876224321
7126 27474031816330321
7127 27475640017559281
7128 27480616406224381
7129 27518101267551049
7130 27531904146170401
7131 27536414680634201
7132 27536854032664021
7133 27545609794611751
7134 27549055412594101
7135 27571697330179609
7136 27581986986712381
7137 27605929232505601
7138 27607185362195251
7139 27633977714377921
7140 27639061737169501
7141 27646736358223261
7142 27650461190637421
7143 27654185979625609
7144 27663201033662851
7145 27672370552039201
7146 27674626521072889
7147 27684894270119689
7148 27696929793538501
7149 27699138343981729
7150 27710603299762951
7151 27720998124360661
7152 27727442884681021
7153 27730183043701951
7154 27736233226703041
7155 27779682671545351
7156 27790964203453951
7157 27823854002467771
7158 27837305860883221
7159 27839457809165701
7160 27843000880483951
7161 27853900666537501
7162 27861157152206281
7163 27864518204154001
7164 27868237892443801
7165 27871378698609361
7166 27875155293881281
7167 27887270324319451
7168 27891346482854137
7169 27904717713325441
7170 27934791894900547
7171 27953407376521987
7172 27955583848707121
7173 27957941171069761
7174 27985729909421521
7175 28020500703540001
7176 28021012007510881
7177 28033669264037851
7178 28038383040716641
7179 28053480885326821
7180 28078908521755681
7181 28088715910460041
7182 28107243442040401
7183 28118195263501201
7184 28128059050182571
7185 28128628116106381
7186 28130198190166081
7187 28132615400521501
7188 28153424115106951
7189 28154961936092881
7190 28166609683239301
7191 28177832754907951
7192 28180265072054401
7193 28186436325783781
7194 28187670897009601
7195 28189194836845351
7196 28196033335353397
7197 28206273596621671
7198 28210923181808641
7199 28223116897829041
7200 28229472109209367
7201 28234746722800351
7202 28240399581668569
7203 28251462685176721
7204 28255438609965451
7205 28256026198807009
7206 28282962777877081
7207 28300993079140321
7208 28318658277945967
7209 28321066409249521
7210 28330323405289951
7211 28332666414417751
7212 28338862965968161
7213 28347381110091427
7214 28365132846744541
7215 28371986857919251
7216 28394421589601761
7217 28404801688160701
7218 28409279562050887
7219 28413729772613281
7220 28419292668035791
7221 28426674093839101
7222 28445905646337961
7223 28455007467695141
7224 28459077706643317
7225 28462878411086737
7226 28464336270118561
7227 28492420879112851
7228 28495643939647921
7229 28505385961832851
7230 28505556148151167
7231 28508023423708537
7232 28509721819288951
7233 28542604017642007
7234 28546172259493687
7235 28573919145219841
7236 28579161368563681
7237 28581480467941441
7238 28597401093444751
7239 28601508527797927
7240 28619167360306027
7241 28625701895989921
7242 28640181096792541
7243 28642363856812621
7244 28648562111646751
7245 28655131086049357
7246 28669453816579507
7247 28699744604587201
7248 28700976420347437
7249 28710588264273541
7250 28714131201204247
7251 28723019924472721
7252 28734172418245141
7253 28738478337978169
7254 28743472944847501
7255 28745335124305381
7256 28752791018075521
7257 28782473896355041
7258 28784286644285287
7259 28785905623697041
7260 28797289445813701
7261 28809044459846041
7262 28827280417195261
7263 28831112758274401
7264 28837272351475369
7265 28859583125717767
7266 28862051462992201
7267 28874208100963501
7268 28893423615483961
7269 28896811312960951
7270 28899567407715643
7271 28902630607704481
7272 28906687259073601
7273 28918035771304681
7274 28919336058201751
7275 28921611504386641
7276 28952201135171621
7277 28967932017024001
7278 28993090070165761
7279 29003542727049901
7280 29013447141388951
7281 29013496197411967
7282 29019729876590701
7283 29036383688635471
7284 29039753043279841
7285 29041751178332227
7286 29044450636917787
7287 29049433653203443
7288 29049711735637781
7289 29050167211639681
7290 29050729302140461
7291 29055197852762401
7292 29057382454405861
7293 29067840985033369
7294 29082227579752201
7295 29083476740086081
7296 29090779037430241
7297 29096506818847621
7298 29097472384165051
7299 29104075183996807
7300 29110918275220321
7301 29125390332971437
7302 29128564725691087
7303 29143740741840649
7304 29157039591582787
7305 29168747600314141
7306 29169095406799501
7307 29178023149555741
7308 29181912187647451
7309 29187437141233801
7310 29187822049750981
7311 29206812226016251
7312 29214373218308209
7313 29229198090989041
7314 29243457614192221
7315 29246606417045761
7316 29256132832740361
7317 29258137137635251
7318 29258813292887641
7319 29263194965595667
7320 29278554384367441
7321 29291303581874461
7322 29308500516099421
7323 29319724112730409
7324 29328928833919961
7325 29338142207515021
7326 29345726321839201
7327 29352591419690401
7328 29370755369158561
7329 29382204445795351
7330 29392230868361437
7331 29393571639870901
7332 29400696014119301
7333 29409983663671621
7334 29413206399344689
7335 29423227198421521
7336 29436458860204507
7337 29441560950283249
7338 29444818371553087
7339 29445106229648569
7340 29452781393036731
7341 29452955958638101
7342 29506219874915941
7343 29510500314195127
7344 29513007071733751
7345 29516015414150821
7346 29526779645200351
7347 29541471181443787
7348 29542543699447747
7349 29548565674332769
7350 29553457749510241
7351 29555448442112851
7352 29556356607587809
7353 29583722514428431
7354 29588482871487541
7355 29599149304567081
7356 29618728524830141
7357 29620660735673101
7358 29621478549866941
7359 29641820447259721
7360 29642371870666843
7361 29645348137369147
7362 29667878774415181
7363 29678958250972201
7364 29710252121140951
7365 29710453964206861
7366 29714976533295787
7367 29716129062072181
7368 29729014323144001
7369 29735417458775827
7370 29743021087708321
7371 29747637747361081
7372 29748308809816801
7373 29749086452289601
7374 29750370872082901
7375 29753235317244421
7376 29761081334721661
7377 29766898968485761
7378 29783202743071201
7379 29786991055077121
7380 29799744593613637
7381 29807795417265361
7382 29810959183055881
7383 29838707525211769
7384 29863871646478057
7385 29868792177023521
7386 29873424056588251
7387 29887164286551547
7388 29901065377829647
7389 29908113492397141
7390 29908376158368241
7391 29915694911266561
7392 29915799912284947
7393 29923513123999951
7394 29927480278967041
7395 29946987917010001
7396 29948353264133587
7397 29950273255606021
7398 29963589660753451
7399 29968816397928409
7400 29969660265740821
7401 29975282814879001
7402 29977419858883561
7403 29982530490383161
7404 29989111409172847
7405 29997911472646321
7406 30003153989445649
7407 30011195264234329
7408 30012800965248001
7409 30018086892199867
7410 30020830945551001
7411 30040425209145121
7412 30042708333969787
7413 30048074818549927
7414 30053208487796881
7415 30055334541910921
7416 30059503207484321
7417 30070590125933471
7418 30072751576688701
7419 30082364855605921
7420 30089462760022597
7421 30098509889931451
7422 30099706432321681
7423 30104013822108661
7424 30113411382392161
7425 30126900806336137
7426 30127546494009667
7427 30132279041094001
7428 30139503380459287
7429 30155387433148981
7430 30162040433908951
7431 30163707710272951
7432 30176845338112021
7433 30185228046140707
7434 30201436987855741
7435 30203932204952617
7436 30205830051979147
7437 30207934896936341
7438 30208084612822957
7439 30220631132874451
7440 30230934319813921
7441 30236111901628951
7442 30241028749396501
7443 30253733922328027
7444 30263960248575121
7445 30269957150052901
7446 30274776879353467
7447 30276518792266321
7448 30289224499947463
7449 30289519655953447
7450 30292637420505511
7451 30304086289831201
7452 30305394078000247
7453 30313892402760961
7454 30320949443276161
7455 30327554203056601
7456 30346854273246967
7457 30354679371317761
7458 30370009510068961
7459 30372794240919301
7460 30378135339776647
7461 30384211628143981
7462 30384980752078261
7463 30390970255428751
7464 30396090367994041
7465 30419790749974081
7466 30422265347793061
7467 30423967008436801
7468 30426062561339101
7469 30428854911748567
7470 30444729932006209
7471 30447102537587851
7472 30452976710644801
7473 30453471768501181
7474 30467835594520351
7475 30468682569687049
7476 30473723040060721
7477 30489512325508321
7478 30491392256561611
7479 30491572085635501
7480 30498314447173249
7481 30505297017062089
7482 30512156822330041
7483 30513561003266221
7484 30516846715982401
7485 30520558634548951
7486 30521907815507041
7487 30529338215624641
7488 30532016238543289
7489 30534182414190001
7490 30585036483422851
7491 30606537276527941
7492 30633155980448251
7493 30653910257162851
7494 30656985206006251
7495 30660327019369477
7496 30675940766976961
7497 30688566732194401
7498 30692638006975981
7499 30703163776204501
7500 30709948865983421
7501 30714961806982447
7502 30717170082922597
7503 30725396372627041
7504 30729285465915877
7505 30747216108820801
7506 30747508501825369
7507 30748738174495351
7508 30754504057368451
7509 30754986795728161
7510 30755970958390081
7511 30761415172537741
7512 30762131445383521
7513 30762846605190727
7514 30765660333563041
7515 30766319269384261
7516 30774994159031431
7517 30775651589283049
7518 30788310576025351
7519 30807816926206321
7520 30822047898660481
7521 30823987312706491
7522 30840558351947521
7523 30853879559064277
7524 30857117603718451
7525 30887268031487089
7526 30891929376898591
7527 30916862981323021
7528 30920801942658781
7529 30925576777631581
7530 30926643546157441
7531 30930152614442881
7532 30933500224503889
7533 30974373332160001
7534 30978937597643197
7535 30995505568890721
7536 30999872896671421
7537 31006295331785047
7538 31034128219989757
7539 31035380139310861
7540 31038706038517981
7541 31057926423580981
7542 31065059475015931
7543 31075886915640451
7544 31092604284793609
7545 31098660843278089
7546 31105518072213007
7547 31122841913839681
7548 31123758129256981
7549 31126042175611951
7550 31128884253258721
7551 31135255898490901
7552 31142206282922797
7553 31150459026910081
7554 31150825749529207
7555 31152769798597441
7556 31165390486671451
7557 31171055470436857
7558 31180229853059647
7559 31180587623622581
7560 31186651472025121
7561 31189098674415841
7562 31214176205803951
7563 31222466485298401
7564 31224075753763621
7565 31228424931024751
7566 31232647805678401
7567 31235175028290241
7568 31241624864906527
7569 31243370870522201
7570 31250745985617427
7571 31256830748232181
7572 31278310610085001
7573 31284357133520947
7574 31296998902212961
7575 31313157405845701
7576 31337006155486921
7577 31350414020481601
7578 31354271724282841
7579 31356324708033529
7580 31370618846109121
7581 31388022440922421
7582 31402215280879381
7583 31403354304783361
7584 31411665757839907
7585 31420141331284261
7586 31421875229118307
7587 31441292224146001
7588 31445297410262041
7589 31469705186415121
7590 31478080538203129
7591 31480347869647951
7592 31485702992725801
7593 31502622448172851
7594 31512017309056021
7595 31541408681727121
7596 31543878892384207
7597 31546369742765221
7598 31549842376103143
7599 31556838354399247
7600 31559729018462851
7601 31567713832486261
7602 31574150207902807
7603 31587981730014169
7604 31588416865868677
7605 31590182462757001
7606 31590861074057851
7607 31594343436854161
7608 31600739033559361
7609 31605330941003143
7610 31628069070159451
7611 31653887007080341
7612 31657933933066729
7613 31691061748437841
7614 31693339094276161
7615 31699541088399241
7616 31705328894601601
7617 31729948211482951
7618 31730351951636161
7619 31765089644555041
7620 31766319463091263
7621 31772157442070251
7622 31772565547050721
7623 31777945184573761
7624 31784851333244161
7625 31792951627172851
7626 31797503866253143
7627 31797807844931521
7628 31802430466300861
7629 31803520168964611
7630 31815259452489787
7631 31831028080045921
7632 31845303258730081
7633 31848789876251521
7634 31860986678772751
7635 31874919493452967
7636 31886918207021767
7637 31902198411290671
7638 31907987969276161
7639 31927852751731003
7640 31930595437723951
7641 31946062216436701
7642 31951099364326081
7643 31952280815861281
7644 31958219943625951
7645 31958420377646701
7646 31978143208163701
7647 31983439873750597
7648 31985169629350351
7649 31985875818491461
7650 32008399431103009
7651 32013359634514081
7652 32014501040644207
7653 32041175640620581
7654 32046912358742401
7655 32050654087358341
7656 32081354017465567
7657 32081775666660241
7658 32086409475649813
7659 32122790840747881
7660 32134000684803841
7661 32139072664599517
7662 32156389433599681
7663 32168180876272201
7664 32189241363032161
7665 32190194800928251
7666 32190704372804413
7667 32218491372747751
7668 32222851097243647
7669 32229089634955951
7670 32238079697299141
7671 32252987822210443
7672 32262125472893161
7673 32262543189415369
7674 32263558140400021
7675 32277326750715961
7676 32282063967590251
7677 32307037491849121
7678 32339147289798667
7679 32340533046283177
7680 32347598454820351
7681 32357146607185861
7682 32358300251636981
7683 32373562515951361
7684 32374150756172881
7685 32381229361102561
7686 32406144904791901
7687 32441118287357851
7688 32441766701650351
7689 32445075169913281
7690 32446040579997661
7691 32453664092564527
7692 32454226159894507
7693 32458696573272481
7694 32464987918894081
7695 32473246477213541
7696 32473425842885947
7697 32484563395332397
7698 32507830819266601
7699 32509366987290451
7700 32516937533906101
7701 32518427383297081
7702 32531342695872721
7703 32545024518516481
7704 32546419098203251
7705 32554149616122241
7706 32556646869713443
7707 32565582431455321
7708 32576148903009421
7709 32587527186489529
7710 32600875478544187
7711 32615796098435941
7712 32619734695965121
7713 32622025758327067
7714 32627089337097169
7715 32641606101913681
7716 32649396941002201
7717 32664284608397041
7718 32676142559142241
7719 32677419998892481
7720 32679361527675481
7721 32684478719108401
7722 32689321577721901
7723 32703873427045321
7724 32780072390261281
7725 32786389326264121
7726 32790978787912801
7727 32796019107052093
7728 32803362645802561
7729 32805166296022207
7730 32811330528287851
7731 32814298324791289
7732 32829538352996449
7733 32832577059131449
7734 32838180816119101
7735 32868259553286361
7736 32869053730729147
7737 32879192242058401
7738 32887148334829951
7739 32888810955601987
7740 32888829783828241
7741 32891570102432161
7742 32907669089726251
7743 32948114346873601
7744 32963164970674681
7745 32965893180150841
7746 33013233843374881
7747 33015973395137851
7748 33023016578275501
7749 33028766723304901
7750 33039099598705201
7751 33043112469380641
7752 33048296527720081
7753 33054927461344951
7754 33061778422412851
7755 33076280466782101
7756 33077422450861561
7757 33082638983885971
7758 33088874245940341
7759 33095466728127361
7760 33099938602160167
7761 33101840934239941
7762 33109641845982241
7763 33121333801345609
7764 33134007545935321
7765 33148534382440901
7766 33151364344213501
7767 33151976119577701
7768 33167909936108641
7769 33168992257223761
7770 33171904945022581
7771 33181850731896751
7772 33189580239155281
7773 33191403830069101
7774 33195028718885221
7775 33196058240180221
7776 33200934610208401
7777 33215281655986501
7778 33215943424807369
7779 33228553940897941
7780 33232518679214401
7781 33248943319300561
7782 33254199907768951
7783 33291835245487681
7784 33303365312830891
7785 33304635994530781
7786 33306779383020343
7787 33307471027440697
7788 33308239367167129
7789 33330231132655969
7790 33339393989318341
7791 33405037805449081
7792 33418722052469521
7793 33440025615664951
7794 33441976982756161
7795 33459140906559721
7796 33466156829989201
7797 33473889690087841
7798 33487874802984961
7799 33496607559970561
7800 33501681361793347
7801 33507831608113747
7802 33512275328836501
7803 33514720554143251
7804 33523875756011801
7805 33537692887236541
7806 33545643051120121
7807 33560922122936161
7808 33593149747446451
7809 33607849135363201
7810 33632736634321021
7811 33632972503140529
7812 33669433425651787
7813 33687139558386001
7814 33693738065827951
7815 33707347971245101
7816 33721339935558241
7817 33721993449569701
7818 33723208855591921
7819 33743974061020843
7820 33750137615387077
7821 33755546730914401
7822 33758277943499569
7823 33765850343702881
7824 33767670559414843
7825 33804379126830691
7826 33816138326554561
7827 33826184849124361
7828 33829532438107141
7829 33833034189806881
7830 33833153315766421
7831 33838455521438881
7832 33857755441213861
7833 33866470846120321
7834 33886226349978241
7835 33894881484189601
7836 33896756526272641
7837 33922363483047961
7838 33935011945112851
7839 33944416382531077
7840 33961731601895521
7841 33963986143406401
7842 33974415823053751
7843 33976738313659501
7844 34000955797906441
7845 34014072731826547
7846 34028429053461481
7847 34030112004513721
7848 34033163518671661
7849 34054890849284401
7850 34071541469110351
7851 34073749605529009
7852 34099105758157441
7853 34109546119052161
7854 34110223365482461
7855 34114313579716327
7856 34118294708461321
7857 34125875462898277
7858 34141801598689201
7859 34143399039845287
7860 34148221479691021
7861 34157166220568143
7862 34168925207120761
7863 34169048093241811
7864 34175416234248451
7865 34203437920583821
7866 34217649790838281
7867 34220118116601427
7868 34232407979795929
7869 34237870272235351
7870 34241778318328951
7871 34249662160923301
7872 34250570468883361
7873 34269844590263521
7874 34278109354249921
7875 34278960314672851
7876 34283329611563341
7877 34287578232286843
7878 34310258573796367
7879 34317022573471501
7880 34337563943674451
7881 34345007847551701
7882 34351658910091027
7883 34361164408019041
7884 34388424425023813
7885 34401830999671981
7886 34410204269441461
7887 34417795583106121
7888 34436060318115289
7889 34436432416134601
7890 34452778894619221
7891 34456065286524481
7892 34456653484086961
7893 34487961038984161
7894 34492210463639161
7895 34497418325363281
7896 34503911475597367
7897 34524919757004841
7898 34547343219959221
7899 34549635049790701
7900 34553210474821501
7901 34556932970055541
7902 34557942494848501
7903 34573181800656241
7904 34579461498024061
7905 34590002573354581
7906 34598209312825381
7907 34606250276176801
7908 34612731313452181
7909 34618132051494967
7910 34633245824590561
7911 34635013425526447
7912 34651737363870871
7913 34652082298278061
7914 34655811840274561
7915 34658392503706561
7916 34673637220806517
7917 34679634968937421
7918 34679824589463301
7919 34691068534625917
7920 34698100404233251
7921 34706655317129401
7922 34707587628225487
7923 34718533972632751
7924 34720352063914861
7925 34721986364042407
7926 34749956493587341
7927 34760839924369261
7928 34764069554286157
7929 34764763439341981
7930 34778560782198061
7931 34790636944752841
7932 34809998681659609
7933 34812377809853701
7934 34831854759625951
7935 34854051538697581
7936 34861826989551451
7937 34875482290921117
7938 34884446856613117
7939 34885558077586081
7940 34887809721509761
7941 34889608648813141
7942 34891117240868701
7943 34892081092393951
7944 34892269381222987
7945 34897965092792569
7946 34904031468973441
7947 34942811908366207
7948 34956247744925281
7949 34959607629926761
7950 34977033232737601
7951 34979374220778541
7952 34981151664283021
7953 34982579999823121
7954 34984185520990609
7955 34984681801226587
7956 34985976381430381
7957 34987432776707881
7958 35003945030485861
7959 35016156810905047
7960 35022288779151049
7961 35028397419200461
7962 35033822240030701
7963 35057162886025351
7964 35060522606167843
7965 35080016839801501
7966 35087645470469707
7967 35091479820516121
7968 35092331693205931
7969 35095308132355661
7970 35098067061610351
7971 35114715832457341
7972 35120949105715021
7973 35132835093669721
7974 35132862232806781
7975 35137541408242057
7976 35143368148998847
7977 35145437800192807
7978 35149163325912751
7979 35163697711393081
7980 35166825193910581
7981 35173476847845001
7982 35176596021811441
7983 35180596364917921
7984 35180702084094661
7985 35194623434295751
7986 35195983188908587
7987 35196969538214641
7988 35214323510716741
7989 35228126881120321
7990 35255174468996641
7991 35257995203106281
7992 35265231350321281
7993 35268826947901207
7994 35270742533556757
7995 35274347072815861
7996 35285660311154401
7997 35299340091043381
7998 35300970598468387
7999 35308086557652751
8000 35309561247262417
8001 35319049803439201
8002 35321214533806801
8003 35322409152687361
8004 35328998898282781
8005 35375764563702751
8006 35387909294435521
8007 35402076179484241
8008 35402351599777681
8009 35422442424314401
8010 35432487522635941
8011 35432842404943369
8012 35447055744324421
8013 35457983875585981
8014 35462556002252881
8015 35478950151057661
8016 35490839291710687
8017 35495670764672161
8018 35496165657158251
8019 35499383117617921
8020 35503445971075351
8021 35509259924239501
8022 35516606693396251
8023 35518719362522761
8024 35520594917509661
8025 35540682199454407
8026 35542990376094241
8027 35548309104993361
8028 35569056706034827
8029 35576603807686801
8030 35577873500816641
8031 35583746430143341
8032 35607534746967121
8033 35608183787559241
8034 35613844714440541
8035 35628809135926843
8036 35658635036890951
8037 35669612479072027
8038 35689695326095807
8039 35690749112952541
8040 35698520479998241
8041 35713085590931251
8042 35723265212917441
8043 35724751623777361
8044 35737853699987851
8045 35748640931939501
8046 35755454042777281
8047 35770783407955681
8048 35771331223791901
8049 35781281970887701
8050 35803242708118021
8051 35806564358805241
8052 35807826850867501
8053 35825595439653277
8054 35840506608695521
8055 35884046847938141
8056 35890831522381501
8057 35913514741932889
8058 35917964298246889
8059 35984477791510561
8060 36001192513878901
8061 36006602302337941
8062 36021299814610351
8063 36034559350628581
8064 36045253356320161
8065 36065331080412481
8066 36075097001959021
8067 36083913067569751
8068 36091176730757209
8069 36093735405655201
8070 36095949788608951
8071 36100131195119197
8072 36102196908422851
8073 36137727190297693
8074 36138855138221809
8075 36140749487965627
8076 36143258946634927
8077 36157061350243681
8078 36161006977866601
8079 36171827287750087
8080 36174566060113687
8081 36204136302070801
8082 36219301471449721
8083 36241467732561961
8084 36243297516913987
8085 36260346326455681
8086 36265634431832851
8087 36275360222677441
8088 36311201590224961
8089 36326057987237761
8090 36328711181348701
8091 36331868673790381
8092 36338536182104641
8093 36345261754037701
8094 36362709019422241
8095 36370657024912729
8096 36383993436123649
8097 36405002286839089
8098 36409155453644221
8099 36411681281107861
8100 36413655139087129
8101 36414894270726721
8102 36456739916538241
8103 36466208725545289
8104 36467706994969681
8105 36481941190185409
8106 36485357375219581
8107 36487756177229701
8108 36494174981182141
8109 36509892298983001
8110 36515894585801287
8111 36521512886853637
8112 36526828847106601
8113 36558466846810567
8114 36579804537660841
8115 36586369716336901
8116 36587749663409647
8117 36666384685291567
8118 36668866368802807
8119 36673715085382537
8120 36691619047594507
8121 36701747743202251
8122 36707612777405461
8123 36717368679988921
8124 36727969749588811
8125 36755548138401907
8126 36765231922309921
8127 36765869572354081
8128 36770811547684321
8129 36784909762802587
8130 36800864980261201
8131 36801188074607041
8132 36801436583288527
8133 36812746339175809
8134 36813099662428501
8135 36831433903974361
8136 36835865915436649
8137 36840204001365451
8138 36860103226282561
8139 36862446786783511
8140 36887589400257289
8141 36898047633980347
8142 36903870560333701
8143 36904077927096451
8144 36909933499675351
8145 36917426543594101
8146 36985392395093143
8147 37005478102899721
8148 37006129858061761
8149 37012111283868481
8150 37012937246850241
8151 37020021712654501
8152 37032202044730441
8153 37036545650364781
8154 37052681272834501
8155 37056667822427767
8156 37056829780056241
8157 37074872960447407
8158 37076735311623001
8159 37094099481240367
8160 37094145404669761
8161 37098494222955661
8162 37100390090217301
8163 37104919061464801
8164 37104962522514721
8165 37124386802848621
8166 37142246016749281
8167 37142418856341067
8168 37150942613394781
8169 37164420374742541
8170 37175532637861441
8171 37177055492734561
8172 37184429074112347
8173 37191232521006367
8174 37200270867819361
8175 37216128257919451
8176 37218553264036321
8177 37231551340637581
8178 37231732844055751
8179 37240810924629121
8180 37252034516511361
8181 37254692483451301
8182 37261839948810751
8183 37263943491577741
8184 37267964759790187
8185 37281485602249951
8186 37294726171039837
8187 37300473596789677
8188 37305534077162209
8189 37326402771177451
8190 37332524948458231
8191 37333426532663341
8192 37345209804782881
8193 37351315870695667
8194 37365961579037101
8195 37371588241814287
8196 37397460600009901
8197 37403023101797761
8198 37414068549912181
8199 37427374125987049
8200 37431459362659051
8201 37433426360905849
8202 37456820128914847
8203 37465688309164741
8204 37479404477871361
8205 37487545857801271
8206 37496309193191701
8207 37503566569284769
8208 37506583562640307
8209 37525989211907041
8210 37542056094054487
8211 37572427945045267
8212 37583281998906601
8213 37587492844690951
8214 37595691875275267
8215 37606848466299481
8216 37615983899018227
8217 37615996863212689
8218 37632533396829757
8219 37637385627418921
8220 37638170514716281
8221 37639843335113977
8222 37659006191740867
8223 37668638358020251
8224 37674656758205827
8225 37676400020236441
8226 37679901863156101
8227 37712294161728481
8228 37723802273561251
8229 37748192692045951
8230 37757223628781581
8231 37760397213679813
8232 37761774436038421
8233 37774768829702941
8234 37775522433645751
8235 37789282977430141
8236 37795287371786101
8237 37800566354214901
8238 37805687453735011
8239 37806802008336481
8240 37808797844296447
8241 37812297932510947
8242 37824656872998451
8243 37825379263828661
8244 37842382369552801
8245 37864202240775751
8246 37920174096528481
8247 37934706753276451
8248 37955394724615681
8249 37973524479080581
8250 37980015599755951
8251 37992094880336689
8252 38003515504484161
8253 38004351813202321
8254 38010096148172851
8255 38011368869334547
8256 38012950442232751
8257 38022449930255251
8258 38023476883576381
8259 38024302822604881
8260 38026433312439097
8261 38042341625566981
8262 38117894313041047
8263 38154965342338981
8264 38156586289701601
8265 38168882539637851
8266 38173404192838801
8267 38177436332217601
8268 38181600022174561
8269 38201096923947361
8270 38206341538312837
8271 38221847349439267
8272 38222019749587981
8273 38226726952044811
8274 38240105657412961
8275 38244856167833701
8276 38245064442934081
8277 38279309320837621
8278 38288730390392809
8279 38292060362852341
8280 38294391849851593
8281 38299212234254947
8282 38308600032964381
8283 38317120528421741
8284 38322981953260507
8285 38336412311564641
8286 38356998916210081
8287 38363671236378461
8288 38384295060581161
8289 38402530472621281
8290 38418357023696341
8291 38418901344778501
8292 38425887366111451
8293 38428821220411441
8294 38436059395882807
8295 38439236942766721
8296 38444373345552301
8297 38455620977561941
8298 38459230666463521
8299 38468146334012851
8300 38470061016334729
8301 38471182532470201
8302 38479020714891751
8303 38498421431289121
8304 38508739845385441
8305 38522861591541601
8306 38526614772882721
8307 38539832569923847
8308 38555957843340841
8309 38562164743571569
8310 38573494006944943
8311 38579720171551021
8312 38589826153870531
8313 38591254288106101
8314 38592321156849241
8315 38592426582669961
8316 38618624824887361
8317 38639844019465501
8318 38640150669587851
8319 38647840908967951
8320 38648116659033001
8321 38660177008726237
8322 38662666830094147
8323 38674927966384951
8324 38679350569877557
8325 38684820994878301
8326 38685441121472641
8327 38733020326320391
8328 38742967466884801
8329 38765876256996661
8330 38772692896143781
8331 38790092371996027
8332 38794049194121761
8333 38798757183188161
8334 38838714724593361
8335 38845909270873981
8336 38857990143300751
8337 38873181323232481
8338 38881238284977661
8339 38906687208047851
8340 38915210758212361
8341 38924545704018547
8342 38935223935871077
8343 38936287168531849
8344 38937791878719841
8345 38945212580069641
8346 38961096455592721
8347 38963572153901587
8348 38971708171230421
8349 38975312330709751
8350 38982017053547521
8351 38989371600008857
8352 38999459665955521
8353 39000026103239521
8354 39000485692473769
8355 39020100097883941
8356 39022489888310881
8357 39032973919137061
8358 39059338370073121
8359 39060908023174201
8360 39062854395370009
8361 39063915067553209
8362 39063941584542289
8363 39074962688072821
8364 39076163120292481
8365 39117015917698951
8366 39130079996336647
8367 39136430214844201
8368 39136489407922747
8369 39159472649569387
8370 39168116853657907
8371 39179555266673251
8372 39179745287634451
8373 39182461926102961
8374 39201505734674251
8375 39217595126149441
8376 39220311776896801
8377 39228643486483951
8378 39233484750900001
8379 39248554051536961
8380 39251065882950721
8381 39255788347993369
8382 39276769169371861
8383 39277580842048231
8384 39285477808968847
8385 39286281158651521
8386 39293251011732061
8387 39297551838800251
8388 39299662983221761
8389 39300682271484961
8390 39303080441627047
8391 39304617291001201
8392 39306387715795201
8393 39311747495079841
8394 39312461765526841
8395 39313634396447251
8396 39330892437436321
8397 39345485663189707
8398 39348770523092647
8399 39355172879455261
8400 39362243148741061
8401 39371199734804941
8402 39380763530280061
8403 39392214672133261
8404 39442215027414781
8405 39458018376764209
8406 39459263475422641
8407 39471174716242081
8408 39478681389442051
8409 39480804952303681
8410 39496673898134251
8411 39523849774490401
8412 39529581820625041
8413 39542189987882851
8414 39560231915295451
8415 39580985219061877
8416 39584228878104769
8417 39604122471047947
8418 39607535767656781
8419 39613818019171861
8420 39618930038574547
8421 39622226293082287
8422 39648756112907401
8423 39656178690983401
8424 39673925396004961
8425 39679062849671701
8426 39685727834774101
8427 39692462083465813
8428 39705740780214451
8429 39709126092095461
8430 39711171776815951
8431 39727635325964587
8432 39767636538589147
8433 39770755646967361
8434 39778084332067201
8435 39782652666278881
8436 39796118561970847
8437 39828889676453281
8438 39841902924544801
8439 39860434453735351
8440 39864219922418251
8441 39873581394173101
8442 39873825413856961
8443 39885052799236837
8444 39895526406305347
8445 39898600806138961
8446 39908710245891847
8447 39920088526240861
8448 39923580451086649
8449 39924357862846969
8450 39979787054165251
8451 39991545288867901
8452 40014873882445351
8453 40018148158005907
8454 40019303491070881
8455 40020720847921711
8456 40060532224746721
8457 40071635540948563
8458 40074697890168481
8459 40107541662589441
8460 40110228653981041
8461 40110997395983251
8462 40121798677342357
8463 40133511578930401
8464 40133821000973761
8465 40137593546561941
8466 40168641047368681
8467 40172843781419521
8468 40176956317907881
8469 40185240910112521
8470 40192571884992001
8471 40198669001910721
8472 40218896213852329
8473 40223828424630241
8474 40234479124378951
8475 40249957777726201
8476 40252331342706841
8477 40265941918652101
8478 40304626284314701
8479 40311546774774241
8480 40313017977729661
8481 40338236435494861
8482 40349335124113849
8483 40351666052210701
8484 40354679267079451
8485 40359016995797761
8486 40389737247550351
8487 40395842529878021
8488 40425176215411681
8489 40426285208283461
8490 40440963741771421
8491 40457340330860251
8492 40470230415109951
8493 40481529031048951
8494 40489566120955201
8495 40518334075184101
8496 40519495534665421
8497 40527280394450167
8498 40546829010466531
8499 40546883670986401
8500 40561340748893281
8501 40572615302296117
8502 40582203209868241
8503 40582354563377569
8504 40622072462545351
8505 40626936608506561
8506 40628191726120501
8507 40641062447670301
8508 40644723216690361
8509 40646805038434561
8510 40654225284803209
8511 40654304149080187
8512 40656820519500907
8513 40657818145369441
8514 40696847390735551
8515 40708400142700369
8516 40719174467795209
8517 40722468486769921
8518 40737423686794129
8519 40746153677193607
8520 40754177573756221
8521 40773433958206471
8522 40792591635166801
8523 40824000066720001
8524 40827476280755251
8525 40828243142106289
8526 40855100244775741
8527 40878347716854997
8528 40897191814267951
8529 40898162526625951
8530 40921196056139101
8531 40942922576881441
8532 40945275950892409
8533 40953606277196341
8534 40966318834681501
8535 41025862950867451
8536 41040763899643681
8537 41057911474900321
8538 41081617349990071
8539 41093957174796247
8540 41117656574650501
8541 41118790697430637
8542 41119591016664751
8543 41120268622212529
8544 41132177056751761
8545 41132741923453267
8546 41134445562609367
8547 41142829340054641
8548 41156758159043671
8549 41159166902121451
8550 41159758908059041
8551 41172581217602641
8552 41178175193347741
8553 41216755408600801
8554 41227814373113521
8555 41245700069412541
8556 41250939003827101
8557 41255669972502721
8558 41260247134217317
8559 41265634216477747
8560 41267312818212601
8561 41281687395546841
8562 41286931201346221
8563 41290541244549451
8564 41300389404814321
8565 41302402517120587
8566 41309563024170451
8567 41313709378051951
8568 41317098197173901
8569 41317670559858967
8570 41331624017908927
8571 41343273745942561
8572 41354245014063001
8573 41364381379522321
8574 41365350422692129
8575 41368730400181801
8576 41373205624064047
8577 41393656271937601
8578 41397349895042221
8579 41397813035207887
8580 41403087003663967
8581 41409425976896251
8582 41434640162327527
8583 41436242562820951
8584 41457897548821687
8585 41462452251834241
8586 41463458789672851
8587 41480638439731501
8588 41483855359134541
8589 41484328985272951
8590 41488814716904491
8591 41499884850049627
8592 41506915766982751
8593 41517459282656701
8594 41539077292580929
8595 41557138934068801
8596 41562382111402951
8597 41566714287764221
8598 41575699332182881
8599 41587556227962841
8600 41588858579736529
8601 41593670422833121
8602 41628945735683041
8603 41654878395523489
8604 41671622955669367
8605 41672568520306501
8606 41677280193042001
8607 41680416504092941
8608 41692751652963421
8609 41700339152357761
8610 41726306947907851
8611 41730745321681561
8612 41733793377279277
8613 41738505930027601
8614 41758534163010001
8615 41758745717570641
8616 41794528367502751
8617 41797436235610201
8618 41807458787120461
8619 41831613122029741
8620 41832272998370401
8621 41847094998084421
8622 41862078761341147
8623 41875566908344021
8624 41876818065526501
8625 41877402317544151
8626 41903572552863451
8627 41908006721184001
8628 41943384463704481
8629 41946302444883301
8630 41953055197988089
8631 41964517123460821
8632 41966186104391251
8633 41981782868986507
8634 41986282590690301
8635 41990107776470101
8636 41991359693295781
8637 42022594101873421
8638 42032196319887901
8639 42074097086267821
8640 42102091234413451
8641 42138450716898691
8642 42146583770448361
8643 42148603759490401
8644 42156682345516087
8645 42163773271240861
8646 42175178661067201
8647 42182113122985447
8648 42191380505916727
8649 42211182749847361
8650 42215892930552421
8651 42216311354522581
8652 42236647560027007
8653 42247949261828161
8654 42259001492099701
8655 42268665570750361
8656 42289046132138149
8657 42316219526028757
8658 42322644298823761
8659 42346795738588963
8660 42351151706334901
8661 42370708750554601
8662 42376425594810049
8663 42387554909170351
8664 42399081525570661
8665 42403834063003141
8666 42405750275662507
8667 42409111063792987
8668 42419631174527701
8669 42442914156610351
8670 42461235152313049
8671 42494150058321769
8672 42496408166330809
8673 42507827468018461
8674 42535781228903047
8675 42540374775745351
8676 42547407228093601
8677 42549938860751407
8678 42554436728431321
8679 42574918468147477
8680 42582371683328707
8681 42591673022193751
8682 42610150272709561
8683 42615064582464307
8684 42636113557032451
8685 42638260000163521
8686 42670520368155331
8687 42674055917010601
8688 42677840769864049
8689 42679172110286251
8690 42685268390634721
8691 42700857709994401
8692 42721749869747141
8693 42734688658499251
8694 42757454036475181
8695 42759300590526451
8696 42762727678288801
8697 42767283765260161
8698 42800324367900529
8699 42815515105361701
8700 42825380933200951
8701 42833804835404809
8702 42842614698290401
8703 42848259231030241
8704 42848951430793861
8705 42852046840532801
8706 42867751215169921
8707 42889034608711201
8708 42894420470937181
8709 42934527529658467
8710 42949127690986861
8711 42966699357151201
8712 42975656159284081
8713 42976872135874441
8714 42983515162427251
8715 42984069682283381
8716 43046095240384321
8717 43046964979379437
8718 43058429295763681
8719 43068785474199889
8720 43108199279082451
8721 43109008369820317
8722 43125427242723937
8723 43131995351352181
8724 43139209100887927
8725 43149584558896201
8726 43152721829314021
8727 43172818575688621
8728 43174174916363431
8729 43184547751088701
8730 43190733523500091
8731 43197926904871681
8732 43214014113406291
8733 43234662470260801
8734 43241707456397227
8735 43242699969126001
8736 43271266647766561
8737 43275282423232081
8738 43280038892617129
8739 43289026076591093
8740 43305860695966129
8741 43313144067905251
8742 43324133400611251
8743 43329360215935201
8744 43332726031632451
8745 43333063433289001
8746 43333343555291021
8747 43341616361967481
8748 43355928771392641
8749 43368913457519381
8750 43369814004309127
8751 43379239029985081
8752 43388441608385161
8753 43396273149888961
8754 43417786713987001
8755 43456304959794721
8756 43456824557861527
8757 43493745357750451
8758 43502442565553401
8759 43512579774278401
8760 43533906635641927
8761 43542937963647541
8762 43544513266851451
8763 43557122389443001
8764 43564691972760961
8765 43567806665807569
8766 43576586222058541
8767 43580806427892301
8768 43587490817523841
8769 43595789261343301
8770 43609342934321251
8771 43626354551799769
8772 43627653651120001
8773 43637764946212951
8774 43642603124204701
8775 43644803589784801
8776 43676119367818381
8777 43690497962829521
8778 43696046913165649
8779 43698248904990751
8780 43699536235845751
8781 43703681180955841
8782 43724663650652293
8783 43725229425019117
8784 43739347800005521
8785 43739374359907921
8786 43747716446633977
8787 43770227149793341
8788 43791976351988287
8789 43822987056952489
8790 43835531105187907
8791 43836396257115001
8792 43838775530877601
8793 43848596727019507
8794 43894844909371681
8795 43915348365920461
8796 43936083978233281
8797 43937736060923251
8798 43946854273893121
8799 43965711311400451
8800 43981877275473061
8801 43988709396044089
8802 44014568092655761
8803 44049255363160321
8804 44061348366950881
8805 44062888735803451
8806 44083949585672851
8807 44087477014292161
8808 44131403701992221
8809 44133539532001921
8810 44138899750493701
8811 44165712580278301
8812 44167132900998361
8813 44169413497774627
8814 44190933273067957
8815 44194954783486501
8816 44203255224770881
8817 44203953129795289
8818 44213562255703843
8819 44217730026571501
8820 44219716141816447
8821 44243746141827241
8822 44244141227429761
8823 44275956111771361
8824 44282844734407021
8825 44290288954787851
8826 44294036773635967
8827 44299882207368481
8828 44301702670143661
8829 44304666585799681
8830 44326289583073009
8831 44353196160349501
8832 44382687823706689
8833 44458979850944443
8834 44461119472708681
8835 44475850935823501
8836 44482027048825843
8837 44500675044308677
8838 44501206358798281
8839 44508214810072729
8840 44509403795424961
8841 44516422851882571
8842 44533140347984641
8843 44534685584570581
8844 44535857854909627
8845 44548976769234367
8846 44555847131494441
8847 44560451071252957
8848 44574158426794081
8849 44575018718564641
8850 44577617156009701
8851 44583378770069107
8852 44583548099514481
8853 44585319661450501
8854 44587128833234347
8855 44593159670941087
8856 44593301577915751
8857 44596494544539451
8858 44609227001975707
8859 44610027909966751
8860 44612649614299861
8861 44616163105399201
8862 44621958406650721
8863 44637170774749381
8864 44661598916578201
8865 44680134888565021
8866 44695274081248981
8867 44701535122953361
8868 44702595829551529
8869 44708076807415447
8870 44714879279238169
8871 44729459155571041
8872 44767266550836607
8873 44777692263778501
8874 44780704273069381
8875 44799558209231251
8876 44804638170701251
8877 44806772104111081
8878 44824608657564121
8879 44830431867818521
8880 44851188297019249
8881 44860392896860621
8882 44873830499699701
8883 44892668794907251
8884 44900046960790561
8885 44914469130500941
8886 44915513941134427
8887 44921015364187351
8888 44938804308474961
8889 44945399731537369
8890 44949431414257921
8891 44959725690257071
8892 44962422673489747
8893 44969394932243167
8894 44982454831455121
8895 44996148757403911
8896 44998908330215251
8897 45052049712539101
8898 45053699170344961
8899 45057654905335381
8900 45075813381178081
8901 45076234708761847
8902 45086051644687201
8903 45087905247712321
8904 45101631922435681
8905 45105874075849393
8906 45114153047056087
8907 45114193828042951
8908 45135140841719521
8909 45136219381599781
8910 45146675776627981
8911 45156109006229761
8912 45171920340433981
8913 45185701031695867
8914 45187575513516901
8915 45194619178343251
8916 45217811605144411
8917 45219543573119581
8918 45224884937555731
8919 45235552504408597
8920 45243075821166541
8921 45249579843985921
8922 45277607132742601
8923 45308068467805369
8924 45308908069620841
8925 45322605529733089
8926 45361118036673181
8927 45362274657120541
8928 45377268269717281
8929 45388924183488607
8930 45405124000360351
8931 45415644179140957
8932 45442013908841287
8933 45487527414843361
8934 45489014031362491
8935 45498859398766621
8936 45505399893279481
8937 45506333724569761
8938 45508995681505021
8939 45534884525757721
8940 45540028041882331
8941 45541668949915951
8942 45580807963284001
8943 45585762249404737
8944 45603058055899987
8945 45621298226026441
8946 45623396995386451
8947 45626480697279841
8948 45643612719590173
8949 45688746051759361
8950 45700996475059201
8951 45726083480687851
8952 45732437639088121
8953 45744237441890137
8954 45747124050533041
8955 45769377196749781
8956 45778672118933461
8957 45781280229998827
8958 45796320544172941
8959 45802172502972451
8960 45807139484313637
8961 45811139132316781
8962 45815976649833361
8963 45822931672364881
8964 45835333448302261
8965 45840091629218881
8966 45840857040522721
8967 45858792524522251
8968 45860413640243281
8969 45863685477946267
8970 45869799239805241
8971 45881868413220841
8972 45900854711135569
8973 45911882121088369
8974 45916972781634541
8975 45984927612249181
8976 45994550475718501
8977 46047397208775661
8978 46053515392217101
8979 46057207805885281
8980 46058028795623161
8981 46059641225193241
8982 46083261237105121
8983 46083675234074941
8984 46094773489512001
8985 46114480623855961
8986 46126800933255649
8987 46156500096823201
8988 46170056888325541
8989 46177828443723601
8990 46185493887923521
8991 46204199478003451
8992 46216666777569361
8993 46228918778830009
8994 46232068229271541
8995 46234202995513501
8996 46235133398022661
8997 46237833749914381
8998 46252394681773963
8999 46268187200202889
9000 46297270483264027
9001 46298662024333441
9002 46300368954379627
9003 46309060719148501
9004 46321637592205951
9005 46327588313637247
9006 46329765688639621
9007 46350735152256541
9008 46377666945781921
9009 46389097067432881
9010 46397014261084321
9011 46405871723398951
9012 46411162652880481
9013 46429227936817837
9014 46456019581230517
9015 46458362924535451
9016 46463362301521369
9017 46466481245696821
9018 46477201553587501
9019 46523922213348361
9020 46562288887837729
9021 46568095424307451
9022 46573727994032221
9023 46577662003067401
9024 46589917244799781
9025 46600584492675067
9026 46605288887162851
9027 46618346807013061
9028 46635147638451487
9029 46640435310886841
9030 46643717362394521
9031 46667857181502961
9032 46674554244726721
9033 46695236113593427
9034 46696327990800001
9035 46710843471489601
9036 46721770117692841
9037 46722937939843969
9038 46723927373335081
9039 46750157734029601
9040 46775156342268961
9041 46778183252595601
9042 46784309407997281
9043 46798082755700347
9044 46830816616030021
9045 46834786210205251
9046 46898869318023031
9047 46903303771262401
9048 46906684496685721
9049 46913631403853341
9050 46914556289308489
9051 46945518503365597
9052 46963372004691451
9053 46972461809261341
9054 46978641140401981
9055 46979352559397809
9056 47002442718236041
9057 47005128591539581
9058 47043163942045501
9059 47043851284113601
9060 47046990036370351
9061 47098462217794501
9062 47107346708594881
9063 47111623365290401
9064 47112029700380461
9065 47113854661350751
9066 47119897729270351
9067 47126107906227967
9068 47134741466751121
9069 47137153862911087
9070 47140255933464721
9071 47170195249463527
9072 47185588685381581
9073 47185625475986887
9074 47192076949630861
9075 47205331680360281
9076 47211521323522561
9077 47216043154867861
9078 47217370691738341
9079 47220977340900001
9080 47252225209312441
9081 47258928322305461
9082 47264797168651567
9083 47275781091417997
9084 47281970750078143
9085 47284755848058301
9086 47289835067963251
9087 47289981783377881
9088 47317410888607081
9089 47319745206067951
9090 47346469085140321
9091 47349581525736221
9092 47372500318715521
9093 47376588974530861
9094 47409919769408401
9095 47459618188647367
9096 47460271075042561
9097 47463676196526721
9098 47473384153765441
9099 47479128079440481
9100 47492432726175397
9101 47500385147221249
9102 47505057314645981
9103 47521165207038841
9104 47531065751610127
9105 47610395479767121
9106 47623066249368781
9107 47624311091372401
9108 47627917031464801
9109 47634042556666147
9110 47637918795396187
9111 47649454253863489
9112 47657498141964481
9113 47660278342056451
9114 47667283805872417
9115 47669554216129231
9116 47677266302225647
9117 47681301518615467
9118 47729942627015041
9119 47731325940730441
9120 47749288827959461
9121 47756854143842581
9122 47763195631079587
9123 47765241261562327
9124 47778663407340421
9125 47783782861165891
9126 47784745138221451
9127 47820269414667751
9128 47840319957300751
9129 47862653509920943
9130 47862894967749751
9131 47865207677616181
9132 47884487958722647
9133 47901061168068169
9134 47901604669978561
9135 47915116182739681
9136 47923989682242967
9137 47936961917255881
9138 47941191948529801
9139 47953316981278711
9140 47953988929265329
9141 47964317496240421
9142 47968405933316221
9143 47968777618054021
9144 47980151867241901
9145 47983630296384751
9146 47997878473982851
9147 48000675781564507
9148 48062255719756969
9149 48076991673077251
9150 48078338642117101
9151 48094585967766889
9152 48100938355245751
9153 48117515993001121
9154 48148228187145547
9155 48151150999743877
9156 48169548732158101
9157 48179997998056321
9158 48207770962057981
9159 48209799778208251
9160 48218653138220251
9161 48218742038704249
9162 48223421861621581
9163 48239892975183361
9164 48242284071996169
9165 48255463500998713
9166 48266288514788581
9167 48267700594039081
9168 48282769286125741
9169 48284559222492781
9170 48305444264897581
9171 48310871220568951
9172 48313825341993751
9173 48330945198607501
9174 48344279156492287
9175 48355730855544841
9176 48375803574862501
9177 48377730312257851
9178 48393210755970541
9179 48394330741031941
9180 48403112106366343
9181 48409392365619697
9182 48414415054098241
9183 48427189401926341
9184 48433131177868867
9185 48481196975952751
9186 48482528660718967
9187 48516412047674581
9188 48517037417583001
9189 48519580079411827
9190 48525655681356001
9191 48528514706999167
9192 48535225314200641
9193 48551780317921567
9194 48561843525420601
9195 48586874344945177
9196 48591986659131961
9197 48607512722538661
9198 48643662513816541
9199 48662410467025351
9200 48662526941561947
9201 48665149189087861
9202 48710092120084693
9203 48713155724365021
9204 48719420490492001
9205 48723868679469301
9206 48745418009877847
9207 48754214427111007
9208 48765878054153443
9209 48776622380625751
9210 48792069627156901
9211 48796405864286767
9212 48802545284762851
9213 48815088838966621
9214 48824013055323061
9215 48825081009850351
9216 48839347486478251
9217 48846102123111481
9218 48846539542764781
9219 48851315956111951
9220 48873733483199047
9221 48900140619332281
9222 48912417009702481
9223 48915817350916627
9224 48919335954015361
9225 48924246914798251
9226 48929587981575841
9227 48942242067198241
9228 48945450858071041
9229 48945958973508061
9230 48946462491017761
9231 48962742022320001
9232 48977023309065289
9233 48977768530817741
9234 48987072537827311
9235 48992787949162597
9236 48998180016533287
9237 49010768606178241
9238 49017707725301281
9239 49020890345543161
9240 49024028872533877
9241 49030368594690451
9242 49057262500509451
9243 49068207359892181
9244 49068210587421121
9245 49070796284437849
9246 49076613664887451
9247 49083578891329951
9248 49099648649996227
9249 49122229108407001
9250 49137363949541449
9251 49141915493428981
9252 49150331871834451
9253 49157286363937837
9254 49157568385091251
9255 49175854864304941
9256 49200959472856201
9257 49219478631732001
9258 49225693963519261
9259 49244448093587251
9260 49263011995333501
9261 49275955603289101
9262 49299639475536451
9263 49299837846645121
9264 49308929667433441
9265 49320745186714301
9266 49323632855714647
9267 49336256325723361
9268 49338974196797851
9269 49340338836378409
9270 49350607060576207
9271 49350929950747981
9272 49361153527124251
9273 49398510511160641
9274 49400630130506887
9275 49415192036059501
9276 49428547503438421
9277 49437016758425407
9278 49444714314663841
9279 49455755728878481
9280 49473630311302567
9281 49476834318401569
9282 49477352032484443
9283 49493313140912101
9284 49497294727665901
9285 49500411254206741
9286 49510304154593101
9287 49519140634110421
9288 49549497505987201
9289 49559418097052441
9290 49584721361987701
9291 49589537937140767
9292 49598499864266641
9293 49602552624211177
9294 49607510997929041
9295 49611814977063169
9296 49612536212268901
9297 49615971537671761
9298 49620246785178637
9299 49621808461667041
9300 49680877105056341
9301 49722544471018387
9302 49726601106430951
9303 49730998782556711
9304 49735068126602827
9305 49741212787232851
9306 49742186975604007
9307 49755600913021741
9308 49763546579266747
9309 49764966941678591
9310 49773545552019061
9311 49782256620331201
9312 49792478002509061
9313 49807414404063289
9314 49823674771738781
9315 49837875162042241
9316 49846116161589941
9317 49886198655950317
9318 49917143304253261
9319 49918588813447201
9320 49929000324700351
9321 49933472744113201
9322 49934953156343251
9323 49936398838412689
9324 49938150393267841
9325 49946155104174841
9326 49965323482034647
9327 49975686657496321
9328 50000966541039361
9329 50001540296300401
9330 50007566386219681
9331 50046909597393409
9332 50068539949480027
9333 50078572060512451
9334 50080007376951361
9335 50094291507608701
9336 50116185308871247
9337 50117719808318401
9338 50134467127880521
9339 50141629623564181
9340 50156704367434087
9341 50157254050127281
9342 50158479460331521
9343 50174340308341849
9344 50178367819933867
9345 50211792406362529
9346 50215512975932851
9347 50235505423922617
9348 50275123607235361
9349 50278575042148447
9350 50282869564692451
9351 50283038022891049
9352 50283549779877541
9353 50296565356566301
9354 50312475570926341
9355 50318544342755449
9356 50343770460469501
9357 50344385306234797
9358 50344586785368961
9359 50348494155051751
9360 50355966532969921
9361 50363095408693849
9362 50379717188917357
9363 50388164205869101
9364 50402045982024901
9365 50434533049236451
9366 50473616994178561
9367 50474924473807681
9368 50476062543859261
9369 50478651850888081
9370 50499833562932041
9371 50517380064769441
9372 50528081927151181
9373 50538971940879397
9374 50546093603528161
9375 50573805311745127
9376 50583618022590451
9377 50588206250263951
9378 50603933346084721
9379 50606561241757951
9380 50608596691448797
9381 50610681961320889
9382 50627012091267169
9383 50635790660068741
9384 50669537117184361
9385 50710628260881361
9386 50717760683652151
9387 50718071987982001
9388 50730339102238207
9389 50756188285632601
9390 50764302255542881
9391 50777696424147841
9392 50781537036152161
9393 50785827078797821
9394 50802505087176361
9395 50803803523074421
9396 50809931170534391
9397 50843662706152321
9398 50851092928781701
9399 50879006005380961
9400 50886427195990501
9401 50903563710557851
9402 50903726155777951
9403 50923140568525261
9404 50932638428525101
9405 50953392393137851
9406 50977053300460717
9407 50990400539617951
9408 50998765001590981
9409 51007010525812441
9410 51009207775382851
9411 51012904590863407
9412 51018765169817317
9413 51029178303872161
9414 51040892282133601
9415 51055513817457241
9416 51069964650250813
9417 51084634129857751
9418 51110240781736951
9419 51120061983695251
9420 51152896605828751
9421 51161215667364001
9422 51162234886455211
9423 51176668738553821
9424 51180431150181061
9425 51187866705666241
9426 51206433713017441
9427 51206499563856001
9428 51215374674028891
9429 51227751358365121
9430 51242796731993941
9431 51272884061794807
9432 51280068247794289
9433 51286960237633147
9434 51289802881331701
9435 51310972546299901
9436 51312443572556251
9437 51318122931536581
9438 51328618754013721
9439 51330195142389901
9440 51342294517495351
9441 51367651096440421
9442 51384901051552801
9443 51386890318420609
9444 51388115593712671
9445 51396200440058251
9446 51399390689575781
9447 51405505480579141
9448 51445572818715307
9449 51450689918641747
9450 51457332963896161
9451 51459944990264641
9452 51462613702547041
9453 51513520330224751
9454 51526008988758541
9455 51534983156457529
9456 51537874466068381
9457 51560992954816381
9458 51576253997185261
9459 51576819672695677
9460 51577855278086017
9461 51615280310296207
9462 51633310206795661
9463 51640629107662561
9464 51659392293449389
9465 51660924396588541
9466 51662553912475351
9467 51676295530659361
9468 51679094964698407
9469 51691589796722947
9470 51693541170055849
9471 51695196638403361
9472 51700816017510661
9473 51711017076019507
9474 51719262415407901
9475 51722495074204501
9476 51725060459016361
9477 51727361178264721
9478 51755352262904161
9479 51762265325227621
9480 51795906862347451
9481 51805286105389741
9482 51809032102706569
9483 51822514874244421
9484 51827345967580501
9485 51828162801183001
9486 51862316086992241
9487 51863522295548701
9488 51910712276031181
9489 51927571845703261
9490 51950226112733761
9491 51993626755542841
9492 51996448000052011
9493 51997435197965251
9494 52007459974086961
9495 52019736818354401
9496 52034980460666941
9497 52039421184341449
9498 52052789677812211
9499 52057435756547341
9500 52069391383437601
9501 52072328779188451
9502 52076460683803249
9503 52080927469782751
9504 52090220693374921
9505 52094613787312141
9506 52112363472406693
9507 52118720163783649
9508 52132874269963147
9509 52143177243104641
9510 52144081124291617
9511 52154758372396681
9512 52160094857504341
9513 52176297111409981
9514 52181104005557101
9515 52184550905882851
9516 52184980694375101
9517 52188063970946641
9518 52193923142706721
9519 52198845827227849
9520 52199639960720227
9521 52238303121206809
9522 52245736373050921
9523 52249221101673667
9524 52268665029841009
9525 52277010658405721
9526 52281812673513307
9527 52307514505660501
9528 52341650017910881
9529 52342173087351841
9530 52369634672481223
9531 52371231101639101
9532 52380626079229951
9533 52381422543389101
9534 52396387032498601
9535 52430646710385481
9536 52446406943863927
9537 52447363103678401
9538 52465452527827201
9539 52495049332075351
9540 52506479285799481
9541 52509632389468801
9542 52533933268959451
9543 52534908260738443
9544 52557647680467001
9545 52569584938337851
9546 52579439962738081
9547 52583195601596161
9548 52617552201688501
9549 52636739725487851
9550 52642195005370141
9551 52645193202247201
9552 52672035521236801
9553 52674622808080681
9554 52674954204728143
9555 52697032669981981
9556 52707419605121707
9557 52708769549840977
9558 52719418529385217
9559 52733165544776501
9560 52739411554389121
9561 52744509453783841
9562 52773162695120251
9563 52783454551447369
9564 52790162860192801
9565 52794016352049967
9566 52799607420291289
9567 52826501562147307
9568 52837528452115501
9569 52857992517767251
9570 52858031142429397
9571 52858205371890901
9572 52875650977511251
9573 52887969499070947
9574 52892362044392851
9575 52899805539397981
9576 52969080152590687
9577 52972634855375929
9578 52973140078592497
9579 52984646809383451
9580 52986037152339649
9581 52990789706089381
9582 52997821778793781
9583 53004151043136541
9584 53032569246352081
9585 53046869975081251
9586 53067501198365947
9587 53086639326316129
9588 53108247374882281
9589 53111850893437267
9590 53112818830205317
9591 53115287236546681
9592 53117259109505281
9593 53125477441141117
9594 53127582411980621
9595 53131444221290401
9596 53161918754398561
9597 53183502037092967
9598 53187785824820221
9599 53192099199941893
9600 53202033127919341
9601 53204896080609157
9602 53240713996775581
9603 53255442223685161
9604 53287987939318441
9605 53299153447981741
9606 53311456450342261
9607 53312695554214951
9608 53318569695529951
9609 53322099877624117
9610 53333179200111361
9611 53345351012998687
9612 53360408235301441
9613 53362564364599381
9614 53381823816837601
9615 53385539545754461
9616 53391191926978951
9617 53432354719420321
9618 53441366272867921
9619 53446713317834689
9620 53459541137484931
9621 53462875803974227
9622 53484043507432501
9623 53498258378227477
9624 53534259152197129
9625 53534679959828437
9626 53536019672552761
9627 53554944826877521
9628 53591674387154221
9629 53610363614533441
9630 53624840776217131
9631 53633019319676341
9632 53644472795732881
9633 53658667195815727
9634 53667319578206263
9635 53682019391224927
9636 53683841155108321
9637 53689331896727017
9638 53703700044025231
9639 53710894660278721
9640 53760842734115947
9641 53777846735577661
9642 53797186576233127
9643 53810953204428289
9644 53813883383395921
9645 53826690983736961
9646 53842345812651601
9647 53860876334090251
9648 53865020919831881
9649 53883388832865643
9650 53915325694076449
9651 53968370299581931
9652 53976179354326951
9653 53982212609695987
9654 53995289537572657
9655 54037304604470881
9656 54058765908759481
9657 54066408678046081
9658 54082016510991727
9659 54085130937815251
9660 54109392936742369
9661 54121372042720027
9662 54126062166832267
9663 54180934915600261
9664 54182252289096961
9665 54184080164004451
9666 54190767592581121
9667 54204245824128409
9668 54253168698604501
9669 54268861930360351
9670 54279496462445827
9671 54279796672050181
9672 54281380862557441
9673 54295713054011227
9674 54305160942661201
9675 54307094073900037
9676 54321518475796321
9677 54332337908012851
9678 54333662340757801
9679 54335554638764101
9680 54342489233983501
9681 54345636210025777
9682 54400900049020027
9683 54405222352153831
9684 54409022207633701
9685 54426204866767147
9686 54431255058479209
9687 54443423343676597
9688 54451135561160161
9689 54453036793539361
9690 54462800885888557
9691 54469819518750721
9692 54479769791741521
9693 54511306471349641
9694 54566045074790881
9695 54577912496553343
9696 54586399783023841
9697 54600624118411381
9698 54654055946115361
9699 54656909530113001
9700 54680259186464161
9701 54718224005837701
9702 54718983558128401
9703 54731761661978281
9704 54741211223541121
9705 54778699871288641
9706 54780404823709951
9707 54785151503954101
9708 54795422992670821
9709 54827684772688981
9710 54843501280024621
9711 54854015528758951
9712 54883531709218357
9713 54894756051883441
9714 54898916781613141
9715 54900834562744171
9716 54949268162199421
9717 54990533862616327
9718 55001115038878807
9719 55009475119573129
9720 55022264041673161
9721 55037864388753751
9722 55040723238606661
9723 55093618497478969
9724 55100710095947413
9725 55104605276549251
9726 55124364871464661
9727 55129544884796341
9728 55136102991235351
9729 55141274731033009
9730 55183789278570751
9731 55202125236731287
9732 55238378945867461
9733 55239285634038241
9734 55250504849768581
9735 55267329178387201
9736 55284860630343691
9737 55286673002639173
9738 55288156358228641
9739 55312464591405451
9740 55328286102403843
9741 55360216954240201
9742 55371214967927821
9743 55375192366333951
9744 55375757134192951
9745 55377507827966941
9746 55384834596527521
9747 55393673461934261
9748 55407423819857761
9749 55415133788987701
9750 55443324140343751
9751 55451038211294701
9752 55477077869043487
9753 55527544418982721
9754 55535608919886481
9755 55539103697038081
9756 55539926043866461
9757 55544367264014887
9758 55547045270381701
9759 55549968555842881
9760 55561722100603951
9761 55576329868878787
9762 55588809919292821
9763 55591600961955841
9764 55603649623658251
9765 55606188048590089
9766 55622144886120361
9767 55640617875369451
9768 55641403576200751
9769 55680207179695321
9770 55681095827217451
9771 55704264325821541
9772 55715986862781451
9773 55788248091677221
9774 55878248923690927
9775 55891096891870609
9776 55900232086437649
9777 55900784028355561
9778 55915698707882527
9779 55948858584039541
9780 55971556586500801
9781 55979638199145361
9782 55992612208225351
9783 56029411083895021
9784 56032994576394343
9785 56060611212216451
9786 56064605726785501
9787 56114505712292527
9788 56114835456704251
9789 56117024301928201
9790 56121885396587851
9791 56142184873654951
9792 56167862171672809
9793 56191896768398581
9794 56194255626023041
9795 56199020178587287
9796 56205637710496801
9797 56207998599413251
9798 56234270472644161
9799 56281024672978951
9800 56301307350110707
9801 56325744207566443
9802 56326070607027451
9803 56358150423247681
9804 56368453586501761
9805 56376616366056421
9806 56394266737360861
9807 56427411432011401
9808 56449751877945007
9809 56459192044371901
9810 56480301443671381
9811 56502441068112451
9812 56506445949469447
9813 56549773696262941
9814 56556582531324961
9815 56556889935364087
9816 56560510115046901
9817 56560759758566251
9818 56564194882003201
9819 56566705209965641
9820 56580179365766167
9821 56606439210267241
9822 56618263343078587
9823 56619853986149821
9824 56625618966407851
9825 56626372830572707
9826 56633140222982641
9827 56678936439206401
9828 56684641146225907
9829 56688140580862561
9830 56698043277973609
9831 56709988905163843
9832 56717435420154961
9833 56765967017917501
9834 56776731844468567
9835 56783448653271121
9836 56785355954110351
9837 56807777128051951
9838 56816803178296561
9839 56839579655525101
9840 56848966672155661
9841 56849938039973971
9842 56858354463851821
9843 56870494998785821
9844 56899750210057567
9845 56900875017491521
9846 56905303479579787
9847 56907167281265701
9848 56907356449626289
9849 56909671860344101
9850 56926601095112101
9851 56928979477521997
9852 56930289323305441
9853 56932661580549751
9854 56957685633863041
9855 56983335514186537
9856 56992490075620009
9857 57000606544740601
9858 57019281206704741
9859 57028569827957443
9860 57029481820102201
9861 57031357853676781
9862 57048578562259681
9863 57065796269907049
9864 57068002696032751
9865 57069722710521751
9866 57077613901207201
9867 57080846096650351
9868 57083569612948621
9869 57113471759447731
9870 57123416170444801
9871 57136777598846527
9872 57143016877080721
9873 57148470134793841
9874 57158223739874251
9875 57167920266226849
9876 57195511002585649
9877 57204948758319181
9878 57220698544405021
9879 57230784889704007
9880 57237918022369891
9881 57238116581342401
9882 57244108204770101
9883 57245415802755049
9884 57282630974754751
9885 57284756315031451
9886 57288512317537621
9887 57289162224561301
9888 57296609361082111
9889 57303379863024301
9890 57309401652676951
9891 57338010169043521
9892 57343081110801751
9893 57352615592793751
9894 57361708684023547
9895 57371927982708169
9896 57412848068759041
9897 57422111606613601
9898 57481005057505921
9899 57485724985135061
9900 57524416033710529
9901 57526868741952781
9902 57535924795134241
9903 57554237206899397
9904 57554273011852321
9905 57565706675467951
9906 57603923754343129
9907 57620363999562451
9908 57626092694257921
9909 57644258688235441
9910 57658565879425351
9911 57669170153643751
9912 57681908097962851
9913 57727875024101701
9914 57731962815942607
9915 57736764215161741
9916 57755942804927251
9917 57757713530603197
9918 57765167614217449
9919 57772980468415981
9920 57782131548087451
9921 57879508784666827
9922 57886637751521281
9923 57889902376573627
9924 57915263516781061
9925 57915820005808969
9926 57931832668950787
9927 57962045600020801
9928 57962676964450081
9929 57975289526694601
9930 57977357956350661
9931 58008224061995707
9932 58011507361547851
9933 58028202109540981
9934 58030440170444101
9935 58061849429350357
9936 58092974827470901
9937 58102055446588561
9938 58115250672174001
9939 58125170036237281
9940 58158553281694447
9941 58171085412885721
9942 58182587525465101
9943 58188321925184401
9944 58189406667900427
9945 58204163424536641
9946 58244342414865601
9947 58258392126875641
9948 58263940037459647
9949 58278962518855501
9950 58285538722600351
9951 58288272404333329
9952 58297023682413601
9953 58308004453343041
9954 58319451169329127
9955 58336113513253441
9956 58338984856043347
9957 58339187745321757
9958 58339321072753951
9959 58339539484349041
9960 58350869222249341
9961 58356067422660841
9962 58364480011704301
9963 58387831792748641
9964 58440999584034289
9965 58442989717604161
9966 58450198837360501
9967 58459128263619581
9968 58466365406071849
9969 58491316964049661
9970 58504984351220881
9971 58506628174366711
9972 58517177081187061
9973 58525559890879507
9974 58543403118533521
9975 58552474228142317
9976 58553390846984221
9977 58554212150699821
9978 58554892526061601
9979 58568544827760241
9980 58600857173896441
9981 58620748825821451
9982 58626345071252701
9983 58650048763172641
9984 58663579079530981
9985 58679452729692451
9986 58689148343220541
9987 58723180063217251
9988 58739197237837201
9989 58740385845083221
9990 58740960578151697
9991 58743182756577061
9992 58744384060787443
9993 58753135704987751
9994 58778478919118701
9995 58784856292361167
9996 58806562946666347
9997 58810659154104511
9998 58811334386156161
9999 58837164756098581
10000 58844707134763681


