1 1373653
2 1530787
3 1987021
4 2284453
5 3116107
6 5173601
7 6787327
8 11541307
9 13694761
10 15978007
11 16070429
12 16879501
13 25326001
14 27509653
15 27664033
16 28527049
17 54029741
18 61832377
19 66096253
20 74927161
21 80375707
22 101649241
23 102690677
24 104852881
25 105919633
26 106485121
27 117987841
28 143168581
29 154287451
30 161304001
31 193949641
32 206304961
33 218642029
34 223625851
35 247318957
36 252853921
37 259765747
38 275619961
39 314184487
40 326695141
41 390612221
42 393611653
43 489994201
44 540654409
45 572228929
46 579606301
47 581618143
48 682528687
49 717653129
50 745745461
51 787085857
52 846961321
53 871157233
54 927106561
55 938376181
56 960946321
57 979363153
58 981484561
59 1028494429
60 1157839381
61 1168256953
62 1236313501
63 1463178817
64 1481626513
65 1518290707
66 1521221473
67 1538012449
68 1638294661
69 1854940231
70 1856689453
71 1860373241
72 1909566073
73 1921309633
74 1991063449
75 1995830761
76 2057835781
77 2117555641
78 2217879901
79 2284660351
80 2311558021
81 2323147201
82 2412172153
83 2431144801
84 2626783921
85 2693739751
86 2736316301
87 2781117721
88 2837917633
89 3028586471
90 3056100623
91 3215031751
92 3299246833
93 3344191241
94 3407772817
95 3513604657
96 3697278427
97 3708905341
98 3863326897
99 3867183937
100 4060942381
101 4079665633
102 4117447441
103 4275011401
104 4277526901
105 4297753027
106 4440974833
107 4572633451
108 4710862501
109 4735847353
110 4844986513
111 4916322919
112 5209470001
113 5254004881
114 5277058561
115 5417512777
116 5523053647
117 5608834741
118 5664511351
119 5755495201
120 5764643587
121 6015801097
122 6770862367
123 6825681757
124 7181757397
125 7294056727
126 7451833009
127 7937788909
128 8214723001
129 8382750241
130 8762386393
131 8767934587
132 9839449621
133 9974580661
134 10263440017
135 10757267947
136 11362973707
137 11573725351
138 11723962867
139 11990523751
140 12088739521
141 12439296869
142 12630027463
143 13204140643
144 13260472501
145 13359950017
146 13379139271
147 13451650351
148 14386156093
149 14489566081
150 14834988481
151 15114550951
152 15443591617
153 15579919981
154 15915651727
155 15937819453
156 15985540033
157 16149644101
158 16571869921
159 16648289101
160 16789530577
161 17148339001
162 17204704661
163 17475044329
164 17849326081
165 18459366157
166 18829671451
167 19370286343
168 19683169273
169 19887974881
170 19950730381
171 20402479987
172 20881811341
173 21147503653
174 21276028621
175 22050472501
176 22106382481
177 23306678557
178 23510118061
179 23624717761
180 23701368913
181 24107139253
182 24392551501
183 24422578867
184 24988416967
185 25005624001
186 25366866661
187 25575216391
188 25877556253
189 25998250969
190 26636208701
191 27031263841
192 27686175193
193 27716349961
194 27812670211
195 27840766309
196 28369977301
197 28448982721
198 28844691487
199 29028709709
200 29041801993
201 29118033181
202 29201742593
203 29210955643
204 29294447873
205 29373426253
206 29431625653
207 29922333841
208 30172124251
209 30443872681
210 30446045761
211 30481338889
212 30750388021
213 30876125113
214 31029076801
215 31126523401
216 31503216821
217 32387491207
218 32511106651
219 32710898557
220 33717240721
221 33835759453
222 34508607337
223 35414584453
224 35992489031
225 36599598181
226 37131467521
227 37589316601
228 37638037027
229 37643480873
230 38062936957
231 38437684489
232 38785436071
233 39024125797
234 39350644453
235 39546140761
236 39656142241
237 40044071713
238 41169951829
239 41752650241
240 42304192981
241 42383927401
242 42550716781
243 43174503763
244 43480237033
245 43522383061
246 43536545821
247 44368051087
248 44453586241
249 44732778751
250 44778481441
251 45155702353
252 45484371451
253 45806699431
254 46249440269
255 46493311411
256 46914508321
257 47113487011
258 47775322057
259 48354810571
260 48732546721
261 48958085233
262 49417771651
263 49432922029
264 49570677001
265 51020532067
266 51045523829
267 52035130951
268 52139147581
269 53395376761
270 53700690781
271 53735893129
272 53754555097
273 54689213377
274 54712169821
275 55556944453
276 55877409253
277 55909506421
278 56209415767
279 56690936821
280 57200780881
281 57412767413
282 57698562127
283 58064652253
284 58416990259
285 59281660531
286 59587373077
287 59974663057
288 62175192661
289 63288814753
290 64099345441
291 64244632957
292 64496640913
293 64563256801
294 64871770261
295 67233528253
296 67403434561
297 67462542181
298 68045910643
299 68130164881
300 68956997281
301 69308671141
302 69810755197
303 69845839381
304 70155092233
305 70675929869
306 70836033421
307 70926396661
308 71197831981
309 71361225343
310 72325549531
311 72471384541
312 72504445291
313 72725349421
314 73796984161
315 74190097801
316 75285070351
317 75350936251
318 75522444337
319 76830284977
320 76923559261
321 77475820141
322 77744325121
323 78613645351
324 79493923517
325 79696887661
326 79792734421
327 81193513801
328 82318050361
329 83222820253
330 83828294551
331 84787306537
332 85500830227
333 86888746621
334 88331719141
335 88473676747
336 88974090367
337 89191239481
338 90671598247
339 90991633633
340 91035378253
341 91109610649
342 91609762861
343 91811005901
344 94247311507
345 96038652943
346 96133341781
347 97317941197
348 97427678041
349 97771083301
350 98071561561
351 98515393021
352 100270642393
353 101537826241
354 101720969437
355 102105675253
356 103724068681
357 105929038561
358 106044828847
359 106592618467
360 106691068061
361 107333406181
362 110449331137
363 110627755057
364 111535250143
365 111737197441
366 112323363773
367 113034250297
368 113554596313
369 114247549027
370 114889084129
371 115744760041
372 116104599451
373 118670087467
374 118670958253
375 118719698527
376 119255955241
377 119401548001
378 120007618741
379 120020552713
380 120032716801
381 120160888093
382 120939130271
383 121002621841
384 123165403681
385 124766648371
386 125291398207
387 126223730461
388 127045046701
389 128093304751
390 128112259843
391 128166950929
392 128282461501
393 128634796153
394 129231975421
395 129480597511
396 134287508041
397 134369289601
398 134408742913
399 134670080641
400 135388012033
401 135586888951
402 136136947201
403 136657393141
404 136720423927
405 136734586321
406 138894295567
407 139499445457
408 140065218901
409 140743274857
410 142186219181
411 142434454681
412 142672297633
413 142873722181
414 142940992861
415 143193768587
416 144540984001
417 146309271109
418 148600530541
419 150401047441
420 151099301809
421 151567921147
422 151871211997
423 153441518941
424 155697519517
425 156677923729
426 157615339681
427 157893105941
428 159004666081
429 159997800007
430 161086014389
431 161698820113
432 163204128181
433 163506354211
434 165460595653
435 166822841281
436 167259489409
437 167511984697
438 167871590461
439 168013453921
440 168037388161
441 169614390961
442 169733554321
443 169865699137
444 169892970241
445 169925718601
446 170440557211
447 170652642751
448 172024232641
449 172482035041
450 173327250097
451 173355306853
452 174460968067
453 175093079701
454 175191945601
455 175826956147
456 176889653821
457 177126574837
458 178730896177
459 178811421121
460 179661750157
461 183413388211
462 183600055601
463 184011185707
464 185544298297
465 186202683811
466 186899072293
467 186964596253
468 187052662261
469 187403492251
470 187993323253
471 188013914041
472 188161582561
473 189379341901
474 191306981521
475 191749833901
476 192649998241
477 193477919251
478 194467446739
479 194775768721
480 195102778513
481 195407278873
482 196414988941
483 199856194609
484 202720026601
485 204194969497
486 204845795629
487 204910260661
488 205830306067
489 207132041161
490 207489679057
491 207704284129
492 209409003541
493 210671885377
494 211183380253
495 213503633971
496 214880132017
497 216291665041
498 216899043661
499 217663272097
500 218063627497
501 218215348801
502 218673063181
503 220347528361
504 220439475589
505 220765940137
506 222043264909
507 222407969617
508 223847502187
509 224665456681
510 224756824267
511 226368183361
512 230856866257
513 231679672033
514 233129684549
515 234011113381
516 234311749201
517 234586128241
518 235502725537
519 236211406201
520 236937279097
521 237802699261
522 239063545951
523 239123078251
524 239566120081
525 240173032681
526 240438464197
527 244100277541
528 244705581667
529 244970876021
530 245258365537
531 245291853691
532 246156139951
533 246418172227
534 246452380561
535 246887390881
536 247187217509
537 247945488451
538 248344385941
539 250099658401
540 251296189453
541 251369212681
542 252505670761
543 253342076653
544 254437547113
545 254518763329
546 254539341253
547 257630981653
548 258737953633
549 260325499141
550 261987152321
551 265196971621
552 266127188161
553 267252099841
554 267516487373
555 269338548943
556 271388845201
557 272447722207
558 275179630057
559 275206295041
560 275324666653
561 275450028481
562 275538119347
563 275714519767
564 277716000817
565 278477097757
566 281485174141
567 283379139361
568 283505629501
569 283595922637
570 284026441249
571 284111157961
572 284939504107
573 285110050471
574 288187385221
575 288715819153
576 289208644453
577 290785439647
578 291879706861
579 293110152661
580 295320648211
581 295545735181
582 297109208467
583 297732153601
584 299064109177
585 299155487551
586 299455474237
587 299502010081
588 302052174661
589 303321964501
590 303883012621
591 304520079151
592 307768373641
593 310466878021
594 312019585741
595 312645548881
596 312677530513
597 312759427753
598 314021369309
599 314455378513
600 315512767201
601 315692559157
602 315962312077
603 316727954563
604 317650877827
605 322103070451
606 325703187253
607 326012836993
608 327072537793
609 329861629261
610 331630652449
611 332009410501
612 336675266287
613 338099746141
614 341027579257
615 342221459329
616 342535473649
617 344228434873
618 346120528051
619 349562959453
620 350130266851
621 352741412431
622 353193975751
623 354864744877
624 355848714869
625 356456510551
626 358469284321
627 361586581441
628 362497014967
629 362611193257
630 362742704101
631 362889406153
632 363341894653
633 363934839241
634 364291060711
635 365750089993
636 368481433321
637 368532871939
638 372896866621
639 378758150821
640 380500866373
641 381395190097
642 383655122621
643 388645867261
644 388963341901
645 391614491251
646 393187167253
647 393623401469
648 394233108121
649 396342331027
650 396387488593
651 396607137841
652 396956737633
653 397385563417
654 398214876001
655 401230163701
656 404757120127
657 405439595861
658 405994847917
659 406469950561
660 406926034453
661 407979839041
662 408147020569
663 413006305897
664 414487647001
665 420295086553
666 422090747821
667 422227573633
668 422429369617
669 422957193121
670 431229929521
671 431441200009
672 431619400057
673 431761025767
674 431776138393
675 433102520077
676 435018304033
677 435761068681
678 437667473161
679 439777538227
680 440097066011
681 442079694253
682 442950335521
683 445657135529
684 447287618161
685 447862344697
686 454386437569
687 455334765029
688 456105923047
689 457453568161
690 459814831561
691 460269435361
692 461792694061
693 462761923861
694 463566594877
695 464566100833
696 468428350349
697 473505120463
698 474006086413
699 478267896913
700 478324335061
701 480117685477
702 483799888027
703 487702804843
704 488137004581
705 489693515557
706 489995816309
707 490883439061
708 491206491751
709 493314780817
710 494442433171
711 495746584453
712 497336986513
713 499433660461
714 500212817677
715 501086407781
716 502460519653
717 503013421633
718 503544243361
719 503691743521
720 505130380987
721 505139414011
722 505259452297
723 511490084137
724 513378847081
725 513465330457
726 514599152497
727 515216377441
728 516478872457
729 521646854653
730 525473097661
731 526659700141
732 527057853229
733 528929554561
734 529099457833
735 529916079421
736 535351598167
737 535566899401
738 536949055777
739 537396116401
740 538007625121
741 540245042443
742 540535032461
743 544561381729
744 545445734653
745 546348519181
746 549866444221
747 550000401193
748 552386159821
749 555066552097
750 555889691701
751 556452218827
752 558973153051
753 566017356451
754 566066620153
755 568874449501
756 571672908901
757 576043867981
758 577255246921
759 578545344721
760 578804719897
761 580096170721
762 580280202001
763 581400226009
764 582408871201
765 584181495577
766 586186232941
767 589328360167
768 591020664389
769 591090138721
770 592050558553
771 593851588177
772 595117550101
773 596144853937
774 602248359169
775 603264831751
776 606420262369
777 607103992681
778 610443439453
779 614396314153
780 618220795033
781 618731235361
782 621441822301
783 622674469957
784 623130454339
785 624954733021
786 625748190271
787 633135892033
788 635619064033
789 636059184931
790 638377429717
791 641498618881
792 644971617751
793 645800684497
794 646987060861
795 649180286947
796 649447129633
797 650687218081
798 653720084461
799 655120396153
800 656853120991
801 658118241901
802 659937299407
803 662299194577
804 664632439453
805 664688646343
806 669084191257
807 669094855201
808 669344747653
809 670066921261
810 670529556841
811 673542625537
812 674137339849
813 675467739253
814 675997850881
815 678707450821
816 684096477751
817 686764902641
818 687093823153
819 688529415421
820 693284423977
821 695017757167
822 696834394453
823 697263158401
824 697485182521
825 699908344327
826 705105542233
827 706202050871
828 706387654351
829 707161856941
830 708414994561
831 709276255381
832 710100970541
833 710865939169
834 712293633559
835 712614969307
836 712619212861
837 713961324001
838 714683650141
839 716766544033
840 717335479321
841 719793922121
842 722478960391
843 724301405213
844 725570934661
845 726765201277
846 729421133761
847 729423665209
848 730984087681
849 733224429367
850 736775510329
851 737647835653
852 738931029301
853 741483987301
854 741881186287
855 744049848481
856 755871886423
857 755921131687
858 762625313137
859 762655073251
860 765964320409
861 768424945753
862 768450094081
863 771210870139
864 773128482367
865 774840343681
866 774954608581
867 776516619121
868 776723467147
869 777325386241
870 777862702207
871 778342988809
872 783366872671
873 783488487601
874 784605470221
875 785507660101
876 788996936701
877 791682200107
878 792139559221
879 800294024161
880 801484465633
881 802180413847
882 803710692937
883 805426070221
884 815988967201
885 818768544241
886 819949073833
887 821831844961
888 822861705247
889 825236434837
890 829546061653
891 831321792001
892 833833587121
893 835804082467
894 835935723811
895 842638521121
896 844419649681
897 844454021797
898 851402588401
899 851717184667
900 853196213761
901 853711783207
902 856030514653
903 858597289327
904 860140071793
905 860873403781
906 861584051161
907 861692382253
908 863370140641
909 863586071317
910 864376531201
911 865837311389
912 868289854321
913 875088529801
914 875604201037
915 877246142977
916 882049658249
917 885281566681
918 885740903191
919 887327169121
920 888216903241
921 898842708409
922 899882896681
923 903421786681
924 903621656953
925 906437081089
926 907203644569
927 908201935681
928 908354097289
929 908597158561
930 909703432061
931 910320315449
932 910631583793
933 913359227041
934 915426232033
935 918678638767
936 919555347461
937 920747458877
938 922422043201
939 924633131731
940 933148512217
941 938800637347
942 939625142653
943 939821942809
944 944105978971
945 945788339953
946 947372683753
947 953198091301
948 962010334297
949 966299321527
950 966410493049
951 967857029107
952 968555992801
953 968936634821
954 969734103001
955 970650176641
956 971273119213
957 973922675041
958 974456821001
959 977136994081
960 977501393977
961 979184669653
962 979319018341
963 981290836501
964 985016775601
965 986924689453
966 997031384161
967 999236382301
968 1002101725633
969 1004006505001
970 1005693130261
971 1007729332849
972 1008145330741
973 1009094110501
974 1009304352253
975 1009781789941
976 1011317175721
977 1013963742457
978 1014503715343
979 1016962606441
980 1018189472653
981 1023100257121
982 1024478493307
983 1028577018169
984 1032352860937
985 1044731511253
986 1052516956501
987 1053597763681
988 1059016451767
989 1059881943121
990 1060750744453
991 1060920857599
992 1064564468281
993 1074568471021
994 1088972527843
995 1089609053653
996 1093499469877
997 1100477362141
998 1101317770561
999 1104775437169
1000 1105339579489
1001 1106487824557
1002 1106718256261
1003 1107936488881
1004 1108698788737
1005 1108746381601
1006 1110536445313
1007 1114442093161
1008 1114531700833
1009 1115955545821
1010 1118359654387
1011 1118675164753
1012 1121023561033
1013 1121610731251
1014 1122004669633
1015 1123382831581
1016 1124150856193
1017 1127681393617
1018 1128064333861
1019 1128105246337
1020 1128792948841
1021 1131046645009
1022 1133836295041
1023 1136371968811
1024 1138687632253
1025 1142675134453
1026 1144020045601
1027 1144039081249
1028 1148949062977
1029 1150447363201
1030 1151753231737
1031 1151982124021
1032 1152791681801
1033 1154159672581
1034 1158257600551
1035 1161179493769
1036 1162388969821
1037 1165050425137
1038 1165133944981
1039 1166917753633
1040 1170415575253
1041 1173354975253
1042 1174372863049
1043 1176455318347
1044 1177549989661
1045 1177806610657
1046 1179659369701
1047 1188059560451
1048 1192912308127
1049 1196678873251
1050 1197597106261
1051 1201841349367
1052 1203395684041
1053 1203962379481
1054 1205537391661
1055 1206912438817
1056 1210381992793
1057 1211958555757
1058 1217810486593
1059 1218861882397
1060 1219088082997
1061 1221365838191
1062 1225454692177
1063 1226534725441
1064 1235933933653
1065 1237424787289
1066 1238423846087
1067 1240088072653
1068 1241827324741
1069 1242025758433
1070 1242546067153
1071 1246591940833
1072 1249024105981
1073 1250901882187
1074 1253355248521
1075 1255537494091
1076 1259947883041
1077 1261394769601
1078 1261954454221
1079 1265782991761
1080 1266270405877
1081 1266356918287
1082 1267680187621
1083 1271789215441
1084 1274471613721
1085 1275258000061
1086 1277210203837
1087 1277674527631
1088 1278867359173
1089 1280466733597
1090 1280575706437
1091 1282492075801
1092 1288748726641
1093 1295730434701
1094 1297382964967
1095 1301723139601
1096 1302339572641
1097 1303276467781
1098 1310528518993
1099 1312654141633
1100 1313808932041
1101 1318632506647
1102 1324095131321
1103 1325623437433
1104 1328802855031
1105 1337247868963
1106 1340148888541
1107 1340182695433
1108 1343172069581
1109 1344535060061
1110 1346348942881
1111 1347430986721
1112 1350572284951
1113 1352431246321
1114 1355932740247
1115 1356702279661
1116 1362242655901
1117 1362559589821
1118 1363236634717
1119 1363802969401
1120 1364105061259
1121 1364779159453
1122 1366482724501
1123 1366529145697
1124 1367203407221
1125 1368017922569
1126 1370296254601
1127 1377202938481
1128 1380047725981
1129 1381320690749
1130 1383261194701
1131 1383638582341
1132 1385157370843
1133 1390115131651
1134 1391565381581
1135 1392035391181
1136 1392770336147
1137 1393589688913
1138 1402832112481
1139 1402950272131
1140 1407395812441
1141 1409700027517
1142 1412345067451
1143 1413749052601
1144 1416855155647
1145 1421715811627
1146 1422713536861
1147 1426119827653
1148 1426806844961
1149 1427823735229
1150 1441808314381
1151 1454473774657
1152 1455477132313
1153 1455785481361
1154 1461178995841
1155 1462445423353
1156 1463405765713
1157 1467251870761
1158 1469654828461
1159 1474742726309
1160 1477456841501
1161 1478804856391
1162 1480751301751
1163 1481461138301
1164 1482270333967
1165 1482764791201
1166 1488552027247
1167 1491661587541
1168 1495802240833
1169 1497635004241
1170 1501012310381
1171 1501258932253
1172 1502206278847
1173 1504789984513
1174 1511923991581
1175 1512420347353
1176 1514320368217
1177 1520681467369
1178 1523688916681
1179 1526775897961
1180 1529557120873
1181 1535617554721
1182 1536826802701
1183 1538527771061
1184 1542289726129
1185 1547620041601
1186 1552000451653
1187 1556460015001
1188 1557325889821
1189 1566655993781
1190 1567939809061
1191 1569578933077
1192 1570324916161
1193 1572834280393
1194 1579009328821
1195 1583280170221
1196 1583504495761
1197 1585327830661
1198 1586828595463
1199 1587550840021
1200 1593505431451
1201 1594217633797
1202 1599291165601
1203 1599695157061
1204 1600238282527
1205 1602038365021
1206 1609780468141
1207 1611863176081
1208 1612020550141
1209 1612146594889
1210 1614839225833
1211 1615038504661
1212 1620218707381
1213 1626274750741
1214 1628654227201
1215 1632459155167
1216 1633498126177
1217 1636680389521
1218 1637328794401
1219 1638751378837
1220 1640446291859
1221 1640500750981
1222 1642109611757
1223 1645640622037
1224 1657849785643
1225 1659423421891
1226 1669461465121
1227 1671425004943
1228 1674076553449
1229 1675625598937
1230 1678759674481
1231 1683061731541
1232 1683617236033
1233 1683962135857
1234 1685519526073
1235 1691663189563
1236 1692296790553
1237 1694269943701
1238 1699718692297
1239 1699801985701
1240 1700586176257
1241 1703343927781
1242 1704187300747
1243 1707066934453
1244 1708796854801
1245 1713725269453
1246 1724807014639
1247 1726188836653
1248 1729703384533
1249 1730876531281
1250 1733007033187
1251 1747078156693
1252 1749760817617
1253 1761676266901
1254 1762717876541
1255 1766049623869
1256 1766204791597
1257 1766499499957
1258 1768029337229
1259 1770529636891
1260 1772296294081
1261 1772696687581
1262 1779616286317
1263 1785947946301
1264 1786011066097
1265 1787550029821
1266 1788968553769
1267 1798225985989
1268 1802406267637
1269 1803635049637
1270 1805696099209
1271 1814058185941
1272 1816706063437
1273 1817970193201
1274 1825072927441
1275 1830429740833
1276 1832389976341
1277 1833743191169
1278 1833999829201
1279 1836067393621
1280 1836404529859
1281 1842004993753
1282 1842218209927
1283 1845645930901
1284 1847438911627
1285 1849196045467
1286 1852661390581
1287 1855896669901
1288 1857308043781
1289 1857884451281
1290 1859498026861
1291 1868576606353
1292 1869708512351
1293 1871186716981
1294 1871512106833
1295 1872677765713
1296 1876381782241
1297 1878064445701
1298 1879050064501
1299 1880862073747
1300 1902665689237
1301 1907686675621
1302 1907729344853
1303 1914050799181
1304 1915302077281
1305 1915879413211
1306 1926920481649
1307 1933162929253
1308 1942318738729
1309 1943369652421
1310 1956179943649
1311 1957043213137
1312 1961951487361
1313 1963931666401
1314 1967279045707
1315 1972446141121
1316 1973594603377
1317 1976344633537
1318 1981010064601
1319 1990215689617
1320 1990626331501
1321 1990853572901
1322 1991726056867
1323 1994518760653
1324 2007193456621
1325 2007289630261
1326 2008357345807
1327 2008749748321
1328 2009730360241
1329 2010177414631
1330 2011144352309
1331 2011419589147
1332 2018246455681
1333 2022224399821
1334 2025565287901
1335 2033394497263
1336 2033855735017
1337 2033900132617
1338 2035248190951
1339 2035897497941
1340 2038318389751
1341 2042839478143
1342 2043838972033
1343 2053366480327
1344 2057224071151
1345 2068882641229
1346 2072394175351
1347 2072879092441
1348 2082908874061
1349 2088300687301
1350 2090815504207
1351 2093890067281
1352 2094190614181
1353 2095030818241
1354 2104464555793
1355 2112373901881
1356 2118251014951
1357 2119023643661
1358 2119117698253
1359 2120696828251
1360 2124605616841
1361 2125420290391
1362 2128392857251
1363 2128824315217
1364 2134073700361
1365 2138024296801
1366 2140218086581
1367 2144072722357
1368 2145001811573
1369 2145849491161
1370 2152302898747
1371 2153923874437
1372 2154891114001
1373 2156969421601
1374 2160724260701
1375 2161273309201
1376 2164150872589
1377 2165271411529
1378 2166765548041
1379 2170514252341
1380 2171614486861
1381 2173491895177
1382 2174480982577
1383 2174955824449
1384 2175707763433
1385 2181077986753
1386 2187953551001
1387 2189042310451
1388 2189858832253
1389 2190659630161
1390 2191216732093
1391 2196505548751
1392 2198908962253
1393 2202383837281
1394 2202794219893
1395 2210719929601
1396 2211868402813
1397 2215915458517
1398 2217999373201
1399 2223639977653
1400 2230731383653
1401 2240081330269
1402 2240273475631
1403 2243880246961
1404 2252786487661
1405 2265900255721
1406 2267885552641
1407 2268402075253
1408 2270447314453
1409 2273312197621
1410 2276306912881
1411 2279969783101
1412 2284370483281
1413 2289717532901
1414 2290290255361
1415 2305043208361
1416 2315010659473
1417 2319268291201
1418 2324874501623
1419 2325616612507
1420 2330550742753
1421 2333319610513
1422 2338413625633
1423 2341063203667
1424 2348444983249
1425 2357696250001
1426 2358488901037
1427 2360795253821
1428 2366338900801
1429 2369262203621
1430 2370277365121
1431 2373153881851
1432 2373884314453
1433 2382589781573
1434 2384687379817
1435 2388864098701
1436 2389897689601
1437 2390333183101
1438 2397682692247
1439 2398741575361
1440 2405680545421
1441 2408285754157
1442 2410863751297
1443 2413072498201
1444 2416150810807
1445 2423803190161
1446 2423980501081
1447 2426944137157
1448 2431759795081
1449 2432870015941
1450 2443202650981
1451 2443414865653
1452 2447873502661
1453 2449310514997
1454 2459139441001
1455 2462044967929
1456 2475800829191
1457 2477407893601
1458 2481346173841
1459 2483154037981
1460 2490277308751
1461 2504539342387
1462 2505525714667
1463 2526287809321
1464 2526966350771
1465 2527179391069
1466 2527960444453
1467 2530307997673
1468 2536276670929
1469 2540712201301
1470 2540928609253
1471 2543029297901
1472 2545583609341
1473 2546125164901
1474 2548617814933
1475 2555457233617
1476 2579612620747
1477 2581395295753
1478 2582174034001
1479 2585657804329
1480 2594281203667
1481 2600095316881
1482 2607034274461
1483 2609789940577
1484 2619379262053
1485 2620160393401
1486 2624521085521
1487 2626620679567
1488 2629661751181
1489 2633159346751
1490 2633272248961
1491 2638696010653
1492 2645640829609
1493 2646863903251
1494 2650618430461
1495 2650791829687
1496 2671880198653
1497 2678466454561
1498 2688182133577
1499 2690776616653
1500 2691191855467
1501 2694539485777
1502 2695495497421
1503 2695566850021
1504 2698799877901
1505 2703374016661
1506 2705226411427
1507 2705320537921
1508 2714638494157
1509 2724611300233
1510 2725065397633
1511 2730788005501
1512 2731649128781
1513 2734119296047
1514 2734454127623
1515 2735230845121
1516 2735865689047
1517 2737704450391
1518 2744715551581
1519 2749328420581
1520 2764431640981
1521 2768663088769
1522 2775429801931
1523 2792216936251
1524 2796124148821
1525 2804416524253
1526 2806501651801
1527 2811180579829
1528 2813356390321
1529 2814927370861
1530 2815834152349
1531 2817096184033
1532 2819261934451
1533 2821799431951
1534 2821836268261
1535 2823492945787
1536 2825543485801
1537 2825714646901
1538 2825828757181
1539 2837889648329
1540 2840286733373
1541 2851654835233
1542 2862175265641
1543 2877420890023
1544 2877642482653
1545 2884474129633
1546 2885922533737
1547 2900092518481
1548 2905379055547
1549 2909903534137
1550 2911723319317
1551 2924309478751
1552 2924567001553
1553 2925709704961
1554 2930336054561
1555 2936328269113
1556 2948506878721
1557 2949015586843
1558 2950505840833
1559 2953911825901
1560 2954670222241
1561 2954684823721
1562 2957646409453
1563 2962551630781
1564 2963759365027
1565 2964660689761
1566 2971087043653
1567 2973076505101
1568 2977174551781
1569 3001276135681
1570 3008738866801
1571 3021259314781
1572 3022203319453
1573 3023147471581
1574 3025786741129
1575 3026339470513
1576 3027457036801
1577 3032242475653
1578 3033259367689
1579 3034287574561
1580 3037466784941
1581 3040647630337
1582 3041429756509
1583 3044094541357
1584 3064170602767
1585 3064445142097
1586 3067216296457
1587 3067280238907
1588 3067658157313
1589 3080831328649
1590 3080925076681
1591 3088984716001
1592 3096468375001
1593 3104824454617
1594 3107840695303
1595 3110520561301
1596 3110854336589
1597 3111358669453
1598 3113366037013
1599 3119867733943
1600 3125743794253
1601 3127302580033
1602 3131126359681
1603 3135516963409
1604 3137087068613
1605 3138854574721
1606 3141696814489
1607 3144789021529
1608 3145216340701
1609 3147790075501
1610 3150033685021
1611 3150154165861
1612 3159136468153
1613 3161092423399
1614 3175082821081
1615 3177023711401
1616 3178329612697
1617 3181535512849
1618 3182041701541
1619 3186957784627
1620 3187108380461
1621 3187233558433
1622 3192465878191
1623 3193902067201
1624 3207035178901
1625 3213359667253
1626 3219690385621
1627 3226088964001
1628 3227273022751
1629 3229515395767
1630 3230784133741
1631 3235959547981
1632 3236765593141
1633 3236958903817
1634 3238964253253
1635 3241500484609
1636 3243677542951
1637 3244003640797
1638 3245931601741
1639 3257421209281
1640 3258453167129
1641 3264181770943
1642 3267867690001
1643 3270192134653
1644 3271176175051
1645 3276481016077
1646 3281249509453
1647 3301582423609
1648 3302803384453
1649 3313297868653
1650 3319542796501
1651 3331486440901
1652 3335348947201
1653 3341859009341
1654 3343433905957
1655 3356186464681
1656 3358134131701
1657 3360606548581
1658 3365001805831
1659 3371375847673
1660 3375117664381
1661 3378050931061
1662 3386350880461
1663 3389926272409
1664 3390169034561
1665 3392199106141
1666 3417526686421
1667 3428584416973
1668 3433628456527
1669 3443771364157
1670 3450000882721
1671 3461715915661
1672 3474749660383
1673 3477707481751
1674 3488406715831
1675 3488838808153
1676 3491779030741
1677 3493063959481
1678 3493479671767
1679 3503482429441
1680 3504493735681
1681 3515164735321
1682 3518015093587
1683 3523244187871
1684 3534591437821
1685 3543040929037
1686 3547112667271
1687 3551585553253
1688 3579344185561
1689 3579364969951
1690 3585999878137
1691 3587354858641
1692 3589438694623
1693 3590003479681
1694 3595541581237
1695 3602788355251
1696 3612428243269
1697 3618793063201
1698 3628822041001
1699 3636020259793
1700 3637426388221
1701 3639120872171
1702 3641517683281
1703 3642713362063
1704 3642896152087
1705 3647285438113
1706 3655366389751
1707 3658984260749
1708 3665997202561
1709 3669118502041
1710 3673229757121
1711 3675281339281
1712 3677410980253
1713 3678387356953
1714 3693188215201
1715 3703900187791
1716 3728688587851
1717 3730853209661
1718 3734251887451
1719 3736781533057
1720 3740635127623
1721 3742623503473
1722 3750408908707
1723 3750641303977
1724 3752642439253
1725 3755117944033
1726 3757849128547
1727 3766080631051
1728 3793255702111
1729 3798060171751
1730 3798917374561
1731 3801521220841
1732 3806696257057
1733 3809856029167
1734 3811016907073
1735 3811387939453
1736 3811450861541
1737 3816094220611
1738 3816425552941
1739 3825315765253
1740 3834020013079
1741 3857382025841
1742 3858517836577
1743 3860145307987
1744 3864849157261
1745 3865635377623
1746 3866121873517
1747 3866560834627
1748 3868586694253
1749 3868779203701
1750 3871375975351
1751 3873327954121
1752 3877400755801
1753 3889383337153
1754 3894928219027
1755 3897985530001
1756 3898015909453
1757 3898954124101
1758 3904116322681
1759 3914746643261
1760 3916398627541
1761 3924597547261
1762 3927293293921
1763 3928656541633
1764 3934016707501
1765 3934055059747
1766 3934227370627
1767 3938842679209
1768 3939197829451
1769 3940955184623
1770 3945400260961
1771 3949942866721
1772 3954103653781
1773 3961292036833
1774 3980130640921
1775 3989703695867
1776 4000606367761
1777 4004657996641
1778 4006652015521
1779 4009488435097
1780 4014578258701
1781 4018209994261
1782 4020327153721
1783 4022566016257
1784 4027249439929
1785 4029783064453
1786 4030607327587
1787 4032632616101
1788 4034950862141
1789 4036940362153
1790 4051932475951
1791 4062262585921
1792 4064692656001
1793 4066922597251
1794 4068128742341
1795 4074652846961
1796 4079859162919
1797 4081558442911
1798 4086282379411
1799 4086862901497
1800 4087675467877
1801 4091717607517
1802 4096452600913
1803 4100908891489
1804 4105492113421
1805 4111482596621
1806 4111961687107
1807 4114301269303
1808 4114988072821
1809 4117962331361
1810 4122842988331
1811 4133708666761
1812 4133721548881
1813 4137987021901
1814 4138430720581
1815 4145565948941
1816 4155539752033
1817 4160555214661
1818 4160693678221
1819 4163416818247
1820 4166059892881
1821 4177547658721
1822 4179494695351
1823 4179790781041
1824 4182095552797
1825 4190865528301
1826 4192484208097
1827 4192627969073
1828 4198822003297
1829 4202422108523
1830 4208394409741
1831 4222882178707
1832 4225761126913
1833 4225956796153
1834 4242089777941
1835 4247043094669
1836 4248072407767
1837 4252862174653
1838 4255942511341
1839 4261541316751
1840 4272196162501
1841 4272909442231
1842 4276164864913
1843 4277676488581
1844 4291216861387
1845 4291446533653
1846 4292925405661
1847 4297726304401
1848 4310698642801
1849 4326235554097
1850 4327804093861
1851 4330628914501
1852 4330634144833
1853 4333251726301
1854 4334019915781
1855 4341937413061
1856 4342854549001
1857 4346889517981
1858 4347455652541
1859 4348114583017
1860 4353237089701
1861 4357336331377
1862 4368927522961
1863 4371702986509
1864 4374946385587
1865 4385260519561
1866 4385704556309
1867 4386833998489
1868 4396627434541
1869 4405399836769
1870 4410361865909
1871 4411986324271
1872 4415401452937
1873 4417742443753
1874 4427078338621
1875 4430078244901
1876 4431721481281
1877 4443982738651
1878 4445810876431
1879 4448209393633
1880 4448671707061
1881 4451537933551
1882 4452835238209
1883 4458394162949
1884 4459470019549
1885 4460419917253
1886 4463977082713
1887 4463982342913
1888 4464503822437
1889 4476022524751
1890 4480999942987
1891 4494199026241
1892 4515497820541
1893 4521197404153
1894 4525783922251
1895 4532241724063
1896 4535768496901
1897 4536651503401
1898 4539717362251
1899 4546776854647
1900 4558697473573
1901 4559965198021
1902 4576096420351
1903 4578202738561
1904 4578561727489
1905 4581758160481
1906 4582651084411
1907 4584726583681
1908 4597656651253
1909 4599830184409
1910 4603917240913
1911 4616890005001
1912 4632745045351
1913 4634828697241
1914 4662334701553
1915 4667788049653
1916 4673818008929
1917 4676105446021
1918 4677747636799
1919 4683609318149
1920 4685553076843
1921 4687757418943
1922 4691381178457
1923 4702611185821
1924 4715725235381
1925 4729662293401
1926 4742646231121
1927 4744418340817
1928 4752422890027
1929 4756152653669
1930 4757755679821
1931 4771276797787
1932 4772013021271
1933 4773549729631
1934 4777422165601
1935 4777732617121
1936 4782189001801
1937 4786286351461
1938 4790574424661
1939 4790779641001
1940 4791721037041
1941 4802572537267
1942 4803560286841
1943 4804880650741
1944 4814199772321
1945 4817521260667
1946 4823498419741
1947 4824087290021
1948 4826033217253
1949 4827077150941
1950 4831467552913
1951 4833917811997
1952 4838217412033
1953 4841405346781
1954 4844424110527
1955 4852913099653
1956 4857508739257
1957 4860072668527
1958 4861439486857
1959 4868866340141
1960 4870272736033
1961 4872740672381
1962 4879297568237
1963 4885667181001
1964 4886918050141
1965 4887262212523
1966 4887901716013
1967 4892042520691
1968 4899381219253
1969 4919458569217
1970 4940827614607
1971 4941909289441
1972 4951658165581
1973 4952111337253
1974 4960093648031
1975 4960570676497
1976 4961139892349
1977 4963134761131
1978 4965678592513
1979 4967306935021
1980 4967351687041
1981 4970829288937
1982 4972033311097
1983 4976653317193
1984 4995900087569
1985 4999898360047
1986 5010729433681
1987 5024586241049
1988 5030130531037
1989 5041270814329
1990 5042586357121
1991 5042919827861
1992 5049402961633
1993 5063747701867
1994 5065640028073
1995 5073473565187
1996 5077907329951
1997 5079193538191
1998 5082072383669
1999 5087755043827
2000 5089305342421
2001 5093603252251
2002 5095275598513
2003 5097676617937
2004 5104607486617
2005 5119211230381
2006 5119635932251
2007 5125817651653
2008 5131966984453
2009 5140892469871
2010 5141830633633
2011 5148902617633
2012 5154254949169
2013 5155430225527
2014 5160444834751
2015 5161535289751
2016 5165599411333
2017 5172337009867
2018 5175578817181
2019 5184848850301
2020 5185157994253
2021 5198946568201
2022 5215445930839
2023 5217849458251
2024 5218180374241
2025 5237069661253
2026 5239400112253
2027 5241797050513
2028 5243537820067
2029 5244995797417
2030 5248338310153
2031 5260258072387
2032 5260786735753
2033 5262790428967
2034 5267717554861
2035 5269950383587
2036 5307680297971
2037 5317848060661
2038 5324115985921
2039 5326774560253
2040 5333922466633
2041 5350854007441
2042 5361468408629
2043 5364229684201
2044 5366381235121
2045 5370144624127
2046 5385162680767
2047 5398458506443
2048 5403638177761
2049 5403789568327
2050 5417087095729
2051 5422851519121
2052 5423538333553
2053 5425095250513
2054 5433368768101
2055 5435976729097
2056 5440649819221
2057 5445364958497
2058 5447301993253
2059 5450867329753
2060 5462284244761
2061 5482692430651
2062 5486664348901
2063 5504508198649
2064 5528402703253
2065 5535603473209
2066 5537838510751
2067 5542330198417
2068 5543495996041
2069 5563992478801
2070 5565996464113
2071 5576047603741
2072 5589317064241
2073 5591016636349
2074 5597327671561
2075 5600941763581
2076 5605762367341
2077 5612739917401
2078 5616346079521
2079 5620008289897
2080 5624904521701
2081 5627189714977
2082 5631346186021
2083 5634189460957
2084 5639422055041
2085 5671471995967
2086 5677026264253
2087 5683902283153
2088 5684526547201
2089 5692123950397
2090 5700742358161
2091 5711895656827
2092 5728417720033
2093 5733767981233
2094 5735401862653
2095 5735665830481
2096 5737161483787
2097 5739466811653
2098 5741159431801
2099 5751028679023
2100 5756629978009
2101 5759702897293
2102 5769282157633
2103 5775789866941
2104 5783688565841
2105 5792018372251
2106 5796097904521
2107 5796655699141
2108 5797273040833
2109 5800279557823
2110 5822999697481
2111 5830202612851
2112 5832518356537
2113 5838318428251
2114 5838356991367
2115 5838738791401
2116 5839015778641
2117 5843204146081
2118 5854102435387
2119 5860646583721
2120 5870301159241
2121 5870626225921
2122 5875529549761
2123 5886895620481
2124 5892839999047
2125 5902274485441
2126 5914440214237
2127 5915049657193
2128 5916117179701
2129 5924779582471
2130 5937022089001
2131 5941635627877
2132 5946042502171
2133 5949019783981
2134 5954799344401
2135 5964095724193
2136 5965406391313
2137 5967457246357
2138 5980202470747
2139 5983918631623
2140 5988629030617
2141 5991226209821
2142 6006488753381
2143 6010712588953
2144 6011762861089
2145 6030272029633
2146 6031372361167
2147 6033894734141
2148 6038552120761
2149 6038742266917
2150 6039757288927
2151 6042016933633
2152 6043935263941
2153 6051029938201
2154 6067497516979
2155 6069035490451
2156 6069932991361
2157 6081339718387
2158 6081642857861
2159 6092763777253
2160 6103496338633
2161 6110856874729
2162 6116496320089
2163 6117660528481
2164 6119602439653
2165 6141788738821
2166 6143934411217
2167 6145012189441
2168 6160094425633
2169 6189788050513
2170 6212183626837
2171 6213080932327
2172 6215055232501
2173 6215994682801
2174 6221116804033
2175 6221852569111
2176 6222117417097
2177 6226129086451
2178 6248230923061
2179 6251726369197
2180 6267759543181
2181 6269010959881
2182 6273269688913
2183 6277137371569
2184 6283060978349
2185 6291128482417
2186 6303499125661
2187 6312876282901
2188 6321831462787
2189 6328748059453
2190 6338417444041
2191 6342329323501
2192 6350405292001
2193 6356424706081
2194 6361005616373
2195 6365174632741
2196 6369217237633
2197 6369456906541
2198 6371866336681
2199 6373713624643
2200 6374253889921
2201 6376257528187
2202 6380752333561
2203 6390375062653
2204 6390718268941
2205 6402461815201
2206 6407250364171
2207 6409997315107
2208 6411277835509
2209 6413562171253
2210 6419236517821
2211 6420440489653
2212 6431074292861
2213 6469234502641
2214 6470293952167
2215 6473590977787
2216 6474985798081
2217 6489339963121
2218 6489772281541
2219 6506615739553
2220 6513448976101
2221 6514839292501
2222 6521285001601
2223 6530674612393
2224 6531908962321
2225 6534798783787
2226 6539671744453
2227 6542652713041
2228 6550910357881
2229 6566954366701
2230 6570607940821
2231 6580444368961
2232 6584068701883
2233 6597606223981
2234 6613008208801
2235 6614600066713
2236 6628576102051
2237 6636182998849
2238 6637517432461
2239 6638390581681
2240 6653172262843
2241 6660583724233
2242 6664768278451
2243 6670209266909
2244 6671055221401
2245 6689297707177
2246 6689450734807
2247 6693796587787
2248 6695434543153
2249 6701601070081
2250 6707910902941
2251 6721303826953
2252 6724417595257
2253 6727968505261
2254 6749855880913
2255 6750567072241
2256 6754582128421
2257 6760076942431
2258 6766331181697
2259 6770893051501
2260 6771176080021
2261 6776178925133
2262 6785259926881
2263 6788497833253
2264 6799292143333
2265 6813672615751
2266 6819312032851
2267 6824800265401
2268 6832648354897
2269 6858894994381
2270 6860622916379
2271 6865545657533
2272 6870633503581
2273 6873515821069
2274 6885277600351
2275 6887270734609
2276 6894382762177
2277 6896256040801
2278 6902544562201
2279 6909475208549
2280 6910503292477
2281 6921259173181
2282 6935152612753
2283 6937836153517
2284 6942300440833
2285 6948073078381
2286 6949156333687
2287 6950029523533
2288 6958992227221
2289 6966515313253
2290 6972774961501
2291 6973146161101
2292 6974938823581
2293 6979113844501
2294 6983362507327
2295 6985327843201
2296 7009236582037
2297 7009582343653
2298 7018146226009
2299 7028465900653
2300 7030787215033
2301 7031473644889
2302 7038007247701
2303 7050362206609
2304 7054670666737
2305 7064994827521
2306 7071329256301
2307 7092619592407
2308 7094404162561
2309 7099988932297
2310 7103463959041
2311 7112491766101
2312 7125643418371
2313 7133704513993
2314 7136405445469
2315 7148403968473
2316 7152122516197
2317 7154964284161
2318 7159545581653
2319 7161971128033
2320 7162454871343
2321 7166199136321
2322 7181870709751
2323 7183588205713
2324 7195543889689
2325 7195554427141
2326 7207713264673
2327 7212036226033
2328 7219361977787
2329 7219610505253
2330 7224383071951
2331 7238774689453
2332 7245557092927
2333 7246431856831
2334 7258377545291
2335 7280489685151
2336 7294219464421
2337 7297680271393
2338 7315818579941
2339 7319660284081
2340 7322113017253
2341 7329899875537
2342 7330932566821
2343 7332442726897
2344 7340287710211
2345 7349248312781
2346 7350256544401
2347 7354256685697
2348 7355796948727
2349 7365034474601
2350 7372980891361
2351 7378205559367
2352 7383626698297
2353 7393925511253
2354 7409348975729
2355 7417894825351
2356 7428295074589
2357 7440790547851
2358 7460089387921
2359 7466451772033
2360 7478520938461
2361 7478706576421
2362 7481107063501
2363 7491254548681
2364 7501930640707
2365 7514000176777
2366 7516596743701
2367 7519044510253
2368 7519882159441
2369 7526491916653
2370 7533980574721
2371 7535433670381
2372 7546574988961
2373 7551597886201
2374 7553072698921
2375 7565204210023
2376 7596923250001
2377 7598050186561
2378 7607529374681
2379 7612685915941
2380 7627985967841
2381 7629119801521
2382 7635456281701
2383 7637403229633
2384 7641769296481
2385 7644325018987
2386 7645779295291
2387 7649275450513
2388 7653475351981
2389 7654190414401
2390 7660432367561
2391 7684758981649
2392 7688610412033
2393 7697059552513
2394 7706335590253
2395 7718333958721
2396 7722890937361
2397 7726348116481
2398 7738029492211
2399 7739752642777
2400 7754172400783
2401 7763823321841
2402 7768366413193
2403 7769940620041
2404 7778583613153
2405 7790957900833
2406 7796215994257
2407 7812389385961
2408 7815308382281
2409 7837026719761
2410 7837549898749
2411 7844512939453
2412 7847745397381
2413 7863356302777
2414 7870253730307
2415 7871346443143
2416 7876663705153
2417 7881634774729
2418 7890524147309
2419 7891734792061
2420 7892561571049
2421 7907463510451
2422 7916627165833
2423 7921036817101
2424 7925781168901
2425 7954312499761
2426 7966208352961
2427 7971072197941
2428 7975928358217
2429 7980808881361
2430 7987179140821
2431 8001430930321
2432 8006855187361
2433 8008471275481
2434 8015274264601
2435 8021447437921
2436 8026849115429
2437 8029152510121
2438 8043596512033
2439 8051576863501
2440 8057190866141
2441 8060825178253
2442 8087636285191
2443 8106304406227
2444 8109860421001
2445 8119617826321
2446 8122472633017
2447 8141974369453
2448 8143042760101
2449 8148272329633
2450 8150409403057
2451 8153627122009
2452 8157634236727
2453 8170472604421
2454 8173580489911
2455 8185076386327
2456 8186002768261
2457 8187411093907
2458 8192899846909
2459 8203200190921
2460 8204144398981
2461 8207503007761
2462 8210501400307
2463 8215760969497
2464 8226347608081
2465 8234815987711
2466 8238858891451
2467 8239128066937
2468 8253845567353
2469 8267973236461
2470 8276331145633
2471 8276929049707
2472 8280282202501
2473 8280623038573
2474 8297871140833
2475 8307213832321
2476 8308592403337
2477 8315243161633
2478 8318103037213
2479 8324087423653
2480 8327862367921
2481 8343522756577
2482 8346197474341
2483 8354290700881
2484 8360756346757
2485 8361817632481
2486 8367167794393
2487 8382468596261
2488 8389098927331
2489 8396679365713
2490 8418262577761
2491 8422981055287
2492 8435662797451
2493 8439448575421
2494 8440542930751
2495 8442257420761
2496 8446549372381
2497 8447260073281
2498 8449311599821
2499 8450695966231
2500 8454837409453
2501 8467202546353
2502 8467424766001
2503 8468406134761
2504 8469392810881
2505 8469989029633
2506 8471803825633
2507 8485074001529
2508 8490799201501
2509 8511300696001
2510 8512384921633
2511 8513645194297
2512 8537039416951
2513 8539143257851
2514 8551474726229
2515 8562136620461
2516 8564859505441
2517 8567910281449
2518 8571296675341
2519 8573542683751
2520 8577759610351
2521 8580441607319
2522 8585015037301
2523 8604786220633
2524 8615494912501
2525 8623049376691
2526 8628259591057
2527 8631832357597
2528 8637404454253
2529 8645856238081
2530 8645885381953
2531 8646384389653
2532 8648900162251
2533 8649193274551
2534 8650230083041
2535 8654969575981
2536 8655768414541
2537 8657765672221
2538 8676045917501
2539 8679168491821
2540 8680450694761
2541 8683750988461
2542 8683799617681
2543 8684904935851
2544 8689152565633
2545 8690366388829
2546 8695546764451
2547 8696261055841
2548 8711544349441
2549 8718775377427
2550 8730471300409
2551 8741041553887
2552 8744626699201
2553 8759500005847
2554 8762566914961
2555 8765786301427
2556 8773045963901
2557 8781995063141
2558 8788860571501
2559 8790413966263
2560 8825617733131
2561 8836810032667
2562 8841316760161
2563 8842119944113
2564 8845328407843
2565 8880741213277
2566 8882107250941
2567 8882480266633
2568 8884159740289
2569 8889999036661
2570 8895262174021
2571 8902855980721
2572 8919651177361
2573 8929575755227
2574 8934991428871
2575 8940264694453
2576 8953859398777
2577 8955900199261
2578 8961747801697
2579 8969312933101
2580 8970810206341
2581 8979643024327
2582 8991654427729
2583 9001591570357
2584 9009509474521
2585 9023064230701
2586 9029182493341
2587 9033751942561
2588 9035899110701
2589 9045437116169
2590 9056892500833
2591 9058927642927
2592 9060009233941
2593 9073296616981
2594 9088628753881
2595 9091324056949
2596 9094594925197
2597 9102286692913
2598 9111769703041
2599 9112861582823
2600 9116720588593
2601 9120555394081
2602 9152075479201
2603 9190905174001
2604 9197024200057
2605 9199276723981
2606 9201033315361
2607 9210018627001
2608 9213062020489
2609 9234144052033
2610 9234739188757
2611 9238778274961
2612 9242910285841
2613 9262753771267
2614 9281329125517
2615 9287608230253
2616 9288192047929
2617 9303534712603
2618 9344009427607
2619 9348101582041
2620 9351714144277
2621 9359715732907
2622 9367878877537
2623 9374126488273
2624 9391128994711
2625 9395581311451
2626 9404628546727
2627 9408144540757
2628 9411316432933
2629 9421022318401
2630 9425030475451
2631 9429387401741
2632 9436090930561
2633 9438172312717
2634 9442574593567
2635 9453292390631
2636 9456130988929
2637 9459544493587
2638 9463393537057
2639 9467449763311
2640 9468043744141
2641 9469290621451
2642 9477785656501
2643 9479535351301
2644 9495112369753
2645 9497486751481
2646 9515132026681
2647 9524613465907
2648 9542968210729
2649 9546428981953
2650 9553670515201
2651 9560591532253
2652 9564265018153
2653 9566491916521
2654 9575107123297
2655 9578440787653
2656 9592945709491
2657 9593804780323
2658 9597754755289
2659 9603615200401
2660 9639542419501
2661 9657252793921
2662 9698634953281
2663 9703798721521
2664 9706123723957
2665 9726023042977
2666 9731991192229
2667 9736655657653
2668 9774542853811
2669 9785705616289
2670 9800038076251
2671 9813659703751
2672 9814547717101
2673 9822205068301
2674 9843507923341
2675 9846686055781
2676 9853503575653
2677 9860307158041
2678 9868965617761
2679 9873333717571
2680 9879090287653
2681 9887569597949
2682 9892838889431
2683 9915398126929
2684 9921380896981
2685 9922984589521
2686 9923426597449
2687 9931967662753
2688 9932134820617
2689 9934607566201
2690 9937209665701
2691 9939527799001
2692 9955872504913
2693 9980409990721
2694 9986668944121
2695 9995518032001
2696 9998974546471
2697 10031518487677
2698 10043579211517
2699 10048020344251
2700 10066251610537
2701 10066896214987
2702 10069870824751
2703 10073859363937
2704 10081745046253
2705 10087554569621
2706 10087771603687
2707 10090368414253
2708 10103624407561
2709 10116911740951
2710 10134518793121
2711 10162951131023
2712 10178964348769
2713 10183089204271
2714 10184044112929
2715 10188848601601
2716 10204407547153
2717 10205098620553
2718 10210940344153
2719 10213218076141
2720 10216085978251
2721 10219727281501
2722 10225954953601
2723 10231165113817
2724 10232682966241
2725 10236391092019
2726 10241540957701
2727 10261395163951
2728 10273769397961
2729 10273833716581
2730 10284608520961
2731 10316960069653
2732 10322008556833
2733 10329391976221
2734 10330089547417
2735 10343141213653
2736 10362587104957
2737 10386937768567
2738 10394293291111
2739 10400364237337
2740 10411239569347
2741 10425055626721
2742 10438132053509
2743 10442690920421
2744 10445345295661
2745 10448372126737
2746 10452752401801
2747 10464827691361
2748 10465319362501
2749 10472852495197
2750 10475069801701
2751 10494989803531
2752 10497374821207
2753 10507725010231
2754 10513687135141
2755 10526787577153
2756 10532184247621
2757 10545667534561
2758 10606095397633
2759 10617934668547
2760 10628566309513
2761 10632940707313
2762 10633894361707
2763 10640373804961
2764 10642505052367
2765 10655913788101
2766 10665333474841
2767 10690318490827
2768 10695505297177
2769 10701613834111
2770 10710604680091
2771 10721609050231
2772 10724402435671
2773 10735835749381
2774 10743924328609
2775 10754557267609
2776 10758089286181
2777 10760306485633
2778 10771495575391
2779 10781703190261
2780 10797453969121
2781 10802346075841
2782 10811654203897
2783 10822420844929
2784 10823424800653
2785 10837275418621
2786 10874850638653
2787 10875202879927
2788 10896107506087
2789 10914732950887
2790 10928295458107
2791 10932008715253
2792 10936049063941
2793 10956908602513
2794 10962199523701
2795 10962441903601
2796 10978078994609
2797 10985327983081
2798 10987880808607
2799 11002636690321
2800 11011081144897
2801 11016787489021
2802 11018383569289
2803 11043390308653
2804 11057467170961
2805 11061444366253
2806 11078676626161
2807 11087565044641
2808 11088256180021
2809 11089231244101
2810 11101018184089
2811 11128599043381
2812 11140267925593
2813 11144419494913
2814 11156334775273
2815 11170229514553
2816 11181878922061
2817 11183247683903
2818 11189879536897
2819 11196661264951
2820 11216586354247
2821 11235840729037
2822 11262527538221
2823 11293515271561
2824 11299096963681
2825 11302810832377
2826 11315714285713
2827 11315863635121
2828 11318415243367
2829 11323454510521
2830 11325802588291
2831 11330139979621
2832 11333438394547
2833 11347990869121
2834 11355444637541
2835 11368531161487
2836 11377272352951
2837 11379171000913
2838 11384353553281
2839 11385854316841
2840 11392115059201
2841 11395125052741
2842 11399364682201
2843 11405542284001
2844 11411171046901
2845 11432362090969
2846 11434983540007
2847 11435745662881
2848 11458457613541
2849 11466944161417
2850 11469367456321
2851 11478850616047
2852 11480224956121
2853 11489667803701
2854 11490857393473
2855 11503908706951
2856 11505108889957
2857 11505957082201
2858 11514823781581
2859 11518565694751
2860 11525652693253
2861 11531814880921
2862 11543396135521
2863 11543537369761
2864 11553342856459
2865 11557268920657
2866 11557451362969
2867 11567670430681
2868 11579573578567
2869 11586846101617
2870 11589400943569
2871 11593044221221
2872 11594541911317
2873 11608419011773
2874 11610137946907
2875 11613082097107
2876 11613366161437
2877 11632007964121
2878 11633758660261
2879 11647936638073
2880 11668398859153
2881 11683475876953
2882 11695153065601
2883 11695606270129
2884 11701621848181
2885 11703160247549
2886 11719237927237
2887 11728481251177
2888 11729153779201
2889 11747370971953
2890 11755145648017
2891 11767737769453
2892 11773787038501
2893 11794447864033
2894 11803955359897
2895 11824160916961
2896 11834746097521
2897 11836069527151
2898 11836608471187
2899 11844752395771
2900 11849016014681
2901 11850086032831
2902 11850549741253
2903 11857111859321
2904 11857947640057
2905 11876970530701
2906 11879313726331
2907 11884666214881
2908 11890720318657
2909 11906069292547
2910 11917242716653
2911 11920758057253
2912 11941395495751
2913 11943737706421
2914 11945201505511
2915 11949421408321
2916 11960989419367
2917 11967808842991
2918 11987177969341
2919 11987845962769
2920 11991848384821
2921 12013889016523
2922 12035288830753
2923 12039869024641
2924 12043434968407
2925 12051629309789
2926 12052871928913
2927 12057633250633
2928 12067224484537
2929 12069342131941
2930 12101908534453
2931 12127514292433
2932 12136958823851
2933 12147291302581
2934 12153047470411
2935 12163753093477
2936 12164078476009
2937 12176646889777
2938 12203190649621
2939 12212725831297
2940 12223355321341
2941 12225725265989
2942 12228458434921
2943 12239384012101
2944 12248050033981
2945 12278445243751
2946 12286804383253
2947 12290950526401
2948 12291329463571
2949 12305847317653
2950 12313172661661
2951 12316440937897
2952 12316748562509
2953 12332831827681
2954 12360362871313
2955 12370711881821
2956 12373461769429
2957 12392622392977
2958 12415625592913
2959 12440049932161
2960 12451179013093
2961 12461888387737
2962 12469071524227
2963 12480561849109
2964 12485942033797
2965 12490467361681
2966 12507408597421
2967 12523618646281
2968 12526704062881
2969 12537195128461
2970 12600006730741
2971 12612017526301
2972 12630780609049
2973 12638713960693
2974 12648970384933
2975 12659692219417
2976 12659718214441
2977 12666863916481
2978 12693729996979
2979 12695848682653
2980 12699433660237
2981 12715794361201
2982 12723558225841
2983 12741846109453
2984 12748507740277
2985 12749843613781
2986 12753824393309
2987 12758603124961
2988 12766598167417
2989 12774055480033
2990 12783236670907
2991 12789792827533
2992 12800661784501
2993 12804438925981
2994 12807731639431
2995 12821536024447
2996 12866227479121
2997 12871846281361
2998 12890248118281
2999 12892101365527
3000 12898443456001
3001 12899378673091
3002 12918531940631
3003 12921054752341
3004 12929623889041
3005 12934568354881
3006 12935943566461
3007 12966431941633
3008 12990935454661
3009 12995829267301
3010 13022325042721
3011 13023687653101
3012 13045308435253
3013 13052014947427
3014 13052174352661
3015 13059751835233
3016 13072927000033
3017 13084211688463
3018 13088971651781
3019 13090608001729
3020 13095751437427
3021 13107565881187
3022 13112583010129
3023 13143888840601
3024 13154528738347
3025 13156861030471
3026 13172190022237
3027 13182860252437
3028 13200691849441
3029 13213229468011
3030 13221642222629
3031 13233050731981
3032 13248875469061
3033 13272466495753
3034 13283132839681
3035 13286071729153
3036 13298569944661
3037 13324629354241
3038 13330770600421
3039 13336843546153
3040 13340154811777
3041 13343287273633
3042 13362701529241
3043 13363506491653
3044 13373219305951
3045 13377654855181
3046 13378007549737
3047 13393911536209
3048 13395040279741
3049 13405501868617
3050 13408842386161
3051 13426634624287
3052 13434473174641
3053 13441394242781
3054 13458237964033
3055 13465891787041
3056 13468923772921
3057 13476725163001
3058 13481347202401
3059 13502940238657
3060 13557085423201
3061 13561631829023
3062 13566825964147
3063 13570265633653
3064 13571325588241
3065 13574517047101
3066 13581738902401
3067 13583117708161
3068 13585109440033
3069 13586664732241
3070 13603745053289
3071 13612422906001
3072 13618531006081
3073 13622213632249
3074 13622908128121
3075 13625281623361
3076 13643092054531
3077 13644886876741
3078 13660388006641
3079 13662132617281
3080 13664201468653
3081 13664951328913
3082 13672890198241
3083 13676578418731
3084 13694506036993
3085 13695807574549
3086 13716192835621
3087 13723225577389
3088 13734850596409
3089 13738231897633
3090 13746354099649
3091 13770424001953
3092 13771053761653
3093 13783289238517
3094 13785207022781
3095 13789616209687
3096 13791969958861
3097 13792084429657
3098 13808108948941
3099 13811459864317
3100 13817614870627
3101 13827286256941
3102 13853591066701
3103 13856539080187
3104 13877057813653
3105 13910710491901
3106 13923372415501
3107 13923742950217
3108 13924130410061
3109 13928102035387
3110 13933387101397
3111 13935660421321
3112 13938574327021
3113 13955052424501
3114 13979660250323
3115 13986045370513
3116 14012154516601
3117 14015299049251
3118 14028302661661
3119 14043693580381
3120 14044964844751
3121 14066597846701
3122 14068540023427
3123 14079589194871
3124 14092610600953
3125 14116215728161
3126 14120796036251
3127 14122242692827
3128 14154688093801
3129 14167621071361
3130 14182293841561
3131 14198737754701
3132 14207233728871
3133 14217687664073
3134 14230941371609
3135 14269847918281
3136 14277041446627
3137 14278097502023
3138 14282429168899
3139 14287727604001
3140 14294123645531
3141 14303708535601
3142 14327848164241
3143 14357819448253
3144 14365454235841
3145 14373771360301
3146 14386127310253
3147 14404155919453
3148 14405222464951
3149 14406217050781
3150 14408021131921
3151 14423172805117
3152 14433283067941
3153 14436719252929
3154 14441180057281
3155 14449699006297
3156 14465569623517
3157 14467412897827
3158 14472579434429
3159 14474317107421
3160 14486394666721
3161 14487502903147
3162 14498456194801
3163 14506539398353
3164 14515926649381
3165 14533737163129
3166 14540808830701
3167 14561165182537
3168 14564295071257
3169 14569048248913
3170 14593150702661
3171 14595396539021
3172 14606134220107
3173 14613381246397
3174 14618313940229
3175 14625743330017
3176 14639555192653
3177 14651764992901
3178 14740994183101
3179 14744477758561
3180 14747541064453
3181 14752459824961
3182 14753648559317
3183 14754085116877
3184 14766255931033
3185 14784842576701
3186 14802619495597
3187 14804189283451
3188 14824467316297
3189 14848960275001
3190 14853218930401
3191 14859627911521
3192 14896494148537
3193 14899255645051
3194 14918128498153
3195 14920361279443
3196 14923273125757
3197 14941425555841
3198 14971987437907
3199 14998721298241
3200 15002585307841
3201 15004972577437
3202 15008852091061
3203 15025687810741
3204 15031740452653
3205 15049326224857
3206 15059458480321
3207 15061231605421
3208 15069467868451
3209 15070413782971
3210 15071532481921
3211 15075934642081
3212 15081768367387
3213 15083921388031
3214 15090367024549
3215 15090677736821
3216 15093255951937
3217 15098855505301
3218 15117867937873
3219 15129972704449
3220 15131670402241
3221 15135428647441
3222 15139610576707
3223 15147175557937
3224 15150708933221
3225 15151517962331
3226 15156906422401
3227 15181997847481
3228 15188875547401
3229 15194034844453
3230 15210034227511
3231 15225644971027
3232 15225902761501
3233 15227128069453
3234 15233221144261
3235 15238996006177
3236 15254423940421
3237 15256471392553
3238 15259189455751
3239 15263877377251
3240 15264064909087
3241 15269539928653
3242 15290228128033
3243 15290777193413
3244 15295855025809
3245 15298749987553
3246 15303910215961
3247 15311205213809
3248 15341614042987
3249 15354175805281
3250 15364038794473
3251 15368561302657
3252 15399793159453
3253 15405632667433
3254 15448965852547
3255 15454815015751
3256 15496777905517
3257 15497559413461
3258 15501854884753
3259 15505522635877
3260 15517980254233
3261 15522737215753
3262 15526720835641
3263 15530387391751
3264 15570217235341
3265 15587398329049
3266 15597416624761
3267 15615786277981
3268 15627965005153
3269 15630140505757
3270 15637637235247
3271 15659201068201
3272 15677513724989
3273 15677998586797
3274 15678177752353
3275 15698306158063
3276 15707139326497
3277 15708510340921
3278 15717088918561
3279 15721204732621
3280 15725115945323
3281 15728975547517
3282 15729730969501
3283 15750198793981
3284 15767714728261
3285 15785389966117
3286 15803687885917
3287 15818108488033
3288 15818437999711
3289 15822886042153
3290 15839003730509
3291 15840764704081
3292 15843279266821
3293 15849613049227
3294 15865871666041
3295 15866254242541
3296 15883263707851
3297 15888782754241
3298 15895908565633
3299 15899663857897
3300 15900739070833
3301 15904397940517
3302 15905749210501
3303 15908467621411
3304 15927150706741
3305 15941186449921
3306 15942621534451
3307 15946120062181
3308 15949617724657
3309 15958408781197
3310 15959812088351
3311 15990631674481
3312 15990914285713
3313 16010059580677
3314 16025332018807
3315 16026175697599
3316 16057180985581
3317 16058398349197
3318 16061072991121
3319 16079838891661
3320 16079949625351
3321 16084666127701
3322 16096774224001
3323 16097034930121
3324 16097328079561
3325 16109722553653
3326 16125946443751
3327 16127912633827
3328 16148707667821
3329 16151320695197
3330 16155875806687
3331 16164066748033
3332 16183143728249
3333 16233616220977
3334 16270052601421
3335 16277489647511
3336 16340846170351
3337 16358613705253
3338 16361093445337
3339 16362008574721
3340 16369471716841
3341 16372945931113
3342 16378173647761
3343 16412883268753
3344 16428700159453
3345 16431937339481
3346 16440731977447
3347 16446571288687
3348 16464401893633
3349 16472951180489
3350 16478235961441
3351 16478814271501
3352 16534982571361
3353 16538832227737
3354 16545893754437
3355 16556890559653
3356 16560554436889
3357 16564349176381
3358 16594541900623
3359 16597331745361
3360 16603327018981
3361 16616480314513
3362 16619688763987
3363 16630481328697
3364 16642073742661
3365 16661265437669
3366 16674312684961
3367 16694131406947
3368 16720082704033
3369 16734023752321
3370 16764936010541
3371 16771443157321
3372 16775210049841
3373 16790267324333
3374 16799974936369
3375 16802425590193
3376 16804468287181
3377 16824509802253
3378 16859097259421
3379 16860304188641
3380 16878807587977
3381 16883590289581
3382 16897326409633
3383 16901390904679
3384 16915961179981
3385 16961756399197
3386 16968828024961
3387 16988629243501
3388 16997950812001
3389 17017926919153
3390 17020387645717
3391 17021628779497
3392 17066780904421
3393 17074633984453
3394 17075479875931
3395 17079712879529
3396 17091311526241
3397 17094940606801
3398 17095162493593
3399 17101378082851
3400 17107825836797
3401 17115851394289
3402 17118056004307
3403 17141003438557
3404 17150038559767
3405 17150243521867
3406 17165155388767
3407 17171065024513
3408 17194821090679
3409 17198276747653
3410 17199719954569
3411 17200247396221
3412 17202762033451
3413 17204578477633
3414 17239943240833
3415 17244261760969
3416 17260265399653
3417 17273310595747
3418 17274806830357
3419 17303345479681
3420 17308838057113
3421 17313502030901
3422 17321160481633
3423 17342792941633
3424 17349371885281
3425 17392219996861
3426 17395900439653
3427 17410127077729
3428 17424224555653
3429 17429804874721
3430 17446337790751
3431 17452713505321
3432 17461547619001
3433 17483212518661
3434 17490025236421
3435 17493974703217
3436 17516157240913
3437 17520570763301
3438 17526950520661
3439 17535477269701
3440 17552110394521
3441 17564301468793
3442 17576673779953
3443 17596931075461
3444 17603196291253
3445 17614315855951
3446 17617914441121
3447 17645434654321
3448 17646798864061
3449 17657340822001
3450 17658440282089
3451 17659064855743
3452 17675005449307
3453 17689437089101
3454 17691026401621
3455 17694251379523
3456 17699592963781
3457 17716446585181
3458 17731450195201
3459 17739311763421
3460 17768966963287
3461 17773616406439
3462 17773834732681
3463 17792560184401
3464 17793255531127
3465 17807937912997
3466 17809457125687
3467 17813706144271
3468 17817358076251
3469 17827738673761
3470 17833570637851
3471 17844518284867
3472 17854049526727
3473 17871933605653
3474 17889447770443
3475 17900201595973
3476 17901880062529
3477 17907248791981
3478 17908965974593
3479 17912755932241
3480 17914143624301
3481 17919315619453
3482 17919823495351
3483 17920777512097
3484 17923626185653
3485 17938928698687
3486 17958737051641
3487 17970657670351
3488 17979788361151
3489 17982589212253
3490 17999381332651
3491 18000729007381
3492 18012543684571
3493 18069485930521
3494 18074072478001
3495 18074906125201
3496 18086547881953
3497 18089891001451
3498 18119580058081
3499 18133546058497
3500 18136222122313
3501 18137643744221
3502 18139156877353
3503 18148633064701
3504 18152104981753
3505 18187406270281
3506 18210290737633
3507 18234769558501
3508 18242113379221
3509 18259123562257
3510 18267975013753
3511 18283147325741
3512 18287949764701
3513 18299758705381
3514 18305566929541
3515 18364427103961
3516 18429500979541
3517 18431205128569
3518 18462535356427
3519 18469844387521
3520 18472363988653
3521 18473480180401
3522 18478599284161
3523 18490182750451
3524 18502362415687
3525 18507975176701
3526 18551475247027
3527 18565918671991
3528 18570816066421
3529 18575836951211
3530 18578027606041
3531 18585379178501
3532 18601744534921
3533 18609614955289
3534 18616186030861
3535 18626844979441
3536 18642105664033
3537 18663957383653
3538 18701518637887
3539 18705484678501
3540 18710909044453
3541 18722575288561
3542 18726436197727
3543 18798771754369
3544 18805034939767
3545 18805557344051
3546 18820533725281
3547 18822025286023
3548 18836996929441
3549 18859910600833
3550 18865841859091
3551 18868261797001
3552 18884736934477
3553 18908640925777
3554 18916926112873
3555 18940688456119
3556 18951022815367
3557 18953939689453
3558 18960441973021
3559 18964084897117
3560 18990582046801
3561 18996486073489
3562 18999462534967
3563 19010132546653
3564 19010831719951
3565 19016021863081
3566 19034391407671
3567 19067268966901
3568 19090721822941
3569 19096179537671
3570 19122619361401
3571 19124405112061
3572 19132102299881
3573 19151312428951
3574 19184960410513
3575 19191357155521
3576 19194344340757
3577 19223306580721
3578 19232758616653
3579 19248693451093
3580 19275759938161
3581 19291045308727
3582 19298347813691
3583 19299202727941
3584 19302009690727
3585 19338586857253
3586 19358637950521
3587 19359623801827
3588 19363369410943
3589 19368625434029
3590 19390999399201
3591 19401886431427
3592 19406127254113
3593 19411194434941
3594 19413939718687
3595 19424426756263
3596 19448111025001
3597 19456448020091
3598 19470990898081
3599 19484566944001
3600 19499426095249
3601 19503269403481
3602 19510614828253
3603 19510761097297
3604 19543611330253
3605 19552014891181
3606 19562801380081
3607 19586722069441
3608 19619360522137
3609 19623758314609
3610 19628630455141
3611 19628977976401
3612 19634800951693
3613 19644272411653
3614 19648068644341
3615 19651533892033
3616 19651701745369
3617 19659274269601
3618 19666547563951
3619 19671510288601
3620 19713684154561
3621 19754494721761
3622 19758605076757
3623 19781308885069
3624 19797751905601
3625 19814449265101
3626 19819482713857
3627 19865251003151
3628 19894785435253
3629 19900986130429
3630 19911295237633
3631 19924414592167
3632 19926589939453
3633 19926896263159
3634 19936093282717
3635 19950562459327
3636 19952549403697
3637 19957754034749
3638 19963266440833
3639 19965182754961
3640 19988908062217
3641 19993310316253
3642 19999988487181
3643 20023846227001
3644 20036883842161
3645 20057677820909
3646 20073650005501
3647 20088123155101
3648 20093303170063
3649 20100658333537
3650 20125929606697
3651 20152712381917
3652 20155968724123
3653 20158465621141
3654 20168146193801
3655 20200150261513
3656 20231518158073
3657 20239752546751
3658 20253344330641
3659 20282090053501
3660 20296461065653
3661 20302923883117
3662 20308593276721
3663 20309043290891
3664 20311853398061
3665 20324074272049
3666 20337396553633
3667 20348965031873
3668 20362608603611
3669 20371853784157
3670 20378503663381
3671 20380536292033
3672 20387424382823
3673 20388771343453
3674 20390456491021
3675 20392198429573
3676 20393521883101
3677 20404286377777
3678 20408896596241
3679 20440451111653
3680 20465409578611
3681 20482116626947
3682 20489068718467
3683 20506429294649
3684 20525442870913
3685 20578145840671
3686 20642095101127
3687 20646035426143
3688 20655513246341
3689 20702060169001
3690 20720081898001
3691 20724008369689
3692 20740020359701
3693 20757913401773
3694 20766588497887
3695 20786246781301
3696 20795842026541
3697 20813490675253
3698 20820376479817
3699 20848026428881
3700 20848976891971
3701 20912554571761
3702 20917704456721
3703 20919328562107
3704 20927518688761
3705 20936951869633
3706 20947413779353
3707 20968754386807
3708 20997118163251
3709 21017916467029
3710 21034886056381
3711 21038770902601
3712 21045072538513
3713 21080873831113
3714 21085520354557
3715 21133694644453
3716 21137090439529
3717 21144521531647
3718 21198653838181
3719 21207141727201
3720 21219599419453
3721 21219632654767
3722 21222726512653
3723 21235555626127
3724 21263975237881
3725 21266530009453
3726 21270983857621
3727 21324790296067
3728 21325945219741
3729 21333387077311
3730 21378060752641
3731 21407632819453
3732 21427424444341
3733 21467507536681
3734 21474842959081
3735 21480233211667
3736 21494878786153
3737 21502954311697
3738 21503885260873
3739 21505251145153
3740 21510669489769
3741 21517289280961
3742 21524000202253
3743 21557609183797
3744 21569059132741
3745 21585755632033
3746 21590999980801
3747 21594462452263
3748 21606307010641
3749 21619530568261
3750 21622691923471
3751 21627563415121
3752 21650157594253
3753 21657660726241
3754 21666262836457
3755 21682042784641
3756 21696929261101
3757 21701403387841
3758 21703845630601
3759 21709150048321
3760 21714493931981
3761 21731122903057
3762 21744027127681
3763 21766547447569
3764 21773507419123
3765 21797479745641
3766 21805836757741
3767 21811341385633
3768 21813450083443
3769 21837367449181
3770 21855949596253
3771 21880710051661
3772 21913290273073
3773 21922485376681
3774 21946905072553
3775 21965573111653
3776 21987212418181
3777 21988645876627
3778 22020187985069
3779 22034000570401
3780 22039994481667
3781 22047882245047
3782 22083982873633
3783 22132367377129
3784 22143027011221
3785 22154647158109
3786 22160400444001
3787 22204356370093
3788 22205264966281
3789 22210269385501
3790 22286518843681
3791 22309133263421
3792 22320477005041
3793 22323935844451
3794 22338906587227
3795 22369446730819
3796 22380950208961
3797 22381578026347
3798 22400301819869
3799 22400991299521
3800 22420670200321
3801 22422471813787
3802 22434723590161
3803 22446856525633
3804 22450204751521
3805 22462810708531
3806 22467953131387
3807 22486674646801
3808 22499613055693
3809 22516213638187
3810 22522477639117
3811 22528663981633
3812 22529756182753
3813 22556696954191
3814 22557769967251
3815 22560014900609
3816 22638923120521
3817 22644234235603
3818 22657121907001
3819 22669167283237
3820 22680275170351
3821 22686265339741
3822 22690468744453
3823 22748871637801
3824 22749134240827
3825 22757595857041
3826 22762414759507
3827 22772027058661
3828 22785501479431
3829 22786927341361
3830 22793914231357
3831 22794682048777
3832 22805186705461
3833 22818826194001
3834 22875976138321
3835 22885611609121
3836 22887996641563
3837 22897237383541
3838 22956242137121
3839 22976888351581
3840 22980691361161
3841 22985674673653
3842 23021583681601
3843 23023080707287
3844 23023571302691
3845 23052961019041
3846 23148420110947
3847 23180098708381
3848 23187608821441
3849 23188550537701
3850 23188900933801
3851 23212557888451
3852 23216836417417
3853 23224060196713
3854 23226929880001
3855 23254640910481
3856 23276777221501
3857 23277376881221
3858 23285408995621
3859 23301099080881
3860 23306374774009
3861 23324043687757
3862 23334104559313
3863 23348883231577
3864 23384157302353
3865 23405432544073
3866 23409923269531
3867 23426236823861
3868 23428875102571
3869 23431807364041
3870 23442303396487
3871 23462301486781
3872 23466490269311
3873 23477264606953
3874 23477667347317
3875 23489992072081
3876 23504243153401
3877 23525968845961
3878 23537786498641
3879 23602149932737
3880 23619074809501
3881 23625673351741
3882 23632914868921
3883 23646134689453
3884 23667595601653
3885 23685382540513
3886 23689504791541
3887 23700451216513
3888 23708559149617
3889 23708878329553
3890 23750228291653
3891 23757568714681
3892 23764917492961
3893 23768426808253
3894 23773797522089
3895 23776113907057
3896 23835273880969
3897 23850239177353
3898 23855452383313
3899 23856366514339
3900 23863432612951
3901 23882740115653
3902 23895098048251
3903 23908691177929
3904 23911859757241
3905 23924889721981
3906 23943155020021
3907 23943581330401
3908 23973413398357
3909 23997594900511
3910 24001249611853
3911 24023381939563
3912 24030455655821
3913 24030865757809
3914 24049469912161
3915 24073145032051
3916 24075656640799
3917 24098012236033
3918 24099857793901
3919 24117856376221
3920 24133974046111
3921 24139250419681
3922 24147420578401
3923 24164884348741
3924 24167815527967
3925 24180909537943
3926 24300219437101
3927 24302597712769
3928 24319296934453
3929 24324044477809
3930 24329016144247
3931 24331182316561
3932 24334280329633
3933 24357392283673
3934 24393670118821
3935 24396679704821
3936 24414796706653
3937 24434863492033
3938 24465573839449
3939 24471871552477
3940 24475541570387
3941 24481254087181
3942 24489977606249
3943 24545905975441
3944 24545952026641
3945 24576065916901
3946 24583174069609
3947 24591615671501
3948 24597411508441
3949 24609137169769
3950 24657713713921
3951 24668746628761
3952 24741908711101
3953 24744184115713
3954 24752039389741
3955 24763294876321
3956 24779801033209
3957 24780078405253
3958 24782839690909
3959 24789202952221
3960 24802226346673
3961 24811200373969
3962 24822657342781
3963 24831506112661
3964 24849568651451
3965 24887379619987
3966 24904687570801
3967 24914116317091
3968 24932897587867
3969 24954386840833
3970 24960175271461
3971 24973252451731
3972 24974019253501
3973 24983920772821
3974 24984938689453
3975 24987928682261
3976 25121527075261
3977 25123069366903
3978 25131735168301
3979 25141616857081
3980 25153563093751
3981 25184510015941
3982 25184850678541
3983 25215519747421
3984 25255099960747
3985 25263222041807
3986 25294390367611
3987 25328498584241
3988 25352889094807
3989 25400273533111
3990 25422542994967
3991 25425634632553
3992 25460913545761
3993 25492381175341
3994 25500654258397
3995 25521208430161
3996 25533441796501
3997 25538481307501
3998 25546425111101
3999 25559074818961
4000 25572993435991
4001 25584832561753
4002 25597299217561
4003 25597557670829
4004 25617310641217
4005 25659095089633
4006 25678483236253
4007 25683866339587
4008 25687272098251
4009 25737916080889
4010 25750771124653
4011 25770188934001
4012 25819324539341
4013 25827956399701
4014 25856977155661
4015 25892030817451
4016 25901020765801
4017 25905324877741
4018 25923792300451
4019 25927799458081
4020 25971087488113
4021 25978105046161
4022 26016869136961
4023 26030049212621
4024 26060869639729
4025 26073747455113
4026 26076227570401
4027 26108392826587
4028 26128017520027
4029 26131051157041
4030 26135869461787
4031 26139943411721
4032 26156072286541
4033 26161992780323
4034 26187672076861
4035 26198508637351
4036 26201139078913
4037 26235069699829
4038 26235347543047
4039 26248256684677
4040 26256930303001
4041 26258185980251
4042 26270818819681
4043 26278873688233
4044 26300312182513
4045 26319384415349
4046 26355204828721
4047 26376621843601
4048 26376817993633
4049 26394773203261
4050 26397932280721
4051 26416225734121
4052 26419262977801
4053 26423552984401
4054 26440816551001
4055 26488698451447
4056 26509427142577
4057 26519424057253
4058 26545530565951
4059 26557173399907
4060 26577890746513
4061 26580744108001
4062 26582336917057
4063 26602687761301
4064 26607411527287
4065 26610974441017
4066 26636595736609
4067 26661538619101
4068 26661891226141
4069 26679678801319
4070 26705301575947
4071 26717476168081
4072 26719230578041
4073 26725287881251
4074 26729632524209
4075 26736777845641
4076 26739220245323
4077 26783494614367
4078 26788090457701
4079 26826182712253
4080 26834269876021
4081 26841700707361
4082 26856080412367
4083 26860992926389
4084 26895848061331
4085 26927461072777
4086 26936735778751
4087 26945455787251
4088 26953785220753
4089 26955723590461
4090 26958430768513
4091 26985590331577
4092 27001207158661
4093 27014177397841
4094 27018533720209
4095 27036845085421
4096 27038913510841
4097 27042139851301
4098 27053673484609
4099 27083269548721
4100 27085399421761
4101 27097909572007
4102 27115366615201
4103 27118568184913
4104 27126108530821
4105 27137477834209
4106 27183088399501
4107 27199748077633
4108 27202994104861
4109 27215033136301
4110 27224615042701
4111 27247389573601
4112 27257449450009
4113 27290614680793
4114 27295656954121
4115 27302961683143
4116 27305765485741
4117 27310731765661
4118 27323986706641
4119 27335920906321
4120 27338240738401
4121 27339226305289
4122 27367876442341
4123 27390427249177
4124 27449437468753
4125 27467400737701
4126 27469980895351
4127 27470969297521
4128 27480070698701
4129 27485806759633
4130 27506554551631
4131 27521118509281
4132 27522837403951
4133 27543949346971
4134 27548025025951
4135 27566576620741
4136 27577507417279
4137 27591122551987
4138 27617025868741
4139 27628450528867
4140 27741306308437
4141 27751667946241
4142 27815118851251
4143 27816253870021
4144 27834711929251
4145 27841351625141
4146 27845418219841
4147 27879410118913
4148 27901800920089
4149 27908453935447
4150 27913914431551
4151 27941488354781
4152 27954116380807
4153 27995380938253
4154 28011897536041
4155 28075670467321
4156 28077337085491
4157 28091589776743
4158 28125055850761
4159 28150705393991
4160 28154710475251
4161 28192471591201
4162 28196877114253
4163 28228901880481
4164 28277240378329
4165 28327912486807
4166 28329916433113
4167 28361510585521
4168 28379655971717
4169 28395772497821
4170 28418651942929
4171 28432697034457
4172 28434929684701
4173 28447738317571
4174 28469878571947
4175 28474027428421
4176 28480219035049
4177 28522334898433
4178 28563308808457
4179 28566113049343
4180 28578273892033
4181 28582554395953
4182 28602037069453
4183 28643075321941
4184 28683075952513
4185 28684064785993
4186 28714031011921
4187 28718509787281
4188 28741726062209
4189 28768551129181
4190 28787018772877
4191 28789709436581
4192 28794974619241
4193 28813133817491
4194 28813481711389
4195 28852716623131
4196 28855635740821
4197 28859282316901
4198 28901115952031
4199 28916381007361
4200 28923866140469
4201 28944683678143
4202 28948695402061
4203 28967740344913
4204 28970716869247
4205 28972062627769
4206 28981728712063
4207 28991471790601
4208 28992514827401
4209 28995464178253
4210 29018131374781
4211 29021761416961
4212 29029285423153
4213 29049587632621
4214 29058735090421
4215 29063369799787
4216 29066786044453
4217 29093763049921
4218 29094193312801
4219 29104974063481
4220 29109987465301
4221 29111692723387
4222 29121794022751
4223 29152493655391
4224 29156336483401
4225 29158386454297
4226 29172586057807
4227 29183445561001
4228 29189644701001
4229 29195979889501
4230 29229427338337
4231 29231232123773
4232 29258203241767
4233 29275471589101
4234 29305342072441
4235 29325910221631
4236 29370809086561
4237 29383114894741
4238 29401515967141
4239 29442150100661
4240 29450388073633
4241 29450605858087
4242 29455598858251
4243 29480706213661
4244 29511749302489
4245 29517441914017
4246 29533435911253
4247 29547455922181
4248 29578828517101
4249 29607262767253
4250 29630314218601
4251 29631814373281
4252 29660105473741
4253 29661584268781
4254 29666336639101
4255 29750972985247
4256 29761622181649
4257 29773190746951
4258 29806761937633
4259 29808350605441
4260 29811878936113
4261 29820023856037
4262 29846349370351
4263 29850432621661
4264 29853961865821
4265 29886247189633
4266 29911701078799
4267 29925266543803
4268 29954578967821
4269 29977953015193
4270 30004234269193
4271 30024276412201
4272 30032811645301
4273 30050541342361
4274 30077022145129
4275 30080455981507
4276 30142282063141
4277 30146826665737
4278 30149996537251
4279 30242050272367
4280 30251553769951
4281 30313362895927
4282 30330378301231
4283 30336457474541
4284 30342084671861
4285 30344119253053
4286 30348240720601
4287 30349579566547
4288 30361718689993
4289 30362538223951
4290 30387151777589
4291 30421327964491
4292 30424867286833
4293 30428432100907
4294 30458773431701
4295 30471302189281
4296 30476759751901
4297 30494191091113
4298 30537556656949
4299 30569768388253
4300 30574258055353
4301 30582339199429
4302 30585831960241
4303 30636281116033
4304 30638018169001
4305 30671264144641
4306 30684157660801
4307 30714437543653
4308 30741043938149
4309 30824780394721
4310 30834753455521
4311 30838406676841
4312 30903139234837
4313 30917166551521
4314 30936045886021
4315 30957570680653
4316 30960291036907
4317 30968103608209
4318 31002457170889
4319 31015384774741
4320 31023078449617
4321 31031448460273
4322 31037126237281
4323 31041073674001
4324 31049040007261
4325 31088424395089
4326 31186946837737
4327 31187994505951
4328 31233242779681
4329 31237424620033
4330 31240765682281
4331 31248240868153
4332 31279996254649
4333 31282100215381
4334 31282289401777
4335 31311347429611
4336 31318015461559
4337 31339269017761
4338 31371247178641
4339 31371618275887
4340 31378296410137
4341 31387347959701
4342 31392323124667
4343 31415505669901
4344 31438857587281
4345 31445570532421
4346 31489360295329
4347 31491266187781
4348 31510498129951
4349 31514045021761
4350 31529362047751
4351 31541742750673
4352 31576272062653
4353 31591918570759
4354 31598018407621
4355 31624681406473
4356 31624752468931
4357 31686224972221
4358 31693987332001
4359 31749693403411
4360 31756955251141
4361 31797134541901
4362 31802198605633
4363 31817122091129
4364 31866125352829
4365 31879769234197
4366 31903092036649
4367 31903253235253
4368 31930378545529
4369 31945443273253
4370 32007450047977
4371 32029956662551
4372 32031895640113
4373 32034933011233
4374 32054120864011
4375 32073434113951
4376 32077239992167
4377 32077938645451
4378 32095944467621
4379 32116844397097
4380 32130545995351
4381 32142987293401
4382 32156619169681
4383 32177216680381
4384 32177914480741
4385 32185279964111
4386 32190411179551
4387 32198398565941
4388 32226283449553
4389 32237507072161
4390 32311462598647
4391 32323821978209
4392 32336412614941
4393 32349945509251
4394 32370401766601
4395 32371972729111
4396 32373511614181
4397 32381501985523
4398 32383358794081
4399 32398013051587
4400 32425270040833
4401 32428347323041
4402 32435725240621
4403 32455831842253
4404 32456180445457
4405 32473713796921
4406 32478113737327
4407 32500275062251
4408 32503285207807
4409 32522382678061
4410 32556750783019
4411 32624148289921
4412 32626214010253
4413 32671556368513
4414 32680520060653
4415 32753127871621
4416 32753516365261
4417 32774906516437
4418 32780590631521
4419 32783150944477
4420 32805789754753
4421 32848602465457
4422 32848766738101
4423 32859272178253
4424 32866290557497
4425 32870946859453
4426 32890285217527
4427 32893524141409
4428 32897833312177
4429 32921674651951
4430 32931299079253
4431 32935858580809
4432 32936369481451
4433 32946103556101
4434 32961301083901
4435 32962086628291
4436 32985663404401
4437 32986845729301
4438 32990926847581
4439 33007558217563
4440 33017173920277
4441 33066790581553
4442 33095897167537
4443 33119719376941
4444 33128557336951
4445 33159578738653
4446 33166419763753
4447 33171596668033
4448 33193595371861
4449 33208263092161
4450 33217651760257
4451 33230173257361
4452 33244457321701
4453 33245183267353
4454 33335442916921
4455 33345881180641
4456 33347989087183
4457 33363690949441
4458 33369080602537
4459 33370213989421
4460 33372958991653
4461 33378295151521
4462 33390562812601
4463 33396296068801
4464 33409068664141
4465 33494949347191
4466 33509552284801
4467 33525876669841
4468 33529744367309
4469 33529961183659
4470 33546138565633
4471 33553008655093
4472 33558446387707
4473 33603218947891
4474 33604064102251
4475 33656692706101
4476 33687869917687
4477 33693524454241
4478 33708489324751
4479 33709380262361
4480 33727935124057
4481 33737473138141
4482 33744294570817
4483 33758392083907
4484 33762845815921
4485 33792478995601
4486 33794668980901
4487 33799417969633
4488 33801051708181
4489 33835352922001
4490 33853098141253
4491 33857444152033
4492 33871018115309
4493 33871702394261
4494 33901752063961
4495 33912784911371
4496 33913353161047
4497 33975844944121
4498 33996424031347
4499 34042618423327
4500 34065683657209
4501 34137724248629
4502 34139852882281
4503 34143284565361
4504 34162898089633
4505 34179792529177
4506 34197651359041
4507 34218232512661
4508 34227960864913
4509 34271860172941
4510 34299075412951
4511 34316511010321
4512 34320181744081
4513 34329533929633
4514 34330319125621
4515 34351584671953
4516 34360248128251
4517 34378697362153
4518 34436181814453
4519 34439293950877
4520 34454711830771
4521 34469915863681
4522 34477679139751
4523 34482036596881
4524 34487189360821
4525 34492770601381
4526 34544709031897
4527 34549605348121
4528 34550871793561
4529 34568167783843
4530 34590221949697
4531 34605891627667
4532 34615879258153
4533 34617669102253
4534 34644781396369
4535 34673693247187
4536 34681890425761
4537 34684850731891
4538 34790824129141
4539 34867863693001
4540 34868365185131
4541 34876066797001
4542 34889463882349
4543 34903057520833
4544 34912154139869
4545 34916421716881
4546 34937121761821
4547 34965899250589
4548 34976328735349
4549 34980595368409
4550 34994054956537
4551 34994120490253
4552 34995704842561
4553 35003328521281
4554 35003764943011
4555 35010004414087
4556 35010988171741
4557 35020021498801
4558 35033082948181
4559 35043634834561
4560 35099755825201
4561 35107276157101
4562 35123543245981
4563 35131011955201
4564 35133058096033
4565 35133374293951
4566 35150234187671
4567 35161498662553
4568 35198009092261
4569 35215174550641
4570 35255623212253
4571 35257246172851
4572 35267870715001
4573 35275779126253
4574 35363319600001
4575 35371629207727
4576 35371898223121
4577 35377452604621
4578 35381894065381
4579 35401104541027
4580 35402893835653
4581 35411607060607
4582 35428344211261
4583 35488761020833
4584 35495373607373
4585 35514265049141
4586 35520788947393
4587 35528979856589
4588 35539493924309
4589 35550705659701
4590 35585523087973
4591 35678177467201
4592 35691055802821
4593 35703555797647
4594 35721672280963
4595 35739737442181
4596 35741766563821
4597 35812627445407
4598 35837308067861
4599 35844244069321
4600 35887715690737
4601 35911741425121
4602 35917827584029
4603 35922525387389
4604 35927381797777
4605 36017455608961
4606 36021773427697
4607 36022338464251
4608 36063091296541
4609 36077265970373
4610 36099876176647
4611 36100452264553
4612 36105568906573
4613 36164282560033
4614 36174876787333
4615 36191615431861
4616 36214461452947
4617 36228787188301
4618 36258830845381
4619 36263146282921
4620 36267408821953
4621 36286711595947
4622 36341663373251
4623 36440458824457
4624 36452989545389
4625 36480302619529
4626 36561006456913
4627 36568846972153
4628 36605177173951
4629 36607790916187
4630 36639716866741
4631 36672897609409
4632 36683181946153
4633 36695359075523
4634 36703417520771
4635 36707806091989
4636 36708054715447
4637 36732766484233
4638 36738506898721
4639 36752589510913
4640 36772062648007
4641 36783026002577
4642 36822289684837
4643 36831610933477
4644 36832296020833
4645 36841883360641
4646 36858680566021
4647 36880938530101
4648 36884793727867
4649 36905640187501
4650 36905883673753
4651 36915394499431
4652 36937632231001
4653 36949830817087
4654 36950458615201
4655 36970415551357
4656 36979233421681
4657 36983684419951
4658 36999554684401
4659 37026095388481
4660 37036072248913
4661 37064616448861
4662 37144420857253
4663 37149109821721
4664 37201749184693
4665 37205005183081
4666 37269882775261
4667 37283974209901
4668 37322029160021
4669 37324539257851
4670 37337736687751
4671 37351797708961
4672 37394933554441
4673 37417975677253
4674 37430138034361
4675 37471582885589
4676 37473222618541
4677 37478167948813
4678 37486001162851
4679 37493587028341
4680 37528094466253
4681 37542072500833
4682 37548949748161
4683 37568627367721
4684 37587168094141
4685 37601486070061
4686 37604933932823
4687 37615421592451
4688 37617555011653
4689 37618387702741
4690 37647811547851
4691 37700036136181
4692 37733303012329
4693 37744259204737
4694 37746539551951
4695 37748308993207
4696 37749622660993
4697 37757859258461
4698 37758721889113
4699 37777510761451
4700 37778852379421
4701 37814529479761
4702 37883794187851
4703 37886827628497
4704 37887829160581
4705 37918957199527
4706 37974370622653
4707 38015674602067
4708 38016422730721
4709 38040835170241
4710 38093846310451
4711 38112654237841
4712 38189268444421
4713 38210719221841
4714 38212973595721
4715 38228996469409
4716 38245927839211
4717 38301275889577
4718 38303839661189
4719 38327827284181
4720 38353989286801
4721 38363136868981
4722 38395140595351
4723 38398495940309
4724 38420128855153
4725 38442221991253
4726 38457771131677
4727 38461818523591
4728 38464965130321
4729 38469751945633
4730 38473760848513
4731 38477982541381
4732 38519118569317
4733 38602534424761
4734 38625949946953
4735 38630405247001
4736 38650840909453
4737 38665529331001
4738 38676810665137
4739 38706567965101
4740 38731751534737
4741 38768258827531
4742 38775437829253
4743 38792160297133
4744 38804594959873
4745 38807211499351
4746 38878718410561
4747 38904680892241
4748 38919420987313
4749 38923524747253
4750 38947807728289
4751 38949786713701
4752 38950808209633
4753 38992917309583
4754 39058985865527
4755 39071045279701
4756 39074015509453
4757 39100274752951
4758 39101475342247
4759 39123239217877
4760 39143899803721
4761 39197379604321
4762 39232804744033
4763 39238711139893
4764 39247183401427
4765 39272009839921
4766 39290898533671
4767 39334024661317
4768 39348320167801
4769 39357983656297
4770 39365185894561
4771 39382842839401
4772 39394702831969
4773 39402200970247
4774 39409680447289
4775 39496294444753
4776 39504710109367
4777 39521682015661
4778 39521908499347
4779 39551353403941
4780 39578508556597
4781 39598460671069
4782 39604331627407
4783 39607011847009
4784 39615793569361
4785 39619252315177
4786 39659642584453
4787 39698029756087
4788 39704381052451
4789 39724093700311
4790 39769584785101
4791 39817421751361
4792 39835965904741
4793 39836279049601
4794 39857390977141
4795 39876150814781
4796 39892486623149
4797 39938826119947
4798 39955162325653
4799 39957343855129
4800 40026268897229
4801 40031575841701
4802 40037442291001
4803 40055532616861
4804 40059109033921
4805 40087708337041
4806 40099920871609
4807 40103409091987
4808 40142948213737
4809 40145979411361
4810 40148483567653
4811 40159452406321
4812 40164418557121
4813 40169992505653
4814 40213748428153
4815 40220169217201
4816 40242304728181
4817 40259829073609
4818 40290609352153
4819 40293986330161
4820 40303086574081
4821 40334618297851
4822 40337959905253
4823 40351247493101
4824 40374614696653
4825 40386692861101
4826 40405833884641
4827 40409344288081
4828 40415130190889
4829 40449218373253
4830 40472713540033
4831 40474365677353
4832 40532442082549
4833 40533031910401
4834 40554633995329
4835 40652436668581
4836 40656707528251
4837 40658186941633
4838 40680090198721
4839 40682698620481
4840 40695161197633
4841 40713640991857
4842 40758111438661
4843 40784566616741
4844 40823988297907
4845 40885809625501
4846 40904687486167
4847 40924479951361
4848 40946817691121
4849 40965712763977
4850 40966571478457
4851 40990690546807
4852 41005943824861
4853 41055867228967
4854 41087500732111
4855 41107553447047
4856 41135397464449
4857 41138631437221
4858 41157256726801
4859 41177905042501
4860 41180284536913
4861 41212705447513
4862 41300740912507
4863 41303810749501
4864 41341136853787
4865 41384453930569
4866 41388926410261
4867 41391087717601
4868 41448535435477
4869 41491925363023
4870 41501894270761
4871 41562742028347
4872 41579115512941
4873 41597063864821
4874 41616019409761
4875 41662488315817
4876 41684313919393
4877 41692639113841
4878 41693149717129
4879 41704992976037
4880 41748620605147
4881 41767067195317
4882 41790500438527
4883 41798883161533
4884 41807136229633
4885 41809234693141
4886 41933460258289
4887 41947014533257
4888 41953966293097
4889 42017253777721
4890 42064199913781
4891 42071190068881
4892 42077644307513
4893 42120773351089
4894 42139518635341
4895 42156706024261
4896 42187691239627
4897 42244716292417
4898 42268288806253
4899 42269171471101
4900 42274170598717
4901 42280023924709
4902 42294565490497
4903 42296006155321
4904 42309137030513
4905 42314429705123
4906 42326542886167
4907 42407150109967
4908 42433280832097
4909 42479507817181
4910 42490456800409
4911 42498547936681
4912 42507096220201
4913 42510041070661
4914 42521699347469
4915 42531288064453
4916 42546205596397
4917 42582663803143
4918 42610883609251
4919 42622613208001
4920 42712004619649
4921 42712397617633
4922 42722115241177
4923 42723056461417
4924 42723194710769
4925 42782938297597
4926 42785333972461
4927 42811494054841
4928 42843964842253
4929 42859087762567
4930 42862628537821
4931 42870329681401
4932 42878184722101
4933 43044665067601
4934 43049414332627
4935 43090365987787
4936 43098915918301
4937 43102260193469
4938 43136880423641
4939 43154219242261
4940 43167597027127
4941 43195923881281
4942 43207567518149
4943 43241219632621
4944 43256892826507
4945 43257363799249
4946 43264070311177
4947 43292731727701
4948 43318094328433
4949 43335904522321
4950 43364167252033
4951 43377472846261
4952 43392905575021
4953 43396699554253
4954 43401171492253
4955 43437026613667
4956 43495135412653
4957 43557312630913
4958 43585174478143
4959 43619018809969
4960 43635856003489
4961 43657011252697
4962 43667726206081
4963 43694622052993
4964 43697323157749
4965 43725389891977
4966 43730939072437
4967 43735659244201
4968 43823833991827
4969 43869033160063
4970 43873356042181
4971 43912482696253
4972 43931299596193
4973 43949826678421
4974 43964571183667
4975 43967289129601
4976 43995235641751
4977 44023474068121
4978 44040109661893
4979 44050148880121
4980 44063113699027
4981 44067142915093
4982 44069645738257
4983 44104907856481
4984 44127724941301
4985 44132285165291
4986 44136559183753
4987 44171516907253
4988 44183698977421
4989 44186406332221
4990 44194410428617
4991 44209896911857
4992 44221316068081
4993 44251742207261
4994 44263978121873
4995 44271297757061
4996 44298572111947
4997 44330918764861
4998 44337246570541
4999 44410519395661
5000 44435882123401
5001 44441720561701
5002 44492929034401
5003 44563089621943
5004 44573174937649
5005 44575318483741
5006 44615736948751
5007 44629720770781
5008 44645711771161
5009 44665553720341
5010 44674230264913
5011 44687583847567
5012 44703949925251
5013 44742791234527
5014 44744242435993
5015 44794891832797
5016 44821275810697
5017 44848343592361
5018 44848694960761
5019 44873612424961
5020 44884946358253
5021 44913900375629
5022 44920963607521
5023 44922635281921
5024 44925886382653
5025 44928080822701
5026 44960434512641
5027 44967180295927
5028 44973201990817
5029 44977520808001
5030 44999212695097
5031 45011393640553
5032 45018199839817
5033 45035266248001
5034 45075247970941
5035 45104876494021
5036 45105217452749
5037 45141355731781
5038 45155492089489
5039 45205022555551
5040 45239736449881
5041 45247228907653
5042 45272520515713
5043 45286963320061
5044 45291531611341
5045 45299162481457
5046 45316341279841
5047 45318459439657
5048 45343169314453
5049 45366222715747
5050 45383599657421
5051 45395486207497
5052 45409851826231
5053 45497801061541
5054 45504211603861
5055 45536662828081
5056 45584083866553
5057 45598487592551
5058 45611388365713
5059 45642613263031
5060 45653693085001
5061 45673050217237
5062 45687266797537
5063 45687878742241
5064 45708635464147
5065 45751683016033
5066 45783337636009
5067 45822744613801
5068 45831487285901
5069 45844846374601
5070 45851051491381
5071 45859785330061
5072 45860245028821
5073 45865147795351
5074 45893715787921
5075 45923679831751
5076 45926014842553
5077 45977208197381
5078 45993670871501
5079 46070807892961
5080 46125901871827
5081 46148353680727
5082 46170606095461
5083 46204283689453
5084 46216973638153
5085 46229335287721
5086 46232203876561
5087 46247038659181
5088 46283075909929
5089 46363859832751
5090 46372855829653
5091 46404719887901
5092 46406613476581
5093 46417001722669
5094 46423891000321
5095 46426723365601
5096 46432860798949
5097 46439062780951
5098 46439753358721
5099 46440833231341
5100 46448795127961
5101 46449391737601
5102 46512362490007
5103 46527745030649
5104 46531167961897
5105 46539373599517
5106 46554929007247
5107 46604634837949
5108 46616675509909
5109 46676386409329
5110 46698020925337
5111 46727030321947
5112 46745998225681
5113 46774625974081
5114 46787729254561
5115 46840626870451
5116 46856248255981
5117 46901331603253
5118 46911559708261
5119 46952955690643
5120 47001878094529
5121 47008434988549
5122 47032987316941
5123 47053086655387
5124 47056148985761
5125 47056267224541
5126 47088868771981
5127 47089491811009
5128 47096787994453
5129 47157601847401
5130 47173221206497
5131 47180345332801
5132 47212668621721
5133 47213415131797
5134 47219756761633
5135 47230583612941
5136 47236001830447
5137 47247705844561
5138 47277246877741
5139 47278656314737
5140 47330237598841
5141 47332105654681
5142 47397025624033
5143 47405089416961
5144 47428630539841
5145 47439718794001
5146 47478907671553
5147 47512078558561
5148 47519808005251
5149 47529826542301
5150 47532804372701
5151 47543342926181
5152 47550172844711
5153 47562145231753
5154 47588611921021
5155 47636622961201
5156 47648941209451
5157 47681394245497
5158 47708268705247
5159 47733800825707
5160 47745615778741
5161 47756188497517
5162 47853280161251
5163 47873283740833
5164 47873871484541
5165 47922612926653
5166 47931549218191
5167 47933983354687
5168 47949872322061
5169 47983013822017
5170 47984081320033
5171 47988974633191
5172 47990207212921
5173 48016625439361
5174 48043905819001
5175 48072330229951
5176 48103703944453
5177 48170582164981
5178 48178068842881
5179 48199407669013
5180 48211587165331
5181 48323514451801
5182 48345060551941
5183 48377190895489
5184 48412055826067
5185 48418427932033
5186 48431929562677
5187 48440921882653
5188 48444065749801
5189 48459822012253
5190 48512654952049
5191 48513963214081
5192 48603146908321
5193 48614747566897
5194 48626051307749
5195 48627548742697
5196 48627783351841
5197 48629672969851
5198 48646001392777
5199 48659916500821
5200 48665362178161
5201 48719011386571
5202 48745269422851
5203 48749123442277
5204 48752220190081
5205 48757985312653
5206 48778938373999
5207 48818387687857
5208 48843105581161
5209 48857936618947
5210 48865642864741
5211 48868015512781
5212 48883103301847
5213 48945208825267
5214 48947769968653
5215 49023978212569
5216 49074927612961
5217 49092437975257
5218 49093077659347
5219 49109558671951
5220 49110566041153
5221 49130272524481
5222 49162908251953
5223 49229565931153
5224 49248857466901
5225 49286678466391
5226 49304136939553
5227 49358759151661
5228 49421491144033
5229 49466299275553
5230 49475501591809
5231 49498560755881
5232 49502724375397
5233 49544178628141
5234 49550735135449
5235 49590570312277
5236 49591246352077
5237 49595795226253
5238 49632279605549
5239 49669921564453
5240 49681873793281
5241 49694057983501
5242 49699502716033
5243 49718013706441
5244 49721639067127
5245 49752242681221
5246 49769002417501
5247 49773194151869
5248 49783849112341
5249 49786243947901
5250 49793080857451
5251 49800135130021
5252 49808323893751
5253 49820735966653
5254 49846216617341
5255 49861184480647
5256 49898319372361
5257 49909924862617
5258 49972018915801
5259 49972763903401
5260 50006986975009
5261 50007664181509
5262 50070596875181
5263 50114701052021
5264 50180959560689
5265 50232151220707
5266 50257913134081
5267 50294091298501
5268 50302104662137
5269 50311619024941
5270 50323760760001
5271 50334270081481
5272 50341596970351
5273 50377123441261
5274 50382132802387
5275 50423662916281
5276 50501922403717
5277 50535617304457
5278 50576330095201
5279 50665676572369
5280 50692993809751
5281 50706251496253
5282 50737134073033
5283 50802055620749
5284 50819908973653
5285 50841766341451
5286 50846051552311
5287 50965923012481
5288 50968480056451
5289 50969997466561
5290 50975487866431
5291 50986588616429
5292 51025192662313
5293 51027159251611
5294 51030631969453
5295 51047605643653
5296 51049778041081
5297 51064819354207
5298 51073922081761
5299 51084023256001
5300 51092235618661
5301 51101951539981
5302 51111646038181
5303 51138826818661
5304 51141220080193
5305 51174399930809
5306 51194567660149
5307 51240406039681
5308 51267712141661
5309 51269112040147
5310 51418131392171
5311 51420447933427
5312 51429249890881
5313 51454478624473
5314 51460253083153
5315 51474690647353
5316 51486502198141
5317 51495510613387
5318 51528530067601
5319 51539973699817
5320 51595449493507
5321 51598843643593
5322 51602172997957
5323 51616828307467
5324 51624980864761
5325 51625207155601
5326 51635452172851
5327 51636396756421
5328 51657370487731
5329 51699246738049
5330 51721365965713
5331 51723098379067
5332 51735699557389
5333 51759697122451
5334 51791386676311
5335 51795617903347
5336 51803218126747
5337 51808918660201
5338 51906221534707
5339 51922099435897
5340 51936223145137
5341 51960790557721
5342 52007769518701
5343 52044253326253
5344 52054191592349
5345 52060422799711
5346 52070382055231
5347 52098135818653
5348 52102509302141
5349 52163137595227
5350 52181249664961
5351 52188819244453
5352 52235964841747
5353 52261011778897
5354 52311452968921
5355 52384617784801
5356 52394987853253
5357 52423887030121
5358 52428888976573
5359 52452889830961
5360 52486370454523
5361 52496749041661
5362 52560169756033
5363 52614101173789
5364 52635539296033
5365 52657210792621
5366 52664853904093
5367 52665426269369
5368 52691697703261
5369 52697986141921
5370 52740241710241
5371 52780430170621
5372 52783882385653
5373 52832273387851
5374 52869785923501
5375 52906022145481
5376 52963817733433
5377 52991160343273
5378 53008529390617
5379 53018834344213
5380 53042935316113
5381 53091087056101
5382 53114695185763
5383 53114878456643
5384 53117002879951
5385 53118541721953
5386 53135191956001
5387 53178267645031
5388 53178590939407
5389 53201195864281
5390 53212724684377
5391 53225790971123
5392 53237658736261
5393 53243016610351
5394 53311742300833
5395 53323066911241
5396 53441313572681
5397 53455402587361
5398 53514327343723
5399 53519718881947
5400 53576915870341
5401 53583375409453
5402 53605786291207
5403 53613193712653
5404 53623134990253
5405 53627258610241
5406 53640653664001
5407 53647366583381
5408 53722596181357
5409 53775312583807
5410 53798776967041
5411 53820428234977
5412 53838573821449
5413 53839585787653
5414 53865489538981
5415 53934015052081
5416 54000999714637
5417 54046241669881
5418 54068039167957
5419 54184007264591
5420 54191913714871
5421 54194307479729
5422 54223271367847
5423 54230295878461
5424 54252397404217
5425 54271106579929
5426 54275170432033
5427 54346549538401
5428 54396770815297
5429 54398024835001
5430 54435149308801
5431 54456886652281
5432 54466251622201
5433 54483618448033
5434 54504467712301
5435 54532617115033
5436 54540741574009
5437 54546290332777
5438 54554255320267
5439 54577033691281
5440 54658510102351
5441 54679626981253
5442 54706810622227
5443 54720795437461
5444 54728777642251
5445 54735749185501
5446 54781218535429
5447 54806208475537
5448 54809217164431
5449 54832917958087
5450 54851934751741
5451 54899413322041
5452 54905077983029
5453 54920250704881
5454 54927496912181
5455 54930643365601
5456 54939377524663
5457 54947775597149
5458 54985506186451
5459 54989599464757
5460 55001168248867
5461 55092845281633
5462 55105613454781
5463 55112164497253
5464 55116483756937
5465 55136880739951
5466 55150974809101
5467 55167345007777
5468 55186280131897
5469 55238864037367
5470 55277581186981
5471 55347751476301
5472 55367174496481
5473 55373515210261
5474 55384628733253
5475 55406312543401
5476 55420250035321
5477 55439990976329
5478 55446146801701
5479 55561464601561
5480 55565065262233
5481 55571823598061
5482 55576305692881
5483 55587401261443
5484 55588405576861
5485 55589670869041
5486 55634769408913
5487 55712149574381
5488 55740343454461
5489 55782005784721
5490 55793406715771
5491 55834090408951
5492 55904665895123
5493 55907911078801
5494 55910416744033
5495 55930613409667
5496 55937039186669
5497 55937461931521
5498 55952872167307
5499 55953374074057
5500 56008577200357
5501 56009588328937
5502 56010793228993
5503 56033889651433
5504 56051414364989
5505 56085503669821
5506 56115195862057
5507 56180740082851
5508 56211141814453
5509 56225069500969
5510 56227909369633
5511 56232519368581
5512 56296324357201
5513 56297129818561
5514 56449229766697
5515 56451726431137
5516 56493798108001
5517 56499579443143
5518 56514027850351
5519 56521652274121
5520 56564015779477
5521 56582546014801
5522 56590656832009
5523 56595602285713
5524 56665378133809
5525 56666633386661
5526 56690618251147
5527 56711818891873
5528 56738876381701
5529 56750379522301
5530 56814319563301
5531 56819956005451
5532 56850569538001
5533 56867846090467
5534 56881420839517
5535 56901519445321
5536 56924539056481
5537 56942798915047
5538 56943409266589
5539 56965946128033
5540 57010107362851
5541 57052616162257
5542 57067721202097
5543 57076895533087
5544 57134569284451
5545 57167201228509
5546 57191450067211
5547 57215647996033
5548 57221572072501
5549 57234751365907
5550 57238382798827
5551 57321943860457
5552 57349196842087
5553 57383140441661
5554 57406828658941
5555 57407342985541
5556 57428285430097
5557 57474225062101
5558 57493679328289
5559 57508710260653
5560 57513858192253
5561 57559610108933
5562 57588083114101
5563 57648747822667
5564 57662217491581
5565 57680002516753
5566 57691396182967
5567 57719332565137
5568 57723006265633
5569 57756804473761
5570 57781150956761
5571 57800458082251
5572 57835131415951
5573 57858861266251
5574 57904325727121
5575 57904750108531
5576 57941939689453
5577 57956003851201
5578 57980690488033
5579 58041708981301
5580 58074004909561
5581 58082624260201
5582 58085158690261
5583 58087467843679
5584 58109766322609
5585 58110175415161
5586 58169037602677
5587 58195407614653
5588 58257066159001
5589 58299022886653
5590 58336624177057
5591 58358555331049
5592 58366563139501
5593 58384780848721
5594 58432822712461
5595 58458783627469
5596 58466167487647
5597 58474342180621
5598 58484166909037
5599 58511462684041
5600 58534236994349
5601 58561632464527
5602 58563918710641
5603 58574110453633
5604 58631812122451
5605 58637730124709
5606 58642838924251
5607 58655153411557
5608 58689969196951
5609 58721322862441
5610 58741615044181
5611 58792472061413
5612 58800635610727
5613 58807363758697
5614 58849081947577
5615 58849415203237
5616 58867790767189
5617 58910699335681
5618 58911752176421
5619 58912951015267
5620 58913270963821
5621 58968043113757
5622 58973416667353
5623 58977811289251
5624 59003704361881
5625 59029127646581
5626 59090815271953
5627 59112247898881
5628 59125007226331
5629 59127876652951
5630 59130810444841
5631 59197836399661
5632 59198874159169
5633 59203870875073
5634 59209592633281
5635 59230220725747
5636 59249094807817
5637 59302810649239
5638 59332229183401
5639 59339617626451
5640 59347511351521
5641 59367439089181
5642 59398440145441
5643 59422490176921
5644 59428911555721
5645 59441157559117
5646 59455609302601
5647 59496194880481
5648 59502196875241
5649 59512931730253
5650 59527971958687
5651 59567802541633
5652 59571116126209
5653 59606864555911
5654 59628204855379
5655 59637272676547
5656 59653367585011
5657 59661740120251
5658 59676430495501
5659 59722142250871
5660 59755863203401
5661 59810750838541
5662 59838053108653
5663 59891723144641
5664 59893201683253
5665 59918486220773
5666 59979924625261
5667 59991481572301
5668 60027494476951
5669 60036180883381
5670 60048153684553
5671 60096946036753
5672 60153869469241
5673 60158105848777
5674 60200923032253
5675 60242453016901
5676 60257819347741
5677 60259504084033
5678 60278411064847
5679 60294359573761
5680 60296979549241
5681 60297346489141
5682 60342159583261
5683 60435906956041
5684 60526303308157
5685 60621957899821
5686 60678828822673
5687 60682786093777
5688 60693156212851
5689 60720361808401
5690 60747102034561
5691 60762833019349
5692 60779930708041
5693 60819060866023
5694 60855794064253
5695 60882521326987
5696 60981896629231
5697 61098620406071
5698 61144741139653
5699 61159073740381
5700 61163368041751
5701 61175531760661
5702 61176566728477
5703 61193585038501
5704 61240057927201
5705 61259607012001
5706 61279108785901
5707 61280404772329
5708 61284968635801
5709 61293930110401
5710 61331886721921
5711 61341434049967
5712 61406081482549
5713 61507247905897
5714 61538830702273
5715 61585038267301
5716 61592496484501
5717 61602431800801
5718 61634047952821
5719 61648447507741
5720 61660368982801
5721 61675402650877
5722 61682030314453
5723 61721720732647
5724 61726288289581
5725 61730205846877
5726 61742297387611
5727 61785566650729
5728 61827247692229
5729 61928141606857
5730 61946811628633
5731 61968988684513
5732 61972389806881
5733 61995910815541
5734 62019336805537
5735 62019697801753
5736 62026647670081
5737 62049475224169
5738 62055787894453
5739 62056204795681
5740 62070761680021
5741 62086272147901
5742 62109324072577
5743 62173505881667
5744 62236269670177
5745 62302014725653
5746 62399852124241
5747 62459968462561
5748 62473121693071
5749 62489419513921
5750 62520432290401
5751 62527490323537
5752 62552047684717
5753 62553799196617
5754 62575306747201
5755 62587926402301
5756 62593345992817
5757 62606186878861
5758 62609575045951
5759 62620967101171
5760 62638906694761
5761 62644640752153
5762 62678717995141
5763 62702630062153
5764 62721332435449
5765 62724637550161
5766 62735181918553
5767 62836989683833
5768 62840048589541
5769 62842307375233
5770 62870012306251
5771 62875340748307
5772 62898179485987
5773 62909542390609
5774 62911638162253
5775 62920717202041
5776 62944024912921
5777 62950410423181
5778 62975583142177
5779 62984345949253
5780 63047113498951
5781 63081410129641
5782 63089044836751
5783 63116134721641
5784 63122055612481
5785 63148986127873
5786 63151118451433
5787 63160566177361
5788 63169884451081
5789 63182894336857
5790 63223638872473
5791 63230025754361
5792 63271277267941
5793 63284776924141
5794 63287957464033
5795 63322583622301
5796 63368051744227
5797 63394308514153
5798 63422857227241
5799 63558196663249
5800 63565397801491
5801 63704229161123
5802 63777985341349
5803 63798170040457
5804 63831023299513
5805 64009741970791
5806 64061556151709
5807 64069984950913
5808 64094139202843
5809 64161537120253
5810 64204405949521
5811 64211571219421
5812 64269743627701
5813 64302988154653
5814 64309293005621
5815 64334718100729
5816 64338656003101
5817 64345279171963
5818 64383575998141
5819 64404820385461
5820 64423431377309
5821 64491279952201
5822 64535691668401
5823 64537849283797
5824 64539970157167
5825 64573420012201
5826 64578573844801
5827 64601490643777
5828 64619431600951
5829 64698416687257
5830 64769899120513
5831 64780399882823
5832 64797682692989
5833 64798591783927
5834 64803391663753
5835 64814924428801
5836 64843120143101
5837 64885558322227
5838 64900150445521
5839 64907212391251
5840 64926162665167
5841 64943875468033
5842 64945552153393
5843 65011666637851
5844 65024632558117
5845 65042412879601
5846 65056647689281
5847 65068487318413
5848 65108472312913
5849 65162305784647
5850 65177158425121
5851 65187571401721
5852 65208254606353
5853 65213074400251
5854 65231954358463
5855 65234440089253
5856 65271453581953
5857 65343042767701
5858 65348073995221
5859 65364194777113
5860 65366648711443
5861 65406058978501
5862 65411651576701
5863 65510913689101
5864 65568363995951
5865 65603947761901
5866 65616044378653
5867 65617213248247
5868 65619256642837
5869 65634191394661
5870 65637822398947
5871 65646293051431
5872 65660600127943
5873 65661935323627
5874 65683645693993
5875 65704959262801
5876 65706455252353
5877 65715834864601
5878 65730192328153
5879 65746428645061
5880 65764687187161
5881 65777894722627
5882 65792497264033
5883 65794056991093
5884 65854686553489
5885 65892649028053
5886 65912621004101
5887 65935081812601
5888 65945193097681
5889 65953195079227
5890 65958505448911
5891 65963222149901
5892 65969429287409
5893 65978367255091
5894 65991583040833
5895 66045972546581
5896 66054586059307
5897 66092458596121
5898 66157421372701
5899 66168724475701
5900 66170933224021
5901 66304453861801
5902 66326190051421
5903 66347496360307
5904 66356113156321
5905 66380511237049
5906 66392547333661
5907 66429611249653
5908 66480541054621
5909 66503216532061
5910 66512592103387
5911 66561010799761
5912 66579319955809
5913 66583182341761
5914 66591901709089
5915 66601677530389
5916 66643405740451
5917 66660038996461
5918 66663587542117
5919 66681587574253
5920 66760109387021
5921 66767534584453
5922 66857527544347
5923 66865706480323
5924 66905164936261
5925 66946823604091
5926 66984755822161
5927 67004591023261
5928 67030956023257
5929 67070503392481
5930 67085728331911
5931 67191863206249
5932 67212329487313
5933 67273194922561
5934 67287174669601
5935 67304147566321
5936 67316173541101
5937 67335347331001
5938 67350608783401
5939 67368723647947
5940 67373778055321
5941 67391090514457
5942 67395788775253
5943 67425862361287
5944 67432365887701
5945 67436197552153
5946 67444838241301
5947 67464604801441
5948 67473830403253
5949 67502842312709
5950 67523344648033
5951 67531928672851
5952 67557965112907
5953 67609461026257
5954 67638294563599
5955 67642675333021
5956 67682496515437
5957 67704228594001
5958 67755380738377
5959 67770194241601
5960 67784807822411
5961 67837702332553
5962 67846542671953
5963 67847464738327
5964 67882955448673
5965 67888204951141
5966 67891464085297
5967 67898279801701
5968 67920928589881
5969 67926331304641
5970 67966331922457
5971 67973278481089
5972 67997954166721
5973 68067302451301
5974 68079188211319
5975 68189231002513
5976 68208242728033
5977 68272478243971
5978 68280336505603
5979 68290384167253
5980 68339407698607
5981 68390319988033
5982 68409922045501
5983 68478515169121
5984 68485808406913
5985 68537721706021
5986 68542479415009
5987 68562723326653
5988 68570030597221
5989 68614474883473
5990 68636937579451
5991 68651158546591
5992 68667931700521
5993 68717693739941
5994 68719071365101
5995 68742102732811
5996 68768037009253
5997 68773127482561
5998 68783329442557
5999 68789720077093
6000 68844699752401
6001 68846383934737
6002 68883766482961
6003 68894543344513
6004 68914417279681
6005 68916978792589
6006 68937166193741
6007 68990321246701
6008 69014254671181
6009 69058713519727
6010 69063889482253
6011 69139183330823
6012 69148015638241
6013 69148998242017
6014 69161519024821
6015 69182125974361
6016 69198394721527
6017 69201888945841
6018 69213768269101
6019 69221857152631
6020 69256104261637
6021 69261678253153
6022 69298117801921
6023 69365199009217
6024 69374228588281
6025 69391036450657
6026 69409570548781
6027 69420978371587
6028 69456801452041
6029 69460107593311
6030 69492108646357
6031 69541099948153
6032 69548763931741
6033 69627275135713
6034 69640480320643
6035 69680176099957
6036 69696640881121
6037 69898416138721
6038 69907701954049
6039 69916352032561
6040 69921195561253
6041 69928971931369
6042 69936326053777
6043 69944455388953
6044 69961163633461
6045 69961535400751
6046 69972509495953
6047 70056935572501
6048 70074537989653
6049 70082777798281
6050 70114585354747
6051 70133470103597
6052 70160279974849
6053 70168329936253
6054 70180284712753
6055 70212689438251
6056 70249667028661
6057 70254034658641
6058 70281390017941
6059 70298147618749
6060 70337026231447
6061 70369198506181
6062 70401635680489
6063 70403369019301
6064 70426020660451
6065 70466281492609
6066 70472589712561
6067 70501649538241
6068 70514492361913
6069 70596721159189
6070 70602395692753
6071 70605429076153
6072 70634027606227
6073 70641087483037
6074 70656708785041
6075 70658321675761
6076 70663053348049
6077 70754727800233
6078 70773795688753
6079 70796695968967
6080 70867398873097
6081 70871197315141
6082 70879312639717
6083 70879769578621
6084 70928355530341
6085 70956223332301
6086 70960178123077
6087 70990689019207
6088 71006275123111
6089 71066709237169
6090 71115510082501
6091 71142904037341
6092 71144344394281
6093 71234976818251
6094 71318788947253
6095 71339319201313
6096 71351469004861
6097 71378391539281
6098 71386163921953
6099 71393333344453
6100 71444517502177
6101 71484651676561
6102 71499909437641
6103 71524374811489
6104 71590199857129
6105 71590911252451
6106 71605673388289
6107 71606047623937
6108 71607384131053
6109 71607766837837
6110 71638744285153
6111 71643892482553
6112 71644244410657
6113 71647557871501
6114 71689002802201
6115 71695357929343
6116 71712028093441
6117 71716868387851
6118 71736739087861
6119 71758891549769
6120 71769768617791
6121 71774115444541
6122 71786719912969
6123 71846067083669
6124 71870188563253
6125 71920264087981
6126 71938984680067
6127 71941374028213
6128 71952358296001
6129 71984178869221
6130 71997380945041
6131 72001267742377
6132 72012285103027
6133 72182392117921
6134 72193106964529
6135 72193252397251
6136 72266274166327
6137 72269549810461
6138 72282246066253
6139 72284354533463
6140 72324968858011
6141 72342190639951
6142 72345770049001
6143 72348342311521
6144 72375156903817
6145 72417711469183
6146 72418358297137
6147 72446821083253
6148 72457221577861
6149 72499969197811
6150 72540452408581
6151 72560365847287
6152 72565272434887
6153 72590258847481
6154 72608942328913
6155 72688312916161
6156 72719349402673
6157 72756331176761
6158 72757338243049
6159 72806326445953
6160 72841852804033
6161 72881966502901
6162 72904637442451
6163 72906340114229
6164 72913702386949
6165 72916266488833
6166 72930074360653
6167 72972109271953
6168 73020430105771
6169 73038520108261
6170 73054996112981
6171 73065208949461
6172 73084938617701
6173 73101177167281
6174 73140077802907
6175 73161639697753
6176 73163284912033
6177 73207147765753
6178 73208309387401
6179 73239386187061
6180 73240686216967
6181 73284125119453
6182 73288774103581
6183 73306837968451
6184 73365803434081
6185 73374998764033
6186 73392091534081
6187 73420310443507
6188 73420750481653
6189 73462724626513
6190 73595942180443
6191 73596983696497
6192 73620393760621
6193 73622093089681
6194 73714780166653
6195 73787748103469
6196 73802567244869
6197 73895707478251
6198 73921846272413
6199 73924240594513
6200 73969585010527
6201 74003146467769
6202 74166367779001
6203 74205496883251
6204 74215695861091
6205 74235296737963
6206 74243451282001
6207 74295825341653
6208 74312209359541
6209 74323620724753
6210 74351942592427
6211 74355805980241
6212 74390643595621
6213 74429567657677
6214 74476148886901
6215 74483178903253
6216 74495878945093
6217 74503444622881
6218 74506052177569
6219 74526707739667
6220 74588972434169
6221 74593784032661
6222 74639682583021
6223 74662565583943
6224 74707071377287
6225 74771695232821
6226 74822636590321
6227 74869895332153
6228 74904412024261
6229 74909046637501
6230 74914399904653
6231 74923516262701
6232 74939666338981
6233 74998425158929
6234 75166533292951
6235 75175799284021
6236 75220429618133
6237 75234454197841
6238 75240726424951
6239 75252722297801
6240 75300324202153
6241 75342740993101
6242 75364178516563
6243 75395302533937
6244 75419867202751
6245 75451785985621
6246 75486873971953
6247 75490159523329
6248 75499507356547
6249 75513656477761
6250 75523410020833
6251 75535121256877
6252 75554119732033
6253 75591000354629
6254 75613411534207
6255 75720421765633
6256 75751265345113
6257 75753066726481
6258 75769939596781
6259 75839838020833
6260 75849617569969
6261 75857571995437
6262 75917112124561
6263 75929897130851
6264 75930154677541
6265 75948371723261
6266 75975643413643
6267 75978188880001
6268 76040165810251
6269 76043683092913
6270 76045543273981
6271 76050002402557
6272 76085361509617
6273 76146209942221
6274 76155302592221
6275 76205908804033
6276 76205922157237
6277 76206136146073
6278 76210263457921
6279 76216254163561
6280 76220272031221
6281 76254302676953
6282 76264284133441
6283 76271632224061
6284 76276419614587
6285 76293812500057
6286 76338056605807
6287 76393873887829
6288 76399354593253
6289 76421309621581
6290 76427705623441
6291 76434978364477
6292 76445950467989
6293 76445997558841
6294 76502753535517
6295 76520177725351
6296 76589054177047
6297 76613130015193
6298 76620235197061
6299 76632164542081
6300 76679816781751
6301 76713363147961
6302 76728882742451
6303 76729246752913
6304 76788186828121
6305 76848427741229
6306 76877495200351
6307 76898570121253
6308 77047202656321
6309 77071737350369
6310 77096593326637
6311 77132749766887
6312 77155648079137
6313 77205738908161
6314 77206839589801
6315 77233484241289
6316 77243660206987
6317 77267209283497
6318 77272870151881
6319 77347472369491
6320 77365980688231
6321 77371345156141
6322 77372804582851
6323 77437039980061
6324 77448390091381
6325 77487267610567
6326 77495832218641
6327 77503747113451
6328 77520691894141
6329 77537035711801
6330 77581280008621
6331 77609087122321
6332 77641271200681
6333 77641469240653
6334 77642287551553
6335 77645290838473
6336 77663252405857
6337 77674983988951
6338 77698676056567
6339 77716501393501
6340 77717176697441
6341 77755382454751
6342 77777605795753
6343 77811866646001
6344 77873304834517
6345 77880665871361
6346 77895381073771
6347 77920466299649
6348 77920733497549
6349 77944270660327
6350 77946019772161
6351 77973494583301
6352 77993574069421
6353 78001069118761
6354 78017815471333
6355 78047277206263
6356 78062972273287
6357 78081633595351
6358 78123718755253
6359 78140586754081
6360 78142019676841
6361 78219747459253
6362 78270917420767
6363 78293850745351
6364 78314643071911
6365 78353801064001
6366 78402665025721
6367 78403186286371
6368 78429198726679
6369 78448443609073
6370 78458872469059
6371 78471173787217
6372 78481959212131
6373 78489770137747
6374 78525587685731
6375 78582160968481
6376 78592747659193
6377 78608035090747
6378 78618508640401
6379 78622332264481
6380 78633342990901
6381 78636082042081
6382 78651712230323
6383 78664948481881
6384 78793141242961
6385 78809164665241
6386 78814846159561
6387 78827948564041
6388 78886095741601
6389 78995570766997
6390 79022707063273
6391 79044709704841
6392 79077816995689
6393 79108665880177
6394 79131942594253
6395 79136287915609
6396 79136715018001
6397 79252405968961
6398 79280528935753
6399 79294701681427
6400 79331895358717
6401 79337877820351
6402 79338829755943
6403 79388317726489
6404 79392490270801
6405 79440924196009
6406 79491868561951
6407 79527821217487
6408 79531699535861
6409 79599805741513
6410 79615606856689
6411 79689126595321
6412 79782417225253
6413 79831233101089
6414 79837146022643
6415 79894543645271
6416 79919551158721
6417 80003420487469
6418 80029626742441
6419 80058536359453
6420 80071899263821
6421 80087200705597
6422 80095582017697
6423 80107134084253
6424 80120351610241
6425 80187352567741
6426 80218356824341
6427 80244511825843
6428 80261533814821
6429 80262341635087
6430 80285882260093
6431 80335132479253
6432 80367382384381
6433 80395986771253
6434 80400856109941
6435 80415361746721
6436 80459307580321
6437 80495042593681
6438 80529642732241
6439 80530251897241
6440 80546626687117
6441 80567719972741
6442 80648473487401
6443 80682674206681
6444 80700707481127
6445 80712078297241
6446 80720529805921
6447 80753022981313
6448 80765866703341
6449 80766884412821
6450 80837024560951
6451 80861979202201
6452 80898774278617
6453 80987510731459
6454 81006492534241
6455 81012245906737
6456 81072946416001
6457 81116704506601
6458 81209776825633
6459 81225907766161
6460 81247550565721
6461 81384603732577
6462 81405169554349
6463 81412940790721
6464 81435878793361
6465 81471430758481
6466 81513401453767
6467 81520884728401
6468 81552791923751
6469 81584231126833
6470 81597713107597
6471 81617911011253
6472 81690133554121
6473 81693290513161
6474 81724822017841
6475 81874578605077
6476 81883680826411
6477 81889199695621
6478 81923054890051
6479 81961249556647
6480 82000617730417
6481 82009649932033
6482 82085926727593
6483 82086899165497
6484 82101671164507
6485 82117725339437
6486 82132021809181
6487 82137230688889
6488 82140705958081
6489 82171820879737
6490 82174239961921
6491 82226107649251
6492 82333712147809
6493 82358914720351
6494 82365355650943
6495 82413690863761
6496 82455316477381
6497 82563205744321
6498 82586275365673
6499 82593834843889
6500 82607835087667
6501 82628709647761
6502 82659322553947
6503 82662327088513
6504 82675312574111
6505 82706813252611
6506 82758701792141
6507 82818469305001
6508 82825573698181
6509 82842256306129
6510 82911537055717
6511 82919630593801
6512 83022852033721
6513 83034551824753
6514 83037241631767
6515 83037540674401
6516 83049992889697
6517 83119711792501
6518 83133399299113
6519 83147134214341
6520 83212140303181
6521 83225429664607
6522 83226303005323
6523 83262451811479
6524 83262934971721
6525 83267034818467
6526 83281051526947
6527 83286232058671
6528 83295507493087
6529 83313084058513
6530 83314939897421
6531 83319050874821
6532 83376936081181
6533 83380035307141
6534 83387529398167
6535 83396462166361
6536 83446682597281
6537 83459085030721
6538 83465130173587
6539 83470831088287
6540 83544927657193
6541 83545838166451
6542 83579746757653
6543 83592648613633
6544 83679283733761
6545 83736331929301
6546 83809526849281
6547 83870436522421
6548 83904477277391
6549 83918384165449
6550 83947877489107
6551 83997812490001
6552 84007866490169
6553 84059287420681
6554 84069410294437
6555 84106039937977
6556 84184978593787
6557 84190263613387
6558 84207441072751
6559 84224918802553
6560 84244444628767
6561 84249985460629
6562 84332350737253
6563 84383916922471
6564 84396304365199
6565 84410627875657
6566 84424385445121
6567 84444940277857
6568 84465754370887
6569 84470273129549
6570 84502619520301
6571 84508235700661
6572 84651913080461
6573 84714291188101
6574 84752300225251
6575 84792105256861
6576 84792871811873
6577 84820807456951
6578 84915776537257
6579 84945005599843
6580 84956175981073
6581 84989725496017
6582 85004129177281
6583 85011585265297
6584 85027408016263
6585 85045753870741
6586 85111497815581
6587 85152428848829
6588 85183914454237
6589 85193276187241
6590 85197942774253
6591 85251209693653
6592 85293532592909
6593 85294182961963
6594 85325888162401
6595 85326438389653
6596 85360929296653
6597 85403792788597
6598 85450638272581
6599 85473672191407
6600 85487873404207
6601 85495441426849
6602 85542348780649
6603 85569153706297
6604 85592516525821
6605 85597536405781
6606 85601081473267
6607 85619833255153
6608 85637756452067
6609 85649502939001
6610 85658379970351
6611 85667833519501
6612 85673931730129
6613 85677408877033
6614 85690591028701
6615 85704964823341
6616 85755911820409
6617 85798479970501
6618 85847132089109
6619 85894540858513
6620 85946453099821
6621 85992270882481
6622 85995673994917
6623 86046553638343
6624 86052132825121
6625 86054613671713
6626 86071404357553
6627 86091887050021
6628 86108439727907
6629 86141874228961
6630 86149961973433
6631 86163909570649
6632 86227962024751
6633 86265963964181
6634 86324774023153
6635 86345588431801
6636 86378994763777
6637 86424388795369
6638 86428654131751
6639 86434900317793
6640 86503098323069
6641 86550491330029
6642 86646780634837
6643 86649684887851
6644 86662854973171
6645 86674852288261
6646 86688004447589
6647 86741855028181
6648 86743519737131
6649 86782720946329
6650 86787804762007
6651 86787833367121
6652 86809852369633
6653 86834721893977
6654 86836191305761
6655 86872732436089
6656 86874733221337
6657 86881033804951
6658 86888119651051
6659 86895742857481
6660 86915003922073
6661 86933756777629
6662 86945476520323
6663 87029755182541
6664 87049640787121
6665 87070315682491
6666 87088785652837
6667 87092041488481
6668 87099429014461
6669 87183074412253
6670 87197893825351
6671 87225225455737
6672 87276272215861
6673 87281369692921
6674 87295298292901
6675 87305052047947
6676 87311789236981
6677 87339540310513
6678 87361821392269
6679 87387921469621
6680 87393210667057
6681 87411021554953
6682 87427077995017
6683 87443160125413
6684 87458065828093
6685 87459446238481
6686 87459652905643
6687 87487051798441
6688 87489931172827
6689 87522502829653
6690 87557434722253
6691 87579938831761
6692 87602210435827
6693 87630879021277
6694 87681081294577
6695 87700410495253
6696 87720555391561
6697 87739288639087
6698 87774803993341
6699 87777703749331
6700 87792800672851
6701 87867950309497
6702 87880530453553
6703 87913291201633
6704 87923919484589
6705 87947884818091
6706 88069537479673
6707 88134267054217
6708 88161268088743
6709 88179432400153
6710 88190829349507
6711 88246705194631
6712 88262319178153
6713 88267251051757
6714 88310516283841
6715 88311297568033
6716 88337269575253
6717 88445697068527
6718 88519515638401
6719 88521122297071
6720 88592658327253
6721 88637787102961
6722 88674262431751
6723 88674352603201
6724 88685034204313
6725 88714097123653
6726 88717207787851
6727 88740382375657
6728 88793108426573
6729 88870539645247
6730 88875716032949
6731 88904480507347
6732 88909212272653
6733 88933536716221
6734 88959252091951
6735 88979411522377
6736 89006834246881
6737 89008500873001
6738 89024556628153
6739 89036642460151
6740 89039915332201
6741 89086060927951
6742 89108638821509
6743 89123737870441
6744 89138248521841
6745 89161283096887
6746 89195555155141
6747 89199359422951
6748 89300085559453
6749 89352694550701
6750 89381552015449
6751 89435594515177
6752 89509218820561
6753 89610879891529
6754 89683272250687
6755 89704674306253
6756 89732267499841
6757 89786998286371
6758 89803669228561
6759 89838897578893
6760 89849265582667
6761 89889308854507
6762 89941106710153
6763 89955763961251
6764 90006951005623
6765 90018698546701
6766 90022554326251
6767 90033895069649
6768 90038490112033
6769 90050150389321
6770 90059922751501
6771 90086347034191
6772 90092135727901
6773 90127689965713
6774 90130695947801
6775 90132732279253
6776 90134538255361
6777 90168835851343
6778 90187842225601
6779 90201702932461
6780 90220078069201
6781 90230717161621
6782 90254309876281
6783 90255221699653
6784 90360048376153
6785 90386183880541
6786 90407031998251
6787 90446426051941
6788 90606872228591
6789 90643869013141
6790 90670793099701
6791 90692047719787
6792 90758615954491
6793 90809393994901
6794 90827404341451
6795 90961149970153
6796 91014569726653
6797 91051810951753
6798 91092889088353
6799 91132214463821
6800 91167935618761
6801 91206655032481
6802 91218962295361
6803 91255639038301
6804 91264069269253
6805 91275066724249
6806 91341266539051
6807 91345656233281
6808 91352758910617
6809 91364702113829
6810 91408091774581
6811 91454176991341
6812 91481980096033
6813 91491389568853
6814 91494754575841
6815 91566797336281
6816 91578722669167
6817 91625122340251
6818 91649934906307
6819 91728431870077
6820 91752713542153
6821 91756124566063
6822 91792366120033
6823 91824181376029
6824 91926731975653
6825 91932515981209
6826 91977504844501
6827 91980859937557
6828 92004109179067
6829 92013314653261
6830 92022327549073
6831 92045875072861
6832 92049792886531
6833 92056946927653
6834 92058575197753
6835 92060427070081
6836 92100594560977
6837 92152333995541
6838 92176745472913
6839 92215282105981
6840 92217265965001
6841 92223430598881
6842 92228468873231
6843 92233075279927
6844 92281456686889
6845 92366576798653
6846 92399292754921
6847 92462496222241
6848 92485759359001
6849 92518236386497
6850 92556196088401
6851 92575697128949
6852 92620470310993
6853 92631794272951
6854 92650588594453
6855 92695025243701
6856 92730794397691
6857 92855989082851
6858 92908887828769
6859 92909165866453
6860 92926076613397
6861 92926722213989
6862 92967808987201
6863 92976598959941
6864 92980987718851
6865 92991978235621
6866 93064653527581
6867 93076981688701
6868 93106139734561
6869 93131450940529
6870 93149090564641
6871 93190237767901
6872 93200596710391
6873 93229317735313
6874 93305887122757
6875 93316198422241
6876 93369422875591
6877 93382911675701
6878 93420677233687
6879 93439356753601
6880 93471021611701
6881 93498759668257
6882 93503630259649
6883 93513619112621
6884 93547143924517
6885 93548110802581
6886 93571983210751
6887 93634745666401
6888 93679690051351
6889 93680452923121
6890 93693723962581
6891 93721479672913
6892 93727237517101
6893 93757067994721
6894 93802576457071
6895 93825206811451
6896 93882868771147
6897 93884371078501
6898 93904772339611
6899 93915118942849
6900 93929383253947
6901 93947759648557
6902 93953775251953
6903 93988132320337
6904 94001503468687
6905 94047263842897
6906 94063223148001
6907 94090877852047
6908 94103219290537
6909 94118671780741
6910 94134578164537
6911 94190543095351
6912 94207894638281
6913 94225393800409
6914 94293570669121
6915 94312723682029
6916 94333536984961
6917 94398659372557
6918 94416615204451
6919 94449898447381
6920 94452889962217
6921 94453464985447
6922 94472649709453
6923 94511697496409
6924 94511786288947
6925 94599372893581
6926 94600125156241
6927 94615879557781
6928 94635689455621
6929 94657434796627
6930 94696446500833
6931 94736902700833
6932 94768464534721
6933 94770249337501
6934 94779703661653
6935 94785907512913
6936 94794039323677
6937 94814125404913
6938 94910962813633
6939 94918403965537
6940 94923126566623
6941 94927853412169
6942 94940626101697
6943 94954447097077
6944 94955989974913
6945 94956237211501
6946 94957815967501
6947 94961229360427
6948 94988321794801
6949 95000524479451
6950 95009824805941
6951 95016899844751
6952 95036547112033
6953 95160082928653
6954 95213388465721
6955 95228285169349
6956 95241618670351
6957 95295579168913
6958 95330327503321
6959 95403174144049
6960 95420973827149
6961 95433764538421
6962 95438590742977
6963 95450012236153
6964 95465305667353
6965 95508051017653
6966 95510923011451
6967 95620964177707
6968 95695885808461
6969 95701644452233
6970 95710635370351
6971 95773472338513
6972 95782934626237
6973 95811624426451
6974 95863783805527
6975 95872774180061
6976 95896877700961
6977 95947456404367
6978 95971666286341
6979 96012713716921
6980 96021891452593
6981 96050994752353
6982 96055617776161
6983 96076804340833
6984 96129154947937
6985 96157293568381
6986 96201586112689
6987 96218308341541
6988 96281083709641
6989 96283052335229
6990 96285573281701
6991 96332090702849
6992 96424405330501
6993 96424693150501
6994 96462403909453
6995 96522409695097
6996 96534273013417
6997 96559436505769
6998 96611539167553
6999 96626005213541
7000 96630466764961
7001 96653776415857
7002 96656263513633
7003 96673428973441
7004 96678235713197
7005 96704570493541
7006 96706275866731
7007 96749722665049
7008 96777690048007
7009 96831620981929
7010 96831769466461
7011 96897643010929
7012 96900510003097
7013 96903454026601
7014 96911630205391
7015 96918981183091
7016 96922489527709
7017 96927690406801
7018 96967807045201
7019 96971390157727
7020 97026353430011
7021 97080773224843
7022 97100160129253
7023 97161735342757
7024 97258096973143
7025 97280292839467
7026 97359869751301
7027 97381112087717
7028 97501259665531
7029 97557523525081
7030 97561919674801
7031 97580294332561
7032 97581029755861
7033 97658581771537
7034 97688888752033
7035 97721921877581
7036 97737354082369
7037 97765936143409
7038 97786095973567
7039 97805364986629
7040 97815763145651
7041 97843063095007
7042 97887381373081
7043 97895776725181
7044 97942320437851
7045 98008799750401
7046 98052704987329
7047 98109819529129
7048 98165244576961
7049 98203432476637
7050 98206251506497
7051 98223443253209
7052 98237815371889
7053 98255030871097
7054 98260532908501
7055 98269352398729
7056 98271490050961
7057 98354709386641
7058 98356618489897
7059 98375683464001
7060 98382824878801
7061 98437532266153
7062 98442219418927
7063 98445315046501
7064 98465844621481
7065 98536561430401
7066 98561854720033
7067 98589279906391
7068 98656673494241
7069 98656878063061
7070 98690656751521
7071 98703779832913
7072 98733090272041
7073 98757366649021
7074 98791436467153
7075 98798525714221
7076 98828886311821
7077 98863316485831
7078 98919860163623
7079 98940653896741
7080 98979510448369
7081 99049680837253
7082 99050370260227
7083 99057066683401
7084 99066909114001
7085 99068598241381
7086 99171277303177
7087 99188956182907
7088 99293729280643
7089 99303721248187
7090 99322310671417
7091 99351996220153
7092 99361624918249
7093 99379312018523
7094 99382349640421
7095 99396561329101
7096 99461631558547
7097 99473994202969
7098 99474918994513
7099 99500892157633
7100 99522171907849
7101 99557840450641
7102 99560407442653
7103 99592921881181
7104 99604438684453
7105 99612670446577
7106 99630270907117
7107 99636960311461
7108 99654785192701
7109 99678734092631
7110 99685527538609
7111 99703525069807
7112 99716254016653
7113 99742014313021
7114 99788798093221
7115 99822038615443
7116 99907208838361
7117 99967558822561
7118 100010025251251
7119 100026662554513
7120 100187678202481
7121 100202870978101
7122 100253677192531
7123 100262624414761
7124 100286271246313
7125 100322781470311
7126 100336238438981
7127 100392709407769
7128 100406827876501
7129 100425874433653
7130 100484845147831
7131 100533935822251
7132 100589545144441
7133 100602377219401
7134 100692834678211
7135 100719964526581
7136 100734271531741
7137 100756074636253
7138 100763005155121
7139 100786766445751
7140 100857967273801
7141 100889354035469
7142 100918468835137
7143 100941496281181
7144 100955368041601
7145 100988799721633
7146 101025569417137
7147 101030189841001
7148 101050047119407
7149 101071278829951
7150 101122992603181
7151 101177470836751
7152 101263274455099
7153 101304993565441
7154 101309814172051
7155 101390745878137
7156 101409897657421
7157 101424341066707
7158 101437243145101
7159 101530500500833
7160 101539137528181
7161 101548732550401
7162 101556580954753
7163 101568931054951
7164 101569247616943
7165 101688304900001
7166 101701105369777
7167 101729471928913
7168 101738297510371
7169 101814987330253
7170 101893787167147
7171 101927748944173
7172 101942086138201
7173 101995968700033
7174 102000351971521
7175 102076776974677
7176 102135920929681
7177 102150470916937
7178 102183738362707
7179 102234692043247
7180 102253565919781
7181 102290885556217
7182 102296393506621
7183 102343222125289
7184 102422107682563
7185 102492160236901
7186 102506659508527
7187 102536391621269
7188 102588219825841
7189 102595270526101
7190 102601685075761
7191 102604209192253
7192 102631715222653
7193 102642768747037
7194 102687194969441
7195 102700496426653
7196 102716709823087
7197 102730079428021
7198 102781687881421
7199 102805087982941
7200 102829867464061
7201 102847932396721
7202 102865642131397
7203 102874063457731
7204 102883638998227
7205 102963889134937
7206 102988251295021
7207 103012576947041
7208 103135505547007
7209 103135763325601
7210 103180601185117
7211 103191742520833
7212 103306085333551
7213 103355664541771
7214 103396647028033
7215 103418712982621
7216 103441862071087
7217 103448644807681
7218 103487884428151
7219 103493481561361
7220 103623757765921
7221 103673882560387
7222 103691868110731
7223 103741893234253
7224 103823555479841
7225 103833186291073
7226 103865556283747
7227 103877211988369
7228 103890252885121
7229 103906513182781
7230 103912034472487
7231 103935923335441
7232 103947342516181
7233 103984598183563
7234 104036435472001
7235 104044449479657
7236 104233383602011
7237 104239956336721
7238 104307763962247
7239 104308254192451
7240 104338726302431
7241 104340121626751
7242 104418094788547
7243 104495246918401
7244 104503211939101
7245 104592281539201
7246 104628723372577
7247 104656125884857
7248 104658640121701
7249 104681898943597
7250 104742383974201
7251 104744328572641
7252 104750639759641
7253 104762157333913
7254 104787268117507
7255 104794110829633
7256 104835811780891
7257 104867921552473
7258 104887036945687
7259 104888641628971
7260 104934154362049
7261 105066682708681
7262 105077368150987
7263 105080250513241
7264 105157741277377
7265 105189875756101
7266 105307793145721
7267 105352627907941
7268 105389087397301
7269 105435434590921
7270 105443267996527
7271 105454603701541
7272 105468899872927
7273 105492947149981
7274 105619392475741
7275 105672586739947
7276 105672645947881
7277 105698244338881
7278 105719960985451
7279 105791927051521
7280 105847825712287
7281 105862881364153
7282 105868383318253
7283 105882397011847
7284 105984168156751
7285 106047846491281
7286 106051915735151
7287 106053579468413
7288 106058676635729
7289 106105595955049
7290 106178988397441
7291 106187671246229
7292 106202540732891
7293 106303968854821
7294 106317888616801
7295 106317936893761
7296 106321171641121
7297 106360799729101
7298 106401626194753
7299 106536109619521
7300 106578486399673
7301 106640676093157
7302 106650342100807
7303 106692728997697
7304 106796884851721
7305 106837604570161
7306 106854390233761
7307 106859840599513
7308 106889901474427
7309 106911994205161
7310 106932584124451
7311 106945581099601
7312 106957316721781
7313 107010600486913
7314 107019770361571
7315 107048515453837
7316 107088590393821
7317 107131159328381
7318 107217367018081
7319 107250246887041
7320 107412537539953
7321 107419768140889
7322 107455368493657
7323 107456285205613
7324 107478816137461
7325 107569629904843
7326 107711943332141
7327 107751899680501
7328 107764583429273
7329 107790605593921
7330 107915043594821
7331 107923119040327
7332 107924284888201
7333 107933213379421
7334 107935714229257
7335 107936544323623
7336 107996693850541
7337 108010824271201
7338 108067277880451
7339 108082069228981
7340 108136416578653
7341 108158842362313
7342 108172521228241
7343 108274110579253
7344 108283293294301
7345 108286443732967
7346 108300934936801
7347 108347390294527
7348 108432743703481
7349 108450769509253
7350 108523832254267
7351 108549761409253
7352 108574342059751
7353 108627524680861
7354 108630133016329
7355 108655510655371
7356 108680641398253
7357 108724815210241
7358 108736153975237
7359 108751469203807
7360 108820996616107
7361 108850188140581
7362 108929022808537
7363 108939449600281
7364 109035473641027
7365 109112814115993
7366 109113426696037
7367 109221190086553
7368 109239816930011
7369 109277695465207
7370 109372224745279
7371 109406653285661
7372 109451955938641
7373 109463018386801
7374 109471483574281
7375 109495566045601
7376 109504865537077
7377 109508658505489
7378 109568453157901
7379 109601141223421
7380 109612400397193
7381 109626624458209
7382 109638906583183
7383 109702124025341
7384 109823182891897
7385 109851437376253
7386 109874111188267
7387 109883692805713
7388 109902828810389
7389 109913377584529
7390 109943191869499
7391 109968163136641
7392 110034362313541
7393 110060351876707
7394 110068390062721
7395 110072941395007
7396 110097033064453
7397 110104670174467
7398 110119780708033
7399 110155446868501
7400 110228103337327
7401 110259955447601
7402 110266261931953
7403 110268927062251
7404 110450682891361
7405 110455636798417
7406 110487161325241
7407 110498385991951
7408 110510267026513
7409 110561894279761
7410 110608747298393
7411 110645164337401
7412 110675095007941
7413 110738943149677
7414 110795654209609
7415 110839038827653
7416 110869056796501
7417 110892270056401
7418 111004170342001
7419 111126487604549
7420 111178071170251
7421 111195785965951
7422 111263556065377
7423 111330110518849
7424 111380795001793
7425 111414637480381
7426 111480600020833
7427 111508985880343
7428 111532067523577
7429 111553678019389
7430 111637085846947
7431 111691374433633
7432 111736629050881
7433 111758472749123
7434 111793016726821
7435 111800911941181
7436 111841180782571
7437 111919571487697
7438 111958156507861
7439 111962541544561
7440 112084495930513
7441 112123041774481
7442 112190066800351
7443 112203218490301
7444 112271773003633
7445 112274415698581
7446 112283634679807
7447 112313855737441
7448 112375137165301
7449 112393487722753
7450 112435035996121
7451 112455814409989
7452 112456466712253
7453 112466329468417
7454 112483824813121
7455 112516917458989
7456 112527908382847
7457 112546021051297
7458 112592628863101
7459 112643521929907
7460 112662881539867
7461 112691925635521
7462 112700667603943
7463 112704153628951
7464 112708748730217
7465 112772447506687
7466 112783555356841
7467 112865837380921
7468 112894567858621
7469 112905527054251
7470 112939433727121
7471 112954079774161
7472 113006527358869
7473 113037752790913
7474 113038877517931
7475 113040670554001
7476 113076398916253
7477 113096091501577
7478 113145837289633
7479 113208060751897
7480 113228036564653
7481 113246997367927
7482 113274796144753
7483 113294037197251
7484 113305960135681
7485 113345806303621
7486 113361706294453
7487 113367579274951
7488 113388023245351
7489 113397485351041
7490 113397734776987
7491 113425317409141
7492 113427497580643
7493 113468539296001
7494 113521465403347
7495 113522999677447
7496 113637205248481
7497 113695133931601
7498 113704720675057
7499 113804745616801
7500 113829577514563
7501 113840129766241
7502 113852261842021
7503 114042690911467
7504 114058072769401
7505 114077997531361
7506 114097622724289
7507 114213092209441
7508 114224343362281
7509 114286869484849
7510 114309943618501
7511 114326459084377
7512 114368064238297
7513 114454454963473
7514 114490550545381
7515 114508711117921
7516 114537041141221
7517 114612823296913
7518 114621374815837
7519 114660017689981
7520 114664289029951
7521 114715100165581
7522 114762727129753
7523 114771595828177
7524 114797845926457
7525 114835021715233
7526 114884566234453
7527 114893556023861
7528 114928225817653
7529 114980135155247
7530 114994776280753
7531 115015929504481
7532 115100516033273
7533 115207804932193
7534 115287009059861
7535 115310316015337
7536 115352883283501
7537 115353209590561
7538 115368558865561
7539 115419176388517
7540 115433908392541
7541 115483910240089
7542 115508009299957
7543 115524278839621
7544 115598346479281
7545 115667750067511
7546 115702738210153
7547 115766054973869
7548 115781245533253
7549 115782316778641
7550 115833534104749
7551 115872764847451
7552 115884269711443
7553 115888642831261
7554 115937877211747
7555 115994835103681
7556 116030383822729
7557 116048755047229
7558 116048882871433
7559 116135867901901
7560 116152847959969
7561 116165397169027
7562 116195547318841
7563 116196639101929
7564 116197595925841
7565 116223829553761
7566 116232721939153
7567 116235690203089
7568 116244296186023
7569 116286900476041
7570 116346185938153
7571 116446383096341
7572 116465826181123
7573 116467722660451
7574 116482745638447
7575 116577049895767
7576 116605224440483
7577 116617625788861
7578 116620558039261
7579 116685909916687
7580 116767726507801
7581 116796202189633
7582 116820771244453
7583 116850851803927
7584 116853423006601
7585 116862802244161
7586 116918314423567
7587 116942684111257
7588 116955076228381
7589 116985292534801
7590 117004448039257
7591 117054203130901
7592 117054336706807
7593 117147778366561
7594 117183495807577
7595 117225399082843
7596 117266138188033
7597 117338231978281
7598 117499702666501
7599 117500857547851
7600 117549219086797
7601 117551151135937
7602 117611449326601
7603 117614506833253
7604 117629978719843
7605 117642698038153
7606 117662208846451
7607 117698797559857
7608 117710598531961
7609 117711975124801
7610 117714773236061
7611 117741901233421
7612 117759579891661
7613 117773397425197
7614 117777996571861
7615 117826343292481
7616 117899453065633
7617 118026772316161
7618 118058107403701
7619 118102986412633
7620 118206412600867
7621 118257344413627
7622 118290539161681
7623 118325037824491
7624 118334705834857
7625 118350515965501
7626 118364767255153
7627 118387853447161
7628 118389137418667
7629 118411853231263
7630 118491470379811
7631 118530070220293
7632 118580243658193
7633 118703874247201
7634 118766760114241
7635 118810986452047
7636 118836535752481
7637 118857556007851
7638 118902564472147
7639 118922978095351
7640 118930045851541
7641 119034193492321
7642 119047484987551
7643 119059334296831
7644 119109275133031
7645 119116720826737
7646 119142974517841
7647 119159992063951
7648 119194797883201
7649 119251144787197
7650 119336769902953
7651 119359934951407
7652 119374131156961
7653 119380197330001
7654 119422794238441
7655 119430001700833
7656 119562967682467
7657 119604663948421
7658 119711090928889
7659 119794790489221
7660 119800695057341
7661 119883221031421
7662 119930174208913
7663 119959830280033
7664 119980106078431
7665 120002937999517
7666 120004112343149
7667 120008196258037
7668 120043692516247
7669 120089155951153
7670 120111018353047
7671 120126977377651
7672 120143499962221
7673 120145732144453
7674 120212650273633
7675 120229081785541
7676 120282574093951
7677 120283905749701
7678 120325218895867
7679 120445033302397
7680 120500933759821
7681 120526425398881
7682 120577556860351
7683 120630819466523
7684 120674598449653
7685 120685417990201
7686 120755551419161
7687 120817344090301
7688 120823563864517
7689 120833852574247
7690 120880289123527
7691 120889784920969
7692 120898045804537
7693 120902764063201
7694 120911691618217
7695 120956455691671
7696 120995979296609
7697 121092228346321
7698 121125005836801
7699 121159359935701
7700 121165792073929
7701 121217892463861
7702 121222674375133
7703 121234235752523
7704 121378444066153
7705 121384804954267
7706 121391407774781
7707 121425190538653
7708 121465201776187
7709 121503744873253
7710 121526193634453
7711 121542146154301
7712 121569600452581
7713 121572140258951
7714 121580079121621
7715 121664986649317
7716 121816216338623
7717 121865607244657
7718 121874789293921
7719 121910425768801
7720 121930508529289
7721 121933372583551
7722 121949365910653
7723 121960610595253
7724 122011492589101
7725 122048486208097
7726 122055836366701
7727 122067965667187
7728 122071137092851
7729 122082836258701
7730 122112522968797
7731 122113390276081
7732 122134594397941
7733 122135344596541
7734 122326499976721
7735 122417805005497
7736 122498890352983
7737 122514489260101
7738 122537754419167
7739 122540800127131
7740 122553842316001
7741 122606172725653
7742 122685491433601
7743 122732105476753
7744 122805249375961
7745 122837021358721
7746 122858215365601
7747 122913515670229
7748 122920657269841
7749 123034798877077
7750 123118211950021
7751 123129122000653
7752 123156507376033
7753 123159253669453
7754 123236595407953
7755 123347795055127
7756 123471801736081
7757 123515762276737
7758 123621352446601
7759 123645258399601
7760 123756619815181
7761 123848172675989
7762 123950044123417
7763 124001256609631
7764 124012473627193
7765 124029941845633
7766 124044503979061
7767 124093265134177
7768 124104616471153
7769 124176468106153
7770 124179056897761
7771 124195379887153
7772 124272513955201
7773 124282014244741
7774 124311480737761
7775 124461808078147
7776 124497785512621
7777 124517396713249
7778 124573577910721
7779 124602971795539
7780 124639590165697
7781 124640068707001
7782 124709882220323
7783 124799421348253
7784 124820315220751
7785 124870729733527
7786 124933493931907
7787 124962132868273
7788 124972923102721
7789 124980443275957
7790 125012382530641
7791 125060058061093
7792 125096110414087
7793 125115848397541
7794 125216659875341
7795 125224766502971
7796 125293207348081
7797 125305744959541
7798 125314977567097
7799 125340295607521
7800 125347541527981
7801 125348772946321
7802 125352877617823
7803 125387344626301
7804 125387527888477
7805 125394997002521
7806 125398647333577
7807 125401271866513
7808 125401507403941
7809 125408924164873
7810 125420524116211
7811 125480261630107
7812 125491983299101
7813 125508666142081
7814 125560658600917
7815 125562714064453
7816 125593613933497
7817 125616889806721
7818 125696571921601
7819 125705250198149
7820 125718291667081
7821 125747842775521
7822 125766761200543
7823 125804319714361
7824 125823718112401
7825 125903717819461
7826 125975170791919
7827 126003706281337
7828 126009761997571
7829 126016346964341
7830 126045467251507
7831 126049239550807
7832 126075108266647
7833 126134233005241
7834 126139213855513
7835 126145312921633
7836 126169982932951
7837 126202475435653
7838 126232980813253
7839 126264216241153
7840 126286468794487
7841 126307734568021
7842 126351759304321
7843 126365664196501
7844 126368656067809
7845 126381619289683
7846 126506003537761
7847 126584117303113
7848 126617273935489
7849 126639757981441
7850 126656147629741
7851 126744566058241
7852 126822850102873
7853 126860029487381
7854 126881021075161
7855 126897002472241
7856 126902737665901
7857 126918852999121
7858 126970040286253
7859 126980562793507
7860 126992988439453
7861 126996841685089
7862 127012113484453
7863 127086582135629
7864 127152511409251
7865 127153872699001
7866 127156731770881
7867 127165548430441
7868 127184315163883
7869 127263606408247
7870 127316790112591
7871 127331302111747
7872 127572733152901
7873 127577481576697
7874 127584617545153
7875 127597086140833
7876 127614906079741
7877 127624834600541
7878 127630461591907
7879 127675203078697
7880 127759555319467
7881 127930507314121
7882 128004267528289
7883 128023961121253
7884 128064251091937
7885 128093523076891
7886 128153029711141
7887 128197051005601
7888 128229315144193
7889 128273706162253
7890 128362850375761
7891 128411374724641
7892 128468798819789
7893 128587463678701
7894 128599123436101
7895 128626067681821
7896 128677289319001
7897 128679790883317
7898 128692263308251
7899 128734514142841
7900 128801722613023
7901 128886639289633
7902 128922652706311
7903 128928036060253
7904 128934314175701
7905 128939598005653
7906 128991505630609
7907 129014091364033
7908 129023293026889
7909 129039722821153
7910 129157707351427
7911 129185559267301
7912 129253106881681
7913 129345608672617
7914 129531489776461
7915 129554869526197
7916 129564251028577
7917 129635809180741
7918 129636582073741
7919 129640446573301
7920 129763147976617
7921 129795472555093
7922 129810553662511
7923 129918854004031
7924 129990030808387
7925 129991583194021
7926 130041894920941
7927 130055829120253
7928 130097606329633
7929 130238938389121
7930 130254155808913
7931 130265450460569
7932 130277050433557
7933 130297767012991
7934 130320368975809
7935 130404306789217
7936 130434609825607
7937 130491963456769
7938 130500546144337
7939 130713130724221
7940 130771356586831
7941 130773867978461
7942 130788422944453
7943 130848553318477
7944 130864125115153
7945 130920430671253
7946 130925708665867
7947 130937518890181
7948 130974307279201
7949 130989564713281
7950 130999439165113
7951 131017149156601
7952 131063051992867
7953 131071405795441
7954 131132332346881
7955 131155500014281
7956 131164251394261
7957 131175316104661
7958 131196697334641
7959 131214192364261
7960 131218247835361
7961 131225856365341
7962 131296928030041
7963 131314855918751
7964 131367420882253
7965 131572545240001
7966 131601460326481
7967 131674731643369
7968 131729846583961
7969 131794102326001
7970 131809717379341
7971 131847407943409
7972 131861632535497
7973 131904621261121
7974 131980146548251
7975 132140111586451
7976 132174577815457
7977 132177825032653
7978 132224607961993
7979 132265845216929
7980 132266521317461
7981 132323761370197
7982 132379829327197
7983 132454184490151
7984 132558559822153
7985 132569171439769
7986 132589433083141
7987 132615889472557
7988 132626954795653
7989 132676018867057
7990 132708282268951
7991 132767295360001
7992 132824813216941
7993 132863366293087
7994 132880358712001
7995 132882455089957
7996 132902897951773
7997 132921841158541
7998 132956652368261
7999 132973249868881
8000 132982811453161
8001 132998340145897
8002 133042285561249
8003 133055423318707
8004 133087026585061
8005 133100686906513
8006 133104705252751
8007 133115227297027
8008 133128340560217
8009 133151842531801
8010 133157319632851
8011 133215662186209
8012 133259367068101
8013 133268316713929
8014 133280087972257
8015 133286961502507
8016 133351543609201
8017 133398370906951
8018 133405944156253
8019 133430804776237
8020 133448318112961
8021 133460790333193
8022 133482758985721
8023 133533808633633
8024 133558877734453
8025 133658904008089
8026 133691527656277
8027 133700115930001
8028 133704847994101
8029 133725243382741
8030 133766330985481
8031 133790778624889
8032 133854797740861
8033 133890059847389
8034 133912781724097
8035 133927784548447
8036 134006023771201
8037 134047004649637
8038 134138234950789
8039 134138304639841
8040 134152474924513
8041 134178267697633
8042 134228805727561
8043 134241542443357
8044 134375762893633
8045 134385174614017
8046 134397643612753
8047 134410682612809
8048 134454704189653
8049 134472718358287
8050 134501935894453
8051 134614538232301
8052 134709066061741
8053 134715513906751
8054 134745322838491
8055 134749473721633
8056 134755908254701
8057 134810720481781
8058 134859645673201
8059 134888772660643
8060 134980229717101
8061 135001961519521
8062 135003749274773
8063 135089087112253
8064 135134237137987
8065 135211012125841
8066 135227194011253
8067 135230166521323
8068 135242141863021
8069 135310429883281
8070 135330297851521
8071 135340269133921
8072 135347601844153
8073 135358940505589
8074 135359448131953
8075 135359630577631
8076 135361883439553
8077 135438941306401
8078 135465465382633
8079 135477544464541
8080 135483811106141
8081 135617380687441
8082 135647044539841
8083 135698866770781
8084 135751454124049
8085 135766089640261
8086 135769509683641
8087 135780949124549
8088 135788582396017
8089 135826008605801
8090 135864998065441
8091 135881150972113
8092 135898654393057
8093 135914589043201
8094 136031244589633
8095 136037918681281
8096 136045995567457
8097 136134624884473
8098 136136508993253
8099 136139919579751
8100 136203938334041
8101 136234876767991
8102 136283690108809
8103 136284659538301
8104 136296546762421
8105 136301566814209
8106 136318077196201
8107 136340254444171
8108 136363917491101
8109 136404121698541
8110 136526634702751
8111 136562574575659
8112 136619191317451
8113 136653123546001
8114 136669275716581
8115 136706728233307
8116 136742691886921
8117 136749042319753
8118 136756801453661
8119 136879581308611
8120 136909574001821
8121 136916528857921
8122 136935985828801
8123 136971984869281
8124 137045317181977
8125 137077083716401
8126 137090062656553
8127 137109983958307
8128 137157764219101
8129 137251590109453
8130 137312049757843
8131 137321512158601
8132 137364148720147
8133 137377271622781
8134 137389724600833
8135 137437478936161
8136 137448092230021
8137 137461844839177
8138 137478374526247
8139 137523834609097
8140 137523965561251
8141 137738513670127
8142 137770596260461
8143 137792973161761
8144 137802496684901
8145 137808844009453
8146 137824246417201
8147 137866159791571
8148 137920430264653
8149 138145017850561
8150 138149323264261
8151 138167265242077
8152 138241895456953
8153 138251063715451
8154 138275970514921
8155 138301757927101
8156 138317724533341
8157 138345269095153
8158 138414962525029
8159 138569320146421
8160 138628420750693
8161 138667636795843
8162 138676937485747
8163 138724596838081
8164 138785225294971
8165 138791681257633
8166 138872015121673
8167 138883765104481
8168 138902336436601
8169 138917991319537
8170 138923550773443
8171 138927138744241
8172 138933366356017
8173 138940437468241
8174 138947457963841
8175 138987771565249
8176 138989132997907
8177 139048840754557
8178 139221328754377
8179 139229493975001
8180 139329875431657
8181 139333090711753
8182 139336597186201
8183 139361326732801
8184 139361772366613
8185 139433964301633
8186 139483370889253
8187 139489262555527
8188 139496801244481
8189 139498900136707
8190 139526680909951
8191 139555232662561
8192 139559044116031
8193 139568640789847
8194 139585189645441
8195 139818262235767
8196 139831462309177
8197 139840691162881
8198 139849993081261
8199 139882155456961
8200 139882841190457
8201 139902980471101
8202 139935089240833
8203 140007550627921
8204 140048283900517
8205 140091450923881
8206 140094807825307
8207 140191375524661
8208 140220311744341
8209 140238583085287
8210 140300264237701
8211 140338606189633
8212 140385451856833
8213 140405879789237
8214 140461563029941
8215 140506535488177
8216 140547659490253
8217 140568464736727
8218 140654310823153
8219 140662230891601
8220 140679684199891
8221 140688528309253
8222 140720736803653
8223 140767445668501
8224 140767718738527
8225 140969830801801
8226 140973942158831
8227 141088621444471
8228 141088681543057
8229 141088980504781
8230 141101510156377
8231 141126147550081
8232 141191834300833
8233 141234973208191
8234 141284710815841
8235 141331442532337
8236 141401599139881
8237 141404251090513
8238 141408706522901
8239 141409252768033
8240 141419592970153
8241 141420549955387
8242 141424605394381
8243 141460127497261
8244 141471626740021
8245 141509420918629
8246 141538030013257
8247 141541279939153
8248 141587685300601
8249 141621891517633
8250 141626506891297
8251 141641695440001
8252 141642652229821
8253 141661469840833
8254 141736944440737
8255 141748125537097
8256 141778553382667
8257 141845508366409
8258 141850356539653
8259 141858945853813
8260 141903748264969
8261 141919259627809
8262 141938336566417
8263 141963617817449
8264 141988591803637
8265 142032273243121
8266 142078006355689
8267 142122467275993
8268 142124856801241
8269 142157863423507
8270 142201956367381
8271 142224122053621
8272 142235434084591
8273 142260610526677
8274 142270674900481
8275 142322448395557
8276 142374010255489
8277 142377977853541
8278 142405724121481
8279 142407750009643
8280 142441294972567
8281 142577304184981
8282 142629589648153
8283 142650772123393
8284 142671075419281
8285 142689993314221
8286 142782799112857
8287 142787961203401
8288 142794929512181
8289 142887165318721
8290 142911327866161
8291 142927678085653
8292 142939851570253
8293 143188405162129
8294 143203368084481
8295 143219037430201
8296 143241919834861
8297 143410385023903
8298 143437540312951
8299 143454192071041
8300 143472034825351
8301 143557714135027
8302 143670648673441
8303 143746994809657
8304 143763046440001
8305 143767249545691
8306 143790841720261
8307 143791956256033
8308 143815519330939
8309 143848029746881
8310 143958002510477
8311 143996292344917
8312 144061256113633
8313 144072106331617
8314 144104490534509
8315 144164554525441
8316 144186426299107
8317 144234845672851
8318 144247040303941
8319 144250373952829
8320 144302803877233
8321 144358768775971
8322 144380433847501
8323 144392563610189
8324 144395389279901
8325 144418798057687
8326 144427490893351
8327 144455629760857
8328 144489431778301
8329 144495809530381
8330 144559055532601
8331 144562741058971
8332 144634591808401
8333 144738959410523
8334 144785622637633
8335 144844184058121
8336 144902318412601
8337 144902964415393
8338 144936306890561
8339 144960071121361
8340 144964423393747
8341 144985817151181
8342 145037364295969
8343 145057270168201
8344 145088006472181
8345 145176033292033
8346 145193811795793
8347 145267204747681
8348 145285896642517
8349 145307630847961
8350 145324405300777
8351 145326535486829
8352 145328346460369
8353 145377221295337
8354 145383499962317
8355 145414058301373
8356 145520831823361
8357 145551274257889
8358 145597854884653
8359 145686978311617
8360 145701412644481
8361 145730210655121
8362 145756274194513
8363 145778994803557
8364 145816635096901
8365 145866231715753
8366 145871447214487
8367 146001127970701
8368 146056172401921
8369 146058549542461
8370 146131306605701
8371 146159885130841
8372 146183218935937
8373 146189841242941
8374 146192335981561
8375 146205025650001
8376 146221442112241
8377 146227052655433
8378 146406866582737
8379 146419743645181
8380 146532542222809
8381 146545445205253
8382 146559017318221
8383 146560264068457
8384 146605439465101
8385 146642283304081
8386 146712686531251
8387 146793534809611
8388 146831179845817
8389 146849347354951
8390 146896757349457
8391 146935311888217
8392 146976897843001
8393 147001874119453
8394 147059337986881
8395 147060346192033
8396 147063608134453
8397 147083563159501
8398 147107000238661
8399 147126895373281
8400 147141013801633
8401 147155479892797
8402 147187951465843
8403 147214210888889
8404 147237908258593
8405 147244163477941
8406 147246776029501
8407 147318666580801
8408 147354343613821
8409 147389498312857
8410 147472754928049
8411 147491987067253
8412 147497358627901
8413 147540866133673
8414 147543052273741
8415 147558968411917
8416 147568679550811
8417 147634777830277
8418 147646485881497
8419 147659201917921
8420 147675886598701
8421 147699231143227
8422 147732811457941
8423 147765574794961
8424 147780194669857
8425 147780863888389
8426 147813025078249
8427 147819057526981
8428 147835278220501
8429 147956959474169
8430 147958349597353
8431 147968877837061
8432 147978070262161
8433 147994889676481
8434 148125092627557
8435 148138576189633
8436 148232404974781
8437 148244404800889
8438 148244876180017
8439 148258126716481
8440 148282958463697
8441 148324661346751
8442 148375816974001
8443 148434552425021
8444 148468870015021
8445 148497820987141
8446 148518571286881
8447 148534601719267
8448 148546144340833
8449 148567363464451
8450 148611170509453
8451 148634092577881
8452 148639721548321
8453 148677380010253
8454 148683655678949
8455 148795782351217
8456 148816663783481
8457 148863281560351
8458 148884905133301
8459 148952291671501
8460 148961433332791
8461 149042635955929
8462 149106443376061
8463 149119300261153
8464 149159606069161
8465 149226794519041
8466 149251536924661
8467 149298260298409
8468 149299006236607
8469 149300472495877
8470 149328919350451
8471 149355217330321
8472 149383805213371
8473 149423370605167
8474 149520199457947
8475 149595067715941
8476 149598859301251
8477 149679633576481
8478 149682107482129
8479 149690459505427
8480 149693054607253
8481 149698050825943
8482 149719908349441
8483 149859207351253
8484 149922764944649
8485 149952293143381
8486 149983672240333
8487 150027946630381
8488 150088028443849
8489 150176815209541
8490 150205881225481
8491 150226392558217
8492 150226848686881
8493 150266671065253
8494 150295972175137
8495 150298274887129
8496 150346095742081
8497 150362380454653
8498 150372369277021
8499 150385688222941
8500 150388094414017
8501 150430718491681
8502 150431334984547
8503 150431905897093
8504 150475649125033
8505 150514795935109
8506 150577691769793
8507 150615230405257
8508 150635957258593
8509 150743519534107
8510 150753857310253
8511 150756190454101
8512 150855210496033
8513 150870547487437
8514 150872800666513
8515 151206684498721
8516 151229837457301
8517 151276896461701
8518 151281164605177
8519 151309218795337
8520 151316599919101
8521 151347872604781
8522 151424967237967
8523 151495264326451
8524 151553379715741
8525 151577349929209
8526 151646990119453
8527 151677147959497
8528 151697293208137
8529 151763606421787
8530 151837643458621
8531 151891950720247
8532 151964427101917
8533 151965314674951
8534 152109360205633
8535 152121209746321
8536 152171244419041
8537 152190119344177
8538 152192510241661
8539 152196697462501
8540 152237626017751
8541 152251033853521
8542 152277535196893
8543 152278260492817
8544 152306111093681
8545 152311073395687
8546 152346071577673
8547 152358832979461
8548 152377428187687
8549 152423993333041
8550 152495407870093
8551 152511741500581
8552 152564287028401
8553 152566236922861
8554 152822704273201
8555 152825432908501
8556 152947137928861
8557 152964862657709
8558 153028594553671
8559 153131886327421
8560 153142969086361
8561 153172209888253
8562 153262450156201
8563 153329903387347
8564 153354572231941
8565 153428556544453
8566 153505291770487
8567 153512591524717
8568 153513023056387
8569 153558913212253
8570 153634779052637
8571 153693351808057
8572 153718780770253
8573 153742347231661
8574 153780121901233
8575 153867086438647
8576 153870343524829
8577 153876998242717
8578 153879491212063
8579 154019193372721
8580 154061164740601
8581 154093462937569
8582 154153610579251
8583 154191456446917
8584 154194404980537
8585 154229425350001
8586 154327879332901
8587 154362877971121
8588 154390289313781
8589 154392046449673
8590 154556146923751
8591 154571146976017
8592 154651873665061
8593 154681871463841
8594 154705061426653
8595 154817376731461
8596 154857927453133
8597 154890377841389
8598 154920627049249
8599 154921628991817
8600 154923298903297
8601 154952546893381
8602 155028183427153
8603 155034869370841
8604 155079817077001
8605 155090912826581
8606 155117365275421
8607 155129203855441
8608 155152876086253
8609 155216912613121
8610 155225217070951
8611 155227085644201
8612 155243756529067
8613 155302573444021
8614 155335015040833
8615 155379846103597
8616 155404416849989
8617 155436262569253
8618 155440205437921
8619 155446442699773
8620 155467937511349
8621 155486804410963
8622 155495510314453
8623 155498049755821
8624 155697037094341
8625 155751250958489
8626 155755523082127
8627 155756946191617
8628 155776490532547
8629 155861203019761
8630 155862172205767
8631 155871930114961
8632 155885190012001
8633 155889794985121
8634 155908778301109
8635 155921010169633
8636 156025372456801
8637 156046627586053
8638 156064863083221
8639 156066383056033
8640 156141550074751
8641 156192516982153
8642 156244131305107
8643 156272174545177
8644 156293966140561
8645 156308255534161
8646 156340610571241
8647 156433945772497
8648 156553452351209
8649 156585135470653
8650 156685263673661
8651 156697122480193
8652 156726010330489
8653 156731868915841
8654 156774617352181
8655 156825618585301
8656 156934887417541
8657 156944653718581
8658 156947808614101
8659 157242439119781
8660 157256910169453
8661 157277677623841
8662 157284976205761
8663 157304905786687
8664 157372147281061
8665 157430151285247
8666 157485396006481
8667 157505662489393
8668 157623050986837
8669 157775429379331
8670 157794525846343
8671 157949728801927
8672 157956827597017
8673 158014644500833
8674 158064735247189
8675 158127135456751
8676 158198956659253
8677 158201243136301
8678 158239143855421
8679 158246113600469
8680 158261551643449
8681 158318595437309
8682 158331323912653
8683 158407930905451
8684 158544936122653
8685 158710388461633
8686 158821149675871
8687 158948628558301
8688 159051108106321
8689 159066569008229
8690 159076802185507
8691 159109564248253
8692 159110433885943
8693 159117972261907
8694 159144311795701
8695 159249445585921
8696 159260302733017
8697 159263727919453
8698 159312997016587
8699 159336020239987
8700 159350421302977
8701 159379647751507
8702 159401229248197
8703 159559900520833
8704 159566207257081
8705 159606111786241
8706 159612977425357
8707 159627119118721
8708 159651634298473
8709 159654408983143
8710 159716372000221
8711 159735402000901
8712 159758446266721
8713 159798350973337
8714 159986721251701
8715 160055417782261
8716 160146893242513
8717 160210920256747
8718 160214307181633
8719 160247979900313
8720 160258920883951
8721 160289668615753
8722 160321663512001
8723 160340432604421
8724 160402357982527
8725 160411157930341
8726 160451415336889
8727 160464017046901
8728 160492194078817
8729 160503422677057
8730 160583569368727
8731 160638150500833
8732 160691891178391
8733 160694623369321
8734 160751670739969
8735 160860166331119
8736 160945690098187
8737 161071696680481
8738 161073666035713
8739 161152258962061
8740 161298457884961
8741 161341748443063
8742 161351211991877
8743 161378269684777
8744 161386450668361
8745 161418851329633
8746 161425545161653
8747 161450541280033
8748 161487535162123
8749 161550195662521
8750 161576512124653
8751 161617451379667
8752 161666179955011
8753 161693387240761
8754 161835358687417
8755 161914471853861
8756 161968937894161
8757 161980587581581
8758 161983433078437
8759 162007731590437
8760 162020763665281
8761 162030268413721
8762 162064846988101
8763 162076213711777
8764 162103308624349
8765 162132471513937
8766 162198375692653
8767 162271044628507
8768 162289163921653
8769 162292636535311
8770 162306426397897
8771 162388792616389
8772 162429856824457
8773 162457838024653
8774 162462485262967
8775 162473073601849
8776 162479480708557
8777 162533150837569
8778 162537950066521
8779 162567121907851
8780 162576914194507
8781 162656261174161
8782 162660630304537
8783 162663825648061
8784 162671909067361
8785 162683868305929
8786 162689799736621
8787 162781534068001
8788 162796664946889
8789 162918008319841
8790 162940636864513
8791 163023317933941
8792 163025214277201
8793 163156952483521
8794 163158246688951
8795 163198443299653
8796 163296916375321
8797 163319867006581
8798 163320753541843
8799 163372909381951
8800 163382339346661
8801 163478923424617
8802 163500364917541
8803 163542899279341
8804 163582996843873
8805 163702623600721
8806 163809549292033
8807 163851825405241
8808 163861639114447
8809 163869342967657
8810 163893836157629
8811 163923350119453
8812 164037340075201
8813 164061754261417
8814 164174848543081
8815 164231520486097
8816 164290438296997
8817 164300454236641
8818 164390889206273
8819 164406878988773
8820 164588474162501
8821 164590638112981
8822 164593643159041
8823 164660153424007
8824 164665556007031
8825 164671515389281
8826 164748481406713
8827 164780096725661
8828 164838679899001
8829 164843137185187
8830 164886431086711
8831 164902813641721
8832 164939174820181
8833 164976904992961
8834 165039790877761
8835 165053141914561
8836 165120559594453
8837 165122041846561
8838 165123046125451
8839 165194696103841
8840 165196456830541
8841 165227318681041
8842 165236593451581
8843 165271641559201
8844 165283785747001
8845 165293316553861
8846 165326653188451
8847 165330860055643
8848 165447827269453
8849 165480840836137
8850 165502321246541
8851 165504149966161
8852 165564353320351
8853 165605425176721
8854 165608207577667
8855 165708069716041
8856 165734343028621
8857 165792191481001
8858 165797753973337
8859 165868568470301
8860 165895364463691
8861 165897802895653
8862 165981092951281
8863 166008770492119
8864 166021723699063
8865 166057080020833
8866 166123457326261
8867 166283211381121
8868 166383649039609
8869 166418000635321
8870 166435953012253
8871 166460474896381
8872 166476005434513
8873 166497261109453
8874 166500914265121
8875 166505850387577
8876 166528111062791
8877 166559062747681
8878 166624606075201
8879 166649439117367
8880 166650596806201
8881 166650844080001
8882 166823259271021
8883 166884116522881
8884 166885515584101
8885 166911032013727
8886 166920334115107
8887 166968709220587
8888 166970485935793
8889 166995690689101
8890 167177174414251
8891 167267177245351
8892 167324424041389
8893 167344479465643
8894 167349309250141
8895 167467019089609
8896 167548203881701
8897 167555349068647
8898 167573678723137
8899 167584587854773
8900 167648675323897
8901 167724928470871
8902 167775992824987
8903 167792890984801
8904 167824520583553
8905 167832587146153
8906 167868244166941
8907 167913520887169
8908 167992277902021
8909 168016373898361
8910 168070514050501
8911 168078938475841
8912 168096048750757
8913 168120807039121
8914 168165649969453
8915 168213395952601
8916 168220828665007
8917 168227175584641
8918 168244798073701
8919 168246354587851
8920 168251958098407
8921 168264919099681
8922 168311369220121
8923 168318939601027
8924 168373390407067
8925 168466649044801
8926 168472825080913
8927 168532655113513
8928 168610489299253
8929 168673369073969
8930 168681012809653
8931 168703054430653
8932 168755960196253
8933 168759655821989
8934 168780652392061
8935 168786825723253
8936 168861796610653
8937 168884047823401
8938 168896672298637
8939 168962436863281
8940 168974993458657
8941 168988842733589
8942 169024869852673
8943 169258978652653
8944 169278604541201
8945 169283266015753
8946 169341432744457
8947 169382032156567
8948 169454585570041
8949 169460395634701
8950 169505237192761
8951 169513245585487
8952 169577502197041
8953 169611979003561
8954 169643806858441
8955 169727357436997
8956 169758938645227
8957 169772083147801
8958 169827317283781
8959 169964462088541
8960 169988357489653
8961 169994995399153
8962 170045729290321
8963 170056133390527
8964 170099006234653
8965 170141898905947
8966 170198252983027
8967 170200131612967
8968 170363989607771
8969 170396123302417
8970 170417328272641
8971 170433827073901
8972 170452412022601
8973 170528907810301
8974 170549220445633
8975 170599262193907
8976 170614660809421
8977 170615667810457
8978 170624144887201
8979 170656632532501
8980 170683828459453
8981 170713680757489
8982 170790847812157
8983 170805589620751
8984 170812569836549
8985 170832888283201
8986 170936675591653
8987 170996835791263
8988 171036091301221
8989 171069167533951
8990 171089642536811
8991 171119906180137
8992 171180284811769
8993 171320806047161
8994 171329178927367
8995 171346153958857
8996 171403638824701
8997 171411366486817
8998 171428835912517
8999 171499522071121
9000 171522059681611
9001 171525560078017
9002 171525606662551
9003 171585875697853
9004 171632319609601
9005 171671080215241
9006 171799946600921
9007 171801811946881
9008 171896591944117
9009 171897107770081
9010 171913477447171
9011 172030227421469
9012 172033434543001
9013 172075108614553
9014 172252369118233
9015 172289576915713
9016 172315638609029
9017 172334019599827
9018 172352494084801
9019 172395462267997
9020 172405988087941
9021 172419895773457
9022 172456334244937
9023 172506533934853
9024 172509410344231
9025 172513250756741
9026 172543878912913
9027 172549520058061
9028 172555761933253
9029 172625335830271
9030 172638207978553
9031 172737450953761
9032 172772234733367
9033 172791546228601
9034 172817708343337
9035 172837992631201
9036 172880508959911
9037 172899238928653
9038 172988859994081
9039 173009592945001
9040 173027654144041
9041 173029411076923
9042 173102219505001
9043 173144410966141
9044 173182008678121
9045 173192132897101
9046 173231442407341
9047 173242477031573
9048 173310137339257
9049 173387302794751
9050 173426268960253
9051 173432028908377
9052 173532427299811
9053 173538078944917
9054 173546893494577
9055 173703470664751
9056 173732543272081
9057 173841364142161
9058 173895906062761
9059 173899397453233
9060 173906952142081
9061 173912023975861
9062 173924557029541
9063 174023741952961
9064 174066909810697
9065 174104399032873
9066 174119171946721
9067 174132278304913
9068 174160382895721
9069 174187585077841
9070 174225650291881
9071 174285250465621
9072 174320192624887
9073 174330966348481
9074 174331524803629
9075 174346467921181
9076 174419973860653
9077 174458525850181
9078 174483128528497
9079 174498881744581
9080 174538586408677
9081 174619952512741
9082 174633854237281
9083 174708260784487
9084 174726714462301
9085 174785941038061
9086 174804399096553
9087 174813912812701
9088 174816493447681
9089 174900156918037
9090 174961962067201
9091 175007040070801
9092 175034210984641
9093 175040810600833
9094 175041910548961
9095 175046666332513
9096 175050907547629
9097 175067622345221
9098 175081517010487
9099 175098269044441
9100 175117926221629
9101 175203800531077
9102 175268203025653
9103 175301975847307
9104 175312064037037
9105 175349094064453
9106 175471553578481
9107 175481256229021
9108 175520029693807
9109 175531616816221
9110 175616166902221
9111 175626556248989
9112 175640470385671
9113 175645906101433
9114 175729531929661
9115 175735564801441
9116 175843833694453
9117 175846548250531
9118 175924857443653
9119 175967639131681
9120 175969969256233
9121 176007484735351
9122 176166150787369
9123 176216807757131
9124 176224807585261
9125 176230437220351
9126 176274111953479
9127 176333875846111
9128 176373526189141
9129 176406274634833
9130 176432557789307
9131 176491105211881
9132 176549365409581
9133 176598776727073
9134 176609631916297
9135 176820058359181
9136 176858464224961
9137 176890938577417
9138 176955525217921
9139 177052819065401
9140 177165492606721
9141 177223607364961
9142 177244129582661
9143 177319568497633
9144 177392360857681
9145 177437105669429
9146 177546569404261
9147 177583730019961
9148 177671187732121
9149 177833438141761
9150 177870499452253
9151 177927539983381
9152 177972497779393
9153 177997181237761
9154 177998324386573
9155 178013308328857
9156 178055461748881
9157 178098394272913
9158 178147247320351
9159 178233156915841
9160 178287196248253
9161 178426735402829
9162 178499724442513
9163 178511651361037
9164 178542451202221
9165 178557277486057
9166 178581562042201
9167 178718503560601
9168 178778359771741
9169 178813370425801
9170 178855957242901
9171 178858131913117
9172 178875957384001
9173 178926514106621
9174 179017588751653
9175 179044664583427
9176 179131169203013
9177 179184345112033
9178 179216456426641
9179 179217458901253
9180 179219402833921
9181 179254733957443
9182 179317122920167
9183 179329249660681
9184 179410949244187
9185 179431052625217
9186 179491818340297
9187 179586274008601
9188 179681898147937
9189 179692342676437
9190 179780826152287
9191 179785425129481
9192 179833394569753
9193 179874686035153
9194 179900329801249
9195 179974339771141
9196 179985225752377
9197 179992117368523
9198 180033993667153
9199 180051776567521
9200 180052754688913
9201 180088191652141
9202 180090924539653
9203 180202079533141
9204 180207636833071
9205 180221776004873
9206 180253213270201
9207 180255354813829
9208 180283825487851
9209 180348925368727
9210 180379868045527
9211 180419194860451
9212 180479316429721
9213 180481553067217
9214 180557457553201
9215 180609435842611
9216 180614687015041
9217 180763388515153
9218 180928250941327
9219 180936379931581
9220 181091640524941
9221 181122243848281
9222 181140384807661
9223 181256106670381
9224 181269635708701
9225 181306970064097
9226 181329441719977
9227 181342346661451
9228 181391390312653
9229 181432724735261
9230 181440783260017
9231 181448992582021
9232 181473682068253
9233 181513032282667
9234 181531297401301
9235 181560108497041
9236 181571542105141
9237 181575766487527
9238 181588244127193
9239 181597154693653
9240 181606814226727
9241 181610252464033
9242 181660568278393
9243 181686246815449
9244 181745015382193
9245 181805795884351
9246 181821341894653
9247 181833241405861
9248 181850487687793
9249 181855938990307
9250 181959197845237
9251 182017733621041
9252 182039494570501
9253 182043835604821
9254 182055715931021
9255 182105205534253
9256 182149456870657
9257 182231641859581
9258 182286039572911
9259 182303450784913
9260 182386956253633
9261 182415642026833
9262 182588955879553
9263 182641486851253
9264 182655248022253
9265 182677519724761
9266 182744249443381
9267 182764408966081
9268 182773669382851
9269 182804819504581
9270 182809408554541
9271 182813256274447
9272 182861285470951
9273 183057686639101
9274 183079250938561
9275 183102230102161
9276 183137188873633
9277 183150995432653
9278 183163070793581
9279 183227253214501
9280 183232628601553
9281 183245630956741
9282 183274577769601
9283 183282586873993
9284 183362246814001
9285 183368572833907
9286 183393237976033
9287 183422563849801
9288 183454282922653
9289 183510348568801
9290 183511517002273
9291 183592223816653
9292 183777121625521
9293 183811196415421
9294 183882543068701
9295 183960319640653
9296 183998194962121
9297 184077267166981
9298 184080699425401
9299 184127833983209
9300 184133466417331
9301 184137136577101
9302 184165198067281
9303 184185954251953
9304 184195633785481
9305 184208989900501
9306 184211603358269
9307 184321411202701
9308 184326647975713
9309 184382322564397
9310 184419242682823
9311 184420352112001
9312 184438869745681
9313 184441965235951
9314 184446770589901
9315 184478728750861
9316 184480077456121
9317 184484584263029
9318 184595389679971
9319 184615586118577
9320 184629369705643
9321 184649648058541
9322 184713448937737
9323 184715206249507
9324 184726296669727
9325 184736082611107
9326 184770050384833
9327 184837031480501
9328 184856328781741
9329 185037138174337
9330 185170261501261
9331 185195790188911
9332 185360597368381
9333 185396630901841
9334 185464121976253
9335 185516252075521
9336 185592208555441
9337 185610214763821
9338 185753927345227
9339 185808673480523
9340 185867880921361
9341 185868329192101
9342 185913299719369
9343 186009254379451
9344 186051153016081
9345 186053436870913
9346 186092408510161
9347 186102081978121
9348 186151628655541
9349 186199840291921
9350 186206839639921
9351 186212262756301
9352 186252977931337
9353 186282340636781
9354 186351189330769
9355 186381902491849
9356 186435500296471
9357 186478245931321
9358 186494468432581
9359 186592246485067
9360 186741114188287
9361 186815492831309
9362 186830492055661
9363 186862098863809
9364 186884034642631
9365 186885405067001
9366 186997730453461
9367 187048310094253
9368 187078962914911
9369 187148344007197
9370 187150907841211
9371 187153268917807
9372 187160454859201
9373 187372068940033
9374 187378897191361
9375 187380640091269
9376 187560794712799
9377 187561041111217
9378 187605376507781
9379 187611240114187
9380 187673768641633
9381 187696392886081
9382 187699729014613
9383 187932476442313
9384 187999264517221
9385 188200459251997
9386 188205482762641
9387 188279104045033
9388 188291634451381
9389 188305515074617
9390 188349846362497
9391 188376771139201
9392 188391141432007
9393 188395960499221
9394 188432496541801
9395 188437591607677
9396 188458128948601
9397 188468656510501
9398 188518919754397
9399 188532031984453
9400 188541582981553
9401 188609202981161
9402 188746469163253
9403 188746648248913
9404 188827614127981
9405 188923287251953
9406 189055938388349
9407 189072196624321
9408 189102890666341
9409 189131362897753
9410 189265190689681
9411 189265702915441
9412 189290805909409
9413 189387509661841
9414 189401722438501
9415 189419954724001
9416 189436829477827
9417 189454015945801
9418 189470752864801
9419 189685332437189
9420 189791143019941
9421 189800608705489
9422 189821097121633
9423 189839188744453
9424 189944891924941
9425 189994830959251
9426 190009450811701
9427 190022106048553
9428 190100105859269
9429 190131062354461
9430 190139069510281
9431 190176044675653
9432 190196857257217
9433 190234088893621
9434 190261979463529
9435 190272815208451
9436 190284445957537
9437 190292186675011
9438 190296651885427
9439 190304993497681
9440 190336859166101
9441 190378191363361
9442 190503304573441
9443 190553021876953
9444 190562894228449
9445 190585351576621
9446 190628462108701
9447 190680004566721
9448 190699713533611
9449 190773646537891
9450 190841743484281
9451 190847302523971
9452 190855341284653
9453 190961295480649
9454 191053413415561
9455 191212468762741
9456 191288848942621
9457 191302212073033
9458 191307407930497
9459 191403385806751
9460 191444210798881
9461 191512309326607
9462 191523016609633
9463 191556520690393
9464 191591724549229
9465 191592628312471
9466 191599537033921
9467 191690892259453
9468 191735537572153
9469 191845914139447
9470 191858798086177
9471 191938515903217
9472 192073269965713
9473 192106529515981
9474 192254343400351
9475 192326284295641
9476 192335881661701
9477 192412824165871
9478 192500517770881
9479 192548961130501
9480 192604580961127
9481 192647317163761
9482 192720320875297
9483 192757111612069
9484 192790849003829
9485 192834023761633
9486 192852346636153
9487 192857754315601
9488 192905825909521
9489 192972588568033
9490 193037228622253
9491 193135342519891
9492 193172121388261
9493 193178795789281
9494 193187906581627
9495 193221656780041
9496 193225902966253
9497 193259633137117
9498 193310319397493
9499 193310364583801
9500 193320274698253
9501 193420902039727
9502 193423638171961
9503 193593789165499
9504 193628895878137
9505 193634152530389
9506 193647923293861
9507 193711233572011
9508 193717069899361
9509 193754714229413
9510 193871236998913
9511 193907784216061
9512 193931839698451
9513 193936615888753
9514 194078265709921
9515 194102330673751
9516 194239714372021
9517 194239979865509
9518 194262810144001
9519 194326762959253
9520 194478225692161
9521 194537254344751
9522 194542945032157
9523 194549182840849
9524 194600437687657
9525 194617606090069
9526 194624483938921
9527 194638360126867
9528 194681006329441
9529 194687480056843
9530 194727435320767
9531 194800194099253
9532 194861524599389
9533 194893542754093
9534 194937842344033
9535 194961291899653
9536 195034666544101
9537 195115011437701
9538 195181072694161
9539 195257916314137
9540 195272304063301
9541 195278944219453
9542 195354839736253
9543 195458888987251
9544 195471492498721
9545 195502511083951
9546 195540097101007
9547 195588174072721
9548 195678834115969
9549 195758301558907
9550 195787852437451
9551 195829951492033
9552 195844490111089
9553 195853011766537
9554 195857552557801
9555 195956786232481
9556 195956857655617
9557 196049968445341
9558 196070145833161
9559 196161196117261
9560 196188762007981
9561 196191041529451
9562 196243066059847
9563 196271491113253
9564 196299249605521
9565 196341886985311
9566 196368506065621
9567 196408998349801
9568 196412265749701
9569 196460802486811
9570 196492187317861
9571 196501106882167
9572 196550242278553
9573 196588588220527
9574 196692918337987
9575 196715807355451
9576 196738238423161
9577 196743410588887
9578 196762970107681
9579 196820118124033
9580 196897620360451
9581 197023507565653
9582 197051155483051
9583 197071151927653
9584 197201702068963
9585 197249392897021
9586 197342834778253
9587 197353194604147
9588 197422078353193
9589 197578444626181
9590 197590287764101
9591 197596360297057
9592 197599914047161
9593 197631785265727
9594 197867738963563
9595 197896788638641
9596 197946125628931
9597 197972316435601
9598 197975931259321
9599 198229274477761
9600 198288029318653
9601 198349925042429
9602 198473992537633
9603 198495510054661
9604 198497138432251
9605 198524866358167
9606 198541606035601
9607 198675496474963
9608 198723194321653
9609 198803899827149
9610 198888784469461
9611 199034477520121
9612 199035423011521
9613 199059233910643
9614 199113018624451
9615 199182786507253
9616 199184236074773
9617 199196144988961
9618 199258849253857
9619 199295850875941
9620 199454531989987
9621 199473748340833
9622 199515913275457
9623 199550804863147
9624 199557090482941
9625 199580570132653
9626 199610478583627
9627 199622860491209
9628 199654419411541
9629 199905502864033
9630 200046585020833
9631 200062389396451
9632 200069824632637
9633 200087567772401
9634 200103563403253
9635 200127911348977
9636 200219252588167
9637 200262009366409
9638 200271411485473
9639 200322838360721
9640 200412882870661
9641 200457354468313
9642 200502858294001
9643 200530286359801
9644 200538792383581
9645 200600319805021
9646 200606580591007
9647 200612699297851
9648 200669198495977
9649 200707411178881
9650 200782020523927
9651 200797390495001
9652 200921584207843
9653 200991535740269
9654 200997004918951
9655 201030838425121
9656 201140726151721
9657 201313567721251
9658 201324851364883
9659 201415625362513
9660 201457877117941
9661 201476183892301
9662 201488465676961
9663 201525770082517
9664 201532584209197
9665 201543935234881
9666 201554730916507
9667 201589897219453
9668 201649396636561
9669 201681469395253
9670 201712751265121
9671 201780776406061
9672 201910607830387
9673 202051777109761
9674 202160841636697
9675 202294788614887
9676 202329588642721
9677 202421840615521
9678 202425889359847
9679 202449109542751
9680 202483378132933
9681 202543264238941
9682 202657413721069
9683 202688202841741
9684 202734531033817
9685 202750409631547
9686 202769014346669
9687 202924080384301
9688 202963819380877
9689 202970287486657
9690 202999270547851
9691 203057405656951
9692 203093094019891
9693 203197808284777
9694 203238852038311
9695 203348142257041
9696 203398297686061
9697 203433845594461
9698 203457242905381
9699 203542412073641
9700 203593348865341
9701 203609964182689
9702 203737166791021
9703 203776909903711
9704 203796301234321
9705 203939910100033
9706 203983380195739
9707 203995561599397
9708 204028304164537
9709 204100992442513
9710 204152447774689
9711 204196843614997
9712 204247420050577
9713 204269107013269
9714 204352905052297
9715 204378251529121
9716 204395925184513
9717 204467907866041
9718 204545140498609
9719 204580376426431
9720 204608211322033
9721 204618889107343
9722 204714060333031
9723 204746944412851
9724 204855386102641
9725 204890800462129
9726 204908711351023
9727 204968393000281
9728 205001946158123
9729 205018192332901
9730 205106617299781
9731 205124132079343
9732 205137766665841
9733 205215515757253
9734 205225257882067
9735 205236444007057
9736 205251497491501
9737 205269743183569
9738 205286509773901
9739 205364517235711
9740 205426439783377
9741 205451551450351
9742 205585814747377
9743 205674527772127
9744 205708948469527
9745 205711004278081
9746 205742339297701
9747 205789775387257
9748 205978906537207
9749 206067279852253
9750 206113362966673
9751 206142294204001
9752 206261966192833
9753 206274249302161
9754 206315909139397
9755 206405107382629
9756 206423840256913
9757 206446262017841
9758 206583499872553
9759 206586990401221
9760 206644559573341
9761 206889595885477
9762 206920807947253
9763 206948807968033
9764 206978438868931
9765 207072251095027
9766 207195783056893
9767 207221103863929
9768 207239644908217
9769 207283319890237
9770 207342756358501
9771 207380274821641
9772 207382587184033
9773 207443786801833
9774 207531002659681
9775 207587503166557
9776 207611413229089
9777 207676371597697
9778 207803637122401
9779 207850656553681
9780 207896180146561
9781 207930694729633
9782 207969885171901
9783 208030232624419
9784 208045927109107
9785 208047228690421
9786 208055064577753
9787 208137931213441
9788 208174722698251
9789 208178266110721
9790 208200015200431
9791 208218860855209
9792 208221939360913
9793 208228659282001
9794 208257928266649
9795 208351362070351
9796 208430354490247
9797 208482855039901
9798 208516761190501
9799 208556496225967
9800 208587075150061
9801 208669835771041
9802 208681845631201
9803 208681867669381
9804 208717615974781
9805 208735894278721
9806 208742312862847
9807 208929487309987
9808 208972618361167
9809 209059229611009
9810 209145089200321
9811 209221465355323
9812 209267143886953
9813 209349535534453
9814 209404188687241
9815 209467649398507
9816 209541104946253
9817 209602032551101
9818 209636431077781
9819 209740514209921
9820 209787981478921
9821 209797864815841
9822 209799986229121
9823 209875979437669
9824 209956850705761
9825 209976481264507
9826 210047694581737
9827 210064191150061
9828 210101579402653
9829 210104531248501
9830 210111418969453
9831 210179901243817
9832 210185715135241
9833 210221637858541
9834 210226443369821
9835 210283648684453
9836 210542125556953
9837 210606091135849
9838 210617917064101
9839 210645460156561
9840 210797804456821
9841 210890727654967
9842 210894401781253
9843 210918671382721
9844 210921295449313
9845 210933947571007
9846 210975057899821
9847 210991021233301
9848 210991807939537
9849 211012221317761
9850 211046073722881
9851 211092493780361
9852 211106871518047
9853 211124347690177
9854 211139083599841
9855 211183594338727
9856 211228735744891
9857 211324870526797
9858 211363918959943
9859 211445734318561
9860 211459911909751
9861 211470316413049
9862 211599889175431
9863 211607463994513
9864 211678345916497
9865 211687100708269
9866 211718168099209
9867 211754895238981
9868 211757364329167
9869 211764714073921
9870 211782554793253
9871 211850259705001
9872 211892194449547
9873 211925896043401
9874 211983354357553
9875 212051341609381
9876 212237768906551
9877 212242165052653
9878 212251955432161
9879 212327016673747
9880 212338103541301
9881 212346866991131
9882 212496251386417
9883 212592183142951
9884 212596382359567
9885 212646263379217
9886 212691925741501
9887 212913199210141
9888 212949965064427
9889 213110386968169
9890 213274887722821
9891 213323361898541
9892 213383965426111
9893 213399173857561
9894 213513922240081
9895 213628945748653
9896 213645943520833
9897 213695588331773
9898 213715769482153
9899 213728670513361
9900 213802835741461
9901 213807573752653
9902 213814521905221
9903 213885396594451
9904 213904412218513
9905 213909822245701
9906 213951575431837
9907 213997363937281
9908 214000387474513
9909 214007569782697
9910 214048973540641
9911 214087950735847
9912 214112405971621
9913 214114053193633
9914 214121960741281
9915 214133265621901
9916 214142205783061
9917 214160807068561
9918 214189889794453
9919 214224305161609
9920 214262016186749
9921 214267508290369
9922 214298458801381
9923 214327879803451
9924 214386912110827
9925 214453910290777
9926 214481076047101
9927 214493381964553
9928 214573557243943
9929 214579903576249
9930 214595418218581
9931 214595727834097
9932 214704890418097
9933 214763082438607
9934 214917864975967
9935 214951067824321
9936 214984529687233
9937 215106850459621
9938 215184291778501
9939 215331914105461
9940 215383654968697
9941 215426232435251
9942 215510754259153
9943 215569058957281
9944 215578025334253
9945 215604661395367
9946 215617568973061
9947 215660611420357
9948 215738218245097
9949 215760334270057
9950 215787628849801
9951 215814803305753
9952 215844249871801
9953 215855208734491
9954 215872176916177
9955 216029760619861
9956 216083641398661
9957 216104596849261
9958 216142090138801
9959 216222381015643
9960 216247723297849
9961 216273275323381
9962 216274273616701
9963 216285754155481
9964 216303300388033
9965 216411209348377
9966 216442980780001
9967 216500011030181
9968 216580707014101
9969 216618322781953
9970 216665397105697
9971 216665782070653
9972 216846536746561
9973 216922651952581
9974 217007208056629
9975 217058497105477
9976 217092443046277
9977 217251207206281
9978 217253708580061
9979 217291755149101
9980 217312045207633
9981 217491152725351
9982 217526548360351
9983 217555776101809
9984 217619740744033
9985 217689405375751
9986 217758529080553
9987 217848780989251
9988 217924595815501
9989 217927972185601
9990 217963526180161
9991 217979730243991
9992 217998757233181
9993 218053885379221
9994 218089973030581
9995 218231771248537
9996 218255310783841
9997 218416821669229
9998 218498513102641
9999 218510212818061
10000 218528374508377


